path,source,species,venom_label,license,width,height,dup_cluster_id,is_representative,split
e:\Coding_Notes\Faunari\data\raw\inaturalist\346344447.jpg,inaturalist,Daboia russelii,venomous,cc-by-nc,500,478,0,True,train
e:\Coding_Notes\Faunari\data\raw\inaturalist\346347359.jpg,inaturalist,Oligodon taeniolatus,non_venomous,cc-by-nc,281,500,1,True,train
e:\Coding_Notes\Faunari\data\raw\inaturalist\346351543.jpg,inaturalist,Ptyas mucosa,non_venomous,cc-by-nc,500,281,2,True,train
e:\Coding_Notes\Faunari\data\raw\inaturalist\346353802.jpg,inaturalist,Ovophis monticola,venomous,,500,311,3,True,train
e:\Coding_Notes\Faunari\data\raw\inaturalist\346355454.jpg,inaturalist,Daboia russelii,venomous,cc-by-nc,500,311,4,True,train
e:\Coding_Notes\Faunari\data\raw\inaturalist\346356163.jpg,inaturalist,Ptyas mucosa,non_venomous,cc-by-nc,281,500,5,True,train
e:\Coding_Notes\Faunari\data\raw\inaturalist\346374573.jpg,inaturalist,Rhabdophis plumbicolor,non_venomous,cc-by,231,500,6,True,val
e:\Coding_Notes\Faunari\data\raw\inaturalist\346378167.jpg,inaturalist,Oligodon russelius,non_venomous,cc-by-nc,500,347,7,True,train
e:\Coding_Notes\Faunari\data\raw\inaturalist\346381317.jpg,inaturalist,Ptyas mucosa,non_venomous,,500,333,8,True,test
e:\Coding_Notes\Faunari\data\raw\inaturalist\346383470.jpg,inaturalist,Atretium schistosum,non_venomous,cc-by-nc,500,293,9,True,train
e:\Coding_Notes\Faunari\data\raw\inaturalist\346386140.jpg,inaturalist,Naja naja,venomous,cc-by-nc,375,500,10,True,hardcase
e:\Coding_Notes\Faunari\data\raw\inaturalist\346388555.jpg,inaturalist,Naja kaouthia,venomous,cc-by-nc,500,397,11,True,train
e:\Coding_Notes\Faunari\data\raw\inaturalist\346389738.jpg,inaturalist,Dendrelaphis tristis,non_venomous,cc-by-nc,500,375,12,True,train
e:\Coding_Notes\Faunari\data\raw\inaturalist\346389791.jpg,inaturalist,Dendrelaphis tristis,non_venomous,cc-by-nc,500,375,13,True,train
e:\Coding_Notes\Faunari\data\raw\inaturalist\346406930.jpg,inaturalist,Fowlea piscator,non_venomous,cc-by-nc,500,500,14,True,train
e:\Coding_Notes\Faunari\data\raw\inaturalist\346417667.jpg,inaturalist,Ahaetulla borealis,non_venomous,cc-by-nc,500,309,15,True,train
e:\Coding_Notes\Faunari\data\raw\inaturalist\346417677.jpg,inaturalist,Boiga beddomei,non_venomous,cc-by-nc,500,452,16,True,train
e:\Coding_Notes\Faunari\data\raw\inaturalist\346421317.jpg,inaturalist,Indotyphlops braminus,non_venomous,cc-by,500,500,17,True,train
e:\Coding_Notes\Faunari\data\raw\inaturalist\346449488.jpg,inaturalist,Naja naja,venomous,cc-by-nc,375,500,18,True,val
e:\Coding_Notes\Faunari\data\raw\inaturalist\346540015.jpg,inaturalist,Amphiesma stolatum,non_venomous,cc-by-nc,281,500,19,True,test
e:\Coding_Notes\Faunari\data\raw\inaturalist\346550917.jpg,inaturalist,Fowlea piscator,non_venomous,cc-by-nc,500,375,20,True,train
e:\Coding_Notes\Faunari\data\raw\inaturalist\346562976.jpg,inaturalist,Dendrelaphis tristis,non_venomous,cc-by-nc,500,315,21,True,train
e:\Coding_Notes\Faunari\data\raw\inaturalist\346580722.jpg,inaturalist,Ptyas mucosa,non_venomous,,500,486,22,True,train
e:\Coding_Notes\Faunari\data\raw\inaturalist\346581610.jpg,inaturalist,Platyceps ventromaculatus,non_venomous,cc-by-nc,500,375,23,True,train
e:\Coding_Notes\Faunari\data\raw\inaturalist\346582446.jpg,inaturalist,Ptyas mucosa,non_venomous,cc-by-nc,281,500,24,True,val
e:\Coding_Notes\Faunari\data\raw\inaturalist\346598378.jpg,inaturalist,Ptyas mucosa,non_venomous,cc-by-nc,500,230,25,True,train
e:\Coding_Notes\Faunari\data\raw\inaturalist\346598690.jpg,inaturalist,Naja naja,venomous,cc-by-nc,500,375,26,True,test
e:\Coding_Notes\Faunari\data\raw\inaturalist\346598692.jpg,inaturalist,Naja naja,venomous,cc-by-nc,230,500,27,True,train
e:\Coding_Notes\Faunari\data\raw\inaturalist\346605474.jpg,inaturalist,Fowlea piscator,non_venomous,cc-by-nc,500,483,28,True,train
e:\Coding_Notes\Faunari\data\raw\inaturalist\346633343.jpg,inaturalist,Eryx conicus,non_venomous,cc-by-nc,281,500,29,True,train
e:\Coding_Notes\Faunari\data\raw\inaturalist\346719579.jpg,inaturalist,Sahyadriophis beddomei,non_venomous,,375,500,30,True,val
e:\Coding_Notes\Faunari\data\raw\inaturalist\346733039.jpg,inaturalist,Craspedocephalus gramineus,venomous,,500,375,31,True,train
e:\Coding_Notes\Faunari\data\raw\inaturalist\346756155.jpg,inaturalist,Indotyphlops braminus,non_venomous,,375,500,32,True,train
e:\Coding_Notes\Faunari\data\raw\inaturalist\346760943.jpg,inaturalist,Ptyas mucosa,non_venomous,cc-by-nc,376,500,33,True,train
e:\Coding_Notes\Faunari\data\raw\inaturalist\346784953.jpg,inaturalist,Fowlea piscator,non_venomous,cc-by-nc,375,500,34,True,train
e:\Coding_Notes\Faunari\data\raw\inaturalist\346785530.jpg,inaturalist,Dendrelaphis chairecacos,non_venomous,cc-by-sa,500,498,35,True,train
e:\Coding_Notes\Faunari\data\raw\inaturalist\346801138.jpg,inaturalist,Lycodon fasciolatus,non_venomous,cc-by-nc,375,500,36,True,train
e:\Coding_Notes\Faunari\data\raw\inaturalist\346806627.jpg,inaturalist,Coelognathus helena helena,non_venomous,,500,375,37,True,train
e:\Coding_Notes\Faunari\data\raw\inaturalist\346812175.jpg,inaturalist,Oligodon taeniolatus,non_venomous,cc-by-sa,281,500,38,True,train
e:\Coding_Notes\Faunari\data\raw\inaturalist\346814728.jpg,inaturalist,Python bivittatus,non_venomous,cc-by-nc,500,333,39,True,train
e:\Coding_Notes\Faunari\data\raw\inaturalist\346821456.jpg,inaturalist,Lycodon aulicus,non_venomous,cc-by-nc,500,375,40,True,hardcase
e:\Coding_Notes\Faunari\data\raw\inaturalist\346847373.jpg,inaturalist,Naja naja,venomous,,375,500,41,True,val
e:\Coding_Notes\Faunari\data\raw\inaturalist\346860990.jpg,inaturalist,Dendrelaphis andamanensis,non_venomous,cc-by-nc,500,500,42,True,val
e:\Coding_Notes\Faunari\data\raw\inaturalist\346861860.jpg,inaturalist,Gonyosoma oxycephalum,non_venomous,cc-by-nc,500,500,43,True,train
e:\Coding_Notes\Faunari\data\raw\inaturalist\346931225.jpg,inaturalist,Fowlea piscator,non_venomous,cc-by-nc,500,281,44,True,val
e:\Coding_Notes\Faunari\data\raw\inaturalist\346958564.jpg,inaturalist,Naja naja,venomous,cc-by-nc,376,500,45,True,hardcase
e:\Coding_Notes\Faunari\data\raw\inaturalist\346959225.jpg,inaturalist,Daboia russelii,venomous,cc-by-nc,500,494,46,True,train
e:\Coding_Notes\Faunari\data\raw\inaturalist\346961280.jpg,inaturalist,Ptyas mucosa,non_venomous,,500,333,47,True,hardcase
e:\Coding_Notes\Faunari\data\raw\inaturalist\346962447.jpg,inaturalist,Naja naja,venomous,cc-by-nc,500,373,48,True,train
e:\Coding_Notes\Faunari\data\raw\inaturalist\346984086.jpg,inaturalist,Dendrelaphis proarchos,non_venomous,cc-by-nc,392,500,49,True,train
e:\Coding_Notes\Faunari\data\raw\inaturalist\346994083.jpg,inaturalist,Atretium schistosum,non_venomous,cc-by,375,500,50,True,val
e:\Coding_Notes\Faunari\data\raw\inaturalist\346994986.jpg,inaturalist,Atretium schistosum,non_venomous,cc-by,375,500,51,True,train
e:\Coding_Notes\Faunari\data\raw\inaturalist\347029281.jpg,inaturalist,Lycodon aulicus,non_venomous,,375,500,52,True,train
e:\Coding_Notes\Faunari\data\raw\inaturalist\347067372.jpg,inaturalist,Dendrelaphis girii,non_venomous,cc-by-nc,375,500,53,True,train
e:\Coding_Notes\Faunari\data\raw\inaturalist\347165126.jpg,inaturalist,Coelognathus helena helena,non_venomous,,375,500,54,True,test
e:\Coding_Notes\Faunari\data\raw\inaturalist\347179983.jpg,inaturalist,Ptyas mucosa,non_venomous,cc-by-nc,500,375,55,True,test
e:\Coding_Notes\Faunari\data\raw\inaturalist\347184755.jpg,inaturalist,Craspedocephalus malabaricus,venomous,cc-by-nc,268,500,56,True,train
e:\Coding_Notes\Faunari\data\raw\inaturalist\347189509.jpg,inaturalist,Oligodon taeniolatus,non_venomous,,500,375,57,True,train
e:\Coding_Notes\Faunari\data\raw\inaturalist\347190003.jpg,inaturalist,Coelognathus helena,non_venomous,,500,375,58,True,train
e:\Coding_Notes\Faunari\data\raw\inaturalist\347193127.jpg,inaturalist,Boiga trigonata,non_venomous,,500,495,59,True,train
e:\Coding_Notes\Faunari\data\raw\inaturalist\347194802.jpg,inaturalist,Craspedocephalus malabaricus,venomous,cc-by-nc,400,500,60,True,train
e:\Coding_Notes\Faunari\data\raw\inaturalist\347194817.jpg,inaturalist,Craspedocephalus malabaricus,venomous,cc-by-nc,500,400,61,True,val
e:\Coding_Notes\Faunari\data\raw\inaturalist\347197183.jpg,inaturalist,Dendrelaphis girii,non_venomous,cc-by-nc,500,472,62,True,val
e:\Coding_Notes\Faunari\data\raw\inaturalist\347206764.jpg,inaturalist,Oligodon arnensis,non_venomous,cc-by-nc,281,500,63,True,train
e:\Coding_Notes\Faunari\data\raw\inaturalist\347206938.jpg,inaturalist,Oligodon russelius,non_venomous,cc-by-nc,375,500,64,True,train
e:\Coding_Notes\Faunari\data\raw\inaturalist\347210098.jpg,inaturalist,Ptyas korros,non_venomous,,375,500,65,True,test
e:\Coding_Notes\Faunari\data\raw\inaturalist\347210705.jpg,inaturalist,Naja naja,venomous,,375,500,66,True,train
e:\Coding_Notes\Faunari\data\raw\inaturalist\347216629.jpg,inaturalist,Lycodon striatus,non_venomous,,281,500,67,True,train
e:\Coding_Notes\Faunari\data\raw\inaturalist\347286759.jpg,inaturalist,Oligodon taeniolatus,non_venomous,cc-by-nc,281,500,68,True,train
e:\Coding_Notes\Faunari\data\raw\inaturalist\347335378.jpg,inaturalist,Grypotyphlops acutus,non_venomous,,500,375,69,True,test
e:\Coding_Notes\Faunari\data\raw\inaturalist\347380184.jpg,inaturalist,Dendrelaphis tristis,non_venomous,cc-by-nc,333,500,70,True,train
e:\Coding_Notes\Faunari\data\raw\inaturalist\347424780.jpg,inaturalist,Daboia russelii,venomous,cc-by-nc,375,500,71,True,train
e:\Coding_Notes\Faunari\data\raw\inaturalist\347427790.jpg,inaturalist,Ptyas mucosa,non_venomous,cc-by-nc,375,500,72,True,test
e:\Coding_Notes\Faunari\data\raw\inaturalist\347443644.jpg,inaturalist,Ptyas mucosa,non_venomous,cc-by-nc,500,281,73,True,train
e:\Coding_Notes\Faunari\data\raw\inaturalist\347443685.jpg,inaturalist,Ptyas mucosa,non_venomous,cc-by-nc,500,281,74,True,val
e:\Coding_Notes\Faunari\data\raw\inaturalist\347460555.jpg,inaturalist,Eryx whitakeri,non_venomous,cc-by-nc,500,281,75,True,train
e:\Coding_Notes\Faunari\data\raw\inaturalist\347460556.jpg,inaturalist,Eryx whitakeri,non_venomous,cc-by-nc,281,500,76,True,test
e:\Coding_Notes\Faunari\data\raw\inaturalist\347482198.jpg,inaturalist,Fowlea piscator,non_venomous,cc-by-nc,282,500,77,True,val
e:\Coding_Notes\Faunari\data\raw\inaturalist\347486328.jpg,inaturalist,Ptyas korros,non_venomous,,375,500,78,True,train
e:\Coding_Notes\Faunari\data\raw\inaturalist\347492525.jpg,inaturalist,Fowlea piscator,non_venomous,,281,500,79,True,train
e:\Coding_Notes\Faunari\data\raw\inaturalist\347502123.jpg,inaturalist,Amphiesma stolatum,non_venomous,,500,333,80,True,train
e:\Coding_Notes\Faunari\data\raw\inaturalist\347506023.jpg,inaturalist,Oligodon tillacki,non_venomous,cc-by-nc,500,281,81,True,test
e:\Coding_Notes\Faunari\data\raw\inaturalist\347507851.jpg,inaturalist,Ptyas mucosa,non_venomous,cc-by,500,330,82,True,train
e:\Coding_Notes\Faunari\data\raw\inaturalist\347524631.jpg,inaturalist,Python molurus,non_venomous,cc-by-nc,375,500,83,True,test
e:\Coding_Notes\Faunari\data\raw\inaturalist\347540081.jpg,inaturalist,Craspedocephalus malabaricus,venomous,cc-by-nc,500,254,84,True,train
e:\Coding_Notes\Faunari\data\raw\inaturalist\347551004.jpg,inaturalist,Oligodon tillacki,non_venomous,,375,500,85,True,train
e:\Coding_Notes\Faunari\data\raw\inaturalist\347563536.jpg,inaturalist,Echis carinatus,venomous,,500,500,86,True,train
e:\Coding_Notes\Faunari\data\raw\inaturalist\347698770.jpg,inaturalist,Fowlea piscator,non_venomous,cc-by-nc,500,281,87,True,train
e:\Coding_Notes\Faunari\data\raw\inaturalist\347703626.jpg,inaturalist,Oligodon tillacki,non_venomous,cc-by-nc,375,500,88,True,train
e:\Coding_Notes\Faunari\data\raw\inaturalist\347721220.jpg,inaturalist,Fowlea piscator,non_venomous,,231,500,89,True,train
e:\Coding_Notes\Faunari\data\raw\inaturalist\347732737.jpg,inaturalist,Craspedocephalus gramineus,venomous,cc-by-nc,500,333,90,True,train
e:\Coding_Notes\Faunari\data\raw\inaturalist\347732796.jpg,inaturalist,Ptyas mucosa,non_venomous,,500,455,91,True,train
e:\Coding_Notes\Faunari\data\raw\inaturalist\347736203.jpg,inaturalist,Platyceps ventromaculatus,non_venomous,cc-by-nc,500,374,92,True,train
e:\Coding_Notes\Faunari\data\raw\inaturalist\347739622.jpg,inaturalist,Lycodon fasciolatus,non_venomous,cc-by-nc,281,500,93,True,val
e:\Coding_Notes\Faunari\data\raw\inaturalist\347747219.jpg,inaturalist,Boiga trigonata,non_venomous,cc-by-nc,285,500,94,True,train
e:\Coding_Notes\Faunari\data\raw\inaturalist\347747881.jpg,inaturalist,Craspedocephalus gramineus,venomous,cc-by-nc,300,500,95,True,val
e:\Coding_Notes\Faunari\data\raw\inaturalist\347748950.jpg,inaturalist,Craspedocephalus anamallensis,venomous,cc-by,293,500,96,True,train
e:\Coding_Notes\Faunari\data\raw\inaturalist\347752788.jpg,inaturalist,Lycodon aulicus,non_venomous,cc-by-nc,387,500,97,True,hardcase
e:\Coding_Notes\Faunari\data\raw\inaturalist\347767085.jpg,inaturalist,Oligodon arnensis,non_venomous,cc-by-nc,500,282,98,True,train
e:\Coding_Notes\Faunari\data\raw\inaturalist\347767464.jpg,inaturalist,Naja naja,venomous,,278,500,99,True,train
e:\Coding_Notes\Faunari\data\raw\inaturalist\347768182.jpg,inaturalist,Atretium schistosum,non_venomous,cc-by-nc,282,500,100,True,test
e:\Coding_Notes\Faunari\data\raw\inaturalist\347771049.jpg,inaturalist,Naja naja,venomous,cc-by-nc,500,248,101,True,train
e:\Coding_Notes\Faunari\data\raw\inaturalist\347794248.jpg,inaturalist,Psammophis leithii,non_venomous,cc-by,500,375,102,True,train
e:\Coding_Notes\Faunari\data\raw\inaturalist\347913881.jpg,inaturalist,Eryx conicus,non_venomous,cc-by-nc,375,500,103,True,train
e:\Coding_Notes\Faunari\data\raw\inaturalist\347973188.jpg,inaturalist,Indotyphlops braminus,non_venomous,cc-by,500,375,104,True,train
e:\Coding_Notes\Faunari\data\raw\inaturalist\347985258.jpg,inaturalist,Ptyas mucosa,non_venomous,,225,500,105,True,train
e:\Coding_Notes\Faunari\data\raw\inaturalist\347989847.jpg,inaturalist,Oligodon affinis,non_venomous,,500,375,106,True,test
e:\Coding_Notes\Faunari\data\raw\inaturalist\347989848.jpg,inaturalist,Sahyadriophis beddomei,non_venomous,,500,375,107,True,train
e:\Coding_Notes\Faunari\data\raw\inaturalist\347990491.jpg,inaturalist,Eryx conicus,non_venomous,cc-by-nc,500,375,108,True,train
e:\Coding_Notes\Faunari\data\raw\inaturalist\347990847.jpg,inaturalist,Ptyas mucosa,non_venomous,cc-by-nc,489,500,109,True,train
e:\Coding_Notes\Faunari\data\raw\inaturalist\347994970.jpg,inaturalist,Ahaetulla oxyrhynca,non_venomous,,500,375,110,True,val
e:\Coding_Notes\Faunari\data\raw\inaturalist\347995132.jpg,inaturalist,Ptyas mucosa,non_venomous,,500,375,111,True,train
e:\Coding_Notes\Faunari\data\raw\inaturalist\347996409.jpg,inaturalist,Ptyas mucosa,non_venomous,,224,500,112,True,hardcase
e:\Coding_Notes\Faunari\data\raw\inaturalist\347998062.jpg,inaturalist,Ptyas mucosa,non_venomous,,375,500,113,True,train
e:\Coding_Notes\Faunari\data\raw\inaturalist\347998361.jpg,inaturalist,Python molurus,non_venomous,,281,500,114,True,test
e:\Coding_Notes\Faunari\data\raw\inaturalist\348015244.jpg,inaturalist,Craspedocephalus gramineus,venomous,cc-by-nc,375,500,115,True,val
e:\Coding_Notes\Faunari\data\raw\inaturalist\348020819.jpg,inaturalist,Eryx conicus,non_venomous,cc-by-nc,281,500,116,True,train
e:\Coding_Notes\Faunari\data\raw\inaturalist\348040092.jpg,inaturalist,Ptyas mucosa,non_venomous,cc-by-nc,375,500,117,True,train
e:\Coding_Notes\Faunari\data\raw\inaturalist\348042677.jpg,inaturalist,Amphiesma stolatum,non_venomous,,225,500,118,True,val
e:\Coding_Notes\Faunari\data\raw\inaturalist\348052623.jpg,inaturalist,Naja naja,venomous,cc-by-nc,325,500,119,True,hardcase
e:\Coding_Notes\Faunari\data\raw\inaturalist\348056419.jpg,inaturalist,Python molurus,non_venomous,,500,375,120,True,test
e:\Coding_Notes\Faunari\data\raw\inaturalist\348057638.jpg,inaturalist,Boiga trigonata,non_venomous,cc-by-nc,500,281,121,True,train
e:\Coding_Notes\Faunari\data\raw\inaturalist\348058987.jpg,inaturalist,Fowlea piscator,non_venomous,cc-by-nc,500,281,122,True,test
e:\Coding_Notes\Faunari\data\raw\inaturalist\348066653.jpg,inaturalist,Ptyas mucosa,non_venomous,cc-by-nc,500,230,123,True,hardcase
e:\Coding_Notes\Faunari\data\raw\inaturalist\348083620.jpg,inaturalist,Chrysopelea ornata,non_venomous,,500,375,124,True,train
e:\Coding_Notes\Faunari\data\raw\inaturalist\348167424.jpg,inaturalist,Python molurus,non_venomous,cc-by-nc,500,333,125,True,train
e:\Coding_Notes\Faunari\data\raw\inaturalist\348167441.jpg,inaturalist,Python molurus,non_venomous,cc-by-nc,500,337,126,True,train
e:\Coding_Notes\Faunari\data\raw\inaturalist\348236890.jpg,inaturalist,Ahaetulla oxyrhynca,non_venomous,cc-by-nc,225,500,127,True,train
e:\Coding_Notes\Faunari\data\raw\inaturalist\348247311.jpg,inaturalist,Naja naja,venomous,cc-by-nc,500,406,128,True,hardcase
e:\Coding_Notes\Faunari\data\raw\inaturalist\348249752.jpg,inaturalist,Indotyphlops braminus,non_venomous,cc-by-nc,281,500,129,True,train
e:\Coding_Notes\Faunari\data\raw\inaturalist\348250816.jpg,inaturalist,Amphiesma stolatum,non_venomous,,225,500,130,True,hardcase
e:\Coding_Notes\Faunari\data\raw\inaturalist\348258389.jpg,inaturalist,Ophiophagus hannah,venomous,cc-by-nc,281,500,131,True,train
e:\Coding_Notes\Faunari\data\raw\inaturalist\348258719.jpg,inaturalist,Naja naja,venomous,cc-by-nc,282,500,132,True,train
e:\Coding_Notes\Faunari\data\raw\inaturalist\348264093.jpg,inaturalist,Lycodon aulicus,non_venomous,cc-by-nc,500,281,133,True,hardcase
e:\Coding_Notes\Faunari\data\raw\inaturalist\348266984.jpg,inaturalist,Eryx conicus,non_venomous,cc-by-nc,500,282,134,True,val
e:\Coding_Notes\Faunari\data\raw\inaturalist\348267546.jpg,inaturalist,Amphiesma stolatum,non_venomous,cc-by-nc,281,500,135,True,test
e:\Coding_Notes\Faunari\data\raw\inaturalist\348270287.jpg,inaturalist,Bungarus caeruleus,venomous,cc-by-nc,281,500,136,True,train
e:\Coding_Notes\Faunari\data\raw\inaturalist\348271615.jpg,inaturalist,Eryx conicus,non_venomous,cc-by-nc,302,500,137,True,train
e:\Coding_Notes\Faunari\data\raw\inaturalist\348286153.jpg,inaturalist,Eryx conicus,non_venomous,cc-by-nc,281,500,138,True,train
e:\Coding_Notes\Faunari\data\raw\inaturalist\348296861.jpg,inaturalist,Lycodon travancoricus,non_venomous,,281,500,139,True,train
e:\Coding_Notes\Faunari\data\raw\inaturalist\348329472.jpg,inaturalist,Ptyas mucosa,non_venomous,cc-by-nc,226,500,140,True,train
e:\Coding_Notes\Faunari\data\raw\inaturalist\348329637.jpg,inaturalist,Coelognathus helena monticollaris,non_venomous,cc-by-nc,281,500,141,True,train
e:\Coding_Notes\Faunari\data\raw\inaturalist\348437434.jpg,inaturalist,Ptyas mucosa,non_venomous,cc-by-nc,500,340,142,True,train
e:\Coding_Notes\Faunari\data\raw\inaturalist\348437474.jpg,inaturalist,Ptyas mucosa,non_venomous,cc-by-nc,362,500,143,True,train
e:\Coding_Notes\Faunari\data\raw\inaturalist\348439583.jpg,inaturalist,Fowlea tytleri,non_venomous,cc-by-nc,500,286,144,True,train
e:\Coding_Notes\Faunari\data\raw\inaturalist\348447951.jpg,inaturalist,Fowlea piscator,non_venomous,cc-by-nc,500,375,145,True,val
e:\Coding_Notes\Faunari\data\raw\inaturalist\348453013.jpg,inaturalist,Ophiophagus hannah,venomous,cc-by,228,500,146,True,train
e:\Coding_Notes\Faunari\data\raw\inaturalist\348456400.jpg,inaturalist,Dendrelaphis tristis,non_venomous,cc-by-nc,281,500,147,True,val
e:\Coding_Notes\Faunari\data\raw\inaturalist\348457693.jpg,inaturalist,Boiga trigonata,non_venomous,cc-by-nc,281,500,148,True,train
e:\Coding_Notes\Faunari\data\raw\inaturalist\348458568.jpg,inaturalist,Rhabdophis plumbicolor,non_venomous,cc-by-nc,500,281,149,True,train
e:\Coding_Notes\Faunari\data\raw\inaturalist\348491312.jpg,inaturalist,Ptyas mucosa,non_venomous,cc-by-nc,346,500,150,True,hardcase
e:\Coding_Notes\Faunari\data\raw\inaturalist\348503581.jpg,inaturalist,Fowlea piscator,non_venomous,cc-by-nc,500,312,151,True,train
e:\Coding_Notes\Faunari\data\raw\inaturalist\348512453.jpg,inaturalist,Lycodon striatus,non_venomous,cc-by-nc,454,500,152,True,val
e:\Coding_Notes\Faunari\data\raw\inaturalist\348643795.jpg,inaturalist,Ptyas mucosa,non_venomous,,500,333,153,True,hardcase
e:\Coding_Notes\Faunari\data\raw\inaturalist\348644097.jpg,inaturalist,Bungarus caeruleus,venomous,,500,333,154,True,hardcase
e:\Coding_Notes\Faunari\data\raw\inaturalist\348646683.jpg,inaturalist,Fowlea piscator,non_venomous,,500,375,155,True,train
e:\Coding_Notes\Faunari\data\raw\inaturalist\348660951.jpg,inaturalist,Fowlea piscator,non_venomous,cc-by-nc,375,500,156,True,train
e:\Coding_Notes\Faunari\data\raw\inaturalist\348661022.jpg,inaturalist,Daboia russelii,venomous,cc-by-nc,375,500,157,True,train
e:\Coding_Notes\Faunari\data\raw\inaturalist\348669948.jpg,inaturalist,Fowlea piscator,non_venomous,cc-by-nc,500,389,158,True,val
e:\Coding_Notes\Faunari\data\raw\inaturalist\348677781.jpg,inaturalist,Dendrelaphis tristis,non_venomous,cc-by-nc,500,354,159,True,train
e:\Coding_Notes\Faunari\data\raw\inaturalist\348681708.jpg,inaturalist,Oligodon albocinctus,non_venomous,,375,500,160,True,train
e:\Coding_Notes\Faunari\data\raw\inaturalist\348691616.jpg,inaturalist,Ptyas mucosa,non_venomous,cc-by-nc,225,500,161,True,hardcase
e:\Coding_Notes\Faunari\data\raw\inaturalist\348693303.jpg,inaturalist,Craspedocephalus gramineus,venomous,cc-by-nc,228,500,162,True,train
e:\Coding_Notes\Faunari\data\raw\inaturalist\348698775.jpg,inaturalist,Indotyphlops braminus,non_venomous,cc-by-nc,281,500,163,True,train
e:\Coding_Notes\Faunari\data\raw\inaturalist\348733897.jpg,inaturalist,Fowlea piscator,non_venomous,cc-by,500,281,164,True,train
e:\Coding_Notes\Faunari\data\raw\inaturalist\348740088.jpg,inaturalist,Fowlea piscator,non_venomous,cc-by-nc,500,333,165,True,train
e:\Coding_Notes\Faunari\data\raw\inaturalist\348790819.jpg,inaturalist,Lycodon aulicus,non_venomous,cc-by-nc,225,500,166,True,hardcase
e:\Coding_Notes\Faunari\data\raw\inaturalist\348862469.jpg,inaturalist,Fowlea piscator,non_venomous,cc-by-nc,375,500,167,True,train
e:\Coding_Notes\Faunari\data\raw\inaturalist\348862545.jpg,inaturalist,Eryx whitakeri,non_venomous,cc0,500,375,168,True,train
e:\Coding_Notes\Faunari\data\raw\inaturalist\348863122.jpg,inaturalist,Fowlea piscator,non_venomous,cc0,281,500,169,True,train
e:\Coding_Notes\Faunari\data\raw\inaturalist\348878733.jpg,inaturalist,Cerberus rynchops,non_venomous,cc-by-nc,500,375,170,True,train
e:\Coding_Notes\Faunari\data\raw\inaturalist\348921811.jpg,inaturalist,Ptyas korros,non_venomous,cc-by-nc,374,500,171,True,train
e:\Coding_Notes\Faunari\data\raw\inaturalist\348936648.jpg,inaturalist,Eryx conicus,non_venomous,cc-by,375,500,172,True,val
e:\Coding_Notes\Faunari\data\raw\inaturalist\348942918.jpg,inaturalist,Craspedocephalus malabaricus,venomous,cc-by-nc,500,375,173,True,train
e:\Coding_Notes\Faunari\data\raw\inaturalist\348952408.jpg,inaturalist,Oligodon russelius,non_venomous,cc-by-nc,500,375,174,True,train
e:\Coding_Notes\Faunari\data\raw\inaturalist\348977412.jpg,inaturalist,Fowlea piscator,non_venomous,cc-by-nc,500,375,175,True,train
e:\Coding_Notes\Faunari\data\raw\inaturalist\348982524.jpg,inaturalist,Spalerosophis diadema,non_venomous,cc-by-nc,500,375,176,True,train
e:\Coding_Notes\Faunari\data\raw\inaturalist\348996727.jpg,inaturalist,Cerberus rynchops,non_venomous,cc-by-nc,500,333,177,True,train
e:\Coding_Notes\Faunari\data\raw\inaturalist\349002565.jpg,inaturalist,Fowlea piscator,non_venomous,cc-by-nc,500,375,178,True,train
e:\Coding_Notes\Faunari\data\raw\inaturalist\349007813.jpg,inaturalist,Daboia russelii,venomous,cc-by-nc,375,500,179,True,train
e:\Coding_Notes\Faunari\data\raw\inaturalist\349009933.jpg,inaturalist,Ptyas mucosa,non_venomous,cc-by-nc,500,375,180,True,train
e:\Coding_Notes\Faunari\data\raw\inaturalist\349027274.jpg,inaturalist,Oligodon taeniolatus,non_venomous,cc-by-nc,374,500,181,True,train
e:\Coding_Notes\Faunari\data\raw\inaturalist\349038521.jpg,inaturalist,Ptyas mucosa,non_venomous,cc-by,500,344,182,True,test
e:\Coding_Notes\Faunari\data\raw\inaturalist\349147556.jpg,inaturalist,Amphiesma stolatum,non_venomous,cc-by,375,500,183,True,train
e:\Coding_Notes\Faunari\data\raw\inaturalist\349153676.jpg,inaturalist,Ptyas mucosa,non_venomous,cc-by-nc,500,333,184,True,train
e:\Coding_Notes\Faunari\data\raw\inaturalist\349161227.jpg,inaturalist,Fowlea piscator,non_venomous,cc-by,375,500,185,True,train
e:\Coding_Notes\Faunari\data\raw\inaturalist\349163819.jpg,inaturalist,Dendrelaphis tristis,non_venomous,cc-by-nc,375,500,186,True,test
e:\Coding_Notes\Faunari\data\raw\inaturalist\349168124.jpg,inaturalist,Oligodon taeniolatus,non_venomous,cc-by-nc,500,344,187,True,train
e:\Coding_Notes\Faunari\data\raw\inaturalist\349169125.jpg,inaturalist,Oligodon taeniolatus,non_venomous,cc-by-nc,375,500,188,True,train
e:\Coding_Notes\Faunari\data\raw\inaturalist\349170214.jpg,inaturalist,Amphiesma monticola,non_venomous,cc-by-nc,500,332,189,True,train
e:\Coding_Notes\Faunari\data\raw\inaturalist\349173002.jpg,inaturalist,Fowlea piscator,non_venomous,cc-by-nc,500,313,190,True,val
e:\Coding_Notes\Faunari\data\raw\inaturalist\349174350.jpg,inaturalist,Dendrelaphis tristis,non_venomous,,375,500,191,True,val
e:\Coding_Notes\Faunari\data\raw\inaturalist\349201433.jpg,inaturalist,Ptyas mucosa,non_venomous,cc-by-nc,281,500,192,True,val
e:\Coding_Notes\Faunari\data\raw\inaturalist\349203756.jpg,inaturalist,Bungarus caeruleus,venomous,cc-by-nc,281,500,193,True,hardcase
e:\Coding_Notes\Faunari\data\raw\inaturalist\349207711.jpg,inaturalist,Ahaetulla farnsworthi,non_venomous,,500,375,194,True,train
e:\Coding_Notes\Faunari\data\raw\inaturalist\349259433.jpg,inaturalist,Sahyadriophis uttaraghati,non_venomous,cc-by-nc,500,375,195,True,train
e:\Coding_Notes\Faunari\data\raw\inaturalist\349264439.jpg,inaturalist,Oligodon taeniolatus,non_venomous,cc-by-nc,446,500,196,True,train
e:\Coding_Notes\Faunari\data\raw\inaturalist\349266817.jpg,inaturalist,Oligodon tillacki,non_venomous,cc-by-nc,500,281,197,True,val
e:\Coding_Notes\Faunari\data\raw\inaturalist\349322011.jpg,inaturalist,Hypnale hypnale,venomous,cc-by,375,500,198,True,train
e:\Coding_Notes\Faunari\data\raw\inaturalist\349328320.jpg,inaturalist,Dendrelaphis girii,non_venomous,cc0,500,375,199,True,test
e:\Coding_Notes\Faunari\data\raw\inaturalist\349373602.jpg,inaturalist,Fowlea piscator,non_venomous,cc-by-nc,500,375,200,True,test
e:\Coding_Notes\Faunari\data\raw\inaturalist\349380740.jpg,inaturalist,Lycodon travancoricus,non_venomous,cc-by-nc,500,333,201,True,test
e:\Coding_Notes\Faunari\data\raw\inaturalist\349387881.jpg,inaturalist,Sahyadriophis beddomei,non_venomous,cc-by-nc,500,375,202,True,val
e:\Coding_Notes\Faunari\data\raw\inaturalist\349421425.jpg,inaturalist,Lycodon travancoricus,non_venomous,,500,375,203,True,val
e:\Coding_Notes\Faunari\data\raw\inaturalist\349421670.jpg,inaturalist,Ahaetulla borealis,non_venomous,,500,375,204,True,train
e:\Coding_Notes\Faunari\data\raw\inaturalist\349422412.jpg,inaturalist,Python molurus,non_venomous,,500,375,205,True,train
e:\Coding_Notes\Faunari\data\raw\inaturalist\349422585.jpg,inaturalist,Coelognathus helena,non_venomous,,500,375,206,True,test
e:\Coding_Notes\Faunari\data\raw\inaturalist\349422694.jpg,inaturalist,Craspedocephalus gramineus,venomous,,375,500,207,True,train
e:\Coding_Notes\Faunari\data\raw\inaturalist\349441734.jpg,inaturalist,Bungarus caeruleus,venomous,,376,500,208,True,hardcase
e:\Coding_Notes\Faunari\data\raw\inaturalist\349456377.jpg,inaturalist,Amphiesma stolatum,non_venomous,cc-by-nc,375,500,209,True,train
e:\Coding_Notes\Faunari\data\raw\inaturalist\349457270.jpg,inaturalist,Ptyas mucosa,non_venomous,,375,500,210,True,train
e:\Coding_Notes\Faunari\data\raw\inaturalist\349471981.jpg,inaturalist,Dendrelaphis tristis,non_venomous,cc-by-nc,227,500,211,True,train
e:\Coding_Notes\Faunari\data\raw\inaturalist\349495562.jpg,inaturalist,Chrysopelea ornata,non_venomous,cc-by,375,500,212,True,train
e:\Coding_Notes\Faunari\data\raw\inaturalist\349495863.jpg,inaturalist,Dieurostus dussumieri,non_venomous,cc-by-nc,375,500,213,False,train
e:\Coding_Notes\Faunari\data\raw\inaturalist\349502851.jpg,inaturalist,Amphiesma stolatum,non_venomous,cc-by-nc,225,500,214,True,train
e:\Coding_Notes\Faunari\data\raw\inaturalist\349505001.jpg,inaturalist,Fowlea piscator,non_venomous,cc-by-nc,375,500,215,True,train
e:\Coding_Notes\Faunari\data\raw\inaturalist\349535373.jpg,inaturalist,Oligodon arnensis,non_venomous,,500,422,216,True,train
e:\Coding_Notes\Faunari\data\raw\inaturalist\349560702.jpg,inaturalist,Bungarus caeruleus,venomous,,375,500,217,True,hardcase
e:\Coding_Notes\Faunari\data\raw\inaturalist\349576535.jpg,inaturalist,Lycodon striatus,non_venomous,,375,500,218,True,train
e:\Coding_Notes\Faunari\data\raw\inaturalist\349601038.jpg,inaturalist,Boiga trigonata,non_venomous,,376,500,219,True,train
e:\Coding_Notes\Faunari\data\raw\inaturalist\349700479.jpg,inaturalist,Ptyas mucosa,non_venomous,cc-by-nc,376,500,220,True,train
e:\Coding_Notes\Faunari\data\raw\inaturalist\349700791.jpg,inaturalist,Fowlea piscator,non_venomous,cc-by-nc,321,500,221,True,train
e:\Coding_Notes\Faunari\data\raw\inaturalist\349700957.jpg,inaturalist,Fowlea piscator,non_venomous,cc-by-nc,376,500,222,True,train
e:\Coding_Notes\Faunari\data\raw\inaturalist\349701289.jpg,inaturalist,Lycodon aulicus,non_venomous,cc-by-nc,500,376,223,True,train
e:\Coding_Notes\Faunari\data\raw\inaturalist\349702536.jpg,inaturalist,Amphiesma stolatum,non_venomous,cc-by-nc,500,368,224,True,train
e:\Coding_Notes\Faunari\data\raw\inaturalist\349702574.jpg,inaturalist,Ahaetulla dispar,non_venomous,cc-by-nc,500,375,225,True,test
e:\Coding_Notes\Faunari\data\raw\inaturalist\349703538.jpg,inaturalist,Craspedocephalus macrolepis,venomous,cc-by-nc,375,500,226,True,train
e:\Coding_Notes\Faunari\data\raw\inaturalist\349705163.jpg,inaturalist,Indotyphlops braminus,non_venomous,,500,450,227,True,val
e:\Coding_Notes\Faunari\data\raw\inaturalist\349712803.jpg,inaturalist,Chrysopelea ornata,non_venomous,,500,375,228,True,train
e:\Coding_Notes\Faunari\data\raw\inaturalist\349719563.jpg,inaturalist,Amphiesma stolatum,non_venomous,cc-by,500,375,229,True,train
e:\Coding_Notes\Faunari\data\raw\inaturalist\349726959.jpg,inaturalist,Python bivittatus,non_venomous,cc-by-nc,500,375,230,True,train
e:\Coding_Notes\Faunari\data\raw\inaturalist\349728077.jpg,inaturalist,Coelognathus radiatus,non_venomous,cc-by-nc,375,500,231,True,train
e:\Coding_Notes\Faunari\data\raw\inaturalist\349730753.jpg,inaturalist,Python bivittatus,non_venomous,cc-by-nc,500,473,232,True,val
e:\Coding_Notes\Faunari\data\raw\inaturalist\349733627.jpg,inaturalist,Ptyas mucosa,non_venomous,,500,375,233,True,train
e:\Coding_Notes\Faunari\data\raw\inaturalist\349739822.jpg,inaturalist,Oligodon russelius,non_venomous,cc-by-nc,375,500,234,True,test
e:\Coding_Notes\Faunari\data\raw\inaturalist\349740743.jpg,inaturalist,Oligodon russelius,non_venomous,cc-by-nc,375,500,235,True,train
e:\Coding_Notes\Faunari\data\raw\inaturalist\349767207.jpg,inaturalist,Dendrelaphis tristis,non_venomous,cc-by-nc,500,375,236,True,train
e:\Coding_Notes\Faunari\data\raw\inaturalist\349768801.jpg,inaturalist,Coelognathus radiatus,non_venomous,cc-by-nc,375,500,237,True,train
e:\Coding_Notes\Faunari\data\raw\inaturalist\349775955.jpg,inaturalist,Fowlea piscator,non_venomous,,500,375,238,True,val
e:\Coding_Notes\Faunari\data\raw\inaturalist\349805361.jpg,inaturalist,Eryx conicus,non_venomous,cc-by-nc,281,500,239,True,train
e:\Coding_Notes\Faunari\data\raw\inaturalist\349816544.jpg,inaturalist,Eryx johnii,non_venomous,,375,500,240,True,val
e:\Coding_Notes\Faunari\data\raw\inaturalist\349934826.jpg,inaturalist,Oligodon taeniolatus,non_venomous,cc-by-nc-sa,376,500,241,True,train
e:\Coding_Notes\Faunari\data\raw\inaturalist\349943904.jpg,inaturalist,Daboia russelii,venomous,,360,270,242,True,val
e:\Coding_Notes\Faunari\data\raw\inaturalist\349953347.jpg,inaturalist,Fowlea piscator,non_venomous,cc-by-nc,375,500,243,True,train
e:\Coding_Notes\Faunari\data\raw\inaturalist\349961060.jpg,inaturalist,Dendrelaphis proarchos,non_venomous,,375,500,244,True,train
e:\Coding_Notes\Faunari\data\raw\inaturalist\349971697.jpg,inaturalist,Dendrelaphis tristis,non_venomous,cc-by-nc,281,500,245,True,train
e:\Coding_Notes\Faunari\data\raw\inaturalist\349971993.jpg,inaturalist,Ptyas mucosa,non_venomous,cc-by-nc,281,500,246,True,train
e:\Coding_Notes\Faunari\data\raw\inaturalist\349979635.jpg,inaturalist,Ptyas mucosa,non_venomous,,338,500,247,True,train
e:\Coding_Notes\Faunari\data\raw\inaturalist\349985342.jpg,inaturalist,Daboia russelii,venomous,cc-by-nc,500,281,248,True,test
e:\Coding_Notes\Faunari\data\raw\inaturalist\349989387.jpg,inaturalist,Ahaetulla oxyrhynca,non_venomous,cc-by-nc,500,375,249,True,train
e:\Coding_Notes\Faunari\data\raw\inaturalist\350006521.jpg,inaturalist,Lycodon travancoricus,non_venomous,cc-by-nc,327,500,250,True,val
e:\Coding_Notes\Faunari\data\raw\inaturalist\350014602.jpg,inaturalist,Ptyas mucosa,non_venomous,cc-by-nc-nd,473,500,251,True,val
e:\Coding_Notes\Faunari\data\raw\inaturalist\350033598.jpg,inaturalist,Ptyas mucosa,non_venomous,cc0,281,500,252,True,hardcase
e:\Coding_Notes\Faunari\data\raw\inaturalist\350034410.jpg,inaturalist,Python molurus,non_venomous,cc0,281,500,253,True,val
e:\Coding_Notes\Faunari\data\raw\inaturalist\350036569.jpg,inaturalist,Eryx whitakeri,non_venomous,cc0,375,500,254,True,train
e:\Coding_Notes\Faunari\data\raw\inaturalist\350050349.jpg,inaturalist,Ahaetulla borealis,non_venomous,,375,500,255,True,train
e:\Coding_Notes\Faunari\data\raw\inaturalist\350063983.jpg,inaturalist,Rhabdophis plumbicolor,non_venomous,,375,500,256,True,val
e:\Coding_Notes\Faunari\data\raw\inaturalist\350153879.jpg,inaturalist,Coelognathus helena,non_venomous,,333,500,257,True,val
e:\Coding_Notes\Faunari\data\raw\inaturalist\350182168.jpg,inaturalist,Lycodon travancoricus,non_venomous,cc-by-nc,500,375,258,True,train
e:\Coding_Notes\Faunari\data\raw\inaturalist\350187344.jpg,inaturalist,Python molurus,non_venomous,cc0,281,500,259,True,train
e:\Coding_Notes\Faunari\data\raw\inaturalist\350189168.jpg,inaturalist,Ahaetulla dispar,non_venomous,cc-by-nc,500,333,260,True,train
e:\Coding_Notes\Faunari\data\raw\inaturalist\350189228.jpg,inaturalist,Ahaetulla dispar,non_venomous,cc-by-nc,400,500,261,True,train
e:\Coding_Notes\Faunari\data\raw\inaturalist\350189377.jpg,inaturalist,Craspedocephalus macrolepis,venomous,cc-by-nc,400,500,262,True,train
e:\Coding_Notes\Faunari\data\raw\inaturalist\350189466.jpg,inaturalist,Craspedocephalus macrolepis,venomous,cc-by-nc,400,500,263,True,test
e:\Coding_Notes\Faunari\data\raw\inaturalist\350189535.jpg,inaturalist,Craspedocephalus macrolepis,venomous,cc-by-nc,500,313,264,True,train
e:\Coding_Notes\Faunari\data\raw\inaturalist\350191290.jpg,inaturalist,Amphiesma stolatum,non_venomous,cc-by-nc-sa,500,376,265,True,train
e:\Coding_Notes\Faunari\data\raw\inaturalist\350202879.jpg,inaturalist,Ahaetulla malabarica,non_venomous,cc-by-nc,281,500,266,True,train
e:\Coding_Notes\Faunari\data\raw\inaturalist\350203428.jpg,inaturalist,Indotyphlops braminus,non_venomous,,500,281,267,True,train
e:\Coding_Notes\Faunari\data\raw\inaturalist\350216119.jpg,inaturalist,Daboia russelii,venomous,cc-by-nc,500,225,268,True,train
e:\Coding_Notes\Faunari\data\raw\inaturalist\350234283.jpg,inaturalist,Ptyas mucosa,non_venomous,cc-by-nc,500,385,269,True,hardcase
e:\Coding_Notes\Faunari\data\raw\inaturalist\350239015.jpg,inaturalist,Lycodon aulicus,non_venomous,cc-by-nc,281,500,270,True,train
e:\Coding_Notes\Faunari\data\raw\inaturalist\350254777.jpg,inaturalist,Naja naja,venomous,,400,500,271,True,test
e:\Coding_Notes\Faunari\data\raw\inaturalist\350279339.jpg,inaturalist,Lycodon hypsirhinoides,non_venomous,,500,333,272,True,val
e:\Coding_Notes\Faunari\data\raw\inaturalist\350279357.jpg,inaturalist,Fowlea tytleri,non_venomous,,500,333,273,True,train
e:\Coding_Notes\Faunari\data\raw\inaturalist\350279366.jpg,inaturalist,Trimeresurus andersonii,venomous,,500,333,274,True,train
e:\Coding_Notes\Faunari\data\raw\inaturalist\350279370.jpg,inaturalist,Bungarus andamanensis,venomous,,500,333,275,True,train
e:\Coding_Notes\Faunari\data\raw\inaturalist\350279372.jpg,inaturalist,Lycodon hypsirhinoides,non_venomous,,500,333,276,True,train
e:\Coding_Notes\Faunari\data\raw\inaturalist\350279376.jpg,inaturalist,Trimeresurus andersonii,venomous,,500,333,277,True,val
e:\Coding_Notes\Faunari\data\raw\inaturalist\350344840.jpg,inaturalist,Dendrelaphis tristis,non_venomous,cc-by-nc,375,500,278,True,train
e:\Coding_Notes\Faunari\data\raw\inaturalist\350345042.jpg,inaturalist,Amphiesma stolatum,non_venomous,cc-by-nc,500,375,279,True,train
e:\Coding_Notes\Faunari\data\raw\inaturalist\350443741.jpg,inaturalist,Naja naja,venomous,cc-by-nc,500,229,280,True,hardcase
e:\Coding_Notes\Faunari\data\raw\inaturalist\350470721.jpg,inaturalist,Daboia russelii,venomous,cc-by-nc,333,500,281,True,train
e:\Coding_Notes\Faunari\data\raw\inaturalist\350476593.jpg,inaturalist,Ptyas mucosa,non_venomous,cc-by-nc,500,333,282,True,val
e:\Coding_Notes\Faunari\data\raw\inaturalist\350485810.jpg,inaturalist,Ahaetulla sahyadrensis,non_venomous,cc-by-nc,225,500,283,True,test
e:\Coding_Notes\Faunari\data\raw\inaturalist\350491801.jpg,inaturalist,Ahaetulla sahyadrensis,non_venomous,,225,500,284,True,val
e:\Coding_Notes\Faunari\data\raw\inaturalist\350491829.jpg,inaturalist,Ahaetulla sahyadrensis,non_venomous,,225,500,285,True,train
e:\Coding_Notes\Faunari\data\raw\inaturalist\350491903.jpg,inaturalist,Ahaetulla sahyadrensis,non_venomous,,225,500,286,True,hardcase
e:\Coding_Notes\Faunari\data\raw\inaturalist\350504990.jpg,inaturalist,Rhabdops olivaceus,non_venomous,cc-by-nc,500,333,287,True,train
e:\Coding_Notes\Faunari\data\raw\inaturalist\350505387.jpg,inaturalist,Hypnale hypnale,venomous,cc-by-nc,500,333,288,True,train
e:\Coding_Notes\Faunari\data\raw\inaturalist\350509664.jpg,inaturalist,Bungarus caeruleus,venomous,,375,500,289,True,train
e:\Coding_Notes\Faunari\data\raw\inaturalist\350534071.jpg,inaturalist,Eryx conicus,non_venomous,,500,281,290,True,train
e:\Coding_Notes\Faunari\data\raw\inaturalist\350544517.jpg,inaturalist,Daboia russelii,venomous,cc-by-nc-sa,500,375,291,True,train
e:\Coding_Notes\Faunari\data\raw\inaturalist\350544899.jpg,inaturalist,Echis carinatus,venomous,cc-by-nc-sa,375,500,292,True,train
e:\Coding_Notes\Faunari\data\raw\inaturalist\350545159.jpg,inaturalist,Naja naja,venomous,cc-by-nc-sa,281,500,293,True,hardcase
e:\Coding_Notes\Faunari\data\raw\inaturalist\350546593.jpg,inaturalist,Coelognathus helena helena,non_venomous,cc-by-nc-sa,375,500,294,True,train
e:\Coding_Notes\Faunari\data\raw\inaturalist\350546955.jpg,inaturalist,Ptyas mucosa,non_venomous,cc-by-nc-sa,281,500,295,True,train
e:\Coding_Notes\Faunari\data\raw\inaturalist\350549994.jpg,inaturalist,Ahaetulla oxyrhynca,non_venomous,cc-by-nc-sa,375,500,296,True,train
e:\Coding_Notes\Faunari\data\raw\inaturalist\350569168.jpg,inaturalist,Bungarus caeruleus,venomous,,233,500,297,True,hardcase
e:\Coding_Notes\Faunari\data\raw\inaturalist\350573762.jpg,inaturalist,Indotyphlops braminus,non_venomous,,376,500,298,True,train
e:\Coding_Notes\Faunari\data\raw\inaturalist\350618394.jpg,inaturalist,Dendrelaphis proarchos,non_venomous,cc-by-nc,500,375,299,True,train
e:\Coding_Notes\Faunari\data\raw\inaturalist\350673608.jpg,inaturalist,Dendrelaphis tristis,non_venomous,cc-by-nc-sa,500,281,300,True,train
e:\Coding_Notes\Faunari\data\raw\inaturalist\350688487.jpg,inaturalist,Python molurus,non_venomous,,500,233,301,True,train
e:\Coding_Notes\Faunari\data\raw\inaturalist\350700684.jpg,inaturalist,Amphiesma stolatum,non_venomous,cc-by-nc,500,333,302,True,val
e:\Coding_Notes\Faunari\data\raw\inaturalist\350701480.jpg,inaturalist,Craspedocephalus malabaricus,venomous,cc-by-nc,500,333,303,True,val
e:\Coding_Notes\Faunari\data\raw\inaturalist\350701610.jpg,inaturalist,Craspedocephalus malabaricus,venomous,cc-by-nc,500,333,304,True,train
e:\Coding_Notes\Faunari\data\raw\inaturalist\350703385.jpg,inaturalist,Craspedocephalus malabaricus,venomous,cc-by-nc,500,333,305,True,test
e:\Coding_Notes\Faunari\data\raw\inaturalist\350704236.jpg,inaturalist,Ahaetulla farnsworthi,non_venomous,cc-by-nc,322,500,306,True,train
e:\Coding_Notes\Faunari\data\raw\inaturalist\350704370.jpg,inaturalist,Craspedocephalus malabaricus,venomous,cc-by-nc,500,333,307,True,val
e:\Coding_Notes\Faunari\data\raw\inaturalist\350706326.jpg,inaturalist,Ahaetulla borealis,non_venomous,cc-by-nc,500,375,308,True,train
e:\Coding_Notes\Faunari\data\raw\inaturalist\350706713.jpg,inaturalist,Hypnale hypnale,venomous,cc-by-nc,500,375,309,True,train
e:\Coding_Notes\Faunari\data\raw\inaturalist\350706917.jpg,inaturalist,Craspedocephalus malabaricus,venomous,cc-by-nc,500,313,310,True,train
e:\Coding_Notes\Faunari\data\raw\inaturalist\350707125.jpg,inaturalist,Craspedocephalus malabaricus,venomous,cc-by-nc,500,333,311,True,val
e:\Coding_Notes\Faunari\data\raw\inaturalist\350709424.jpg,inaturalist,Daboia russelii,venomous,cc-by-nc,375,500,312,True,train
e:\Coding_Notes\Faunari\data\raw\inaturalist\350709557.jpg,inaturalist,Coelognathus helena helena,non_venomous,cc-by-nc,500,375,313,True,train
e:\Coding_Notes\Faunari\data\raw\inaturalist\350709614.jpg,inaturalist,Ahaetulla oxyrhynca,non_venomous,cc-by-nc,375,500,314,True,train
e:\Coding_Notes\Faunari\data\raw\inaturalist\350709675.jpg,inaturalist,Ptyas mucosa,non_venomous,cc-by-nc,375,500,315,True,train
e:\Coding_Notes\Faunari\data\raw\inaturalist\350719944.jpg,inaturalist,Psammodynastes pulverulentus,non_venomous,cc-by-nc,500,375,316,True,train
e:\Coding_Notes\Faunari\data\raw\inaturalist\350723582.jpg,inaturalist,Lycodon fasciolatus,non_venomous,,375,500,317,True,test
e:\Coding_Notes\Faunari\data\raw\inaturalist\350736095.jpg,inaturalist,Ptyas mucosa,non_venomous,,375,500,318,True,train
e:\Coding_Notes\Faunari\data\raw\inaturalist\350754989.jpg,inaturalist,Ptyas mucosa,non_venomous,,376,500,319,True,train
e:\Coding_Notes\Faunari\data\raw\inaturalist\350760722.jpg,inaturalist,Coelognathus helena monticollaris,non_venomous,cc-by-nc,230,500,320,True,hardcase
e:\Coding_Notes\Faunari\data\raw\inaturalist\350774061.jpg,inaturalist,Ptyas mucosa,non_venomous,,422,500,321,True,test
e:\Coding_Notes\Faunari\data\raw\inaturalist\350802289.jpg,inaturalist,Sahyadriophis beddomei,non_venomous,,281,500,322,True,train
e:\Coding_Notes\Faunari\data\raw\inaturalist\350804992.jpg,inaturalist,Naja naja,venomous,,375,500,323,True,hardcase
e:\Coding_Notes\Faunari\data\raw\inaturalist\350806340.jpg,inaturalist,Lycodon fasciolatus,non_venomous,,375,500,324,True,train
e:\Coding_Notes\Faunari\data\raw\inaturalist\350806746.jpg,inaturalist,Fowlea piscator,non_venomous,cc-by-nc,375,500,325,True,train
e:\Coding_Notes\Faunari\data\raw\inaturalist\350814854.jpg,inaturalist,Bungarus caeruleus,venomous,cc-by-nc,375,500,326,True,hardcase
e:\Coding_Notes\Faunari\data\raw\inaturalist\350816050.jpg,inaturalist,Ptyas mucosa,non_venomous,cc-by-nc,375,500,327,True,val
e:\Coding_Notes\Faunari\data\raw\inaturalist\350821787.jpg,inaturalist,Boiga trigonata,non_venomous,cc-by,500,375,328,True,train
e:\Coding_Notes\Faunari\data\raw\inaturalist\350836742.jpg,inaturalist,Dendrelaphis tristis,non_venomous,,281,500,329,True,train
e:\Coding_Notes\Faunari\data\raw\inaturalist\350934153.jpg,inaturalist,Dendrelaphis andamanensis,non_venomous,,500,333,330,True,train
e:\Coding_Notes\Faunari\data\raw\inaturalist\350934158.jpg,inaturalist,Bungarus andamanensis,venomous,,500,333,331,True,train
e:\Coding_Notes\Faunari\data\raw\inaturalist\351060337.jpg,inaturalist,Ptyas mucosa,non_venomous,,500,281,332,True,hardcase
e:\Coding_Notes\Faunari\data\raw\inaturalist\351068564.jpg,inaturalist,Dendrelaphis tristis,non_venomous,cc-by-nc,500,333,333,True,train
e:\Coding_Notes\Faunari\data\raw\inaturalist\351074269.jpg,inaturalist,Oligodon russelius,non_venomous,cc-by-nc,281,500,334,True,test
e:\Coding_Notes\Faunari\data\raw\inaturalist\351086803.jpg,inaturalist,Ptyas mucosa,non_venomous,cc-by-nc,375,500,335,True,train
e:\Coding_Notes\Faunari\data\raw\inaturalist\351126874.jpg,inaturalist,Oligodon taeniolatus,non_venomous,cc-by-nc,500,376,336,True,train
e:\Coding_Notes\Faunari\data\raw\inaturalist\351139439.jpg,inaturalist,Fowlea piscator,non_venomous,cc-by-nc,500,333,337,True,test
e:\Coding_Notes\Faunari\data\raw\inaturalist\351152415.jpg,inaturalist,Craspedocephalus macrolepis,venomous,cc-by-nc,500,281,338,True,train
e:\Coding_Notes\Faunari\data\raw\inaturalist\351183798.jpg,inaturalist,Amphiesma stolatum,non_venomous,,281,500,339,True,val
e:\Coding_Notes\Faunari\data\raw\inaturalist\351230872.jpg,inaturalist,Sahyadriophis beddomei,non_venomous,cc-by-nc,500,333,340,True,val
e:\Coding_Notes\Faunari\data\raw\inaturalist\351321264.jpg,inaturalist,Naja naja,venomous,cc-by-nc,394,500,341,True,train
e:\Coding_Notes\Faunari\data\raw\inaturalist\351359740.jpg,inaturalist,Ptyas mucosa,non_venomous,cc-by-nc,281,500,342,True,train
e:\Coding_Notes\Faunari\data\raw\inaturalist\351381004.jpg,inaturalist,Ptyas mucosa,non_venomous,cc-by-nc,500,408,343,True,train
e:\Coding_Notes\Faunari\data\raw\inaturalist\351381049.jpg,inaturalist,Ptyas mucosa,non_venomous,cc-by-nc,320,339,344,True,hardcase
e:\Coding_Notes\Faunari\data\raw\inaturalist\351385076.jpg,inaturalist,Boiga trigonata,non_venomous,cc-by-nc,281,500,345,True,test
e:\Coding_Notes\Faunari\data\raw\inaturalist\351385218.jpg,inaturalist,Boiga trigonata,non_venomous,cc-by-nc,281,500,346,True,val
e:\Coding_Notes\Faunari\data\raw\inaturalist\351422306.jpg,inaturalist,Ahaetulla malabarica,non_venomous,cc-by-nc,295,500,347,True,val
e:\Coding_Notes\Faunari\data\raw\inaturalist\351446523.jpg,inaturalist,Eryx johnii,non_venomous,cc-by-nc,500,376,348,True,train
e:\Coding_Notes\Faunari\data\raw\inaturalist\351474225.jpg,inaturalist,Amphiesma monticola,non_venomous,,281,500,349,True,train
e:\Coding_Notes\Faunari\data\raw\inaturalist\351519031.jpg,inaturalist,Ahaetulla oxyrhynca,non_venomous,,281,500,350,True,test
e:\Coding_Notes\Faunari\data\raw\inaturalist\351519058.jpg,inaturalist,Echis carinatus,venomous,,281,500,351,True,val
e:\Coding_Notes\Faunari\data\raw\inaturalist\351519407.jpg,inaturalist,Fowlea piscator,non_venomous,,375,500,352,True,train
e:\Coding_Notes\Faunari\data\raw\inaturalist\351519721.jpg,inaturalist,Hypnale hypnale,venomous,,281,500,353,True,train
e:\Coding_Notes\Faunari\data\raw\inaturalist\351520930.jpg,inaturalist,Craspedocephalus malabaricus,venomous,,281,500,354,True,train
e:\Coding_Notes\Faunari\data\raw\inaturalist\351522414.jpg,inaturalist,Melanophidium wynaudense,non_venomous,,281,500,355,True,test
e:\Coding_Notes\Faunari\data\raw\inaturalist\351523700.jpg,inaturalist,Craspedocephalus malabaricus,venomous,,281,500,356,True,train
e:\Coding_Notes\Faunari\data\raw\inaturalist\351543492.jpg,inaturalist,Daboia russelii,venomous,cc0,500,375,357,True,train
e:\Coding_Notes\Faunari\data\raw\inaturalist\351570269.jpg,inaturalist,Fowlea piscator,non_venomous,cc-by-nc-sa,281,500,358,True,train
e:\Coding_Notes\Faunari\data\raw\inaturalist\351603945.jpg,inaturalist,Lycodon aulicus,non_venomous,cc-by-nc,231,500,359,True,hardcase
e:\Coding_Notes\Faunari\data\raw\inaturalist\351649086.jpg,inaturalist,Ptyas mucosa,non_venomous,,303,500,360,True,train
e:\Coding_Notes\Faunari\data\raw\inaturalist\351661411.jpg,inaturalist,Naja naja,venomous,cc-by-nc,500,375,361,True,hardcase
e:\Coding_Notes\Faunari\data\raw\inaturalist\351670315.jpg,inaturalist,Pareas monticola,non_venomous,cc-by-nc,346,500,362,True,train
e:\Coding_Notes\Faunari\data\raw\inaturalist\351676116.jpg,inaturalist,Craspedocephalus gramineus,venomous,,500,333,363,True,train
e:\Coding_Notes\Faunari\data\raw\inaturalist\351676126.jpg,inaturalist,Fowlea piscator,non_venomous,,500,333,364,True,train
e:\Coding_Notes\Faunari\data\raw\inaturalist\351676127.jpg,inaturalist,Eryx whitakeri,non_venomous,,500,333,365,True,train
e:\Coding_Notes\Faunari\data\raw\inaturalist\351679157.jpg,inaturalist,Ptyas mucosa,non_venomous,cc-by-nc,500,333,366,True,train
e:\Coding_Notes\Faunari\data\raw\inaturalist\351679464.jpg,inaturalist,Amphiesma stolatum,non_venomous,cc-by-nc,500,281,367,True,train
e:\Coding_Notes\Faunari\data\raw\inaturalist\351679743.jpg,inaturalist,Ahaetulla malabarica,non_venomous,,463,500,368,True,test
e:\Coding_Notes\Faunari\data\raw\inaturalist\351694406.jpg,inaturalist,Fowlea piscator,non_venomous,cc-by-nc,500,376,369,True,test
e:\Coding_Notes\Faunari\data\raw\inaturalist\351727229.jpg,inaturalist,Bungarus fasciatus,venomous,cc-by-nc,375,500,370,True,train
e:\Coding_Notes\Faunari\data\raw\inaturalist\351774152.jpg,inaturalist,Ahaetulla farnsworthi,non_venomous,cc-by-sa,500,333,371,True,val
e:\Coding_Notes\Faunari\data\raw\inaturalist\351779581.jpg,inaturalist,Fowlea piscator,non_venomous,cc-by-nc-sa,281,500,372,True,train
e:\Coding_Notes\Faunari\data\raw\inaturalist\351779752.jpg,inaturalist,Boiga trigonata,non_venomous,cc-by-nc-sa,281,500,373,True,test
e:\Coding_Notes\Faunari\data\raw\inaturalist\351792208.jpg,inaturalist,Daboia russelii,venomous,,281,500,374,True,train
e:\Coding_Notes\Faunari\data\raw\inaturalist\351868132.jpg,inaturalist,Naja naja,venomous,cc-by-nc,500,375,375,True,hardcase
e:\Coding_Notes\Faunari\data\raw\inaturalist\351886883.jpg,inaturalist,Naja naja,venomous,,375,500,376,True,train
e:\Coding_Notes\Faunari\data\raw\inaturalist\351890107.jpg,inaturalist,Naja naja,venomous,cc-by-nc-nd,500,375,377,True,train
e:\Coding_Notes\Faunari\data\raw\inaturalist\351898221.jpg,inaturalist,Python molurus,non_venomous,,454,338,378,True,val
e:\Coding_Notes\Faunari\data\raw\inaturalist\351900158.jpg,inaturalist,Python molurus,non_venomous,,288,257,379,True,train
e:\Coding_Notes\Faunari\data\raw\inaturalist\351900801.jpg,inaturalist,Trimeresurus andersonii,venomous,,500,333,380,True,train
e:\Coding_Notes\Faunari\data\raw\inaturalist\351900803.jpg,inaturalist,Trimeresurus andersonii,venomous,,400,500,381,True,test
e:\Coding_Notes\Faunari\data\raw\inaturalist\351900805.jpg,inaturalist,Cerberus rynchops,non_venomous,,500,333,382,True,train
e:\Coding_Notes\Faunari\data\raw\inaturalist\351900806.jpg,inaturalist,Boiga andamanensis,non_venomous,,400,500,383,True,test
e:\Coding_Notes\Faunari\data\raw\inaturalist\351901114.jpg,inaturalist,Eryx whitakeri,non_venomous,cc0,500,375,384,True,test
e:\Coding_Notes\Faunari\data\raw\inaturalist\351905215.jpg,inaturalist,Eryx whitakeri,non_venomous,cc0,500,281,385,True,train
e:\Coding_Notes\Faunari\data\raw\inaturalist\351919442.jpg,inaturalist,Ptyas mucosa,non_venomous,,500,333,386,True,train
e:\Coding_Notes\Faunari\data\raw\inaturalist\351925286.jpg,inaturalist,Coelognathus radiatus,non_venomous,cc-by,312,500,387,True,train
e:\Coding_Notes\Faunari\data\raw\inaturalist\351928718.jpg,inaturalist,Amphiesma stolatum,non_venomous,cc-by-nc,281,500,388,True,train
e:\Coding_Notes\Faunari\data\raw\inaturalist\351932083.jpg,inaturalist,Amphiesma stolatum,non_venomous,cc-by-nc,281,500,389,True,train
e:\Coding_Notes\Faunari\data\raw\inaturalist\351936277.jpg,inaturalist,Eryx whitakeri,non_venomous,,375,500,390,True,test
e:\Coding_Notes\Faunari\data\raw\inaturalist\351945245.jpg,inaturalist,Oligodon taeniolatus,non_venomous,,500,281,391,True,train
e:\Coding_Notes\Faunari\data\raw\inaturalist\351948869.jpg,inaturalist,Amphiesma stolatum,non_venomous,cc-by-nc,281,500,388,False,train
e:\Coding_Notes\Faunari\data\raw\inaturalist\351955495.jpg,inaturalist,Oligodon taeniolatus,non_venomous,cc-by-nc,297,500,392,True,val
e:\Coding_Notes\Faunari\data\raw\inaturalist\351956039.jpg,inaturalist,Trimeresurus andersonii,venomous,cc-by-nc,500,333,393,True,train
e:\Coding_Notes\Faunari\data\raw\inaturalist\351985823.jpg,inaturalist,Ahaetulla borealis,non_venomous,cc-by-nc,500,281,394,True,train
e:\Coding_Notes\Faunari\data\raw\inaturalist\351987262.jpg,inaturalist,Ptyas mucosa,non_venomous,cc-by-nc,500,333,395,True,hardcase
e:\Coding_Notes\Faunari\data\raw\inaturalist\351987697.jpg,inaturalist,Ptyas mucosa,non_venomous,cc-by-nc,500,343,396,True,train
e:\Coding_Notes\Faunari\data\raw\inaturalist\352012393.jpg,inaturalist,Boiga trigonata,non_venomous,cc-by-nc,375,500,397,True,train
e:\Coding_Notes\Faunari\data\raw\inaturalist\352012599.jpg,inaturalist,Oligodon arnensis,non_venomous,cc-by-nc,375,500,398,True,train
e:\Coding_Notes\Faunari\data\raw\inaturalist\352013396.jpg,inaturalist,Dendrelaphis tristis,non_venomous,cc-by-nc,281,500,399,True,train
e:\Coding_Notes\Faunari\data\raw\inaturalist\352034560.jpg,inaturalist,Oligodon taeniolatus,non_venomous,cc-by-nc,500,281,400,True,train
e:\Coding_Notes\Faunari\data\raw\inaturalist\352037181.jpg,inaturalist,Python bivittatus,non_venomous,cc-by-nc,500,375,401,True,train
e:\Coding_Notes\Faunari\data\raw\inaturalist\352060011.jpg,inaturalist,Ptyas mucosa,non_venomous,,231,500,402,True,hardcase
e:\Coding_Notes\Faunari\data\raw\inaturalist\352061952.jpg,inaturalist,Ptyas mucosa,non_venomous,cc-by-nc,227,500,403,True,hardcase
e:\Coding_Notes\Faunari\data\raw\inaturalist\352152904.jpg,inaturalist,Oligodon travancoricus,non_venomous,,281,500,404,True,test
e:\Coding_Notes\Faunari\data\raw\inaturalist\352181492.jpg,inaturalist,Oligodon albocinctus,non_venomous,,224,500,405,True,train
e:\Coding_Notes\Faunari\data\raw\inaturalist\352182542.jpg,inaturalist,Dendrelaphis tristis,non_venomous,,281,500,406,True,val
e:\Coding_Notes\Faunari\data\raw\inaturalist\352200827.jpg,inaturalist,Ptyas mucosa,non_venomous,cc-by-nc,375,500,407,True,train
e:\Coding_Notes\Faunari\data\raw\inaturalist\352212726.jpg,inaturalist,Argyrophis diardii,non_venomous,,306,500,408,True,train
e:\Coding_Notes\Faunari\data\raw\inaturalist\352217323.jpg,inaturalist,Platyceps plinii,non_venomous,cc-by-nc,500,414,409,True,train
e:\Coding_Notes\Faunari\data\raw\inaturalist\352224027.jpg,inaturalist,Naja kaouthia,venomous,cc-by-nc,500,323,410,True,train
e:\Coding_Notes\Faunari\data\raw\inaturalist\352230354.jpg,inaturalist,Python bivittatus,non_venomous,cc-by-nc,500,321,411,True,test
e:\Coding_Notes\Faunari\data\raw\inaturalist\352283783.jpg,inaturalist,Bungarus caeruleus,venomous,,375,500,412,True,hardcase
e:\Coding_Notes\Faunari\data\raw\inaturalist\352284894.jpg,inaturalist,Fowlea piscator,non_venomous,cc-by-nc,281,500,413,True,train
e:\Coding_Notes\Faunari\data\raw\inaturalist\352290383.jpg,inaturalist,Acrochordus granulatus,non_venomous,cc-by-nc,500,498,414,True,train
e:\Coding_Notes\Faunari\data\raw\inaturalist\352297820.jpg,inaturalist,Dendrelaphis tristis,non_venomous,cc-by-nc,375,500,415,True,test
e:\Coding_Notes\Faunari\data\raw\inaturalist\352432963.jpg,inaturalist,Indotyphlops braminus,non_venomous,,500,281,416,True,train
e:\Coding_Notes\Faunari\data\raw\inaturalist\352450963.jpg,inaturalist,Oligodon taeniolatus,non_venomous,,500,231,417,True,test
e:\Coding_Notes\Faunari\data\raw\inaturalist\352460935.jpg,inaturalist,Daboia russelii,venomous,cc-by-nc,225,500,418,True,train
e:\Coding_Notes\Faunari\data\raw\inaturalist\352482449.jpg,inaturalist,Eryx whitakeri,non_venomous,cc0,500,375,419,True,train
e:\Coding_Notes\Faunari\data\raw\inaturalist\352486224.jpg,inaturalist,Python molurus,non_venomous,cc0,500,281,420,True,train
e:\Coding_Notes\Faunari\data\raw\inaturalist\352494319.jpg,inaturalist,Ptyas korros,non_venomous,cc-by,500,281,421,True,train
e:\Coding_Notes\Faunari\data\raw\inaturalist\352499195.jpg,inaturalist,Ptyas mucosa,non_venomous,,500,500,422,True,train
e:\Coding_Notes\Faunari\data\raw\inaturalist\352550822.jpg,inaturalist,Craspedocephalus gramineus,venomous,cc-by-nc,500,281,423,True,train
e:\Coding_Notes\Faunari\data\raw\inaturalist\352553254.jpg,inaturalist,Fowlea piscator,non_venomous,cc-by-nc,281,500,424,True,val
e:\Coding_Notes\Faunari\data\raw\inaturalist\352561778.jpg,inaturalist,Lycodon fasciolatus,non_venomous,cc-by-nc,500,333,425,True,train
e:\Coding_Notes\Faunari\data\raw\inaturalist\352571923.jpg,inaturalist,Grypotyphlops acutus,non_venomous,cc-by-nc,281,500,426,True,train
e:\Coding_Notes\Faunari\data\raw\inaturalist\352599446.jpg,inaturalist,Ptyas mucosa,non_venomous,,376,500,427,True,test
e:\Coding_Notes\Faunari\data\raw\inaturalist\352599678.jpg,inaturalist,Sibynophis subpunctatus,non_venomous,cc-by-nc,375,500,428,True,train
e:\Coding_Notes\Faunari\data\raw\inaturalist\352610827.jpg,inaturalist,Naja naja,venomous,cc-by-nc,334,500,429,True,hardcase
e:\Coding_Notes\Faunari\data\raw\inaturalist\352611736.jpg,inaturalist,Ptyas mucosa,non_venomous,cc-by-nc,288,500,430,True,train
e:\Coding_Notes\Faunari\data\raw\inaturalist\352619584.jpg,inaturalist,Lycodon striatus,non_venomous,cc-by-nc,226,500,431,True,hardcase
e:\Coding_Notes\Faunari\data\raw\inaturalist\352628346.jpg,inaturalist,Eryx whitakeri,non_venomous,cc0,500,281,432,True,train
e:\Coding_Notes\Faunari\data\raw\inaturalist\352634016.jpg,inaturalist,Python molurus,non_venomous,cc0,500,318,433,True,train
e:\Coding_Notes\Faunari\data\raw\inaturalist\352636548.jpg,inaturalist,Indotyphlops braminus,non_venomous,,375,500,434,True,test
e:\Coding_Notes\Faunari\data\raw\inaturalist\352641709.jpg,inaturalist,Lycodon fasciolatus,non_venomous,cc0,500,317,435,True,train
e:\Coding_Notes\Faunari\data\raw\inaturalist\352644770.jpg,inaturalist,Ahaetulla malabarica,non_venomous,,375,500,436,True,val
e:\Coding_Notes\Faunari\data\raw\inaturalist\352644800.jpg,inaturalist,Craspedocephalus malabaricus,venomous,,375,500,437,True,val
e:\Coding_Notes\Faunari\data\raw\inaturalist\352645743.jpg,inaturalist,Rhabdophis plumbicolor plumbicolor,non_venomous,,500,231,438,True,train
e:\Coding_Notes\Faunari\data\raw\inaturalist\352652719.jpg,inaturalist,Daboia russelii,venomous,,500,375,439,True,train
e:\Coding_Notes\Faunari\data\raw\inaturalist\352655505.jpg,inaturalist,Rhabdophis plumbicolor,non_venomous,cc-by-nc,375,500,440,True,train
e:\Coding_Notes\Faunari\data\raw\inaturalist\352659651.jpg,inaturalist,Naja kaouthia,venomous,cc-by-nc,500,281,441,True,train
e:\Coding_Notes\Faunari\data\raw\inaturalist\352736444.jpg,inaturalist,Ahaetulla oxyrhynca,non_venomous,cc-by-nc,225,500,442,True,train
e:\Coding_Notes\Faunari\data\raw\inaturalist\352740309.jpg,inaturalist,Oligodon russelius,non_venomous,cc-by-nc,225,500,443,True,test
e:\Coding_Notes\Faunari\data\raw\inaturalist\352740369.jpg,inaturalist,Lycodon jara,non_venomous,cc-by-nc,375,500,444,True,train
e:\Coding_Notes\Faunari\data\raw\inaturalist\352749532.jpg,inaturalist,Fowlea piscator,non_venomous,cc-by-nc,375,500,445,True,train
e:\Coding_Notes\Faunari\data\raw\inaturalist\352759285.jpg,inaturalist,Python molurus,non_venomous,cc-by-nc,500,281,446,True,train
e:\Coding_Notes\Faunari\data\raw\inaturalist\352774136.jpg,inaturalist,Naja naja,venomous,cc-by-nc,375,500,447,True,train
e:\Coding_Notes\Faunari\data\raw\inaturalist\352774312.jpg,inaturalist,Ptyas mucosa,non_venomous,,500,333,448,True,test
e:\Coding_Notes\Faunari\data\raw\inaturalist\352775850.jpg,inaturalist,Elaphe hodgsoni,non_venomous,cc-by-nc,500,375,449,True,train
e:\Coding_Notes\Faunari\data\raw\inaturalist\352786043.jpg,inaturalist,Naja naja,venomous,,500,333,450,True,train
e:\Coding_Notes\Faunari\data\raw\inaturalist\352832203.jpg,inaturalist,Ptyas mucosa,non_venomous,,500,281,451,True,val
e:\Coding_Notes\Faunari\data\raw\inaturalist\352841446.jpg,inaturalist,Eryx whitakeri,non_venomous,cc-by-nc,445,500,452,True,train
e:\Coding_Notes\Faunari\data\raw\inaturalist\352853181.jpg,inaturalist,Enhydris enhydris,non_venomous,cc-by-nc,281,500,453,True,train
e:\Coding_Notes\Faunari\data\raw\inaturalist\352926018.jpg,inaturalist,Ptyas mucosa,non_venomous,cc-by-nc,500,375,454,True,train
e:\Coding_Notes\Faunari\data\raw\inaturalist\352940030.jpg,inaturalist,Fowlea piscator,non_venomous,,500,282,455,True,test
e:\Coding_Notes\Faunari\data\raw\inaturalist\353191750.jpg,inaturalist,Fowlea piscator,non_venomous,,500,375,456,True,train
e:\Coding_Notes\Faunari\data\raw\inaturalist\353230698.jpg,inaturalist,Lycodon fasciolatus,non_venomous,cc-by,375,500,457,True,train
e:\Coding_Notes\Faunari\data\raw\inaturalist\353289241.jpg,inaturalist,Ptyas mucosa,non_venomous,cc-by-nc,231,500,458,True,val
e:\Coding_Notes\Faunari\data\raw\inaturalist\353293135.jpg,inaturalist,Lycodon fasciolatus,non_venomous,cc-by-nc,375,500,459,True,train
e:\Coding_Notes\Faunari\data\raw\inaturalist\353294228.jpg,inaturalist,Cerberus rynchops,non_venomous,cc-by-nc,500,500,460,True,train
e:\Coding_Notes\Faunari\data\raw\inaturalist\353304481.jpg,inaturalist,Boiga siamensis,non_venomous,cc-by-nc,500,375,461,True,train
e:\Coding_Notes\Faunari\data\raw\inaturalist\353307047.jpg,inaturalist,Daboia russelii,venomous,cc-by-nc,375,500,462,True,test
e:\Coding_Notes\Faunari\data\raw\inaturalist\353319974.jpg,inaturalist,Dendrelaphis girii,non_venomous,cc-by-nc,500,442,463,True,train
e:\Coding_Notes\Faunari\data\raw\inaturalist\353331669.jpg,inaturalist,Echis carinatus,venomous,cc-by,375,500,464,True,train
e:\Coding_Notes\Faunari\data\raw\inaturalist\353340364.jpg,inaturalist,Fowlea piscator,non_venomous,cc-by-nc,374,500,465,True,train
e:\Coding_Notes\Faunari\data\raw\inaturalist\353391617.jpg,inaturalist,Dendrelaphis tristis,non_venomous,cc-by-nc,500,333,466,True,test
e:\Coding_Notes\Faunari\data\raw\inaturalist\353398025.jpg,inaturalist,Bungarus caeruleus,venomous,cc-by-nc,500,375,467,True,hardcase
e:\Coding_Notes\Faunari\data\raw\inaturalist\353398210.jpg,inaturalist,Lycodon fasciolatus,non_venomous,cc-by-nc,375,500,468,True,train
e:\Coding_Notes\Faunari\data\raw\inaturalist\353530590.jpg,inaturalist,Grypotyphlops acutus,non_venomous,,500,262,469,True,test
e:\Coding_Notes\Faunari\data\raw\inaturalist\353638115.jpg,inaturalist,Fowlea piscator,non_venomous,cc-by-nc,376,500,470,True,train
e:\Coding_Notes\Faunari\data\raw\inaturalist\353666246.jpg,inaturalist,Lycodon fasciolatus,non_venomous,cc-by,225,500,471,True,hardcase
e:\Coding_Notes\Faunari\data\raw\inaturalist\353679248.jpg,inaturalist,Sinomicrurus gorei,venomous,cc-by-nc,500,375,472,True,train
e:\Coding_Notes\Faunari\data\raw\inaturalist\353725780.jpg,inaturalist,Fowlea piscator,non_venomous,cc-by-nc,375,500,473,True,train
e:\Coding_Notes\Faunari\data\raw\inaturalist\353728817.jpg,inaturalist,Eryx conicus,non_venomous,cc-by-nc,375,500,474,True,train
e:\Coding_Notes\Faunari\data\raw\inaturalist\353732117.jpg,inaturalist,Enhydris enhydris,non_venomous,cc-by-nc,500,281,475,True,train
e:\Coding_Notes\Faunari\data\raw\inaturalist\353755528.jpg,inaturalist,Dendrelaphis girii,non_venomous,cc-by-nc,500,375,476,True,train
e:\Coding_Notes\Faunari\data\raw\inaturalist\353755786.jpg,inaturalist,Ptyas mucosa,non_venomous,cc-by-nc,500,375,477,True,val
e:\Coding_Notes\Faunari\data\raw\inaturalist\353866960.jpg,inaturalist,Fowlea piscator,non_venomous,cc-by-nc,500,333,478,True,train
e:\Coding_Notes\Faunari\data\raw\inaturalist\354076530.jpg,inaturalist,Craspedocephalus malabaricus,venomous,cc-by-nc,375,500,479,True,val
e:\Coding_Notes\Faunari\data\raw\inaturalist\354091476.jpg,inaturalist,Oligodon affinis,non_venomous,cc-by-nc,375,500,480,True,val
e:\Coding_Notes\Faunari\data\raw\inaturalist\354138685.jpg,inaturalist,Bungarus fasciatus,venomous,cc-by-nc,281,500,481,True,train
e:\Coding_Notes\Faunari\data\raw\inaturalist\354164723.jpg,inaturalist,Lycodon fasciolatus,non_venomous,cc-by-nc,375,500,482,True,train
e:\Coding_Notes\Faunari\data\raw\inaturalist\354220294.jpg,inaturalist,Lycodon fasciolatus,non_venomous,,375,500,483,True,val
e:\Coding_Notes\Faunari\data\raw\inaturalist\354256808.jpg,inaturalist,Ptyas mucosa,non_venomous,,500,375,484,True,train
e:\Coding_Notes\Faunari\data\raw\inaturalist\354333121.jpg,inaturalist,Amphiesma stolatum,non_venomous,cc-by-nc,500,405,485,True,train
e:\Coding_Notes\Faunari\data\raw\inaturalist\354352540.jpg,inaturalist,Dendrelaphis tristis,non_venomous,,500,308,486,True,train
e:\Coding_Notes\Faunari\data\raw\inaturalist\354355175.jpg,inaturalist,Fowlea piscator,non_venomous,,281,500,487,True,train
e:\Coding_Notes\Faunari\data\raw\inaturalist\354355665.jpg,inaturalist,Fowlea piscator,non_venomous,cc-by-nc,376,500,488,True,train
e:\Coding_Notes\Faunari\data\raw\inaturalist\354355731.jpg,inaturalist,Fowlea piscator,non_venomous,cc-by-nc,375,500,489,True,train
e:\Coding_Notes\Faunari\data\raw\inaturalist\354390864.jpg,inaturalist,Naja naja,venomous,cc-by-nc,375,500,490,True,val
e:\Coding_Notes\Faunari\data\raw\inaturalist\354415930.jpg,inaturalist,Psammodynastes pulverulentus,non_venomous,,500,375,491,True,val
e:\Coding_Notes\Faunari\data\raw\inaturalist\354417127.jpg,inaturalist,Eryx conicus,non_venomous,cc-by-nc,343,288,492,True,train
e:\Coding_Notes\Faunari\data\raw\inaturalist\354418882.jpg,inaturalist,Ptyas mucosa,non_venomous,cc-by-nc,375,500,493,True,hardcase
e:\Coding_Notes\Faunari\data\raw\inaturalist\354450477.jpg,inaturalist,Ptyas mucosa,non_venomous,cc-by-nc,375,500,494,True,train
e:\Coding_Notes\Faunari\data\raw\inaturalist\354564399.jpg,inaturalist,Fowlea piscator,non_venomous,,500,225,495,False,train
e:\Coding_Notes\Faunari\data\raw\inaturalist\354567639.jpg,inaturalist,Fowlea piscator,non_venomous,,281,500,496,True,train
e:\Coding_Notes\Faunari\data\raw\inaturalist\354609264.jpg,inaturalist,Ptyas mucosa,non_venomous,cc-by-nc,500,324,497,True,train
e:\Coding_Notes\Faunari\data\raw\inaturalist\354616699.jpg,inaturalist,Fowlea piscator,non_venomous,cc-by-nc,500,225,495,True,train
e:\Coding_Notes\Faunari\data\raw\inaturalist\354649490.jpg,inaturalist,Fowlea piscator,non_venomous,cc-by-nc,500,225,495,False,train
e:\Coding_Notes\Faunari\data\raw\inaturalist\354950997.jpg,inaturalist,Ptyas mucosa,non_venomous,cc-by-nc,375,500,498,True,test
e:\Coding_Notes\Faunari\data\raw\inaturalist\354982368.jpg,inaturalist,Fowlea piscator,non_venomous,,500,225,495,False,train
e:\Coding_Notes\Faunari\data\raw\inaturalist\355004839.jpg,inaturalist,Craspedocephalus gramineus,venomous,cc-by-nc,375,500,499,True,val
e:\Coding_Notes\Faunari\data\raw\inaturalist\355015263.jpg,inaturalist,Fowlea piscator,non_venomous,,500,225,495,False,train
e:\Coding_Notes\Faunari\data\raw\inaturalist\355026941.jpg,inaturalist,Ahaetulla malabarica,non_venomous,cc-by-nc,375,500,500,True,train
e:\Coding_Notes\Faunari\data\raw\inaturalist\355046380.jpg,inaturalist,Indotyphlops braminus,non_venomous,,404,500,501,True,train
e:\Coding_Notes\Faunari\data\raw\inaturalist\355056592.jpg,inaturalist,Fowlea piscator,non_venomous,cc-by,376,500,502,True,train
e:\Coding_Notes\Faunari\data\raw\inaturalist\355098378.jpg,inaturalist,Ptyas mucosa,non_venomous,cc-by-nc,375,500,503,True,train
e:\Coding_Notes\Faunari\data\raw\inaturalist\355103372.jpg,inaturalist,Ptyas mucosa,non_venomous,cc-by-nc,375,500,407,False,train
e:\Coding_Notes\Faunari\data\raw\inaturalist\355114316.jpg,inaturalist,Dendrelaphis tristis,non_venomous,cc-by-nc,500,281,504,True,train
e:\Coding_Notes\Faunari\data\raw\inaturalist\355114568.jpg,inaturalist,Dendrelaphis tristis,non_venomous,cc-by-nc,225,500,505,True,test
e:\Coding_Notes\Faunari\data\raw\inaturalist\355122312.jpg,inaturalist,Dendrelaphis tristis,non_venomous,,375,500,506,True,test
e:\Coding_Notes\Faunari\data\raw\inaturalist\355147215.jpg,inaturalist,Bungarus niger,venomous,cc-by-nc,375,500,507,True,train
e:\Coding_Notes\Faunari\data\raw\inaturalist\355178561.jpg,inaturalist,Fowlea piscator,non_venomous,cc-by-nc,500,333,508,True,val
e:\Coding_Notes\Faunari\data\raw\inaturalist\355179915.jpg,inaturalist,Craspedocephalus gramineus,venomous,cc-by-nc,500,376,509,True,train
e:\Coding_Notes\Faunari\data\raw\inaturalist\355180814.jpg,inaturalist,Echis carinatus,venomous,cc-by-nc,225,500,510,True,test
e:\Coding_Notes\Faunari\data\raw\inaturalist\355181489.jpg,inaturalist,Echis carinatus carinatus,venomous,cc-by-nc,500,224,511,True,train
e:\Coding_Notes\Faunari\data\raw\inaturalist\355203759.jpg,inaturalist,Boiga gocool,non_venomous,cc-by-nc,281,500,512,True,train
e:\Coding_Notes\Faunari\data\raw\inaturalist\355214815.jpg,inaturalist,Boiga cyanea,non_venomous,cc-by-nc,281,500,513,True,test
e:\Coding_Notes\Faunari\data\raw\inaturalist\355255180.jpg,inaturalist,Dendrelaphis girii,non_venomous,cc-by-nc,500,377,514,True,val
e:\Coding_Notes\Faunari\data\raw\inaturalist\355272945.jpg,inaturalist,Amphiesma stolatum,non_venomous,cc-by-nc,500,225,515,True,train
e:\Coding_Notes\Faunari\data\raw\inaturalist\355286471.jpg,inaturalist,Lycodon aulicus,non_venomous,cc-by-nc,500,375,516,True,hardcase
e:\Coding_Notes\Faunari\data\raw\inaturalist\355296524.jpg,inaturalist,Ptyas mucosa,non_venomous,cc-by-nc,471,500,517,True,val
e:\Coding_Notes\Faunari\data\raw\inaturalist\355306096.jpg,inaturalist,Ptyas mucosa,non_venomous,cc-by-nc,500,333,518,True,train
e:\Coding_Notes\Faunari\data\raw\inaturalist\355400560.jpg,inaturalist,Oligodon affinis,non_venomous,cc-by-nc,500,326,519,True,train
e:\Coding_Notes\Faunari\data\raw\inaturalist\355402527.jpg,inaturalist,Fowlea piscator,non_venomous,cc-by-nc,500,281,520,True,train
e:\Coding_Notes\Faunari\data\raw\inaturalist\355404311.jpg,inaturalist,Oligodon brevicauda,non_venomous,cc-by-nc,500,304,521,True,val
e:\Coding_Notes\Faunari\data\raw\inaturalist\355462932.jpg,inaturalist,Eryx conicus,non_venomous,cc-by-nc,500,500,522,True,test
e:\Coding_Notes\Faunari\data\raw\inaturalist\355477266.jpg,inaturalist,Fowlea piscator,non_venomous,cc-by-nc,376,500,523,True,train
e:\Coding_Notes\Faunari\data\raw\inaturalist\355480986.jpg,inaturalist,Fowlea piscator,non_venomous,cc-by-nc,376,500,524,True,val
e:\Coding_Notes\Faunari\data\raw\inaturalist\355488098.jpg,inaturalist,Dendrelaphis tristis,non_venomous,cc-by-nc,281,500,525,True,val
e:\Coding_Notes\Faunari\data\raw\inaturalist\355489141.jpg,inaturalist,Dendrelaphis tristis,non_venomous,cc-by-nc,375,500,526,True,test
e:\Coding_Notes\Faunari\data\raw\inaturalist\355520908.jpg,inaturalist,Eryx conicus,non_venomous,cc-by-nc,500,281,527,True,train
e:\Coding_Notes\Faunari\data\raw\inaturalist\355523987.jpg,inaturalist,Ptyas mucosa,non_venomous,cc-by-nc,500,333,528,True,hardcase
e:\Coding_Notes\Faunari\data\raw\inaturalist\355524184.jpg,inaturalist,Amphiesma stolatum,non_venomous,cc-by-nc,396,500,529,True,val
e:\Coding_Notes\Faunari\data\raw\inaturalist\355547974.jpg,inaturalist,Daboia russelii,venomous,,281,500,530,True,train
e:\Coding_Notes\Faunari\data\raw\inaturalist\355923246.jpg,inaturalist,Lycodon aulicus,non_venomous,cc-by-nc,375,500,531,True,hardcase
e:\Coding_Notes\Faunari\data\raw\inaturalist\355952126.jpg,inaturalist,Ahaetulla oxyrhynca,non_venomous,,500,375,532,True,train
e:\Coding_Notes\Faunari\data\raw\inaturalist\355961217.jpg,inaturalist,Dendrelaphis chairecacos,non_venomous,cc-by-nc,500,375,533,True,train
e:\Coding_Notes\Faunari\data\raw\inaturalist\355962365.jpg,inaturalist,Coelognathus helena helena,non_venomous,,500,500,534,True,train
e:\Coding_Notes\Faunari\data\raw\inaturalist\355985719.jpg,inaturalist,Dendrelaphis tristis,non_venomous,,375,500,535,True,train
e:\Coding_Notes\Faunari\data\raw\inaturalist\356004983.jpg,inaturalist,Ptyas mucosa,non_venomous,cc-by-nc,500,225,536,True,test
e:\Coding_Notes\Faunari\data\raw\inaturalist\356038913.jpg,inaturalist,Dendrelaphis tristis,non_venomous,cc-by-nc,500,258,537,True,train
e:\Coding_Notes\Faunari\data\raw\inaturalist\356041383.jpg,inaturalist,Ptyas mucosa,non_venomous,cc-by-nc,500,333,538,True,train
e:\Coding_Notes\Faunari\data\raw\inaturalist\356079442.jpg,inaturalist,Dendrelaphis tristis,non_venomous,,281,500,539,True,train
e:\Coding_Notes\Faunari\data\raw\inaturalist\356096933.jpg,inaturalist,Fowlea piscator,non_venomous,,211,500,540,True,train
e:\Coding_Notes\Faunari\data\raw\inaturalist\356097358.jpg,inaturalist,Ptyas mucosa,non_venomous,cc-by-nc,500,500,541,True,test
e:\Coding_Notes\Faunari\data\raw\inaturalist\356107941.jpg,inaturalist,Ptyas mucosa,non_venomous,,500,486,542,True,train
e:\Coding_Notes\Faunari\data\raw\inaturalist\356116711.jpg,inaturalist,Eryx conicus,non_venomous,cc-by-nc,391,500,543,True,train
e:\Coding_Notes\Faunari\data\raw\inaturalist\356147225.jpg,inaturalist,Ptyas mucosa,non_venomous,cc-by-nc,500,375,544,True,hardcase
e:\Coding_Notes\Faunari\data\raw\inaturalist\356250534.jpg,inaturalist,Sahyadriophis uttaraghati,non_venomous,cc-by-nc,457,500,545,True,test
e:\Coding_Notes\Faunari\data\raw\inaturalist\356365146.jpg,inaturalist,Naja naja,venomous,cc-by-nc,225,500,546,True,hardcase
e:\Coding_Notes\Faunari\data\raw\inaturalist\356374356.jpg,inaturalist,Fowlea piscator,non_venomous,cc-by-nc,500,487,547,True,train
e:\Coding_Notes\Faunari\data\raw\inaturalist\356378819.jpg,inaturalist,Dendrelaphis tristis,non_venomous,cc-by-nc,491,500,548,True,train
e:\Coding_Notes\Faunari\data\raw\inaturalist\356384660.jpg,inaturalist,Eryx conicus,non_venomous,cc-by-nc,375,500,549,True,train
e:\Coding_Notes\Faunari\data\raw\inaturalist\356402266.jpg,inaturalist,Ptyas mucosa,non_venomous,cc-by-nc,375,500,550,True,hardcase
e:\Coding_Notes\Faunari\data\raw\inaturalist\356405043.jpg,inaturalist,Naja naja,venomous,cc-by-nc,500,281,551,True,hardcase
e:\Coding_Notes\Faunari\data\raw\inaturalist\356405365.jpg,inaturalist,Fowlea piscator,non_venomous,cc-by-nc,500,291,552,True,test
e:\Coding_Notes\Faunari\data\raw\inaturalist\356414439.jpg,inaturalist,Eryx johnii,non_venomous,cc-by-nc,500,333,553,True,test
e:\Coding_Notes\Faunari\data\raw\inaturalist\356414538.jpg,inaturalist,Platyceps plinii,non_venomous,cc-by-nc,500,333,554,True,val
e:\Coding_Notes\Faunari\data\raw\inaturalist\356415024.jpg,inaturalist,Boiga trigonata,non_venomous,cc-by-nc,500,333,555,True,test
e:\Coding_Notes\Faunari\data\raw\inaturalist\356415265.jpg,inaturalist,Oligodon tillacki,non_venomous,cc-by-nc,500,338,556,True,val
e:\Coding_Notes\Faunari\data\raw\inaturalist\356415389.jpg,inaturalist,Coelognathus helena helena,non_venomous,cc-by-nc,500,333,557,True,test
e:\Coding_Notes\Faunari\data\raw\inaturalist\356415604.jpg,inaturalist,Bungarus caeruleus,venomous,cc-by-nc,500,394,558,True,hardcase
e:\Coding_Notes\Faunari\data\raw\inaturalist\356415813.jpg,inaturalist,Naja naja,venomous,cc-by-nc,500,333,559,True,train
e:\Coding_Notes\Faunari\data\raw\inaturalist\356426432.jpg,inaturalist,Naja naja,venomous,,375,500,560,True,train
e:\Coding_Notes\Faunari\data\raw\inaturalist\356427510.jpg,inaturalist,Ahaetulla oxyrhynca,non_venomous,,500,333,561,True,train
e:\Coding_Notes\Faunari\data\raw\inaturalist\356435053.jpg,inaturalist,Ptyas mucosa,non_venomous,,500,267,562,True,train
e:\Coding_Notes\Faunari\data\raw\inaturalist\356450226.jpg,inaturalist,Fowlea piscator,non_venomous,,278,500,563,True,val
e:\Coding_Notes\Faunari\data\raw\inaturalist\356452130.jpg,inaturalist,Lycodon aulicus,non_venomous,cc-by-nc,500,333,564,True,test
e:\Coding_Notes\Faunari\data\raw\inaturalist\356455172.jpg,inaturalist,Boiga andamanensis,non_venomous,cc-by-nc,500,333,565,True,train
e:\Coding_Notes\Faunari\data\raw\inaturalist\356455525.jpg,inaturalist,Boiga andamanensis,non_venomous,cc-by-nc,500,333,566,True,train
e:\Coding_Notes\Faunari\data\raw\inaturalist\356455530.jpg,inaturalist,Ptyas mucosa,non_venomous,,500,333,567,True,train
e:\Coding_Notes\Faunari\data\raw\inaturalist\356456454.jpg,inaturalist,Lycodon hypsirhinoides,non_venomous,cc-by-nc,500,333,568,True,test
e:\Coding_Notes\Faunari\data\raw\inaturalist\356456455.jpg,inaturalist,Lycodon hypsirhinoides,non_venomous,cc-by-nc,500,333,569,True,train
e:\Coding_Notes\Faunari\data\raw\inaturalist\356456456.jpg,inaturalist,Lycodon hypsirhinoides,non_venomous,cc-by-nc,500,354,570,True,train
e:\Coding_Notes\Faunari\data\raw\inaturalist\356456459.jpg,inaturalist,Lycodon hypsirhinoides,non_venomous,cc-by-nc,500,333,571,True,train
e:\Coding_Notes\Faunari\data\raw\inaturalist\356456460.jpg,inaturalist,Lycodon hypsirhinoides,non_venomous,cc-by-nc,500,284,572,True,train
e:\Coding_Notes\Faunari\data\raw\inaturalist\356457472.jpg,inaturalist,Bungarus andamanensis,venomous,cc-by-nc,500,333,573,True,train
e:\Coding_Notes\Faunari\data\raw\inaturalist\356457473.jpg,inaturalist,Bungarus andamanensis,venomous,cc-by-nc,449,500,574,True,train
e:\Coding_Notes\Faunari\data\raw\inaturalist\356457474.jpg,inaturalist,Bungarus andamanensis,venomous,cc-by-nc,500,333,575,True,val
e:\Coding_Notes\Faunari\data\raw\inaturalist\356457476.jpg,inaturalist,Bungarus andamanensis,venomous,cc-by-nc,500,333,576,True,test
e:\Coding_Notes\Faunari\data\raw\inaturalist\356458171.jpg,inaturalist,Cerberus rynchops,non_venomous,cc-by-nc,500,372,577,True,train
e:\Coding_Notes\Faunari\data\raw\inaturalist\356458173.jpg,inaturalist,Cerberus rynchops,non_venomous,cc-by-nc,500,333,578,True,test
e:\Coding_Notes\Faunari\data\raw\inaturalist\356458174.jpg,inaturalist,Cerberus rynchops,non_venomous,cc-by-nc,500,375,579,True,train
e:\Coding_Notes\Faunari\data\raw\inaturalist\356458376.jpg,inaturalist,Fowlea tytleri,non_venomous,cc-by-nc,500,333,580,True,test
e:\Coding_Notes\Faunari\data\raw\inaturalist\356460230.jpg,inaturalist,Trimeresurus andersonii,venomous,cc-by-nc,500,333,581,True,test
e:\Coding_Notes\Faunari\data\raw\inaturalist\356460231.jpg,inaturalist,Trimeresurus andersonii,venomous,cc-by-nc,500,333,582,True,train
e:\Coding_Notes\Faunari\data\raw\inaturalist\356460232.jpg,inaturalist,Trimeresurus andersonii,venomous,cc-by-nc,500,388,583,True,val
e:\Coding_Notes\Faunari\data\raw\inaturalist\356460240.jpg,inaturalist,Trimeresurus andersonii,venomous,cc-by-nc,500,333,584,True,val
e:\Coding_Notes\Faunari\data\raw\inaturalist\356460241.jpg,inaturalist,Trimeresurus andersonii,venomous,cc-by-nc,500,333,585,True,train
e:\Coding_Notes\Faunari\data\raw\inaturalist\356460251.jpg,inaturalist,Trimeresurus andersonii,venomous,cc-by-nc,500,333,586,True,train
e:\Coding_Notes\Faunari\data\raw\inaturalist\356460257.jpg,inaturalist,Trimeresurus andersonii,venomous,cc-by-nc,500,333,587,True,train
e:\Coding_Notes\Faunari\data\raw\inaturalist\356460260.jpg,inaturalist,Trimeresurus andersonii,venomous,cc-by-nc,500,333,588,True,test
e:\Coding_Notes\Faunari\data\raw\inaturalist\356460263.jpg,inaturalist,Trimeresurus andersonii,venomous,cc-by-nc,500,333,589,True,train
e:\Coding_Notes\Faunari\data\raw\inaturalist\356467606.jpg,inaturalist,Ptyas mucosa,non_venomous,cc-by-nc,376,500,590,True,test
e:\Coding_Notes\Faunari\data\raw\inaturalist\356479718.jpg,inaturalist,Ptyas mucosa,non_venomous,,281,500,591,True,train
e:\Coding_Notes\Faunari\data\raw\inaturalist\356495429.jpg,inaturalist,Hypnale hypnale,venomous,cc0,500,375,592,True,train
e:\Coding_Notes\Faunari\data\raw\inaturalist\356537054.jpg,inaturalist,Ptyas mucosa,non_venomous,cc-by-nc,225,500,593,True,train
e:\Coding_Notes\Faunari\data\raw\inaturalist\356540561.jpg,inaturalist,Trimeresurus erythrurus,venomous,cc-by-nc,500,312,594,True,train
e:\Coding_Notes\Faunari\data\raw\inaturalist\356541055.jpg,inaturalist,Ptyas mucosa,non_venomous,cc-by-nc,375,500,595,True,test
e:\Coding_Notes\Faunari\data\raw\inaturalist\356541999.jpg,inaturalist,Daboia russelii,venomous,cc-by-nc,281,500,596,True,train
e:\Coding_Notes\Faunari\data\raw\inaturalist\356551980.jpg,inaturalist,Boiga westermanni,non_venomous,,500,333,597,True,train
e:\Coding_Notes\Faunari\data\raw\inaturalist\356682972.jpg,inaturalist,Fowlea tytleri,non_venomous,cc-by-nc,500,333,598,True,val
e:\Coding_Notes\Faunari\data\raw\inaturalist\356685275.jpg,inaturalist,Ptyas mucosa,non_venomous,,374,500,599,True,train
e:\Coding_Notes\Faunari\data\raw\inaturalist\356742546.jpg,inaturalist,Ptyas mucosa,non_venomous,cc-by-nc,407,500,600,True,hardcase
e:\Coding_Notes\Faunari\data\raw\inaturalist\356743039.jpg,inaturalist,Ptyas mucosa,non_venomous,cc-by-nc,281,500,601,True,train
e:\Coding_Notes\Faunari\data\raw\inaturalist\356752966.jpg,inaturalist,Ahaetulla oxyrhynca,non_venomous,cc-by-nc,500,400,602,True,train
e:\Coding_Notes\Faunari\data\raw\inaturalist\356758577.jpg,inaturalist,Echis carinatus,venomous,,500,231,603,True,train
e:\Coding_Notes\Faunari\data\raw\inaturalist\356762291.jpg,inaturalist,Elaphe cantoris,non_venomous,cc-by-nc,375,500,604,True,train
e:\Coding_Notes\Faunari\data\raw\inaturalist\356764253.jpg,inaturalist,Amphiesma stolatum,non_venomous,cc-by-nc,225,500,605,True,train
e:\Coding_Notes\Faunari\data\raw\inaturalist\356764473.jpg,inaturalist,Ptyas mucosa,non_venomous,cc-by-nc,375,500,407,False,train
e:\Coding_Notes\Faunari\data\raw\inaturalist\356771180.jpg,inaturalist,Fowlea piscator,non_venomous,,375,500,606,True,train
e:\Coding_Notes\Faunari\data\raw\inaturalist\356781040.jpg,inaturalist,Ptyas mucosa,non_venomous,,375,500,607,True,train
e:\Coding_Notes\Faunari\data\raw\inaturalist\356805666.jpg,inaturalist,Fowlea piscator,non_venomous,cc-by-nc,376,500,608,True,train
e:\Coding_Notes\Faunari\data\raw\inaturalist\356805783.jpg,inaturalist,Fowlea piscator,non_venomous,cc-by-nc,376,500,609,True,train
e:\Coding_Notes\Faunari\data\raw\inaturalist\356834826.jpg,inaturalist,Fowlea piscator,non_venomous,cc-by-nc,500,281,610,True,train
e:\Coding_Notes\Faunari\data\raw\inaturalist\356855598.jpg,inaturalist,Elaphe cantoris,non_venomous,,500,333,611,True,train
e:\Coding_Notes\Faunari\data\raw\inaturalist\356863475.jpg,inaturalist,Dendrelaphis tristis,non_venomous,cc-by-nc,500,375,612,True,train
e:\Coding_Notes\Faunari\data\raw\inaturalist\356904458.jpg,inaturalist,Xylophis perroteti,non_venomous,cc-by,376,500,613,True,val
e:\Coding_Notes\Faunari\data\raw\inaturalist\356911381.jpg,inaturalist,Oligodon russelius,non_venomous,cc-by-nc,281,500,614,True,train
e:\Coding_Notes\Faunari\data\raw\inaturalist\356942668.jpg,inaturalist,Echis carinatus,venomous,cc-by-nc,500,375,615,True,train
e:\Coding_Notes\Faunari\data\raw\inaturalist\357022238.jpg,inaturalist,Fowlea piscator,non_venomous,,375,500,616,True,train
e:\Coding_Notes\Faunari\data\raw\inaturalist\357044363.jpg,inaturalist,Dendrelaphis humayuni,non_venomous,cc-by-nc,500,333,617,True,val
e:\Coding_Notes\Faunari\data\raw\inaturalist\357044366.jpg,inaturalist,Dendrelaphis humayuni,non_venomous,cc-by-nc,500,333,618,True,val
e:\Coding_Notes\Faunari\data\raw\inaturalist\357044368.jpg,inaturalist,Dendrelaphis humayuni,non_venomous,cc-by-nc,500,333,619,True,train
e:\Coding_Notes\Faunari\data\raw\inaturalist\357044369.jpg,inaturalist,Boiga wallachi,non_venomous,cc-by-nc,500,333,620,True,train
e:\Coding_Notes\Faunari\data\raw\inaturalist\357044372.jpg,inaturalist,Boiga wallachi,non_venomous,cc-by-nc,500,333,621,True,test
e:\Coding_Notes\Faunari\data\raw\inaturalist\357044382.jpg,inaturalist,Cerberus rynchops,non_venomous,cc-by-nc,500,333,622,True,val
e:\Coding_Notes\Faunari\data\raw\inaturalist\357044385.jpg,inaturalist,Cerberus rynchops,non_venomous,cc-by-nc,500,333,623,True,train
e:\Coding_Notes\Faunari\data\raw\inaturalist\357044387.jpg,inaturalist,Cerberus rynchops,non_venomous,cc-by-nc,500,333,624,True,test
e:\Coding_Notes\Faunari\data\raw\inaturalist\357044388.jpg,inaturalist,Cerberus rynchops,non_venomous,cc-by-nc,500,333,625,True,train
e:\Coding_Notes\Faunari\data\raw\inaturalist\357044389.jpg,inaturalist,Xenochrophis trianguligerus,non_venomous,cc-by-nc,500,333,626,True,test
e:\Coding_Notes\Faunari\data\raw\inaturalist\357044397.jpg,inaturalist,Xenopeltis unicolor,non_venomous,cc-by-nc,500,333,627,True,test
e:\Coding_Notes\Faunari\data\raw\inaturalist\357047574.jpg,inaturalist,Oligodon arnensis,non_venomous,cc-by-nc,500,399,628,True,train
e:\Coding_Notes\Faunari\data\raw\inaturalist\357064026.jpg,inaturalist,Craspedocephalus macrolepis,venomous,cc-by-nc,500,333,629,True,train
e:\Coding_Notes\Faunari\data\raw\inaturalist\357066929.jpg,inaturalist,Ptyas mucosa,non_venomous,,375,500,630,True,train
e:\Coding_Notes\Faunari\data\raw\inaturalist\357068649.jpg,inaturalist,Dendrelaphis tristis,non_venomous,cc-by-nc,500,400,631,True,test
e:\Coding_Notes\Faunari\data\raw\inaturalist\357100123.jpg,inaturalist,Fowlea piscator,non_venomous,cc-by-nc,500,333,632,True,train
e:\Coding_Notes\Faunari\data\raw\inaturalist\357100245.jpg,inaturalist,Python molurus,non_venomous,cc-by-nc,500,356,633,True,val
e:\Coding_Notes\Faunari\data\raw\inaturalist\357100469.jpg,inaturalist,Fowlea piscator,non_venomous,cc-by-nc,500,361,634,True,train
e:\Coding_Notes\Faunari\data\raw\inaturalist\357100636.jpg,inaturalist,Fowlea piscator,non_venomous,cc-by-nc,500,395,635,True,train
e:\Coding_Notes\Faunari\data\raw\inaturalist\357100805.jpg,inaturalist,Lycodon striatus,non_venomous,cc-by-nc,500,358,636,True,test
e:\Coding_Notes\Faunari\data\raw\inaturalist\357102109.jpg,inaturalist,Dendrelaphis andamanensis,non_venomous,cc-by-nc,500,375,637,True,train
e:\Coding_Notes\Faunari\data\raw\inaturalist\357102721.jpg,inaturalist,Indotyphlops braminus,non_venomous,cc-by-nc,500,375,638,True,train
e:\Coding_Notes\Faunari\data\raw\inaturalist\357106725.jpg,inaturalist,Lycodon aulicus,non_venomous,cc-by-nc,282,500,639,True,hardcase
e:\Coding_Notes\Faunari\data\raw\inaturalist\357111319.jpg,inaturalist,Boiga forsteni,non_venomous,cc-by-nc,500,281,640,True,test
e:\Coding_Notes\Faunari\data\raw\inaturalist\357111627.jpg,inaturalist,Naja naja,venomous,cc-by-nc,228,500,641,True,hardcase
e:\Coding_Notes\Faunari\data\raw\inaturalist\357128920.jpg,inaturalist,Amphiesma stolatum,non_venomous,cc-by-nc,375,500,642,True,train
e:\Coding_Notes\Faunari\data\raw\inaturalist\357135811.jpg,inaturalist,Ptyas mucosa,non_venomous,cc-by-nc,500,333,643,True,train
e:\Coding_Notes\Faunari\data\raw\inaturalist\357140090.jpg,inaturalist,Ahaetulla oxyrhynca,non_venomous,cc-by-nc,281,500,644,True,train
e:\Coding_Notes\Faunari\data\raw\inaturalist\357196348.jpg,inaturalist,Echis carinatus,venomous,cc-by,375,500,645,True,train
e:\Coding_Notes\Faunari\data\raw\inaturalist\357196823.jpg,inaturalist,Indotyphlops braminus,non_venomous,cc-by-nc,500,281,646,True,train
e:\Coding_Notes\Faunari\data\raw\inaturalist\357221476.jpg,inaturalist,Gloydius himalayanus,venomous,cc-by-nc,281,500,647,True,val
e:\Coding_Notes\Faunari\data\raw\inaturalist\357229229.jpg,inaturalist,Gloydius himalayanus,venomous,,349,500,648,True,train
e:\Coding_Notes\Faunari\data\raw\inaturalist\357286088.jpg,inaturalist,Bungarus caeruleus,venomous,cc-by-nc,281,500,649,True,hardcase
e:\Coding_Notes\Faunari\data\raw\inaturalist\357334401.jpg,inaturalist,Lycodon nympha,non_venomous,cc-by-nc,500,375,650,True,train
e:\Coding_Notes\Faunari\data\raw\inaturalist\357368249.jpg,inaturalist,Python molurus,non_venomous,cc-by-nc,500,333,651,True,train
e:\Coding_Notes\Faunari\data\raw\inaturalist\357379617.jpg,inaturalist,Fowlea piscator,non_venomous,,375,500,652,True,train
e:\Coding_Notes\Faunari\data\raw\inaturalist\357417050.jpg,inaturalist,Ptyas mucosa,non_venomous,cc-by-nc,375,500,653,True,hardcase
e:\Coding_Notes\Faunari\data\raw\inaturalist\357420817.jpg,inaturalist,Ptyas mucosa,non_venomous,cc-by-nc,231,500,654,True,hardcase
e:\Coding_Notes\Faunari\data\raw\inaturalist\357427387.jpg,inaturalist,Ptyas mucosa,non_venomous,cc-by-nc,281,500,655,True,train
e:\Coding_Notes\Faunari\data\raw\inaturalist\357435357.jpg,inaturalist,Naja naja,venomous,cc-by-nc,375,500,656,True,test
e:\Coding_Notes\Faunari\data\raw\inaturalist\357438334.jpg,inaturalist,Dendrelaphis tristis,non_venomous,,500,375,657,True,train
e:\Coding_Notes\Faunari\data\raw\inaturalist\357446482.jpg,inaturalist,Fowlea piscator,non_venomous,cc-by-nc,500,323,658,True,test
e:\Coding_Notes\Faunari\data\raw\inaturalist\357462916.jpg,inaturalist,Eryx whitakeri,non_venomous,cc-by-nc,500,375,659,True,train
e:\Coding_Notes\Faunari\data\raw\inaturalist\357472814.jpg,inaturalist,Fowlea piscator,non_venomous,cc-by-nc,487,500,660,True,train
e:\Coding_Notes\Faunari\data\raw\inaturalist\357488435.jpg,inaturalist,Naja naja,venomous,cc-by-nc,500,373,661,True,hardcase
e:\Coding_Notes\Faunari\data\raw\inaturalist\357489757.jpg,inaturalist,Naja naja,venomous,cc-by-nc,500,381,662,True,hardcase
e:\Coding_Notes\Faunari\data\raw\inaturalist\357492463.jpg,inaturalist,Ahaetulla anomala,non_venomous,,500,333,663,True,train
e:\Coding_Notes\Faunari\data\raw\inaturalist\357493769.jpg,inaturalist,Coelognathus helena helena,non_venomous,,500,375,664,True,train
e:\Coding_Notes\Faunari\data\raw\inaturalist\357493972.jpg,inaturalist,Oligodon arnensis,non_venomous,,375,500,665,True,train
e:\Coding_Notes\Faunari\data\raw\inaturalist\357502860.jpg,inaturalist,Ptyas mucosa,non_venomous,cc0,375,500,666,True,val
e:\Coding_Notes\Faunari\data\raw\inaturalist\357503179.jpg,inaturalist,Echis carinatus,venomous,cc-by-nc,375,500,667,True,train
e:\Coding_Notes\Faunari\data\raw\inaturalist\357526426.jpg,inaturalist,Ptyas mucosa,non_venomous,cc-by-nc,500,281,668,True,hardcase
e:\Coding_Notes\Faunari\data\raw\inaturalist\357528848.jpg,inaturalist,Ptyas mucosa,non_venomous,,500,223,669,True,train
e:\Coding_Notes\Faunari\data\raw\inaturalist\357586201.jpg,inaturalist,Fowlea piscator,non_venomous,cc-by-nc,500,375,670,True,train
e:\Coding_Notes\Faunari\data\raw\inaturalist\357603719.jpg,inaturalist,Fowlea piscator,non_venomous,cc-by-nc,500,333,671,True,test
e:\Coding_Notes\Faunari\data\raw\inaturalist\357760480.jpg,inaturalist,Boiga forsteni,non_venomous,cc-by-nc-sa,281,500,672,True,val
e:\Coding_Notes\Faunari\data\raw\inaturalist\357801751.jpg,inaturalist,Sahyadriophis uttaraghati,non_venomous,,280,500,673,True,val
e:\Coding_Notes\Faunari\data\raw\inaturalist\357815767.jpg,inaturalist,Ptyas mucosa,non_venomous,,375,500,674,True,test
e:\Coding_Notes\Faunari\data\raw\inaturalist\357816305.jpg,inaturalist,Python molurus,non_venomous,cc-by-nc,500,350,675,True,train
e:\Coding_Notes\Faunari\data\raw\inaturalist\357824351.jpg,inaturalist,Python molurus,non_venomous,,375,500,676,True,train
e:\Coding_Notes\Faunari\data\raw\inaturalist\357834051.jpg,inaturalist,Amphiesma stolatum,non_venomous,,375,500,677,True,train
e:\Coding_Notes\Faunari\data\raw\inaturalist\357842617.jpg,inaturalist,Naja naja,venomous,cc-by-nc,260,500,678,True,train
e:\Coding_Notes\Faunari\data\raw\inaturalist\357862712.jpg,inaturalist,Dendrelaphis tristis,non_venomous,cc-by,373,500,679,True,train
e:\Coding_Notes\Faunari\data\raw\inaturalist\357880636.jpg,inaturalist,Amphiesma stolatum,non_venomous,cc-by-nc,500,416,680,True,test
e:\Coding_Notes\Faunari\data\raw\inaturalist\357883132.jpg,inaturalist,Lycodon aulicus,non_venomous,cc-by-nc,375,500,681,True,test
e:\Coding_Notes\Faunari\data\raw\inaturalist\357890786.jpg,inaturalist,Coelognathus helena helena,non_venomous,cc-by-nc,500,390,682,True,test
e:\Coding_Notes\Faunari\data\raw\inaturalist\357898566.jpg,inaturalist,Echis carinatus carinatus,venomous,cc-by-nc,500,375,683,True,test
e:\Coding_Notes\Faunari\data\raw\inaturalist\357926923.jpg,inaturalist,Amphiesma stolatum,non_venomous,cc-by-nc,500,375,684,True,train
e:\Coding_Notes\Faunari\data\raw\inaturalist\357938362.jpg,inaturalist,Lycodon aulicus,non_venomous,,500,333,685,True,hardcase
e:\Coding_Notes\Faunari\data\raw\inaturalist\358015799.jpg,inaturalist,Hypnale hypnale,venomous,cc-by-nc,500,404,686,True,train
e:\Coding_Notes\Faunari\data\raw\inaturalist\358141749.jpg,inaturalist,Coelognathus helena helena,non_venomous,cc-by-nc,415,500,687,True,train
e:\Coding_Notes\Faunari\data\raw\inaturalist\358161100.jpg,inaturalist,Lycodon striatus,non_venomous,,375,500,688,True,train
e:\Coding_Notes\Faunari\data\raw\inaturalist\358165318.jpg,inaturalist,Ptyas mucosa,non_venomous,cc-by-nc,375,500,689,True,val
e:\Coding_Notes\Faunari\data\raw\inaturalist\358186889.jpg,inaturalist,Ptyas mucosa,non_venomous,,500,333,690,True,train
e:\Coding_Notes\Faunari\data\raw\inaturalist\358202376.jpg,inaturalist,Ptyas mucosa,non_venomous,,500,259,691,True,train
e:\Coding_Notes\Faunari\data\raw\inaturalist\358216585.jpg,inaturalist,Daboia russelii,venomous,cc-by-nc,500,281,692,True,train
e:\Coding_Notes\Faunari\data\raw\inaturalist\358219314.jpg,inaturalist,Coelognathus helena helena,non_venomous,,500,375,693,True,train
e:\Coding_Notes\Faunari\data\raw\inaturalist\358227115.jpg,inaturalist,Ptyas mucosa,non_venomous,cc-by-nc,375,500,694,True,hardcase
e:\Coding_Notes\Faunari\data\raw\inaturalist\358236926.jpg,inaturalist,Amphiesma stolatum,non_venomous,cc-by-nc,375,500,695,True,test
e:\Coding_Notes\Faunari\data\raw\inaturalist\358252250.jpg,inaturalist,Fowlea piscator,non_venomous,cc-by-nc,376,500,696,True,train
e:\Coding_Notes\Faunari\data\raw\inaturalist\358257834.jpg,inaturalist,Ptyas mucosa,non_venomous,cc-by-nc,500,344,697,True,train
e:\Coding_Notes\Faunari\data\raw\inaturalist\358259479.jpg,inaturalist,Fowlea piscator,non_venomous,cc-by-nc,375,500,698,True,train
e:\Coding_Notes\Faunari\data\raw\inaturalist\358278942.jpg,inaturalist,Ptyas mucosa,non_venomous,,500,375,699,True,hardcase
e:\Coding_Notes\Faunari\data\raw\inaturalist\358284004.jpg,inaturalist,Fowlea piscator,non_venomous,cc-by-nc,375,500,700,True,train
e:\Coding_Notes\Faunari\data\raw\inaturalist\358303825.jpg,inaturalist,Daboia russelii,venomous,cc-by-nc,375,500,701,True,train
e:\Coding_Notes\Faunari\data\raw\inaturalist\358321578.jpg,inaturalist,Naja naja,venomous,cc-by-nc,375,500,702,True,train
e:\Coding_Notes\Faunari\data\raw\inaturalist\358322548.jpg,inaturalist,Bungarus caeruleus,venomous,cc-by-nc,275,500,703,True,hardcase
e:\Coding_Notes\Faunari\data\raw\inaturalist\358323768.jpg,inaturalist,Lycodon fasciolatus,non_venomous,cc-by-nc,281,500,704,True,train
e:\Coding_Notes\Faunari\data\raw\inaturalist\358337870.jpg,inaturalist,Sahyadriophis beddomei,non_venomous,cc-by-nc,375,500,705,True,train
e:\Coding_Notes\Faunari\data\raw\inaturalist\358344297.jpg,inaturalist,Amphiesma stolatum,non_venomous,cc-by-nc,500,375,706,True,train
e:\Coding_Notes\Faunari\data\raw\inaturalist\358491018.jpg,inaturalist,Lycodon aulicus,non_venomous,,500,472,707,True,hardcase
e:\Coding_Notes\Faunari\data\raw\inaturalist\358532920.jpg,inaturalist,Fowlea piscator,non_venomous,cc-by,322,500,708,True,test
e:\Coding_Notes\Faunari\data\raw\inaturalist\358536338.jpg,inaturalist,Fowlea piscator,non_venomous,cc-by,294,500,709,True,train
e:\Coding_Notes\Faunari\data\raw\inaturalist\358537346.jpg,inaturalist,Ptyas mucosa,non_venomous,cc-by,500,302,710,True,hardcase
e:\Coding_Notes\Faunari\data\raw\inaturalist\358558843.jpg,inaturalist,Python molurus,non_venomous,cc-by-nc,500,375,711,True,train
e:\Coding_Notes\Faunari\data\raw\inaturalist\358560078.jpg,inaturalist,Fowlea piscator,non_venomous,cc-by-nc,281,500,712,True,val
e:\Coding_Notes\Faunari\data\raw\inaturalist\358580968.jpg,inaturalist,Fowlea piscator,non_venomous,cc-by-nc,500,359,713,True,val
e:\Coding_Notes\Faunari\data\raw\inaturalist\358609113.jpg,inaturalist,Ptyas mucosa,non_venomous,cc-by-nc,225,500,714,True,train
e:\Coding_Notes\Faunari\data\raw\inaturalist\358633820.jpg,inaturalist,Amphiesma stolatum,non_venomous,cc0,281,500,715,True,test
e:\Coding_Notes\Faunari\data\raw\inaturalist\358642415.jpg,inaturalist,Amphiesma stolatum,non_venomous,cc-by-nc,281,500,716,True,train
e:\Coding_Notes\Faunari\data\raw\inaturalist\358671258.jpg,inaturalist,Craspedocephalus malabaricus,venomous,cc-by-nc,500,333,717,True,train
e:\Coding_Notes\Faunari\data\raw\inaturalist\358671898.jpg,inaturalist,Craspedocephalus malabaricus,venomous,cc-by-nc,500,333,718,True,test
e:\Coding_Notes\Faunari\data\raw\inaturalist\358671921.jpg,inaturalist,Fowlea piscator,non_venomous,cc-by-nc,500,375,719,True,test
e:\Coding_Notes\Faunari\data\raw\inaturalist\358672526.jpg,inaturalist,Craspedocephalus malabaricus,venomous,cc-by-nc,333,500,720,True,train
e:\Coding_Notes\Faunari\data\raw\inaturalist\358674098.jpg,inaturalist,Amphiesma stolatum,non_venomous,cc-by-nc,281,500,716,False,train
e:\Coding_Notes\Faunari\data\raw\inaturalist\358690372.jpg,inaturalist,Python molurus,non_venomous,,375,500,721,True,val
e:\Coding_Notes\Faunari\data\raw\inaturalist\358705434.jpg,inaturalist,Python bivittatus,non_venomous,,500,375,722,True,train
e:\Coding_Notes\Faunari\data\raw\inaturalist\358725591.jpg,inaturalist,Ahaetulla malabarica,non_venomous,cc-by-nc,375,500,723,True,train
e:\Coding_Notes\Faunari\data\raw\inaturalist\358788570.jpg,inaturalist,Python bivittatus,non_venomous,cc-by-nc,413,500,724,True,train
e:\Coding_Notes\Faunari\data\raw\inaturalist\358798895.jpg,inaturalist,Dendrelaphis proarchos,non_venomous,cc-by-nc,500,333,725,True,val
e:\Coding_Notes\Faunari\data\raw\inaturalist\358803262.jpg,inaturalist,Boiga andamanensis,non_venomous,cc-by-nc,500,375,726,True,val
e:\Coding_Notes\Faunari\data\raw\inaturalist\358834506.jpg,inaturalist,Sibynophis sagittarius,non_venomous,,500,403,727,True,train
e:\Coding_Notes\Faunari\data\raw\inaturalist\358845542.jpg,inaturalist,Dendrelaphis proarchos,non_venomous,cc-by-nc,225,500,728,True,hardcase
e:\Coding_Notes\Faunari\data\raw\inaturalist\358853969.jpg,inaturalist,Python molurus,non_venomous,cc-by-nc,500,225,729,True,train
e:\Coding_Notes\Faunari\data\raw\inaturalist\358867357.jpg,inaturalist,Ptyas mucosa,non_venomous,cc-by-nc,350,500,730,True,train
e:\Coding_Notes\Faunari\data\raw\inaturalist\358873210.jpg,inaturalist,Naja naja,venomous,cc-by-nc,500,375,731,True,hardcase
e:\Coding_Notes\Faunari\data\raw\inaturalist\358880745.jpg,inaturalist,Xylophis perroteti,non_venomous,cc-by-nc,281,500,732,True,train
e:\Coding_Notes\Faunari\data\raw\inaturalist\358882482.jpg,inaturalist,Daboia russelii,venomous,cc-by-nc,500,225,733,True,train
e:\Coding_Notes\Faunari\data\raw\inaturalist\358916831.jpg,inaturalist,Sahyadriophis uttaraghati,non_venomous,cc-by-nc,375,500,734,True,val
e:\Coding_Notes\Faunari\data\raw\inaturalist\358928230.jpg,inaturalist,Naja naja,venomous,cc-by-nc,500,404,735,True,test
e:\Coding_Notes\Faunari\data\raw\inaturalist\358964605.jpg,inaturalist,Fowlea piscator,non_venomous,cc-by-nc,500,281,736,True,val
e:\Coding_Notes\Faunari\data\raw\inaturalist\358983035.jpg,inaturalist,Lycodon travancoricus,non_venomous,cc-by-nc,500,349,737,True,train
e:\Coding_Notes\Faunari\data\raw\inaturalist\358986380.jpg,inaturalist,Fowlea piscator,non_venomous,cc-by-nc,281,500,738,True,train
e:\Coding_Notes\Faunari\data\raw\inaturalist\359025865.jpg,inaturalist,Platyceps ventromaculatus,non_venomous,cc-by-nc,500,333,739,True,train
e:\Coding_Notes\Faunari\data\raw\inaturalist\359036800.jpg,inaturalist,Oligodon taeniolatus,non_venomous,,375,500,740,True,train
e:\Coding_Notes\Faunari\data\raw\inaturalist\359091367.jpg,inaturalist,Ptyas mucosa,non_venomous,cc-by-nc,500,225,741,True,train
e:\Coding_Notes\Faunari\data\raw\inaturalist\359091384.jpg,inaturalist,Oligodon arnensis,non_venomous,cc-by-nc,500,225,742,True,train
e:\Coding_Notes\Faunari\data\raw\inaturalist\359104710.jpg,inaturalist,Cerberus rynchops,non_venomous,cc-by-nc,375,500,743,True,val
e:\Coding_Notes\Faunari\data\raw\inaturalist\359107379.jpg,inaturalist,Coelognathus helena helena,non_venomous,cc-by-nc,463,500,744,True,train
e:\Coding_Notes\Faunari\data\raw\inaturalist\359169849.jpg,inaturalist,Daboia russelii,venomous,cc-by-nc,375,500,745,True,train
e:\Coding_Notes\Faunari\data\raw\inaturalist\359170301.jpg,inaturalist,Fowlea piscator,non_venomous,cc-by-nc,231,500,746,True,train
e:\Coding_Notes\Faunari\data\raw\inaturalist\359199447.jpg,inaturalist,Ptyas mucosa,non_venomous,cc-by-nc,500,173,747,True,hardcase
e:\Coding_Notes\Faunari\data\raw\inaturalist\359206118.jpg,inaturalist,Fowlea piscator,non_venomous,cc-by-nc,500,286,748,True,train
e:\Coding_Notes\Faunari\data\raw\inaturalist\359221761.jpg,inaturalist,Ptyas mucosa,non_venomous,cc-by-nc,375,500,749,True,hardcase
e:\Coding_Notes\Faunari\data\raw\inaturalist\359254271.jpg,inaturalist,Fowlea piscator,non_venomous,cc-by-nc,500,281,750,True,val
e:\Coding_Notes\Faunari\data\raw\inaturalist\359254278.jpg,inaturalist,Fowlea piscator,non_venomous,cc-by-nc,500,281,751,True,train
e:\Coding_Notes\Faunari\data\raw\inaturalist\359263387.jpg,inaturalist,Boiga nuchalis,non_venomous,cc-by-nc,500,375,752,True,val
e:\Coding_Notes\Faunari\data\raw\inaturalist\359266844.jpg,inaturalist,Lycodon fasciolatus,non_venomous,cc-by-nc,231,500,753,True,train
e:\Coding_Notes\Faunari\data\raw\inaturalist\359268315.jpg,inaturalist,Boiga multomaculata ochracea,non_venomous,,375,500,754,True,train
e:\Coding_Notes\Faunari\data\raw\inaturalist\359275001.jpg,inaturalist,Coelognathus helena helena,non_venomous,cc-by-nc,231,500,755,True,train
e:\Coding_Notes\Faunari\data\raw\inaturalist\359319913.jpg,inaturalist,Echis carinatus,venomous,cc-by-nc,500,397,756,True,test
e:\Coding_Notes\Faunari\data\raw\inaturalist\359402714.jpg,inaturalist,Eryx conicus,non_venomous,,375,500,757,True,train
e:\Coding_Notes\Faunari\data\raw\inaturalist\359434613.jpg,inaturalist,Fowlea piscator,non_venomous,,375,500,758,True,val
e:\Coding_Notes\Faunari\data\raw\inaturalist\359438368.jpg,inaturalist,Naja naja,venomous,cc-by-nc,330,500,759,True,hardcase
e:\Coding_Notes\Faunari\data\raw\inaturalist\359446627.jpg,inaturalist,Dendrelaphis tristis,non_venomous,,500,281,760,True,train
e:\Coding_Notes\Faunari\data\raw\inaturalist\359473886.jpg,inaturalist,Naja naja,venomous,cc-by-nc,281,500,761,True,hardcase
e:\Coding_Notes\Faunari\data\raw\inaturalist\359475616.jpg,inaturalist,Coelognathus helena helena,non_venomous,,500,333,762,True,train
e:\Coding_Notes\Faunari\data\raw\inaturalist\359478366.jpg,inaturalist,Naja naja,venomous,cc-by-nc,439,500,763,True,train
e:\Coding_Notes\Faunari\data\raw\inaturalist\359496568.jpg,inaturalist,Eryx conicus,non_venomous,,500,333,764,True,train
e:\Coding_Notes\Faunari\data\raw\inaturalist\359496690.jpg,inaturalist,Ahaetulla farnsworthi,non_venomous,,500,500,765,True,train
e:\Coding_Notes\Faunari\data\raw\inaturalist\359496989.jpg,inaturalist,Amphiesma stolatum,non_venomous,,375,500,766,True,train
e:\Coding_Notes\Faunari\data\raw\inaturalist\359504669.jpg,inaturalist,Boiga thackerayi,non_venomous,cc-by-nc,375,500,767,True,train
e:\Coding_Notes\Faunari\data\raw\inaturalist\359534001.jpg,inaturalist,Lycodon aulicus,non_venomous,,500,333,768,True,hardcase
e:\Coding_Notes\Faunari\data\raw\inaturalist\359627362.jpg,inaturalist,Fowlea piscator,non_venomous,cc-by-nc,500,375,769,True,val
e:\Coding_Notes\Faunari\data\raw\inaturalist\359641697.jpg,inaturalist,Fowlea piscator,non_venomous,cc-by-nc,289,500,770,True,train
e:\Coding_Notes\Faunari\data\raw\inaturalist\359694542.jpg,inaturalist,Boiga trigonata,non_venomous,cc-by-nc,376,500,771,True,train
e:\Coding_Notes\Faunari\data\raw\inaturalist\359717206.jpg,inaturalist,Daboia russelii,venomous,cc-by-nc,500,372,772,True,val
e:\Coding_Notes\Faunari\data\raw\inaturalist\359720524.jpg,inaturalist,Boiga nuchalis,non_venomous,cc-by-nc,500,375,773,True,train
e:\Coding_Notes\Faunari\data\raw\inaturalist\359734471.jpg,inaturalist,Craspedocephalus malabaricus,venomous,cc-by-nc,400,500,774,True,train
e:\Coding_Notes\Faunari\data\raw\inaturalist\359742445.jpg,inaturalist,Eryx conicus,non_venomous,cc-by-nc,376,500,775,True,train
e:\Coding_Notes\Faunari\data\raw\inaturalist\359775434.jpg,inaturalist,Ahaetulla malabarica,non_venomous,cc-by-nc,281,500,776,True,train
e:\Coding_Notes\Faunari\data\raw\inaturalist\359780918.jpg,inaturalist,Boiga flaviviridis,non_venomous,cc-by-nc,500,334,777,True,train
e:\Coding_Notes\Faunari\data\raw\inaturalist\359784739.jpg,inaturalist,Naja naja,venomous,cc-by-nc,500,487,778,True,test
e:\Coding_Notes\Faunari\data\raw\inaturalist\359801607.jpg,inaturalist,Fowlea piscator,non_venomous,cc-by-nc,281,500,779,True,train
e:\Coding_Notes\Faunari\data\raw\inaturalist\359804834.jpg,inaturalist,Trimeresurus erythrurus,venomous,,500,375,780,True,test
e:\Coding_Notes\Faunari\data\raw\inaturalist\359813214.jpg,inaturalist,Amphiesma stolatum,non_venomous,cc-by-nc,225,500,781,True,val
e:\Coding_Notes\Faunari\data\raw\inaturalist\359817649.jpg,inaturalist,Naja naja,venomous,,500,333,782,True,val
e:\Coding_Notes\Faunari\data\raw\inaturalist\359818026.jpg,inaturalist,Fowlea piscator,non_venomous,cc-by-nc,500,282,783,True,train
e:\Coding_Notes\Faunari\data\raw\inaturalist\359829167.jpg,inaturalist,Lycodon fasciolatus,non_venomous,cc-by-nc,375,500,784,True,train
e:\Coding_Notes\Faunari\data\raw\inaturalist\359838581.jpg,inaturalist,Sahyadriophis beddomei,non_venomous,cc-by-nc,500,375,785,True,val
e:\Coding_Notes\Faunari\data\raw\inaturalist\359862658.jpg,inaturalist,Eryx conicus,non_venomous,cc-by-nc,278,500,786,True,train
e:\Coding_Notes\Faunari\data\raw\inaturalist\359862706.jpg,inaturalist,Lycodon striatus,non_venomous,cc-by-nc,500,376,787,True,train
e:\Coding_Notes\Faunari\data\raw\inaturalist\359868085.jpg,inaturalist,Argyrophis diardii,non_venomous,,500,375,788,True,train
e:\Coding_Notes\Faunari\data\raw\inaturalist\359883955.jpg,inaturalist,Enhydris enhydris,non_venomous,cc-by-nc,500,375,789,True,val
e:\Coding_Notes\Faunari\data\raw\inaturalist\359902993.jpg,inaturalist,Trimeresurus andersonii,venomous,,500,375,790,True,test
e:\Coding_Notes\Faunari\data\raw\inaturalist\359903392.jpg,inaturalist,Trimeresurus andersonii,venomous,,500,375,791,True,val
e:\Coding_Notes\Faunari\data\raw\inaturalist\359903729.jpg,inaturalist,Ophiophagus hannah,venomous,,500,375,792,True,train
e:\Coding_Notes\Faunari\data\raw\inaturalist\359904563.jpg,inaturalist,Gonyosoma oxycephalum,non_venomous,,500,375,793,True,train
e:\Coding_Notes\Faunari\data\raw\inaturalist\359934568.jpg,inaturalist,Ahaetulla oxyrhynca,non_venomous,cc-by-nc,324,500,794,True,val
e:\Coding_Notes\Faunari\data\raw\inaturalist\359961089.jpg,inaturalist,Python molurus,non_venomous,cc-by-nc,500,375,795,True,val
e:\Coding_Notes\Faunari\data\raw\inaturalist\360037703.jpg,inaturalist,Boiga forsteni,non_venomous,cc-by-nc,281,500,796,True,val
e:\Coding_Notes\Faunari\data\raw\inaturalist\360071740.jpg,inaturalist,Lycodon travancoricus,non_venomous,cc-by-nc,500,333,797,True,train
e:\Coding_Notes\Faunari\data\raw\inaturalist\360072047.jpg,inaturalist,Lycodon travancoricus,non_venomous,cc-by-nc,281,500,798,True,train
e:\Coding_Notes\Faunari\data\raw\inaturalist\360091182.jpg,inaturalist,Ptyas mucosa,non_venomous,cc-by-nc-sa,375,500,799,True,train
e:\Coding_Notes\Faunari\data\raw\inaturalist\360106912.jpg,inaturalist,Echis carinatus,venomous,,500,375,800,True,train
e:\Coding_Notes\Faunari\data\raw\inaturalist\360120324.jpg,inaturalist,Oligodon taeniolatus,non_venomous,cc-by-nc,281,500,801,True,train
e:\Coding_Notes\Faunari\data\raw\inaturalist\360136058.jpg,inaturalist,Ptyas mucosa,non_venomous,cc-by-nc,281,500,802,True,train
e:\Coding_Notes\Faunari\data\raw\inaturalist\360136728.jpg,inaturalist,Ahaetulla borealis,non_venomous,cc-by-nc,500,375,803,True,train
e:\Coding_Notes\Faunari\data\raw\inaturalist\360138860.jpg,inaturalist,Rhabdophis plumbicolor,non_venomous,cc-by-nc,500,375,804,True,train
e:\Coding_Notes\Faunari\data\raw\inaturalist\360151324.jpg,inaturalist,Craspedocephalus gramineus,venomous,cc-by-nc,500,333,805,True,train
e:\Coding_Notes\Faunari\data\raw\inaturalist\360165520.jpg,inaturalist,Trimeresurus erythrurus,venomous,,500,231,806,True,train
e:\Coding_Notes\Faunari\data\raw\inaturalist\360166382.jpg,inaturalist,Oligodon arnensis,non_venomous,cc-by-nc,500,375,807,True,train
e:\Coding_Notes\Faunari\data\raw\inaturalist\360205532.jpg,inaturalist,Psammodynastes pulverulentus,non_venomous,cc-by-nc,500,375,808,True,test
e:\Coding_Notes\Faunari\data\raw\inaturalist\360205694.jpg,inaturalist,Trimeresurus septentrionalis,venomous,cc-by-nc,461,500,809,True,train
e:\Coding_Notes\Faunari\data\raw\inaturalist\360206135.jpg,inaturalist,Psammodynastes pulverulentus,non_venomous,cc-by-nc,500,333,810,True,val
e:\Coding_Notes\Faunari\data\raw\inaturalist\360215114.jpg,inaturalist,Fowlea piscator,non_venomous,cc-by-nc,375,500,811,True,val
e:\Coding_Notes\Faunari\data\raw\inaturalist\360242559.jpg,inaturalist,Daboia russelii,venomous,cc-by-nc,500,333,812,True,train
e:\Coding_Notes\Faunari\data\raw\inaturalist\360308435.jpg,inaturalist,Fowlea piscator,non_venomous,cc-by-nc,500,333,813,True,train
e:\Coding_Notes\Faunari\data\raw\inaturalist\360308442.jpg,inaturalist,Fowlea piscator,non_venomous,cc-by-nc,500,333,814,True,train
e:\Coding_Notes\Faunari\data\raw\inaturalist\360308455.jpg,inaturalist,Fowlea piscator,non_venomous,cc-by-nc,500,333,815,True,train
e:\Coding_Notes\Faunari\data\raw\inaturalist\360309197.jpg,inaturalist,Uropeltis ocellata,non_venomous,,281,500,816,True,train
e:\Coding_Notes\Faunari\data\raw\inaturalist\360312061.jpg,inaturalist,Indotyphlops braminus,non_venomous,cc-by-nc,500,376,817,True,train
e:\Coding_Notes\Faunari\data\raw\inaturalist\360331177.jpg,inaturalist,Lycodon travancoricus,non_venomous,cc-by-nc,500,135,818,True,test
e:\Coding_Notes\Faunari\data\raw\inaturalist\360341172.jpg,inaturalist,Indotyphlops braminus,non_venomous,cc-by-nc,500,375,819,True,test
e:\Coding_Notes\Faunari\data\raw\inaturalist\360461581.jpg,inaturalist,Boiga trigonata,non_venomous,,500,375,820,True,train
e:\Coding_Notes\Faunari\data\raw\inaturalist\360467867.jpg,inaturalist,Boiga andamanensis,non_venomous,,500,375,821,True,val
e:\Coding_Notes\Faunari\data\raw\inaturalist\360484148.jpg,inaturalist,Ptyas mucosa,non_venomous,cc-by-nc,500,467,822,True,val
e:\Coding_Notes\Faunari\data\raw\inaturalist\360525467.jpg,inaturalist,Ptyas mucosa,non_venomous,cc-by-nc,500,375,823,True,val
e:\Coding_Notes\Faunari\data\raw\inaturalist\360529668.jpg,inaturalist,Ahaetulla farnsworthi,non_venomous,cc-by-nc,375,500,824,True,train
e:\Coding_Notes\Faunari\data\raw\inaturalist\360532386.jpg,inaturalist,Boiga trigonata,non_venomous,cc-by-nc,500,330,825,True,train
e:\Coding_Notes\Faunari\data\raw\inaturalist\360532577.jpg,inaturalist,Lycodon aulicus,non_venomous,cc-by-nc,500,277,826,True,val
e:\Coding_Notes\Faunari\data\raw\inaturalist\360532665.jpg,inaturalist,Lycodon aulicus,non_venomous,cc-by-nc,500,392,827,True,hardcase
e:\Coding_Notes\Faunari\data\raw\inaturalist\360532748.jpg,inaturalist,Python molurus,non_venomous,,375,500,828,True,train
e:\Coding_Notes\Faunari\data\raw\inaturalist\360535670.jpg,inaturalist,Fowlea piscator,non_venomous,cc-by-nc,375,500,829,True,val
e:\Coding_Notes\Faunari\data\raw\inaturalist\360543708.jpg,inaturalist,Platyceps ventromaculatus,non_venomous,cc-by-nc,320,500,830,True,train
e:\Coding_Notes\Faunari\data\raw\inaturalist\360548736.jpg,inaturalist,Naja naja,venomous,cc-by-nc,489,500,831,True,train
e:\Coding_Notes\Faunari\data\raw\inaturalist\360559264.jpg,inaturalist,Ptyas mucosa,non_venomous,cc-by-nc,500,424,832,True,train
e:\Coding_Notes\Faunari\data\raw\inaturalist\360574687.jpg,inaturalist,Coelognathus radiatus,non_venomous,cc-by-nc,406,500,833,True,train
e:\Coding_Notes\Faunari\data\raw\inaturalist\360583568.jpg,inaturalist,Echis carinatus,venomous,cc-by-nc,410,430,834,True,train
e:\Coding_Notes\Faunari\data\raw\inaturalist\360593996.jpg,inaturalist,Lycodon travancoricus,non_venomous,cc-by-sa,500,375,835,True,train
e:\Coding_Notes\Faunari\data\raw\inaturalist\360594181.jpg,inaturalist,Coelognathus helena monticollaris,non_venomous,,375,500,836,True,train
e:\Coding_Notes\Faunari\data\raw\inaturalist\360595107.jpg,inaturalist,Chrysopelea ornata,non_venomous,,376,500,837,True,train
e:\Coding_Notes\Faunari\data\raw\inaturalist\360610211.jpg,inaturalist,Trimeresurus septentrionalis,venomous,cc-by-nc,500,483,838,True,train
e:\Coding_Notes\Faunari\data\raw\inaturalist\360612196.jpg,inaturalist,Dendrelaphis tristis,non_venomous,cc-by-nc,500,341,839,True,train
e:\Coding_Notes\Faunari\data\raw\inaturalist\360612558.jpg,inaturalist,Bungarus caeruleus,venomous,cc-by-nc,500,365,840,True,hardcase
e:\Coding_Notes\Faunari\data\raw\inaturalist\360645233.jpg,inaturalist,Coelognathus helena helena,non_venomous,cc-by-nc,498,500,841,True,train
e:\Coding_Notes\Faunari\data\raw\inaturalist\360773370.jpg,inaturalist,Lycodon aulicus,non_venomous,,225,500,842,True,hardcase
e:\Coding_Notes\Faunari\data\raw\inaturalist\360773456.jpg,inaturalist,Ahaetulla oxyrhynca,non_venomous,cc-by-nc,375,500,843,True,train
e:\Coding_Notes\Faunari\data\raw\inaturalist\360778402.jpg,inaturalist,Ahaetulla perroteti,non_venomous,cc-by-nc,500,281,844,True,train
e:\Coding_Notes\Faunari\data\raw\inaturalist\360780074.jpg,inaturalist,Eryx johnii,non_venomous,,500,220,845,True,train
e:\Coding_Notes\Faunari\data\raw\inaturalist\360800694.jpg,inaturalist,Ptyas mucosa,non_venomous,,225,500,846,True,hardcase
e:\Coding_Notes\Faunari\data\raw\inaturalist\360814629.jpg,inaturalist,Ptyas mucosa,non_venomous,cc-by-nc,500,398,847,True,train
e:\Coding_Notes\Faunari\data\raw\inaturalist\360815043.jpg,inaturalist,Platyceps plinii,non_venomous,cc-by-nc,500,397,848,True,test
e:\Coding_Notes\Faunari\data\raw\inaturalist\360824942.jpg,inaturalist,Coelognathus helena helena,non_venomous,cc-by-nc,369,500,849,True,val
e:\Coding_Notes\Faunari\data\raw\inaturalist\360833367.jpg,inaturalist,Fowlea piscator,non_venomous,cc-by,498,500,850,True,test
e:\Coding_Notes\Faunari\data\raw\inaturalist\360844073.jpg,inaturalist,Fowlea piscator,non_venomous,cc-by-nc,375,500,851,True,val
e:\Coding_Notes\Faunari\data\raw\inaturalist\360847427.jpg,inaturalist,Python molurus,non_venomous,cc-by-nc,375,500,852,True,train
e:\Coding_Notes\Faunari\data\raw\inaturalist\360850458.jpg,inaturalist,Boiga forsteni,non_venomous,cc-by-nc,500,282,853,True,train
e:\Coding_Notes\Faunari\data\raw\inaturalist\360857614.jpg,inaturalist,Hypnale hypnale,venomous,cc-by-nc,500,333,854,True,val
e:\Coding_Notes\Faunari\data\raw\inaturalist\360857623.jpg,inaturalist,Hypnale hypnale,venomous,cc-by-nc,500,333,855,True,train
e:\Coding_Notes\Faunari\data\raw\inaturalist\360857647.jpg,inaturalist,Hypnale hypnale,venomous,cc-by-nc,500,333,856,True,test
e:\Coding_Notes\Faunari\data\raw\inaturalist\360857653.jpg,inaturalist,Amphiesma monticola,non_venomous,cc-by-nc,500,375,857,True,train
e:\Coding_Notes\Faunari\data\raw\inaturalist\360857670.jpg,inaturalist,Hypnale hypnale,venomous,cc-by-nc,500,375,858,True,train
e:\Coding_Notes\Faunari\data\raw\inaturalist\360869398.jpg,inaturalist,Oligodon affinis,non_venomous,,281,500,859,True,train
e:\Coding_Notes\Faunari\data\raw\inaturalist\360870305.jpg,inaturalist,Fowlea piscator,non_venomous,,375,500,860,True,test
e:\Coding_Notes\Faunari\data\raw\inaturalist\360870525.jpg,inaturalist,Rhinophis melanoleucus,non_venomous,,375,500,861,True,train
e:\Coding_Notes\Faunari\data\raw\inaturalist\360871562.jpg,inaturalist,Lycodon travancoricus,non_venomous,cc-by-nc,500,143,862,True,train
e:\Coding_Notes\Faunari\data\raw\inaturalist\360882096.jpg,inaturalist,Lycodon striatus,non_venomous,cc-by-nc,375,500,863,True,train
e:\Coding_Notes\Faunari\data\raw\inaturalist\360888794.jpg,inaturalist,Lycodon aulicus,non_venomous,cc-by-nc,347,500,864,True,train
e:\Coding_Notes\Faunari\data\raw\inaturalist\360889416.jpg,inaturalist,Fowlea piscator,non_venomous,cc-by-nc,416,500,865,True,train
e:\Coding_Notes\Faunari\data\raw\inaturalist\360901256.jpg,inaturalist,Oligodon albocinctus,non_venomous,,500,375,866,True,train
e:\Coding_Notes\Faunari\data\raw\inaturalist\360907417.jpg,inaturalist,Eryx conicus,non_venomous,,375,500,867,True,train
e:\Coding_Notes\Faunari\data\raw\inaturalist\360936174.jpg,inaturalist,Fowlea piscator,non_venomous,cc-by-nc,500,225,868,True,train
e:\Coding_Notes\Faunari\data\raw\inaturalist\361036906.jpg,inaturalist,Melanophidium punctatum,non_venomous,,281,500,869,True,train
e:\Coding_Notes\Faunari\data\raw\inaturalist\361064025.jpg,inaturalist,Fowlea piscator,non_venomous,cc-by-nc,500,364,870,True,train
e:\Coding_Notes\Faunari\data\raw\inaturalist\361074727.jpg,inaturalist,Lycodon travancoricus,non_venomous,cc-by,376,500,871,True,train
e:\Coding_Notes\Faunari\data\raw\inaturalist\361078823.jpg,inaturalist,Fowlea piscator,non_venomous,,225,500,872,True,test
e:\Coding_Notes\Faunari\data\raw\inaturalist\361092934.jpg,inaturalist,Hypnale hypnale,venomous,cc-by-nc,500,281,873,True,train
e:\Coding_Notes\Faunari\data\raw\inaturalist\361095472.jpg,inaturalist,Naja naja,venomous,cc-by-nc,281,500,874,True,train
e:\Coding_Notes\Faunari\data\raw\inaturalist\361134912.jpg,inaturalist,Hypnale hypnale,venomous,,284,500,875,True,train
e:\Coding_Notes\Faunari\data\raw\inaturalist\361149709.jpg,inaturalist,Bungarus caeruleus,venomous,cc-by-nc,375,500,876,True,hardcase
e:\Coding_Notes\Faunari\data\raw\inaturalist\361152747.jpg,inaturalist,Indotyphlops braminus,non_venomous,cc-by-nc,375,500,877,True,train
e:\Coding_Notes\Faunari\data\raw\inaturalist\361158165.jpg,inaturalist,Rhabdophis plumbicolor,non_venomous,cc-by-nc,224,500,878,True,hardcase
e:\Coding_Notes\Faunari\data\raw\inaturalist\361193337.jpg,inaturalist,Ahaetulla malabarica,non_venomous,cc-by-nc,500,375,879,True,test
e:\Coding_Notes\Faunari\data\raw\inaturalist\361212648.jpg,inaturalist,Boiga beddomei,non_venomous,cc-by-nc,227,500,880,True,train
e:\Coding_Notes\Faunari\data\raw\inaturalist\361304370.jpg,inaturalist,Fowlea piscator,non_venomous,cc-by,281,500,881,True,train
e:\Coding_Notes\Faunari\data\raw\inaturalist\361334478.jpg,inaturalist,Lycodon aulicus,non_venomous,cc-by-nc,375,500,882,True,hardcase
e:\Coding_Notes\Faunari\data\raw\inaturalist\361345803.jpg,inaturalist,Ptyas mucosa,non_venomous,cc-by-nc,328,500,883,True,train
e:\Coding_Notes\Faunari\data\raw\inaturalist\361345885.jpg,inaturalist,Ptyas mucosa,non_venomous,cc-by-nc,452,500,884,True,train
e:\Coding_Notes\Faunari\data\raw\inaturalist\361347718.jpg,inaturalist,Fowlea piscator,non_venomous,cc-by,500,396,885,True,train
e:\Coding_Notes\Faunari\data\raw\inaturalist\361347812.jpg,inaturalist,Ptyas mucosa,non_venomous,cc-by-nc,281,500,886,True,train
e:\Coding_Notes\Faunari\data\raw\inaturalist\361363135.jpg,inaturalist,Fowlea piscator,non_venomous,cc-by-nc,375,500,887,True,train
e:\Coding_Notes\Faunari\data\raw\inaturalist\361363138.jpg,inaturalist,Fowlea piscator,non_venomous,cc-by-nc,361,500,888,True,train
e:\Coding_Notes\Faunari\data\raw\inaturalist\361366592.jpg,inaturalist,Ptyas mucosa,non_venomous,cc-by-nc,500,376,889,True,train
e:\Coding_Notes\Faunari\data\raw\inaturalist\361377530.jpg,inaturalist,Ptyas mucosa,non_venomous,,375,500,890,True,train
e:\Coding_Notes\Faunari\data\raw\inaturalist\361378276.jpg,inaturalist,Python molurus,non_venomous,,500,345,891,True,train
e:\Coding_Notes\Faunari\data\raw\inaturalist\361400514.jpg,inaturalist,Daboia russelii,venomous,cc-by-nc,369,500,892,True,val
e:\Coding_Notes\Faunari\data\raw\inaturalist\361409563.jpg,inaturalist,Indotyphlops braminus,non_venomous,cc-by-nc,231,500,893,True,hardcase
e:\Coding_Notes\Faunari\data\raw\inaturalist\361463932.jpg,inaturalist,Daboia russelii,venomous,,500,375,894,True,train
e:\Coding_Notes\Faunari\data\raw\inaturalist\361479476.jpg,inaturalist,Ahaetulla farnsworthi,non_venomous,cc-by-sa,500,333,895,True,train
e:\Coding_Notes\Faunari\data\raw\inaturalist\361479880.jpg,inaturalist,Coelognathus helena helena,non_venomous,cc-by-nc,281,500,896,True,train
e:\Coding_Notes\Faunari\data\raw\inaturalist\361586584.jpg,inaturalist,Ahaetulla oxyrhynca,non_venomous,cc-by,500,375,897,True,test
e:\Coding_Notes\Faunari\data\raw\inaturalist\361602038.jpg,inaturalist,Naja naja,venomous,cc-by-nc,372,500,898,True,train
e:\Coding_Notes\Faunari\data\raw\inaturalist\361616078.jpg,inaturalist,Lycodon travancoricus,non_venomous,,500,360,899,True,test
e:\Coding_Notes\Faunari\data\raw\inaturalist\361628546.jpg,inaturalist,Daboia russelii,venomous,cc-by,500,333,900,True,train
e:\Coding_Notes\Faunari\data\raw\inaturalist\361631074.jpg,inaturalist,Hypnale hypnale,venomous,cc-by-nc,500,332,901,True,train
e:\Coding_Notes\Faunari\data\raw\inaturalist\361635366.jpg,inaturalist,Naja naja,venomous,,500,375,902,True,train
e:\Coding_Notes\Faunari\data\raw\inaturalist\361647693.jpg,inaturalist,Malayopython reticulatus,non_venomous,cc-by-nc,500,375,903,True,val
e:\Coding_Notes\Faunari\data\raw\inaturalist\361651755.jpg,inaturalist,Xylophis perroteti,non_venomous,,224,500,904,True,train
e:\Coding_Notes\Faunari\data\raw\inaturalist\361662891.jpg,inaturalist,Ptyas mucosa,non_venomous,,281,500,905,True,train
e:\Coding_Notes\Faunari\data\raw\inaturalist\361670370.jpg,inaturalist,Craspedocephalus travancoricus,venomous,,500,281,906,True,train
e:\Coding_Notes\Faunari\data\raw\inaturalist\361670937.jpg,inaturalist,Craspedocephalus travancoricus,venomous,,500,333,907,True,train
e:\Coding_Notes\Faunari\data\raw\inaturalist\361671195.jpg,inaturalist,Craspedocephalus travancoricus,venomous,,333,500,908,True,train
e:\Coding_Notes\Faunari\data\raw\inaturalist\361671398.jpg,inaturalist,Craspedocephalus travancoricus,venomous,,500,333,909,True,test
e:\Coding_Notes\Faunari\data\raw\inaturalist\361672245.jpg,inaturalist,Craspedocephalus peltopelor,venomous,,500,447,910,True,train
e:\Coding_Notes\Faunari\data\raw\inaturalist\361674495.jpg,inaturalist,Hypnale hypnale,venomous,,375,500,911,True,test
e:\Coding_Notes\Faunari\data\raw\inaturalist\361708362.jpg,inaturalist,Elaphe hodgsoni,non_venomous,cc-by-nc,500,268,912,True,train
e:\Coding_Notes\Faunari\data\raw\inaturalist\361724432.jpg,inaturalist,Fowlea piscator,non_venomous,cc-by-nc,500,375,913,True,val
e:\Coding_Notes\Faunari\data\raw\inaturalist\361724753.jpg,inaturalist,Pareas monticola,non_venomous,cc-by-nc,500,375,914,True,train
e:\Coding_Notes\Faunari\data\raw\inaturalist\361744587.jpg,inaturalist,Eryx conicus,non_venomous,cc-by-nc,397,500,915,True,val
e:\Coding_Notes\Faunari\data\raw\inaturalist\361819154.jpg,inaturalist,Gloydius himalayanus,venomous,cc-by-nc,500,375,916,True,train
e:\Coding_Notes\Faunari\data\raw\inaturalist\361893609.jpg,inaturalist,Fowlea piscator,non_venomous,cc-by-nc,375,500,917,True,train
e:\Coding_Notes\Faunari\data\raw\inaturalist\361902085.jpg,inaturalist,Oligodon arnensis,non_venomous,,224,500,918,True,train
e:\Coding_Notes\Faunari\data\raw\inaturalist\361902871.jpg,inaturalist,Ptyas mucosa,non_venomous,,433,500,919,True,train
e:\Coding_Notes\Faunari\data\raw\inaturalist\361903390.jpg,inaturalist,Craspedocephalus travancoricus,venomous,,489,500,920,True,train
e:\Coding_Notes\Faunari\data\raw\inaturalist\361903694.jpg,inaturalist,Hypnale hypnale,venomous,,500,333,921,True,train
e:\Coding_Notes\Faunari\data\raw\inaturalist\361905621.jpg,inaturalist,Fowlea piscator,non_venomous,,375,500,922,True,test
e:\Coding_Notes\Faunari\data\raw\inaturalist\361905887.jpg,inaturalist,Ahaetulla oxyrhynca,non_venomous,,375,500,923,True,train
e:\Coding_Notes\Faunari\data\raw\inaturalist\361906258.jpg,inaturalist,Eryx conicus,non_venomous,,224,500,924,True,train
e:\Coding_Notes\Faunari\data\raw\inaturalist\361906521.jpg,inaturalist,Ptyas mucosa,non_venomous,cc-by-nc,500,375,925,True,test
e:\Coding_Notes\Faunari\data\raw\inaturalist\361906618.jpg,inaturalist,Ahaetulla oxyrhynca,non_venomous,,500,375,926,True,train
e:\Coding_Notes\Faunari\data\raw\inaturalist\361907071.jpg,inaturalist,Ahaetulla oxyrhynca,non_venomous,,375,500,927,True,train
e:\Coding_Notes\Faunari\data\raw\inaturalist\361908403.jpg,inaturalist,Lycodon aulicus,non_venomous,cc-by-nc-sa,186,500,928,True,hardcase
e:\Coding_Notes\Faunari\data\raw\inaturalist\361908728.jpg,inaturalist,Ptyas mucosa,non_venomous,,375,500,929,True,val
e:\Coding_Notes\Faunari\data\raw\inaturalist\361910131.jpg,inaturalist,Lycodon hypsirhinoides,non_venomous,cc-by,500,500,930,True,train
e:\Coding_Notes\Faunari\data\raw\inaturalist\361921847.jpg,inaturalist,Bungarus caeruleus,venomous,cc-by,433,500,931,True,hardcase
e:\Coding_Notes\Faunari\data\raw\inaturalist\361927742.jpg,inaturalist,Oligodon taeniolatus,non_venomous,,500,500,932,True,train
e:\Coding_Notes\Faunari\data\raw\inaturalist\361930584.jpg,inaturalist,Fowlea piscator,non_venomous,cc-by-nc,500,281,933,True,train
e:\Coding_Notes\Faunari\data\raw\inaturalist\361939414.jpg,inaturalist,Craspedocephalus travancoricus,venomous,,500,333,934,True,train
e:\Coding_Notes\Faunari\data\raw\inaturalist\361939502.jpg,inaturalist,Hypnale hypnale,venomous,,500,333,935,True,test
e:\Coding_Notes\Faunari\data\raw\inaturalist\361945798.jpg,inaturalist,Ptyas mucosa,non_venomous,cc-by-nc,274,500,936,True,train
e:\Coding_Notes\Faunari\data\raw\inaturalist\362042007.jpg,inaturalist,Lycodon striatus,non_venomous,,224,500,937,True,train
e:\Coding_Notes\Faunari\data\raw\inaturalist\362047851.jpg,inaturalist,Dendrelaphis tristis,non_venomous,,376,500,938,True,train
e:\Coding_Notes\Faunari\data\raw\inaturalist\362232662.jpg,inaturalist,Indotyphlops braminus,non_venomous,cc-by-nc,375,500,939,True,test
e:\Coding_Notes\Faunari\data\raw\inaturalist\362238770.jpg,inaturalist,Ptyas mucosa,non_venomous,cc-by,500,367,940,True,train
e:\Coding_Notes\Faunari\data\raw\inaturalist\362258436.jpg,inaturalist,Boiga nuchalis,non_venomous,cc-by-nc,500,376,941,True,train
e:\Coding_Notes\Faunari\data\raw\inaturalist\362365175.jpg,inaturalist,Boiga stoliczkae,non_venomous,,500,375,942,True,test
e:\Coding_Notes\Faunari\data\raw\inaturalist\362380009.jpg,inaturalist,Hypnale hypnale,venomous,cc-by,375,500,943,True,train
e:\Coding_Notes\Faunari\data\raw\inaturalist\362380121.jpg,inaturalist,Ophiophagus kaalinga,venomous,cc-by-nc,281,500,944,True,train
e:\Coding_Notes\Faunari\data\raw\inaturalist\362380630.jpg,inaturalist,Hypnale hypnale,venomous,cc-by-nc,500,281,945,True,val
e:\Coding_Notes\Faunari\data\raw\inaturalist\362392454.jpg,inaturalist,Craspedocephalus anamallensis,venomous,cc-by-nc,500,281,946,True,train
e:\Coding_Notes\Faunari\data\raw\inaturalist\362392668.jpg,inaturalist,Craspedocephalus anamallensis,venomous,cc-by-nc,281,500,947,True,test
e:\Coding_Notes\Faunari\data\raw\inaturalist\362393333.jpg,inaturalist,Hypnale hypnale,venomous,cc-by,375,500,943,False,train
e:\Coding_Notes\Faunari\data\raw\inaturalist\362393407.jpg,inaturalist,Ophiophagus kaalinga,venomous,cc-by,375,500,948,True,train
e:\Coding_Notes\Faunari\data\raw\inaturalist\362449855.jpg,inaturalist,Hypnale hypnale,venomous,,500,500,949,True,train
e:\Coding_Notes\Faunari\data\raw\inaturalist\362450947.jpg,inaturalist,Lycodon travancoricus,non_venomous,,281,500,950,True,val
e:\Coding_Notes\Faunari\data\raw\inaturalist\362484476.jpg,inaturalist,Craspedocephalus gramineus,venomous,,500,375,951,True,test
e:\Coding_Notes\Faunari\data\raw\inaturalist\362626107.jpg,inaturalist,Rhabdophis plumbicolor,non_venomous,cc-by-nc,500,376,952,True,train
e:\Coding_Notes\Faunari\data\raw\inaturalist\362666208.jpg,inaturalist,Lycodon travancoricus,non_venomous,,500,336,953,True,train
e:\Coding_Notes\Faunari\data\raw\inaturalist\362668657.jpg,inaturalist,Rhabdophis himalayanus,non_venomous,cc-by-nc,451,500,954,True,test
e:\Coding_Notes\Faunari\data\raw\inaturalist\362671139.jpg,inaturalist,Boiga stoliczkae,non_venomous,cc-by-nc,500,360,955,True,val
e:\Coding_Notes\Faunari\data\raw\inaturalist\362691926.jpg,inaturalist,Platyplectrurus madurensis,non_venomous,cc-by-nc,375,500,956,True,train
e:\Coding_Notes\Faunari\data\raw\inaturalist\362697505.jpg,inaturalist,Ahaetulla sahyadrensis,non_venomous,cc-by-nc,500,375,957,True,train
e:\Coding_Notes\Faunari\data\raw\inaturalist\362704324.jpg,inaturalist,Fowlea piscator,non_venomous,,500,333,958,True,train
e:\Coding_Notes\Faunari\data\raw\inaturalist\362719715.jpg,inaturalist,Rhabdophis plumbicolor,non_venomous,,500,375,959,True,train
e:\Coding_Notes\Faunari\data\raw\inaturalist\362720389.jpg,inaturalist,Hypnale hypnale,venomous,,500,375,960,True,train
e:\Coding_Notes\Faunari\data\raw\inaturalist\362721494.jpg,inaturalist,Eryx conicus,non_venomous,cc-by-nc,500,375,961,True,train
e:\Coding_Notes\Faunari\data\raw\inaturalist\362728664.jpg,inaturalist,Dendrelaphis tristis,non_venomous,cc-by-nc,281,500,962,True,test
e:\Coding_Notes\Faunari\data\raw\inaturalist\362755197.jpg,inaturalist,Hypnale hypnale,venomous,cc-by-nc,376,500,963,True,train
e:\Coding_Notes\Faunari\data\raw\inaturalist\362762238.jpg,inaturalist,Ptyas mucosa,non_venomous,cc-by-nc,375,500,964,True,train
e:\Coding_Notes\Faunari\data\raw\inaturalist\362834151.jpg,inaturalist,Lycodon travancoricus,non_venomous,cc-by-nc,369,500,965,True,train
e:\Coding_Notes\Faunari\data\raw\inaturalist\362835444.jpg,inaturalist,Ahaetulla borealis,non_venomous,cc-by-nc,281,500,966,True,test
e:\Coding_Notes\Faunari\data\raw\inaturalist\362836797.jpg,inaturalist,Dendrelaphis ashoki,non_venomous,cc-by-nc,281,500,967,True,train
e:\Coding_Notes\Faunari\data\raw\inaturalist\362837958.jpg,inaturalist,Sahyadriophis beddomei,non_venomous,cc-by-nc,500,375,968,True,train
e:\Coding_Notes\Faunari\data\raw\inaturalist\362871742.jpg,inaturalist,Ptyas mucosa,non_venomous,cc-by-nc,375,500,969,True,test
e:\Coding_Notes\Faunari\data\raw\inaturalist\362930220.jpg,inaturalist,Fowlea piscator,non_venomous,,500,375,970,True,val
e:\Coding_Notes\Faunari\data\raw\inaturalist\362961039.jpg,inaturalist,Daboia russelii,venomous,cc-by-nc,500,386,971,True,train
e:\Coding_Notes\Faunari\data\raw\inaturalist\362962851.jpg,inaturalist,Boiga multifasciata,non_venomous,cc-by-nc-nd,500,303,972,True,val
e:\Coding_Notes\Faunari\data\raw\inaturalist\362972374.jpg,inaturalist,Lycodon aulicus,non_venomous,cc-by-nc,375,500,973,True,hardcase
e:\Coding_Notes\Faunari\data\raw\inaturalist\362981835.jpg,inaturalist,Boiga trigonata,non_venomous,cc-by-nc,456,500,974,True,train
e:\Coding_Notes\Faunari\data\raw\inaturalist\362989045.jpg,inaturalist,Python bivittatus,non_venomous,cc-by-nc,375,500,975,True,train
e:\Coding_Notes\Faunari\data\raw\inaturalist\363015472.jpg,inaturalist,Ptyas mucosa,non_venomous,cc-by-nc,500,333,976,True,val
e:\Coding_Notes\Faunari\data\raw\inaturalist\363016436.jpg,inaturalist,Hypnale hypnale,venomous,cc-by-nc,281,500,977,True,train
e:\Coding_Notes\Faunari\data\raw\inaturalist\363022953.jpg,inaturalist,Daboia russelii,venomous,cc-by-nc,500,324,978,True,train
e:\Coding_Notes\Faunari\data\raw\inaturalist\363027123.jpg,inaturalist,Fowlea piscator,non_venomous,cc-by-nc,281,500,979,True,train
e:\Coding_Notes\Faunari\data\raw\inaturalist\363031761.jpg,inaturalist,Ahaetulla oxyrhynca,non_venomous,cc-by-nc,500,414,980,True,test
e:\Coding_Notes\Faunari\data\raw\inaturalist\363038922.jpg,inaturalist,Ptyas mucosa,non_venomous,cc-by-nc,257,500,981,True,train
e:\Coding_Notes\Faunari\data\raw\inaturalist\363043906.jpg,inaturalist,Trimeresurus erythrurus,venomous,cc-by-nc,376,500,982,True,train
e:\Coding_Notes\Faunari\data\raw\inaturalist\363048114.jpg,inaturalist,Daboia russelii,venomous,cc-by-nc,375,500,983,True,train
e:\Coding_Notes\Faunari\data\raw\inaturalist\363057234.jpg,inaturalist,Boiga forsteni,non_venomous,cc-by-nc,287,500,984,True,val
e:\Coding_Notes\Faunari\data\raw\inaturalist\363062663.jpg,inaturalist,Eryx conicus,non_venomous,cc-by-nc,375,500,985,True,train
e:\Coding_Notes\Faunari\data\raw\inaturalist\363131084.jpg,inaturalist,Amphiesma stolatum,non_venomous,cc0,375,500,986,True,test
e:\Coding_Notes\Faunari\data\raw\inaturalist\363198078.jpg,inaturalist,Ahaetulla malabarica,non_venomous,cc-by-nc,375,500,987,True,train
e:\Coding_Notes\Faunari\data\raw\inaturalist\363205749.jpg,inaturalist,Fowlea piscator,non_venomous,cc-by-nc,500,375,988,True,train
e:\Coding_Notes\Faunari\data\raw\inaturalist\363205757.jpg,inaturalist,Fowlea piscator,non_venomous,cc-by-nc,500,375,989,True,train
e:\Coding_Notes\Faunari\data\raw\inaturalist\363243635.jpg,inaturalist,Grypotyphlops acutus,non_venomous,cc-by-nc,281,500,990,True,val
e:\Coding_Notes\Faunari\data\raw\inaturalist\363256117.jpg,inaturalist,Dendrelaphis girii,non_venomous,,281,500,991,True,val
e:\Coding_Notes\Faunari\data\raw\inaturalist\363261640.jpg,inaturalist,Ptyas mucosa,non_venomous,cc-by-nc,281,500,992,True,train
e:\Coding_Notes\Faunari\data\raw\inaturalist\363273152.jpg,inaturalist,Eryx conicus,non_venomous,cc-by-nc,231,500,993,True,hardcase
e:\Coding_Notes\Faunari\data\raw\inaturalist\363273565.jpg,inaturalist,Fowlea piscator,non_venomous,cc-by,500,281,994,True,train
e:\Coding_Notes\Faunari\data\raw\inaturalist\363284072.jpg,inaturalist,Hypnale hypnale,venomous,,375,500,995,True,train
e:\Coding_Notes\Faunari\data\raw\inaturalist\363291025.jpg,inaturalist,Ptyas mucosa,non_venomous,,225,500,996,True,train
e:\Coding_Notes\Faunari\data\raw\inaturalist\363292970.jpg,inaturalist,Amphiesma stolatum,non_venomous,cc-by-nc,317,500,997,True,val
e:\Coding_Notes\Faunari\data\raw\inaturalist\363310918.jpg,inaturalist,Eryx conicus,non_venomous,cc-by-nc-sa,500,376,998,True,train
e:\Coding_Notes\Faunari\data\raw\inaturalist\363317876.jpg,inaturalist,Craspedocephalus malabaricus,venomous,cc-by-nc,401,500,999,True,train
e:\Coding_Notes\Faunari\data\raw\inaturalist\363348235.jpg,inaturalist,Fowlea piscator,non_venomous,,281,500,1000,True,train
e:\Coding_Notes\Faunari\data\raw\inaturalist\363357874.jpg,inaturalist,Daboia russelii,venomous,cc-by-nc,456,500,1001,True,train
e:\Coding_Notes\Faunari\data\raw\inaturalist\363368641.jpg,inaturalist,Bungarus bungaroides,venomous,cc-by-nc,225,500,1002,True,val
e:\Coding_Notes\Faunari\data\raw\inaturalist\363391038.jpg,inaturalist,Dendrelaphis girii,non_venomous,cc-by,225,500,1003,True,train
e:\Coding_Notes\Faunari\data\raw\inaturalist\363531332.jpg,inaturalist,Fowlea piscator,non_venomous,cc-by-nc,281,500,1004,True,test
e:\Coding_Notes\Faunari\data\raw\inaturalist\363531403.jpg,inaturalist,Fowlea piscator,non_venomous,cc-by-nc,281,500,1005,True,train
e:\Coding_Notes\Faunari\data\raw\inaturalist\363562139.jpg,inaturalist,Naja naja,venomous,cc-by-nc,500,334,1006,True,train
e:\Coding_Notes\Faunari\data\raw\inaturalist\363572921.jpg,inaturalist,Boiga thackerayi,non_venomous,cc-by-nc,375,500,1007,True,train
e:\Coding_Notes\Faunari\data\raw\inaturalist\363575819.jpg,inaturalist,Eryx whitakeri,non_venomous,cc-by-nc,375,500,1008,True,test
e:\Coding_Notes\Faunari\data\raw\inaturalist\363575826.jpg,inaturalist,Oligodon arnensis,non_venomous,cc-by-nc,375,500,1009,True,val
e:\Coding_Notes\Faunari\data\raw\inaturalist\363577155.jpg,inaturalist,Chrysopelea ornata,non_venomous,,333,500,1010,True,train
e:\Coding_Notes\Faunari\data\raw\inaturalist\363591690.jpg,inaturalist,Oligodon arnensis,non_venomous,cc-by-nc,375,500,1011,True,train
e:\Coding_Notes\Faunari\data\raw\inaturalist\363592520.jpg,inaturalist,Lycodon aulicus,non_venomous,cc-by-nc-nd,231,500,1012,True,hardcase
e:\Coding_Notes\Faunari\data\raw\inaturalist\363597880.jpg,inaturalist,Fowlea piscator,non_venomous,cc-by-nc,375,500,1013,True,train
e:\Coding_Notes\Faunari\data\raw\inaturalist\363607020.jpg,inaturalist,Daboia russelii,venomous,cc-by-nc,375,500,1014,True,test
e:\Coding_Notes\Faunari\data\raw\inaturalist\363629753.jpg,inaturalist,Craspedocephalus macrolepis,venomous,cc-by-nc,375,500,1015,True,train
e:\Coding_Notes\Faunari\data\raw\inaturalist\363643634.jpg,inaturalist,Pseudoxenodon macrops,non_venomous,cc-by-nc,375,500,1016,True,test
e:\Coding_Notes\Faunari\data\raw\inaturalist\363643691.jpg,inaturalist,Elaphe cantoris,non_venomous,cc-by-nc,375,500,1017,True,train
e:\Coding_Notes\Faunari\data\raw\inaturalist\363655778.jpg,inaturalist,Lycodon aulicus,non_venomous,cc-by-nc,500,500,1018,True,hardcase
e:\Coding_Notes\Faunari\data\raw\inaturalist\363664761.jpg,inaturalist,Python molurus,non_venomous,,500,281,1019,True,train
e:\Coding_Notes\Faunari\data\raw\inaturalist\363664930.jpg,inaturalist,Sahyadriophis beddomei,non_venomous,cc-by,375,500,1020,True,val
e:\Coding_Notes\Faunari\data\raw\inaturalist\363674997.jpg,inaturalist,Lycodon aulicus,non_venomous,,500,500,1021,True,hardcase
e:\Coding_Notes\Faunari\data\raw\inaturalist\363700320.jpg,inaturalist,Ptyas mucosa,non_venomous,cc-by-nc,500,255,1022,True,train
e:\Coding_Notes\Faunari\data\raw\inaturalist\363700762.jpg,inaturalist,Oligodon taeniolatus,non_venomous,cc-by-nc,281,500,1023,True,val
e:\Coding_Notes\Faunari\data\raw\inaturalist\363720323.jpg,inaturalist,Amphiesma stolatum,non_venomous,cc-by-nc,500,337,1024,True,train
e:\Coding_Notes\Faunari\data\raw\inaturalist\363737763.jpg,inaturalist,Craspedocephalus malabaricus,venomous,cc-by-nc,500,375,1025,True,test
e:\Coding_Notes\Faunari\data\raw\inaturalist\363740117.jpg,inaturalist,Craspedocephalus malabaricus,venomous,cc-by-nc,500,375,1026,True,train
e:\Coding_Notes\Faunari\data\raw\inaturalist\363835069.jpg,inaturalist,Lycodon travancoricus,non_venomous,cc-by-nc,500,375,1027,True,train
e:\Coding_Notes\Faunari\data\raw\inaturalist\363853824.jpg,inaturalist,Eryx whitakeri,non_venomous,cc-by-nc,375,500,1028,True,train
e:\Coding_Notes\Faunari\data\raw\inaturalist\363857649.jpg,inaturalist,Fowlea piscator,non_venomous,cc-by-nc,500,375,1029,True,train
e:\Coding_Notes\Faunari\data\raw\inaturalist\363871755.jpg,inaturalist,Hypnale hypnale,venomous,cc-by-nc,380,500,1030,True,train
e:\Coding_Notes\Faunari\data\raw\inaturalist\363872584.jpg,inaturalist,Coelognathus helena,non_venomous,,284,500,1031,True,train
e:\Coding_Notes\Faunari\data\raw\inaturalist\363879602.jpg,inaturalist,Fowlea piscator,non_venomous,cc-by-nc,500,333,1032,True,train
e:\Coding_Notes\Faunari\data\raw\inaturalist\363892646.jpg,inaturalist,Craspedocephalus malabaricus,venomous,cc-by-nc,500,375,1033,True,train
e:\Coding_Notes\Faunari\data\raw\inaturalist\363892666.jpg,inaturalist,Craspedocephalus malabaricus,venomous,cc-by-nc,375,500,1034,True,val
e:\Coding_Notes\Faunari\data\raw\inaturalist\363892679.jpg,inaturalist,Craspedocephalus malabaricus,venomous,cc-by-nc,296,500,1035,True,train
e:\Coding_Notes\Faunari\data\raw\inaturalist\363893131.jpg,inaturalist,Calliophis nigrescens,venomous,cc-by-nc,500,290,1036,True,train
e:\Coding_Notes\Faunari\data\raw\inaturalist\363893162.jpg,inaturalist,Ahaetulla borealis,non_venomous,cc-by-nc,500,333,1037,True,val
e:\Coding_Notes\Faunari\data\raw\inaturalist\363899427.jpg,inaturalist,Eryx conicus,non_venomous,cc-by-nc,281,500,1038,True,train
e:\Coding_Notes\Faunari\data\raw\inaturalist\363909331.jpg,inaturalist,Oligodon arnensis,non_venomous,,231,500,1039,True,hardcase
e:\Coding_Notes\Faunari\data\raw\inaturalist\363913185.jpg,inaturalist,Craspedocephalus malabaricus,venomous,cc-by-nc,375,500,1040,True,train
e:\Coding_Notes\Faunari\data\raw\inaturalist\363913197.jpg,inaturalist,Craspedocephalus malabaricus,venomous,cc-by-nc,500,375,1041,True,test
e:\Coding_Notes\Faunari\data\raw\inaturalist\363913348.jpg,inaturalist,Ahaetulla farnsworthi,non_venomous,cc-by-nc,375,500,1042,True,train
e:\Coding_Notes\Faunari\data\raw\inaturalist\363913394.jpg,inaturalist,Sahyadriophis beddomei,non_venomous,cc-by-nc,375,500,1043,True,test
e:\Coding_Notes\Faunari\data\raw\inaturalist\363913417.jpg,inaturalist,Craspedocephalus malabaricus,venomous,cc-by-nc,500,375,1044,True,val
e:\Coding_Notes\Faunari\data\raw\inaturalist\363913433.jpg,inaturalist,Craspedocephalus malabaricus,venomous,cc-by-nc,500,375,1045,True,train
e:\Coding_Notes\Faunari\data\raw\inaturalist\363913633.jpg,inaturalist,Ophiophagus kaalinga,venomous,cc-by-nc,500,375,1046,True,train
e:\Coding_Notes\Faunari\data\raw\inaturalist\363913789.jpg,inaturalist,Ahaetulla farnsworthi,non_venomous,cc-by-nc,500,375,1047,True,train
e:\Coding_Notes\Faunari\data\raw\inaturalist\363913913.jpg,inaturalist,Ahaetulla farnsworthi,non_venomous,cc-by-nc,500,375,1048,True,test
e:\Coding_Notes\Faunari\data\raw\inaturalist\363914108.jpg,inaturalist,Boiga nuchalis,non_venomous,cc-by-nc,500,375,1049,True,train
e:\Coding_Notes\Faunari\data\raw\inaturalist\363914192.jpg,inaturalist,Boiga nuchalis,non_venomous,cc-by-nc,375,500,1050,True,test
e:\Coding_Notes\Faunari\data\raw\inaturalist\363914332.jpg,inaturalist,Fowlea piscator,non_venomous,cc-by-nc,375,500,1051,True,train
e:\Coding_Notes\Faunari\data\raw\inaturalist\363914740.jpg,inaturalist,Craspedocephalus malabaricus,venomous,cc-by-nc,500,375,1052,True,train
e:\Coding_Notes\Faunari\data\raw\inaturalist\363914763.jpg,inaturalist,Craspedocephalus malabaricus,venomous,cc-by-nc,500,375,1053,True,val
e:\Coding_Notes\Faunari\data\raw\inaturalist\363914915.jpg,inaturalist,Lycodon travancoricus,non_venomous,cc-by-nc,500,337,1054,True,train
e:\Coding_Notes\Faunari\data\raw\inaturalist\363915063.jpg,inaturalist,Craspedocephalus malabaricus,venomous,cc-by-nc,375,500,1055,True,train
e:\Coding_Notes\Faunari\data\raw\inaturalist\363915085.jpg,inaturalist,Craspedocephalus malabaricus,venomous,cc-by-nc,500,375,1056,True,train
e:\Coding_Notes\Faunari\data\raw\inaturalist\363915110.jpg,inaturalist,Hypnale hypnale,venomous,cc-by-nc,500,375,1057,True,val
e:\Coding_Notes\Faunari\data\raw\inaturalist\363915127.jpg,inaturalist,Ahaetulla farnsworthi,non_venomous,cc-by-nc,500,375,1058,True,train
e:\Coding_Notes\Faunari\data\raw\inaturalist\363915143.jpg,inaturalist,Craspedocephalus malabaricus,venomous,cc-by-nc,500,375,1059,True,train
e:\Coding_Notes\Faunari\data\raw\inaturalist\363915164.jpg,inaturalist,Dendrelaphis grandoculis,non_venomous,cc-by-nc,286,500,1060,True,val
e:\Coding_Notes\Faunari\data\raw\inaturalist\363915184.jpg,inaturalist,Craspedocephalus malabaricus,venomous,cc-by-nc,500,375,1061,True,train
e:\Coding_Notes\Faunari\data\raw\inaturalist\363917945.jpg,inaturalist,Melanophidium wynaudense,non_venomous,cc-by-nc,396,500,1062,True,val
e:\Coding_Notes\Faunari\data\raw\inaturalist\363918019.jpg,inaturalist,Amphiesma stolatum,non_venomous,cc-by-nc,281,500,1063,True,val
e:\Coding_Notes\Faunari\data\raw\inaturalist\363918099.jpg,inaturalist,Dendrelaphis tristis,non_venomous,cc-by-nc,500,282,1064,True,test
e:\Coding_Notes\Faunari\data\raw\inaturalist\363924293.jpg,inaturalist,Python molurus,non_venomous,cc-by-nc,375,500,1065,True,train
e:\Coding_Notes\Faunari\data\raw\inaturalist\363926713.jpg,inaturalist,Craspedocephalus gramineus,venomous,cc-by-nc,375,500,1066,True,test
e:\Coding_Notes\Faunari\data\raw\inaturalist\363926732.jpg,inaturalist,Craspedocephalus gramineus,venomous,cc-by-nc,375,500,1067,True,train
e:\Coding_Notes\Faunari\data\raw\inaturalist\363926746.jpg,inaturalist,Ahaetulla oxyrhynca,non_venomous,cc-by-nc,500,375,1068,True,train
e:\Coding_Notes\Faunari\data\raw\inaturalist\363926760.jpg,inaturalist,Dendrelaphis tristis,non_venomous,cc-by-nc,375,500,1069,True,train
e:\Coding_Notes\Faunari\data\raw\inaturalist\363931682.jpg,inaturalist,Sibynophis collaris,non_venomous,cc-by-nc,376,500,1070,True,test
e:\Coding_Notes\Faunari\data\raw\inaturalist\363938673.jpg,inaturalist,Boiga wallachi,non_venomous,,500,281,1071,True,train
e:\Coding_Notes\Faunari\data\raw\inaturalist\363956455.jpg,inaturalist,Ptyas mucosa,non_venomous,cc-by-nc,500,447,1072,True,val
e:\Coding_Notes\Faunari\data\raw\inaturalist\363966491.jpg,inaturalist,Daboia russelii,venomous,,500,354,1073,True,train
e:\Coding_Notes\Faunari\data\raw\inaturalist\363967223.jpg,inaturalist,Fowlea piscator,non_venomous,,500,372,1074,True,train
e:\Coding_Notes\Faunari\data\raw\inaturalist\363969977.jpg,inaturalist,Daboia russelii,venomous,,500,367,1075,True,train
e:\Coding_Notes\Faunari\data\raw\inaturalist\363970350.jpg,inaturalist,Daboia russelii,venomous,cc-by,225,500,1076,True,hardcase
e:\Coding_Notes\Faunari\data\raw\inaturalist\363970691.jpg,inaturalist,Craspedocephalus strigatus,venomous,cc-by-nc,500,375,1077,True,train
e:\Coding_Notes\Faunari\data\raw\inaturalist\363978583.jpg,inaturalist,Ptyas mucosa,non_venomous,cc-by-nc,500,333,1078,True,val
e:\Coding_Notes\Faunari\data\raw\inaturalist\363978849.jpg,inaturalist,Lycodon travancoricus,non_venomous,,375,500,1079,True,test
e:\Coding_Notes\Faunari\data\raw\inaturalist\363980483.jpg,inaturalist,Pseudoindotyphlops porrectus,non_venomous,cc-by-nc,500,319,1080,True,val
e:\Coding_Notes\Faunari\data\raw\inaturalist\364038889.jpg,inaturalist,Eryx johnii,non_venomous,cc-by-nc,375,500,1081,True,train
e:\Coding_Notes\Faunari\data\raw\inaturalist\364041811.jpg,inaturalist,Boiga cyanea,non_venomous,cc-by-nc,375,500,1082,True,test
e:\Coding_Notes\Faunari\data\raw\inaturalist\364142565.jpg,inaturalist,Craspedocephalus malabaricus,venomous,cc-by-nc,500,298,1083,True,test
e:\Coding_Notes\Faunari\data\raw\inaturalist\364151038.jpg,inaturalist,Indotyphlops braminus,non_venomous,cc-by-nc,375,500,1084,True,train
e:\Coding_Notes\Faunari\data\raw\inaturalist\364153439.jpg,inaturalist,Trimeresurus andersonii,venomous,,225,500,1085,True,train
e:\Coding_Notes\Faunari\data\raw\inaturalist\364153864.jpg,inaturalist,Trimeresurus andersonii,venomous,,225,500,1086,True,test
e:\Coding_Notes\Faunari\data\raw\inaturalist\364154547.jpg,inaturalist,Lycodon hypsirhinoides,non_venomous,,500,225,1087,True,test
e:\Coding_Notes\Faunari\data\raw\inaturalist\364156941.jpg,inaturalist,Ptyas mucosa,non_venomous,,500,375,1088,True,train
e:\Coding_Notes\Faunari\data\raw\inaturalist\364157479.jpg,inaturalist,Naja naja,venomous,,375,500,1089,True,test
e:\Coding_Notes\Faunari\data\raw\inaturalist\364158450.jpg,inaturalist,Eryx conicus,non_venomous,cc-by-nc,281,500,1090,True,val
e:\Coding_Notes\Faunari\data\raw\inaturalist\364159513.jpg,inaturalist,Daboia russelii,venomous,cc-by-nc,281,500,1091,True,train
e:\Coding_Notes\Faunari\data\raw\inaturalist\364161907.jpg,inaturalist,Lycodon fasciolatus,non_venomous,,375,500,1092,True,train
e:\Coding_Notes\Faunari\data\raw\inaturalist\364169400.jpg,inaturalist,Boiga nuchalis,non_venomous,cc-by-nc,225,500,1093,True,val
e:\Coding_Notes\Faunari\data\raw\inaturalist\364173424.jpg,inaturalist,Fowlea piscator,non_venomous,,375,500,1094,True,train
e:\Coding_Notes\Faunari\data\raw\inaturalist\364189074.jpg,inaturalist,Ptyas mucosa,non_venomous,,500,282,1095,True,test
e:\Coding_Notes\Faunari\data\raw\inaturalist\364191523.jpg,inaturalist,Naja naja,venomous,cc-by-nc,500,333,1096,True,train
e:\Coding_Notes\Faunari\data\raw\inaturalist\364195235.jpg,inaturalist,Ptyas mucosa,non_venomous,cc-by-nc-nd,375,500,1097,True,train
e:\Coding_Notes\Faunari\data\raw\inaturalist\364205691.jpg,inaturalist,Fowlea piscator,non_venomous,cc-by-nc,375,500,1098,True,test
e:\Coding_Notes\Faunari\data\raw\inaturalist\364218009.jpg,inaturalist,Sahyadriophis beddomei,non_venomous,,500,375,1099,True,val
e:\Coding_Notes\Faunari\data\raw\inaturalist\364223941.jpg,inaturalist,Naja naja,venomous,,500,375,1100,True,hardcase
e:\Coding_Notes\Faunari\data\raw\inaturalist\364227105.jpg,inaturalist,Python molurus,non_venomous,cc-by-nc,375,500,1101,True,test
e:\Coding_Notes\Faunari\data\raw\inaturalist\364230829.jpg,inaturalist,Craspedocephalus gramineus,venomous,cc-by-nc,463,500,1102,True,val
e:\Coding_Notes\Faunari\data\raw\inaturalist\364230915.jpg,inaturalist,Boiga beddomei,non_venomous,cc-by-nc,500,500,1103,True,train
e:\Coding_Notes\Faunari\data\raw\inaturalist\364230947.jpg,inaturalist,Craspedocephalus malabaricus,venomous,cc-by-nc,500,500,1104,True,train
e:\Coding_Notes\Faunari\data\raw\inaturalist\364233929.jpg,inaturalist,Xylophis perroteti,non_venomous,,224,500,1105,True,train
e:\Coding_Notes\Faunari\data\raw\inaturalist\364248322.jpg,inaturalist,Naja naja,venomous,cc-by-nc,500,413,1106,True,hardcase
e:\Coding_Notes\Faunari\data\raw\inaturalist\364248470.jpg,inaturalist,Echis carinatus,venomous,cc-by-nc,292,500,1107,True,val
e:\Coding_Notes\Faunari\data\raw\inaturalist\364260464.jpg,inaturalist,Indotyphlops braminus,non_venomous,cc-by-nc,281,500,1108,True,train
e:\Coding_Notes\Faunari\data\raw\inaturalist\364268021.jpg,inaturalist,Sahyadriophis beddomei,non_venomous,cc-by-nc,375,500,1109,True,test
e:\Coding_Notes\Faunari\data\raw\inaturalist\364276268.jpg,inaturalist,Ptyas mucosa,non_venomous,cc-by-nc,375,500,964,False,train
e:\Coding_Notes\Faunari\data\raw\inaturalist\364291766.jpg,inaturalist,Fowlea piscator,non_venomous,,375,500,1110,True,train
e:\Coding_Notes\Faunari\data\raw\inaturalist\364304809.jpg,inaturalist,Bungarus caeruleus,venomous,,364,500,1111,True,hardcase
e:\Coding_Notes\Faunari\data\raw\inaturalist\364317147.jpg,inaturalist,Indotyphlops braminus,non_venomous,cc-by-nc,500,375,1112,True,train
e:\Coding_Notes\Faunari\data\raw\inaturalist\364332594.jpg,inaturalist,Uropeltis myhendrae,non_venomous,,500,375,1113,True,train
e:\Coding_Notes\Faunari\data\raw\inaturalist\364355159.jpg,inaturalist,Elaphe hodgsoni,non_venomous,cc-by-nc,500,375,1114,True,train
e:\Coding_Notes\Faunari\data\raw\inaturalist\364356650.jpg,inaturalist,Coelognathus helena helena,non_venomous,,375,500,1115,True,val
e:\Coding_Notes\Faunari\data\raw\inaturalist\364376460.jpg,inaturalist,Lycodon travancoricus,non_venomous,cc-by-nc,375,500,1116,True,train
e:\Coding_Notes\Faunari\data\raw\inaturalist\364408151.jpg,inaturalist,Ptyas mucosa,non_venomous,cc-by-nc,500,333,1117,True,hardcase
e:\Coding_Notes\Faunari\data\raw\inaturalist\364422975.jpg,inaturalist,Ahaetulla sahyadrensis,non_venomous,cc-by-nc,381,500,1118,True,train
e:\Coding_Notes\Faunari\data\raw\inaturalist\364523676.jpg,inaturalist,Eryx conicus,non_venomous,cc-by-nc,375,500,1119,True,train
e:\Coding_Notes\Faunari\data\raw\inaturalist\364547156.jpg,inaturalist,Lycodon aulicus,non_venomous,,375,500,1120,True,hardcase
e:\Coding_Notes\Faunari\data\raw\inaturalist\364548566.jpg,inaturalist,Lycodon fasciolatus,non_venomous,,375,500,1121,True,train
e:\Coding_Notes\Faunari\data\raw\inaturalist\364550380.jpg,inaturalist,Lycodon travancoricus,non_venomous,cc-by-nc,231,500,1122,True,hardcase
e:\Coding_Notes\Faunari\data\raw\inaturalist\364557713.jpg,inaturalist,Naja naja,venomous,,281,500,1123,True,train
e:\Coding_Notes\Faunari\data\raw\inaturalist\364559235.jpg,inaturalist,Fowlea piscator,non_venomous,cc-by-nc,500,375,1124,True,val
e:\Coding_Notes\Faunari\data\raw\inaturalist\364568004.jpg,inaturalist,Ptyas mucosa,non_venomous,,500,375,1125,True,train
e:\Coding_Notes\Faunari\data\raw\inaturalist\364568389.jpg,inaturalist,Eryx conicus,non_venomous,cc-by-nc,500,314,1126,True,train
e:\Coding_Notes\Faunari\data\raw\inaturalist\364569225.jpg,inaturalist,Naja naja,venomous,cc-by-nc,500,442,1127,True,test
e:\Coding_Notes\Faunari\data\raw\inaturalist\364570248.jpg,inaturalist,Psammophis schokari,non_venomous,cc-by-nc,500,375,1128,True,train
e:\Coding_Notes\Faunari\data\raw\inaturalist\364570675.jpg,inaturalist,Eryx johnii,non_venomous,cc-by-nc,500,375,1129,True,test
e:\Coding_Notes\Faunari\data\raw\inaturalist\364583352.jpg,inaturalist,Boiga forsteni,non_venomous,cc-by-nc,375,500,1130,True,test
e:\Coding_Notes\Faunari\data\raw\inaturalist\364591546.jpg,inaturalist,Fowlea piscator,non_venomous,cc-by-nc,299,500,1131,True,train
e:\Coding_Notes\Faunari\data\raw\inaturalist\364597218.jpg,inaturalist,Amphiesma monticola,non_venomous,cc-by-nc,375,500,1132,True,train
e:\Coding_Notes\Faunari\data\raw\inaturalist\364602330.jpg,inaturalist,Lycodon jara,non_venomous,cc-by-nc,375,500,1133,True,train
e:\Coding_Notes\Faunari\data\raw\inaturalist\364620173.jpg,inaturalist,Craspedocephalus malabaricus,venomous,cc-by-nc,500,375,1134,True,test
e:\Coding_Notes\Faunari\data\raw\inaturalist\364639593.jpg,inaturalist,Fowlea piscator,non_venomous,cc-by-nc,500,500,1135,True,train
e:\Coding_Notes\Faunari\data\raw\inaturalist\364642598.jpg,inaturalist,Eryx whitakeri,non_venomous,,375,500,1136,True,test
e:\Coding_Notes\Faunari\data\raw\inaturalist\364665925.jpg,inaturalist,Fowlea piscator,non_venomous,,375,500,1137,True,train
e:\Coding_Notes\Faunari\data\raw\inaturalist\364692932.jpg,inaturalist,Oligodon tillacki,non_venomous,cc-by-nc,500,500,1138,True,train
e:\Coding_Notes\Faunari\data\raw\inaturalist\364696719.jpg,inaturalist,Oligodon tillacki,non_venomous,,375,500,1139,True,val
e:\Coding_Notes\Faunari\data\raw\inaturalist\364701123.jpg,inaturalist,Ahaetulla oxyrhynca,non_venomous,,500,313,1140,True,train
e:\Coding_Notes\Faunari\data\raw\inaturalist\364714841.jpg,inaturalist,Lycodon fasciatus,non_venomous,,224,500,1141,True,train
e:\Coding_Notes\Faunari\data\raw\inaturalist\364761376.jpg,inaturalist,Bungarus fasciatus,venomous,cc-by-nc,500,375,1142,True,train
e:\Coding_Notes\Faunari\data\raw\inaturalist\364867007.jpg,inaturalist,Naja naja,venomous,cc-by-nc,500,333,1143,True,test
e:\Coding_Notes\Faunari\data\raw\inaturalist\364920274.jpg,inaturalist,Boiga forsteni,non_venomous,cc-by-nc,375,500,1144,True,train
e:\Coding_Notes\Faunari\data\raw\inaturalist\364925283.jpg,inaturalist,Naja naja,venomous,cc-by-nc,375,500,1145,True,hardcase
e:\Coding_Notes\Faunari\data\raw\inaturalist\364935953.jpg,inaturalist,Dendrelaphis tristis,non_venomous,,375,500,1146,True,train
e:\Coding_Notes\Faunari\data\raw\inaturalist\364943127.jpg,inaturalist,Craspedocephalus anamallensis,venomous,cc-by-nc,281,500,1147,True,val
e:\Coding_Notes\Faunari\data\raw\inaturalist\364949402.jpg,inaturalist,Hypnale hypnale,venomous,,375,500,1148,True,train
e:\Coding_Notes\Faunari\data\raw\inaturalist\364961078.jpg,inaturalist,Craspedocephalus anamallensis,venomous,cc-by,375,500,1149,True,train
e:\Coding_Notes\Faunari\data\raw\inaturalist\364963771.jpg,inaturalist,Naja naja,venomous,cc-by-nc,281,500,1150,True,test
e:\Coding_Notes\Faunari\data\raw\inaturalist\364966297.jpg,inaturalist,Eryx conicus,non_venomous,,281,500,1151,True,train
e:\Coding_Notes\Faunari\data\raw\inaturalist\364972857.jpg,inaturalist,Fowlea piscator,non_venomous,cc-by-nc,499,500,1152,True,train
e:\Coding_Notes\Faunari\data\raw\inaturalist\364978623.jpg,inaturalist,Sahyadriophis beddomei,non_venomous,cc-by-nc-nd,500,333,1153,True,train
e:\Coding_Notes\Faunari\data\raw\inaturalist\364980335.jpg,inaturalist,Dendrelaphis chairecacos,non_venomous,cc-by-nc-nd,500,292,1154,True,train
e:\Coding_Notes\Faunari\data\raw\inaturalist\364982908.jpg,inaturalist,Lycodon striatus,non_venomous,cc-by-nc,500,260,1155,True,train
e:\Coding_Notes\Faunari\data\raw\inaturalist\364990609.jpg,inaturalist,Dendrelaphis tristis,non_venomous,cc-by-nc,500,333,1156,True,train
e:\Coding_Notes\Faunari\data\raw\inaturalist\364994412.jpg,inaturalist,Craspedocephalus macrolepis,venomous,cc-by-nc,500,281,1157,True,train
e:\Coding_Notes\Faunari\data\raw\inaturalist\364994569.jpg,inaturalist,Craspedocephalus anamallensis,venomous,cc-by-nc,500,281,1158,True,train
e:\Coding_Notes\Faunari\data\raw\inaturalist\364996470.jpg,inaturalist,Fowlea piscator,non_venomous,cc-by-nc,375,500,1159,True,train
e:\Coding_Notes\Faunari\data\raw\inaturalist\364998850.jpg,inaturalist,Amphiesma stolatum,non_venomous,cc-by-nc,446,500,1160,True,train
e:\Coding_Notes\Faunari\data\raw\inaturalist\365003501.jpg,inaturalist,Echis carinatus,venomous,cc-by-nc,500,400,1161,True,test
e:\Coding_Notes\Faunari\data\raw\inaturalist\365035498.jpg,inaturalist,Fowlea piscator,non_venomous,cc-by-nc-nd,500,231,1162,True,train
e:\Coding_Notes\Faunari\data\raw\inaturalist\365040961.jpg,inaturalist,Indotyphlops braminus,non_venomous,,500,445,1163,True,train
e:\Coding_Notes\Faunari\data\raw\inaturalist\365043750.jpg,inaturalist,Lycodon travancoricus,non_venomous,cc-by-nc,376,500,1164,True,train
e:\Coding_Notes\Faunari\data\raw\inaturalist\365050650.jpg,inaturalist,Boiga cyanea,non_venomous,cc-by-nc,500,375,1165,True,test
e:\Coding_Notes\Faunari\data\raw\inaturalist\365055015.jpg,inaturalist,Lycodon zawi,non_venomous,cc-by-nc,438,500,1166,True,val
e:\Coding_Notes\Faunari\data\raw\inaturalist\365076865.jpg,inaturalist,Fowlea piscator,non_venomous,cc-by,500,491,1167,True,val
e:\Coding_Notes\Faunari\data\raw\inaturalist\365099436.jpg,inaturalist,Boiga forsteni,non_venomous,cc-by-nc,333,500,1168,True,train
e:\Coding_Notes\Faunari\data\raw\inaturalist\365101451.jpg,inaturalist,Ptyas mucosa,non_venomous,cc-by-nc,500,333,1169,True,train
e:\Coding_Notes\Faunari\data\raw\inaturalist\365284751.jpg,inaturalist,Dendrelaphis proarchos,non_venomous,cc-by-nc,375,500,1170,True,train
e:\Coding_Notes\Faunari\data\raw\inaturalist\365312777.jpg,inaturalist,Naja naja,venomous,cc-by-nc,337,500,1171,True,hardcase
e:\Coding_Notes\Faunari\data\raw\inaturalist\365322506.jpg,inaturalist,Grypotyphlops acutus,non_venomous,cc-by-nc,500,232,1172,True,train
e:\Coding_Notes\Faunari\data\raw\inaturalist\365328506.jpg,inaturalist,Fowlea piscator,non_venomous,cc-by-nc,500,375,1173,True,test
e:\Coding_Notes\Faunari\data\raw\inaturalist\365347006.jpg,inaturalist,Boiga wallachi,non_venomous,cc-by-nc,376,500,1174,True,train
e:\Coding_Notes\Faunari\data\raw\inaturalist\365361660.jpg,inaturalist,Pseudoxenodon macrops,non_venomous,cc-by,375,500,1175,True,train
e:\Coding_Notes\Faunari\data\raw\inaturalist\365377243.jpg,inaturalist,Xylophis perroteti,non_venomous,cc-by-nc,375,500,1176,True,train
e:\Coding_Notes\Faunari\data\raw\inaturalist\365377332.jpg,inaturalist,Xylophis perroteti,non_venomous,cc-by-nc,375,500,1177,True,train
e:\Coding_Notes\Faunari\data\raw\inaturalist\365434949.jpg,inaturalist,Ptyas mucosa,non_venomous,cc-by-nc,416,500,1178,True,hardcase
e:\Coding_Notes\Faunari\data\raw\inaturalist\365457479.jpg,inaturalist,Echis carinatus,venomous,cc-by-nc,281,500,1179,True,val
e:\Coding_Notes\Faunari\data\raw\inaturalist\365462803.jpg,inaturalist,Amphiesma monticola,non_venomous,,500,500,1180,True,train
e:\Coding_Notes\Faunari\data\raw\inaturalist\365466393.jpg,inaturalist,Lycodon aulicus,non_venomous,cc-by-nc,375,500,1181,True,hardcase
e:\Coding_Notes\Faunari\data\raw\inaturalist\365467896.jpg,inaturalist,Python molurus,non_venomous,cc-by-nc,375,500,1182,True,val
e:\Coding_Notes\Faunari\data\raw\inaturalist\365468088.jpg,inaturalist,Lycodon jara,non_venomous,cc-by-nc,500,375,1183,True,train
e:\Coding_Notes\Faunari\data\raw\inaturalist\365471807.jpg,inaturalist,Ptyas mucosa,non_venomous,,375,500,1184,True,val
e:\Coding_Notes\Faunari\data\raw\inaturalist\365472005.jpg,inaturalist,Daboia russelii,venomous,,500,375,1185,True,train
e:\Coding_Notes\Faunari\data\raw\inaturalist\365481526.jpg,inaturalist,Craspedocephalus malabaricus,venomous,cc-by-nc,500,333,1186,True,train
e:\Coding_Notes\Faunari\data\raw\inaturalist\365481534.jpg,inaturalist,Craspedocephalus malabaricus,venomous,cc-by-nc,500,333,1187,True,train
e:\Coding_Notes\Faunari\data\raw\inaturalist\365481538.jpg,inaturalist,Fowlea piscator,non_venomous,cc-by-nc,500,333,1188,True,val
e:\Coding_Notes\Faunari\data\raw\inaturalist\365584318.jpg,inaturalist,Daboia russelii,venomous,cc-by-nc,500,375,1189,True,test
e:\Coding_Notes\Faunari\data\raw\inaturalist\365592254.jpg,inaturalist,Amphiesma stolatum,non_venomous,cc-by,500,417,1190,True,train
e:\Coding_Notes\Faunari\data\raw\inaturalist\365593584.jpg,inaturalist,Dendrelaphis girii,non_venomous,cc-by,375,500,1191,True,train
e:\Coding_Notes\Faunari\data\raw\inaturalist\365594446.jpg,inaturalist,Dieurostus dussumieri,non_venomous,cc-by,375,500,213,True,train
e:\Coding_Notes\Faunari\data\raw\inaturalist\365640476.jpg,inaturalist,Amphiesma stolatum,non_venomous,cc-by,500,375,1192,True,test
e:\Coding_Notes\Faunari\data\raw\inaturalist\365641148.jpg,inaturalist,Indotyphlops braminus,non_venomous,cc-by-nc,375,500,1193,True,train
e:\Coding_Notes\Faunari\data\raw\inaturalist\365642584.jpg,inaturalist,Ptyas korros,non_venomous,cc-by-nc,281,500,1194,True,val
e:\Coding_Notes\Faunari\data\raw\inaturalist\365648705.jpg,inaturalist,Herpetoreas platyceps,non_venomous,cc-by-nc,500,246,1195,True,hardcase
e:\Coding_Notes\Faunari\data\raw\inaturalist\365669736.jpg,inaturalist,Hypnale hypnale,venomous,cc-by-nc,375,500,1196,True,train
e:\Coding_Notes\Faunari\data\raw\inaturalist\365675109.jpg,inaturalist,Ahaetulla malabarica,non_venomous,cc-by-nc,500,333,1197,True,train
e:\Coding_Notes\Faunari\data\raw\inaturalist\365675110.jpg,inaturalist,Craspedocephalus malabaricus,venomous,cc-by-nc,500,333,1198,True,train
e:\Coding_Notes\Faunari\data\raw\inaturalist\365679301.jpg,inaturalist,Lycodon striatus,non_venomous,,281,500,1199,True,train
e:\Coding_Notes\Faunari\data\raw\inaturalist\365697213.jpg,inaturalist,Chrysopelea ornata,non_venomous,cc-by-nc,375,500,1200,True,train
e:\Coding_Notes\Faunari\data\raw\inaturalist\365704774.jpg,inaturalist,Coelognathus helena,non_venomous,,375,500,1201,True,test
e:\Coding_Notes\Faunari\data\raw\inaturalist\365705282.jpg,inaturalist,Amphiesma stolatum,non_venomous,,375,500,1202,True,val
e:\Coding_Notes\Faunari\data\raw\inaturalist\365705726.jpg,inaturalist,Boiga thackerayi,non_venomous,cc-by-nc,500,375,1203,True,train
e:\Coding_Notes\Faunari\data\raw\inaturalist\365705743.jpg,inaturalist,Craspedocephalus anamallensis,venomous,cc-by-nc,500,375,1204,True,test
e:\Coding_Notes\Faunari\data\raw\inaturalist\365723440.jpg,inaturalist,Fowlea piscator,non_venomous,cc-by-nc,375,500,1205,True,val
e:\Coding_Notes\Faunari\data\raw\inaturalist\365724049.jpg,inaturalist,Lycodon jara,non_venomous,cc-by-nc,375,500,1206,True,train
e:\Coding_Notes\Faunari\data\raw\inaturalist\365732680.jpg,inaturalist,Fowlea piscator,non_venomous,cc-by-nc-sa,500,375,1207,True,train
e:\Coding_Notes\Faunari\data\raw\inaturalist\365733175.jpg,inaturalist,Fowlea piscator,non_venomous,,375,500,1208,True,train
e:\Coding_Notes\Faunari\data\raw\inaturalist\365739386.jpg,inaturalist,Fowlea piscator,non_venomous,cc-by,281,500,1209,True,train
e:\Coding_Notes\Faunari\data\raw\inaturalist\365749655.jpg,inaturalist,Calliophis bibroni,venomous,cc-by-nc,500,384,1210,True,train
e:\Coding_Notes\Faunari\data\raw\inaturalist\365750671.jpg,inaturalist,Dendrelaphis chairecacos,non_venomous,cc-by-nc,500,318,1211,True,train
e:\Coding_Notes\Faunari\data\raw\inaturalist\365753847.jpg,inaturalist,Lycodon jara,non_venomous,cc-by-nc,375,500,1212,True,train
e:\Coding_Notes\Faunari\data\raw\inaturalist\365754312.jpg,inaturalist,Lycodon jara,non_venomous,cc-by-nc,500,334,1213,True,val
e:\Coding_Notes\Faunari\data\raw\inaturalist\365759881.jpg,inaturalist,Ahaetulla anomala,non_venomous,cc-by-nc,500,304,1214,True,test
e:\Coding_Notes\Faunari\data\raw\inaturalist\365770432.jpg,inaturalist,Lycodon striatus,non_venomous,cc-by-nc,375,500,1215,True,train
e:\Coding_Notes\Faunari\data\raw\inaturalist\365782751.jpg,inaturalist,Amphiesma stolatum,non_venomous,cc-by-nc,500,375,1216,True,train
e:\Coding_Notes\Faunari\data\raw\inaturalist\365828346.jpg,inaturalist,Craspedocephalus malabaricus,venomous,cc-by-nc,376,500,1217,True,val
e:\Coding_Notes\Faunari\data\raw\inaturalist\365888347.jpg,inaturalist,Bungarus niger,venomous,cc-by,375,500,1218,True,train
e:\Coding_Notes\Faunari\data\raw\inaturalist\365907494.jpg,inaturalist,Daboia russelii,venomous,,375,500,1219,True,train
e:\Coding_Notes\Faunari\data\raw\inaturalist\365917581.jpg,inaturalist,Bungarus andamanensis,venomous,cc-by-nc,375,500,1220,True,train
e:\Coding_Notes\Faunari\data\raw\inaturalist\365917858.jpg,inaturalist,Fowlea tytleri,non_venomous,cc-by-nc,375,500,1221,True,val
e:\Coding_Notes\Faunari\data\raw\inaturalist\365928550.jpg,inaturalist,Lycodon aulicus,non_venomous,cc-by-nc,500,204,1222,True,hardcase
e:\Coding_Notes\Faunari\data\raw\inaturalist\365937845.jpg,inaturalist,Fowlea piscator,non_venomous,cc-by-nc,500,333,1223,True,test
e:\Coding_Notes\Faunari\data\raw\inaturalist\365939170.jpg,inaturalist,Fowlea piscator,non_venomous,cc-by-nc,400,500,1224,True,val
e:\Coding_Notes\Faunari\data\raw\inaturalist\365939638.jpg,inaturalist,Dendrelaphis chairecacos,non_venomous,cc-by-nc,375,500,1225,True,train
e:\Coding_Notes\Faunari\data\raw\inaturalist\365945420.jpg,inaturalist,Amphiesma stolatum,non_venomous,,500,360,1226,True,train
e:\Coding_Notes\Faunari\data\raw\inaturalist\365956330.jpg,inaturalist,Coelognathus helena monticollaris,non_venomous,cc0,500,375,1227,True,train
e:\Coding_Notes\Faunari\data\raw\inaturalist\365960443.jpg,inaturalist,Ahaetulla oxyrhynca,non_venomous,,428,500,1228,True,train
e:\Coding_Notes\Faunari\data\raw\inaturalist\365960471.jpg,inaturalist,Dendrelaphis tristis,non_venomous,,500,375,1229,True,train
e:\Coding_Notes\Faunari\data\raw\inaturalist\365962461.jpg,inaturalist,Oligodon taeniolatus,non_venomous,cc-by-nc,375,500,1230,True,test
e:\Coding_Notes\Faunari\data\raw\inaturalist\365967390.jpg,inaturalist,Sahyadriophis beddomei,non_venomous,,375,500,1231,True,train
e:\Coding_Notes\Faunari\data\raw\inaturalist\365993708.jpg,inaturalist,Rhabdophis plumbicolor,non_venomous,,375,500,1232,True,train
e:\Coding_Notes\Faunari\data\raw\inaturalist\365993770.jpg,inaturalist,Naja naja,venomous,,500,375,1233,True,train
e:\Coding_Notes\Faunari\data\raw\inaturalist\365993906.jpg,inaturalist,Coelognathus helena,non_venomous,,375,500,1234,True,train
e:\Coding_Notes\Faunari\data\raw\inaturalist\365994633.jpg,inaturalist,Hypnale hypnale,venomous,cc-by,228,500,1235,True,train
e:\Coding_Notes\Faunari\data\raw\inaturalist\366005667.jpg,inaturalist,Boiga trigonata,non_venomous,cc-by-nc,231,500,1236,True,train
e:\Coding_Notes\Faunari\data\raw\inaturalist\366009118.jpg,inaturalist,Amphiesma stolatum,non_venomous,cc-by-nc,375,500,1237,True,val
e:\Coding_Notes\Faunari\data\raw\inaturalist\366032854.jpg,inaturalist,Fowlea piscator,non_venomous,cc-by-nc,225,500,1238,True,train
e:\Coding_Notes\Faunari\data\raw\inaturalist\366058242.jpg,inaturalist,Ptyas mucosa,non_venomous,cc-by-nc,281,500,1239,True,train
e:\Coding_Notes\Faunari\data\raw\inaturalist\366058268.jpg,inaturalist,Rhinophis melanoleucus,non_venomous,cc-by-nc,231,500,1240,True,train
e:\Coding_Notes\Faunari\data\raw\inaturalist\366058275.jpg,inaturalist,Lycodon travancoricus,non_venomous,cc-by-nc,375,500,1241,True,train
e:\Coding_Notes\Faunari\data\raw\inaturalist\366058280.jpg,inaturalist,Craspedocephalus malabaricus,venomous,cc-by-nc,375,500,1242,True,val
e:\Coding_Notes\Faunari\data\raw\inaturalist\366058306.jpg,inaturalist,Indotyphlops braminus,non_venomous,cc-by-nc,375,500,1243,True,test
e:\Coding_Notes\Faunari\data\raw\inaturalist\366058310.jpg,inaturalist,Sahyadriophis beddomei,non_venomous,cc-by-nc,500,359,1244,True,test
e:\Coding_Notes\Faunari\data\raw\inaturalist\366058481.jpg,inaturalist,Daboia russelii,venomous,cc-by-nc,500,375,1245,True,train
e:\Coding_Notes\Faunari\data\raw\inaturalist\366058487.jpg,inaturalist,Oligodon taeniolatus,non_venomous,cc-by-nc,500,333,1246,True,train
e:\Coding_Notes\Faunari\data\raw\inaturalist\366058541.jpg,inaturalist,Ptyas mucosa,non_venomous,cc-by-nc,500,333,1247,True,train
e:\Coding_Notes\Faunari\data\raw\inaturalist\366063394.jpg,inaturalist,Amphiesma stolatum,non_venomous,cc-by-nc,440,500,1248,True,val
e:\Coding_Notes\Faunari\data\raw\inaturalist\366078406.jpg,inaturalist,Amphiesma stolatum,non_venomous,,427,500,1249,True,train
e:\Coding_Notes\Faunari\data\raw\inaturalist\366113772.jpg,inaturalist,Naja naja,venomous,cc-by-nc,422,500,1250,True,hardcase
e:\Coding_Notes\Faunari\data\raw\inaturalist\366126595.jpg,inaturalist,Ptyas mucosa,non_venomous,cc-by-nc,376,500,1251,True,train
e:\Coding_Notes\Faunari\data\raw\inaturalist\366144848.jpg,inaturalist,Plectrurus perroteti,non_venomous,cc-by-nc,500,375,1252,True,train
e:\Coding_Notes\Faunari\data\raw\inaturalist\366144849.jpg,inaturalist,Plectrurus perroteti,non_venomous,cc-by-nc,500,375,1253,True,train
e:\Coding_Notes\Faunari\data\raw\inaturalist\366211869.jpg,inaturalist,Python molurus,non_venomous,cc-by-nc,375,500,1254,True,train
e:\Coding_Notes\Faunari\data\raw\inaturalist\366263303.jpg,inaturalist,Naja naja,venomous,cc-by-nc,439,500,1255,True,hardcase
e:\Coding_Notes\Faunari\data\raw\inaturalist\366267577.jpg,inaturalist,Coelognathus helena monticollaris,non_venomous,,500,375,1256,True,train
e:\Coding_Notes\Faunari\data\raw\inaturalist\366283981.jpg,inaturalist,Chrysopelea ornata,non_venomous,,375,500,1257,True,train
e:\Coding_Notes\Faunari\data\raw\inaturalist\366284602.jpg,inaturalist,Hypnale hypnale,venomous,,375,500,1258,True,train
e:\Coding_Notes\Faunari\data\raw\inaturalist\366298239.jpg,inaturalist,Fowlea piscator,non_venomous,cc-by-nc,500,445,1259,True,train
e:\Coding_Notes\Faunari\data\raw\inaturalist\366299445.jpg,inaturalist,Ptyas mucosa,non_venomous,,500,225,1260,True,test
e:\Coding_Notes\Faunari\data\raw\inaturalist\366303817.jpg,inaturalist,Boiga forsteni,non_venomous,,281,500,1261,True,test
e:\Coding_Notes\Faunari\data\raw\inaturalist\366316583.jpg,inaturalist,Fowlea piscator,non_venomous,cc-by-sa,500,500,1262,True,val
e:\Coding_Notes\Faunari\data\raw\inaturalist\366321415.jpg,inaturalist,Ptyas mucosa,non_venomous,cc-by-nc,500,375,1263,True,train
e:\Coding_Notes\Faunari\data\raw\inaturalist\366321474.jpg,inaturalist,Lycodon aulicus,non_venomous,cc-by-nc,394,500,1264,True,hardcase
e:\Coding_Notes\Faunari\data\raw\inaturalist\366357209.jpg,inaturalist,Boiga cyanea,non_venomous,cc-by-nc,500,333,1265,True,test
e:\Coding_Notes\Faunari\data\raw\inaturalist\366367759.jpg,inaturalist,Lycodon striatus,non_venomous,cc-by-nc,500,210,1266,True,train
e:\Coding_Notes\Faunari\data\raw\inaturalist\366368061.jpg,inaturalist,Indotyphlops braminus,non_venomous,,500,371,1267,True,train
e:\Coding_Notes\Faunari\data\raw\inaturalist\366374338.jpg,inaturalist,Ptyas mucosa,non_venomous,,375,500,1268,True,train
e:\Coding_Notes\Faunari\data\raw\inaturalist\366392444.jpg,inaturalist,Lycodon aulicus,non_venomous,cc-by-nc,500,333,1269,True,train
e:\Coding_Notes\Faunari\data\raw\inaturalist\366392997.jpg,inaturalist,Sahyadriophis beddomei,non_venomous,,281,500,1270,True,train
e:\Coding_Notes\Faunari\data\raw\inaturalist\366403990.jpg,inaturalist,Pseudoxenodon macrops,non_venomous,cc-by-nc,500,333,1271,True,train
e:\Coding_Notes\Faunari\data\raw\inaturalist\366568733.jpg,inaturalist,Daboia russelii,venomous,cc-by-nc,375,500,1272,True,val
e:\Coding_Notes\Faunari\data\raw\inaturalist\366577195.jpg,inaturalist,Naja naja,venomous,cc-by-nc,500,361,1273,True,hardcase
e:\Coding_Notes\Faunari\data\raw\inaturalist\366585632.jpg,inaturalist,Rhabdophis leonardi,non_venomous,,281,500,1274,True,train
e:\Coding_Notes\Faunari\data\raw\inaturalist\366594922.jpg,inaturalist,Dendrelaphis tristis,non_venomous,,375,500,1275,True,train
e:\Coding_Notes\Faunari\data\raw\inaturalist\366611375.jpg,inaturalist,Fowlea piscator,non_venomous,cc-by,375,500,1276,True,train
e:\Coding_Notes\Faunari\data\raw\inaturalist\366622999.jpg,inaturalist,Ptyas mucosa,non_venomous,cc-by-nc,375,500,1277,True,train
e:\Coding_Notes\Faunari\data\raw\inaturalist\366628623.jpg,inaturalist,Fowlea piscator,non_venomous,cc-by-nc,500,400,1278,True,train
e:\Coding_Notes\Faunari\data\raw\inaturalist\366639685.jpg,inaturalist,Ptyas nigromarginata,non_venomous,cc-by-nc,500,333,1279,True,test
e:\Coding_Notes\Faunari\data\raw\inaturalist\366651127.jpg,inaturalist,Bungarus caeruleus,venomous,cc-by-nc,375,500,1280,True,hardcase
e:\Coding_Notes\Faunari\data\raw\inaturalist\366655162.jpg,inaturalist,Fowlea piscator,non_venomous,cc-by,375,500,1281,True,train
e:\Coding_Notes\Faunari\data\raw\inaturalist\366661572.jpg,inaturalist,Uropeltis bicatenata,non_venomous,,231,500,1282,True,train
e:\Coding_Notes\Faunari\data\raw\inaturalist\366661661.jpg,inaturalist,Indotyphlops braminus,non_venomous,cc-by-nc-nd,281,500,1283,True,train
e:\Coding_Notes\Faunari\data\raw\inaturalist\366670204.jpg,inaturalist,Craspedocephalus malabaricus,venomous,,500,225,1284,True,hardcase
e:\Coding_Notes\Faunari\data\raw\inaturalist\366679479.jpg,inaturalist,Lycodon jara,non_venomous,cc-by-nc,281,500,1285,True,train
e:\Coding_Notes\Faunari\data\raw\inaturalist\366690347.jpg,inaturalist,Lycodon aulicus,non_venomous,cc-by-nc,500,334,1286,True,hardcase
e:\Coding_Notes\Faunari\data\raw\inaturalist\366720203.jpg,inaturalist,Psammodynastes pulverulentus,non_venomous,cc-by-nc,500,333,1287,True,test
e:\Coding_Notes\Faunari\data\raw\inaturalist\366722521.jpg,inaturalist,Boiga multifasciata,non_venomous,cc-by-nc,231,500,1288,True,train
e:\Coding_Notes\Faunari\data\raw\inaturalist\366723416.jpg,inaturalist,Fowlea piscator,non_venomous,,500,331,1289,True,test
e:\Coding_Notes\Faunari\data\raw\inaturalist\366735666.jpg,inaturalist,Bungarus caeruleus,venomous,cc-by-nc,500,235,1290,True,hardcase
e:\Coding_Notes\Faunari\data\raw\inaturalist\366754061.jpg,inaturalist,Oligodon arnensis,non_venomous,cc-by-nc,400,500,1291,True,test
e:\Coding_Notes\Faunari\data\raw\inaturalist\366755750.jpg,inaturalist,Dendrelaphis tristis,non_venomous,cc-by,500,333,1292,True,val
e:\Coding_Notes\Faunari\data\raw\inaturalist\366756522.jpg,inaturalist,Boiga forsteni,non_venomous,cc-by,500,333,1293,True,val
e:\Coding_Notes\Faunari\data\raw\inaturalist\366757829.jpg,inaturalist,Rhabdophis plumbicolor,non_venomous,cc-by,500,470,1294,True,val
e:\Coding_Notes\Faunari\data\raw\inaturalist\366853045.jpg,inaturalist,Grypotyphlops acutus,non_venomous,,500,441,1295,True,train
e:\Coding_Notes\Faunari\data\raw\inaturalist\366858342.jpg,inaturalist,Naja naja,venomous,,375,500,1296,True,test
e:\Coding_Notes\Faunari\data\raw\inaturalist\366876308.jpg,inaturalist,Amphiesma monticola,non_venomous,,500,333,1297,True,train
e:\Coding_Notes\Faunari\data\raw\inaturalist\366887265.jpg,inaturalist,Eryx whitakeri,non_venomous,cc-by-nc,375,500,1298,True,train
e:\Coding_Notes\Faunari\data\raw\inaturalist\366887387.jpg,inaturalist,Fowlea piscator,non_venomous,cc-by-nc,500,375,1299,True,val
e:\Coding_Notes\Faunari\data\raw\inaturalist\366887971.jpg,inaturalist,Bungarus caeruleus,venomous,cc-by-nc,500,375,1300,True,hardcase
e:\Coding_Notes\Faunari\data\raw\inaturalist\366922594.jpg,inaturalist,Sahyadriophis uttaraghati,non_venomous,cc-by-nc,500,281,1301,True,test
e:\Coding_Notes\Faunari\data\raw\inaturalist\366925255.jpg,inaturalist,Fowlea piscator,non_venomous,cc-by-nc,375,500,1302,True,val
e:\Coding_Notes\Faunari\data\raw\inaturalist\366948714.jpg,inaturalist,Lycodon striatus,non_venomous,cc-by-nc,375,500,1303,True,train
e:\Coding_Notes\Faunari\data\raw\inaturalist\366961701.jpg,inaturalist,Boiga trigonata,non_venomous,cc-by-nc,376,500,1304,True,test
e:\Coding_Notes\Faunari\data\raw\inaturalist\366969956.jpg,inaturalist,Coelognathus helena helena,non_venomous,cc-by-nc,500,261,1305,True,train
e:\Coding_Notes\Faunari\data\raw\inaturalist\366976546.jpg,inaturalist,Naja naja,venomous,cc-by-nc,433,500,1306,True,train
e:\Coding_Notes\Faunari\data\raw\inaturalist\366996082.jpg,inaturalist,Ptyas mucosa,non_venomous,,224,500,1307,True,hardcase
e:\Coding_Notes\Faunari\data\raw\inaturalist\366997165.jpg,inaturalist,Trimeresurus popeiorum,venomous,cc-by-nc,500,410,1308,True,test
e:\Coding_Notes\Faunari\data\raw\inaturalist\367010235.jpg,inaturalist,Python molurus,non_venomous,cc-by-nc,500,375,1309,True,train
e:\Coding_Notes\Faunari\data\raw\inaturalist\367019988.jpg,inaturalist,Amphiesma stolatum,non_venomous,cc-by-nc,500,375,1310,True,val
e:\Coding_Notes\Faunari\data\raw\inaturalist\367031325.jpg,inaturalist,Ptyas mucosa,non_venomous,cc-by-nc,500,225,1311,True,hardcase
e:\Coding_Notes\Faunari\data\raw\inaturalist\367040454.jpg,inaturalist,Fowlea piscator,non_venomous,cc-by-nc,281,500,1312,True,train
e:\Coding_Notes\Faunari\data\raw\inaturalist\367056785.jpg,inaturalist,Lycodon gracilis,non_venomous,,500,333,1313,True,train
e:\Coding_Notes\Faunari\data\raw\inaturalist\367056791.jpg,inaturalist,Craspedocephalus gramineus,venomous,,500,333,1314,True,train
e:\Coding_Notes\Faunari\data\raw\inaturalist\367056793.jpg,inaturalist,Echis carinatus,venomous,,500,333,1315,True,train
e:\Coding_Notes\Faunari\data\raw\inaturalist\367056802.jpg,inaturalist,Rhabdophis plumbicolor,non_venomous,,500,333,1316,True,val
e:\Coding_Notes\Faunari\data\raw\inaturalist\367056805.jpg,inaturalist,Boiga flaviviridis,non_venomous,,500,333,1317,True,test
e:\Coding_Notes\Faunari\data\raw\inaturalist\367056813.jpg,inaturalist,Coelognathus helena,non_venomous,,500,333,1318,True,val
e:\Coding_Notes\Faunari\data\raw\inaturalist\367056815.jpg,inaturalist,Bungarus caeruleus,venomous,,500,333,1319,True,hardcase
e:\Coding_Notes\Faunari\data\raw\inaturalist\367056823.jpg,inaturalist,Rhabdophis plumbicolor,non_venomous,,500,333,1320,True,train
e:\Coding_Notes\Faunari\data\raw\inaturalist\367056825.jpg,inaturalist,Eryx johnii,non_venomous,,500,333,1321,True,train
e:\Coding_Notes\Faunari\data\raw\inaturalist\367056831.jpg,inaturalist,Eryx conicus,non_venomous,,500,333,1322,True,train
e:\Coding_Notes\Faunari\data\raw\inaturalist\367109347.jpg,inaturalist,Dendrelaphis tristis,non_venomous,cc-by-nc,500,347,1323,True,train
e:\Coding_Notes\Faunari\data\raw\inaturalist\367121111.jpg,inaturalist,Lycodon aulicus,non_venomous,cc-by-nc,375,500,1324,True,hardcase
e:\Coding_Notes\Faunari\data\raw\inaturalist\367121365.jpg,inaturalist,Naja naja,venomous,cc-by-nc,375,500,1325,True,train
e:\Coding_Notes\Faunari\data\raw\inaturalist\367121444.jpg,inaturalist,Amphiesma stolatum,non_venomous,cc-by-nc,375,500,1326,True,train
e:\Coding_Notes\Faunari\data\raw\inaturalist\367153582.jpg,inaturalist,Craspedocephalus malabaricus,venomous,cc-by-nc,281,500,1327,True,val
e:\Coding_Notes\Faunari\data\raw\inaturalist\367156292.jpg,inaturalist,Coelognathus helena monticollaris,non_venomous,cc-by-nc,500,320,1328,True,val
e:\Coding_Notes\Faunari\data\raw\inaturalist\367156910.jpg,inaturalist,Lycodon travancoricus,non_venomous,cc-by-nc,500,353,1329,True,train
e:\Coding_Notes\Faunari\data\raw\inaturalist\367296286.jpg,inaturalist,Fowlea piscator,non_venomous,cc-by-nc,500,375,1330,True,train
e:\Coding_Notes\Faunari\data\raw\inaturalist\367315315.jpg,inaturalist,Herpetoreas xenura,non_venomous,cc-by,500,452,1331,True,train
e:\Coding_Notes\Faunari\data\raw\inaturalist\367343465.jpg,inaturalist,Naja naja,venomous,cc-by-nc,304,500,1332,True,train
e:\Coding_Notes\Faunari\data\raw\inaturalist\367355655.jpg,inaturalist,Naja naja,venomous,,375,500,1333,True,val
e:\Coding_Notes\Faunari\data\raw\inaturalist\367359007.jpg,inaturalist,Ptyas mucosa,non_venomous,cc-by-sa,260,500,1334,True,val
e:\Coding_Notes\Faunari\data\raw\inaturalist\367362157.jpg,inaturalist,Boiga nuchalis,non_venomous,,500,357,1335,True,train
e:\Coding_Notes\Faunari\data\raw\inaturalist\367368544.jpg,inaturalist,Fowlea piscator,non_venomous,cc-by-nc,500,375,1336,True,train
e:\Coding_Notes\Faunari\data\raw\inaturalist\367368562.jpg,inaturalist,Lycodon aulicus,non_venomous,cc-by-nc,500,375,1337,True,hardcase
e:\Coding_Notes\Faunari\data\raw\inaturalist\367368593.jpg,inaturalist,Ptyas mucosa,non_venomous,cc-by-nc,375,500,1338,True,test
e:\Coding_Notes\Faunari\data\raw\inaturalist\367374524.jpg,inaturalist,Trimeresurus uetzi,venomous,cc-by,455,500,1339,True,train
e:\Coding_Notes\Faunari\data\raw\inaturalist\367381100.jpg,inaturalist,Python molurus,non_venomous,,500,333,1340,True,train
e:\Coding_Notes\Faunari\data\raw\inaturalist\367388565.jpg,inaturalist,Craspedocephalus anamallensis,venomous,cc-by,274,500,1341,True,test
e:\Coding_Notes\Faunari\data\raw\inaturalist\367390663.jpg,inaturalist,Indotyphlops braminus,non_venomous,cc-by-nc,342,500,1342,True,train
e:\Coding_Notes\Faunari\data\raw\inaturalist\367404016.jpg,inaturalist,Lycodon fasciolatus,non_venomous,cc-by-nc,375,500,1343,True,train
e:\Coding_Notes\Faunari\data\raw\inaturalist\367430848.jpg,inaturalist,Lycodon striatus,non_venomous,cc-by-nc,500,145,1344,True,train
e:\Coding_Notes\Faunari\data\raw\inaturalist\367441875.jpg,inaturalist,Naja naja,venomous,cc-by,225,500,1345,True,hardcase
e:\Coding_Notes\Faunari\data\raw\inaturalist\367464608.jpg,inaturalist,Hypnale hypnale,venomous,,420,500,1346,True,train
e:\Coding_Notes\Faunari\data\raw\inaturalist\367464672.jpg,inaturalist,Fowlea piscator,non_venomous,cc-by-nc,500,281,1347,True,test
e:\Coding_Notes\Faunari\data\raw\inaturalist\367464800.jpg,inaturalist,Coelognathus helena,non_venomous,cc-by-nc,281,500,1348,True,train
e:\Coding_Notes\Faunari\data\raw\inaturalist\367465059.jpg,inaturalist,Ptyas mucosa,non_venomous,cc-by-nc,304,500,1349,True,train
e:\Coding_Notes\Faunari\data\raw\inaturalist\367465828.jpg,inaturalist,Amphiesma stolatum,non_venomous,,500,500,1350,True,train
e:\Coding_Notes\Faunari\data\raw\inaturalist\367474885.jpg,inaturalist,Fowlea piscator,non_venomous,cc-by,500,333,1351,True,val
e:\Coding_Notes\Faunari\data\raw\inaturalist\367480525.jpg,inaturalist,Sibynophis subpunctatus,non_venomous,,500,375,1352,True,train
e:\Coding_Notes\Faunari\data\raw\inaturalist\367491827.jpg,inaturalist,Craspedocephalus malabaricus,venomous,cc-by,420,500,1353,True,val
e:\Coding_Notes\Faunari\data\raw\inaturalist\367491975.jpg,inaturalist,Ahaetulla farnsworthi,non_venomous,cc-by,500,375,1354,True,train
e:\Coding_Notes\Faunari\data\raw\inaturalist\367524884.jpg,inaturalist,Ahaetulla farnsworthi,non_venomous,,500,282,1355,True,train
e:\Coding_Notes\Faunari\data\raw\inaturalist\367579046.jpg,inaturalist,Bungarus caeruleus,venomous,cc-by-nc,375,500,1356,True,hardcase
e:\Coding_Notes\Faunari\data\raw\inaturalist\367591933.jpg,inaturalist,Lycodon aulicus,non_venomous,cc-by-nc,500,405,1357,True,train
e:\Coding_Notes\Faunari\data\raw\inaturalist\367594227.jpg,inaturalist,Trimeresurus erythrurus,venomous,cc-by,430,500,1358,True,train
e:\Coding_Notes\Faunari\data\raw\inaturalist\367608737.jpg,inaturalist,Indotyphlops braminus,non_venomous,cc-by-nc,375,500,1359,True,train
e:\Coding_Notes\Faunari\data\raw\inaturalist\367611885.jpg,inaturalist,Oligodon taeniolatus,non_venomous,cc-by-nc,224,500,1360,True,hardcase
e:\Coding_Notes\Faunari\data\raw\inaturalist\367643255.jpg,inaturalist,Rhabdophis plumbicolor,non_venomous,cc-by-nc,330,500,1361,True,test
e:\Coding_Notes\Faunari\data\raw\inaturalist\367646192.jpg,inaturalist,Fowlea piscator,non_venomous,cc-by-nc,375,500,1362,True,train
e:\Coding_Notes\Faunari\data\raw\inaturalist\367667120.jpg,inaturalist,Oligodon taeniolatus,non_venomous,cc-by-nc,281,500,1363,True,test
e:\Coding_Notes\Faunari\data\raw\inaturalist\367709117.jpg,inaturalist,Echis carinatus,venomous,cc-by-nc,500,333,1364,True,train
e:\Coding_Notes\Faunari\data\raw\inaturalist\367709121.jpg,inaturalist,Eryx johnii,non_venomous,cc-by-nc,500,333,1365,True,test
e:\Coding_Notes\Faunari\data\raw\inaturalist\367709123.jpg,inaturalist,Amphiesma stolatum,non_venomous,cc-by-nc,500,333,1366,True,train
e:\Coding_Notes\Faunari\data\raw\inaturalist\367709126.jpg,inaturalist,Eryx conicus,non_venomous,cc-by-nc,500,333,1367,True,train
e:\Coding_Notes\Faunari\data\raw\inaturalist\367709139.jpg,inaturalist,Fowlea piscator,non_venomous,cc-by-nc,500,333,1368,True,train
e:\Coding_Notes\Faunari\data\raw\inaturalist\367709141.jpg,inaturalist,Ptyas mucosa,non_venomous,cc-by-nc,500,333,1369,True,test
e:\Coding_Notes\Faunari\data\raw\inaturalist\367709161.jpg,inaturalist,Daboia russelii,venomous,cc-by-nc,500,333,1370,True,train
e:\Coding_Notes\Faunari\data\raw\inaturalist\367709166.jpg,inaturalist,Amphiesma stolatum,non_venomous,cc-by-nc,500,333,1371,True,train
e:\Coding_Notes\Faunari\data\raw\inaturalist\367715439.jpg,inaturalist,Fowlea piscator,non_venomous,cc-by-nc-nd,500,281,1372,True,train
e:\Coding_Notes\Faunari\data\raw\inaturalist\367722138.jpg,inaturalist,Gloydius himalayanus,venomous,cc-by-nc,375,500,1373,True,train
e:\Coding_Notes\Faunari\data\raw\inaturalist\367722823.jpg,inaturalist,Naja naja,venomous,cc-by-nc,428,500,1374,True,hardcase
e:\Coding_Notes\Faunari\data\raw\inaturalist\367743342.jpg,inaturalist,Boiga multomaculata ochracea,non_venomous,,375,500,1375,True,train
e:\Coding_Notes\Faunari\data\raw\inaturalist\367755827.jpg,inaturalist,Craspedocephalus malabaricus,venomous,cc-by-nc,375,500,1376,True,train
e:\Coding_Notes\Faunari\data\raw\inaturalist\367755831.jpg,inaturalist,Craspedocephalus malabaricus,venomous,cc-by-nc,500,375,1377,True,train
e:\Coding_Notes\Faunari\data\raw\inaturalist\367755841.jpg,inaturalist,Lycodon aulicus,non_venomous,cc-by-nc,500,375,1378,True,hardcase
e:\Coding_Notes\Faunari\data\raw\inaturalist\367755846.jpg,inaturalist,Ahaetulla borealis,non_venomous,cc-by-nc,500,375,1379,True,test
e:\Coding_Notes\Faunari\data\raw\inaturalist\367764474.jpg,inaturalist,Oligodon russelius,non_venomous,cc-by-nc,500,333,1380,True,train
e:\Coding_Notes\Faunari\data\raw\inaturalist\367764902.jpg,inaturalist,Dendrelaphis tristis,non_venomous,cc-by-nc,500,409,1381,True,train
e:\Coding_Notes\Faunari\data\raw\inaturalist\367765074.jpg,inaturalist,Fowlea piscator,non_venomous,cc-by-nc,453,500,1382,True,train
e:\Coding_Notes\Faunari\data\raw\inaturalist\367824976.jpg,inaturalist,Echis carinatus,venomous,cc-by-nc,500,304,1383,True,train
e:\Coding_Notes\Faunari\data\raw\inaturalist\367824992.jpg,inaturalist,Rhabdophis plumbicolor,non_venomous,cc-by-nc,500,333,1384,True,val
e:\Coding_Notes\Faunari\data\raw\inaturalist\367824994.jpg,inaturalist,Boiga beddomei,non_venomous,cc-by-nc,500,333,1385,True,test
e:\Coding_Notes\Faunari\data\raw\inaturalist\367824999.jpg,inaturalist,Amphiesma stolatum,non_venomous,cc-by-nc,500,333,1386,True,val
e:\Coding_Notes\Faunari\data\raw\inaturalist\367825011.jpg,inaturalist,Python molurus,non_venomous,cc-by-nc,497,500,1387,True,test
e:\Coding_Notes\Faunari\data\raw\inaturalist\367879651.jpg,inaturalist,Bungarus niger,venomous,,375,500,1388,True,train
e:\Coding_Notes\Faunari\data\raw\inaturalist\367881561.jpg,inaturalist,Oligodon albocinctus,non_venomous,,500,375,1389,True,train
e:\Coding_Notes\Faunari\data\raw\inaturalist\367940023.jpg,inaturalist,Ptyas mucosa,non_venomous,cc-by-nc,500,490,1390,True,hardcase
e:\Coding_Notes\Faunari\data\raw\inaturalist\367942499.jpg,inaturalist,Lycodon travancoricus,non_venomous,cc-by-nc,500,500,1391,True,train
e:\Coding_Notes\Faunari\data\raw\inaturalist\367953511.jpg,inaturalist,Lycodon aulicus,non_venomous,,375,500,1392,True,hardcase
e:\Coding_Notes\Faunari\data\raw\inaturalist\367960744.jpg,inaturalist,Oligodon albocinctus,non_venomous,,224,500,1393,True,hardcase
e:\Coding_Notes\Faunari\data\raw\inaturalist\367988730.jpg,inaturalist,Ahaetulla farnsworthi,non_venomous,,500,281,1394,True,val
e:\Coding_Notes\Faunari\data\raw\inaturalist\368008854.jpg,inaturalist,Fowlea piscator,non_venomous,,500,313,1395,True,test
e:\Coding_Notes\Faunari\data\raw\inaturalist\368047969.jpg,inaturalist,Grypotyphlops acutus,non_venomous,cc0,375,500,1396,True,train
e:\Coding_Notes\Faunari\data\raw\inaturalist\368057762.jpg,inaturalist,Craspedocephalus gramineus,venomous,cc-by-nc,230,500,1397,True,hardcase
e:\Coding_Notes\Faunari\data\raw\inaturalist\368071618.jpg,inaturalist,Bungarus caeruleus,venomous,cc-by-nc,500,375,1398,True,hardcase
e:\Coding_Notes\Faunari\data\raw\inaturalist\368085722.jpg,inaturalist,Naja naja,venomous,cc-by-nc,333,500,1399,True,hardcase
e:\Coding_Notes\Faunari\data\raw\inaturalist\368089770.jpg,inaturalist,Naja naja,venomous,cc-by-nc,290,500,1400,True,val
e:\Coding_Notes\Faunari\data\raw\inaturalist\368092666.jpg,inaturalist,Ahaetulla malabarica,non_venomous,cc-by-nc,374,500,1401,True,train
e:\Coding_Notes\Faunari\data\raw\inaturalist\368094202.jpg,inaturalist,Ahaetulla malabarica,non_venomous,,281,500,1402,True,val
e:\Coding_Notes\Faunari\data\raw\inaturalist\368096708.jpg,inaturalist,Hypsiscopus plumbeus,non_venomous,cc-by-nc,500,375,1403,True,train
e:\Coding_Notes\Faunari\data\raw\inaturalist\368100873.jpg,inaturalist,Indotyphlops braminus,non_venomous,cc-by-nc,500,500,1404,True,train
e:\Coding_Notes\Faunari\data\raw\inaturalist\368203857.jpg,inaturalist,Ptyas mucosa,non_venomous,,225,500,1405,True,hardcase
e:\Coding_Notes\Faunari\data\raw\inaturalist\368234227.jpg,inaturalist,Amphiesma stolatum,non_venomous,cc-by-nc,500,375,1406,True,train
e:\Coding_Notes\Faunari\data\raw\inaturalist\368243052.jpg,inaturalist,Rhabdophis plumbicolor,non_venomous,cc-by-nc,500,333,1407,True,train
e:\Coding_Notes\Faunari\data\raw\inaturalist\368244010.jpg,inaturalist,Ahaetulla malabarica,non_venomous,cc-by-nc,500,281,1408,True,val
e:\Coding_Notes\Faunari\data\raw\inaturalist\368244461.jpg,inaturalist,Amphiesma stolatum,non_venomous,,376,500,1409,True,train
e:\Coding_Notes\Faunari\data\raw\inaturalist\368245214.jpg,inaturalist,Craspedocephalus malabaricus,venomous,,500,224,1410,True,train
e:\Coding_Notes\Faunari\data\raw\inaturalist\368249247.jpg,inaturalist,Ptyas mucosa,non_venomous,cc-by-nc,500,334,1411,True,train
e:\Coding_Notes\Faunari\data\raw\inaturalist\368267054.jpg,inaturalist,Sibynophis subpunctatus,non_venomous,cc-by-nc,375,500,1412,True,train
e:\Coding_Notes\Faunari\data\raw\inaturalist\368267153.jpg,inaturalist,Fowlea piscator,non_venomous,cc-by-nc,500,375,1413,True,train
e:\Coding_Notes\Faunari\data\raw\inaturalist\368270660.jpg,inaturalist,Ahaetulla oxyrhynca,non_venomous,cc-by-nc,500,333,1414,True,train
e:\Coding_Notes\Faunari\data\raw\inaturalist\368271783.jpg,inaturalist,Amphiesma stolatum,non_venomous,cc-by-nc,500,375,1415,True,train
e:\Coding_Notes\Faunari\data\raw\inaturalist\368280126.jpg,inaturalist,Echis carinatus,venomous,,333,500,1416,True,test
e:\Coding_Notes\Faunari\data\raw\inaturalist\368283646.jpg,inaturalist,Naja naja,venomous,cc-by-nc,500,494,1417,True,train
e:\Coding_Notes\Faunari\data\raw\inaturalist\368284904.jpg,inaturalist,Indotyphlops braminus,non_venomous,cc-by-nc-sa,365,500,1418,True,test
e:\Coding_Notes\Faunari\data\raw\inaturalist\368287982.jpg,inaturalist,Indotyphlops braminus,non_venomous,,500,267,1419,True,val
e:\Coding_Notes\Faunari\data\raw\inaturalist\368288729.jpg,inaturalist,Fowlea piscator,non_venomous,,500,291,1420,True,train
e:\Coding_Notes\Faunari\data\raw\inaturalist\368305527.jpg,inaturalist,Oligodon russelius,non_venomous,cc-by-nc,373,500,1421,True,train
e:\Coding_Notes\Faunari\data\raw\inaturalist\368331858.jpg,inaturalist,Ptyas mucosa,non_venomous,cc-by-nc,500,440,1422,True,train
e:\Coding_Notes\Faunari\data\raw\inaturalist\368332581.jpg,inaturalist,Boiga trigonata,non_venomous,cc-by-nc-nd,210,500,1423,True,val
e:\Coding_Notes\Faunari\data\raw\inaturalist\368340629.jpg,inaturalist,Fowlea piscator,non_venomous,cc-by-nc,375,500,1424,True,val
e:\Coding_Notes\Faunari\data\raw\inaturalist\368352911.jpg,inaturalist,Lycodon aulicus,non_venomous,,375,500,1425,True,hardcase
e:\Coding_Notes\Faunari\data\raw\inaturalist\368359918.jpg,inaturalist,Rhabdophis plumbicolor,non_venomous,,375,500,1426,True,test
e:\Coding_Notes\Faunari\data\raw\inaturalist\368362729.jpg,inaturalist,Bungarus fasciatus,venomous,cc-by-nc,500,486,1427,True,test
e:\Coding_Notes\Faunari\data\raw\inaturalist\368394427.jpg,inaturalist,Sibynophis collaris,non_venomous,cc-by-nc,231,500,1428,True,train
e:\Coding_Notes\Faunari\data\raw\inaturalist\368424761.jpg,inaturalist,Ptyas mucosa,non_venomous,cc-by-nc,375,500,1429,True,hardcase
e:\Coding_Notes\Faunari\data\raw\inaturalist\368425904.jpg,inaturalist,Coelognathus helena monticollaris,non_venomous,,500,333,1430,True,test
e:\Coding_Notes\Faunari\data\raw\inaturalist\368426504.jpg,inaturalist,Lycodon travancoricus,non_venomous,,500,333,1431,True,train
e:\Coding_Notes\Faunari\data\raw\inaturalist\368427536.jpg,inaturalist,Naja naja,venomous,,500,333,1432,True,hardcase
e:\Coding_Notes\Faunari\data\raw\inaturalist\368428765.jpg,inaturalist,Oligodon affinis,non_venomous,,500,375,1433,True,val
e:\Coding_Notes\Faunari\data\raw\inaturalist\368430045.jpg,inaturalist,Calliophis nigrescens,venomous,,500,375,1434,True,train
e:\Coding_Notes\Faunari\data\raw\inaturalist\368430782.jpg,inaturalist,Boiga forsteni,non_venomous,,500,333,1435,True,val
e:\Coding_Notes\Faunari\data\raw\inaturalist\368436554.jpg,inaturalist,Uropeltis myhendrae,non_venomous,,500,333,1436,True,train
e:\Coding_Notes\Faunari\data\raw\inaturalist\368446900.jpg,inaturalist,Eryx conicus,non_venomous,,500,353,1437,True,train
e:\Coding_Notes\Faunari\data\raw\inaturalist\368447713.jpg,inaturalist,Eryx johnii,non_venomous,,500,375,1438,True,train
e:\Coding_Notes\Faunari\data\raw\inaturalist\368448165.jpg,inaturalist,Python molurus,non_venomous,,500,375,1439,True,test
e:\Coding_Notes\Faunari\data\raw\inaturalist\368448943.jpg,inaturalist,Amphiesma stolatum,non_venomous,,500,375,1440,True,train
e:\Coding_Notes\Faunari\data\raw\inaturalist\368449677.jpg,inaturalist,Fowlea piscator,non_venomous,,375,500,1441,True,train
e:\Coding_Notes\Faunari\data\raw\inaturalist\368450009.jpg,inaturalist,Rhabdophis plumbicolor,non_venomous,,500,333,1442,True,train
e:\Coding_Notes\Faunari\data\raw\inaturalist\368450427.jpg,inaturalist,Ptyas mucosa,non_venomous,,375,500,1443,True,train
e:\Coding_Notes\Faunari\data\raw\inaturalist\368450684.jpg,inaturalist,Platyceps plinii,non_venomous,,375,500,1444,True,train
e:\Coding_Notes\Faunari\data\raw\inaturalist\368451194.jpg,inaturalist,Rhinophis travancoricus,non_venomous,,500,375,1445,True,val
e:\Coding_Notes\Faunari\data\raw\inaturalist\368451231.jpg,inaturalist,Lycodon striatus,non_venomous,,500,375,1446,True,train
e:\Coding_Notes\Faunari\data\raw\inaturalist\368451459.jpg,inaturalist,Hypnale hypnale,venomous,,333,500,1447,True,train
e:\Coding_Notes\Faunari\data\raw\inaturalist\368451463.jpg,inaturalist,Ahaetulla borealis,non_venomous,,500,333,1448,True,train
e:\Coding_Notes\Faunari\data\raw\inaturalist\368451763.jpg,inaturalist,Oligodon tillacki,non_venomous,,500,375,1449,True,train
e:\Coding_Notes\Faunari\data\raw\inaturalist\368452257.jpg,inaturalist,Coelognathus helena helena,non_venomous,,500,333,1450,True,train
e:\Coding_Notes\Faunari\data\raw\inaturalist\368452750.jpg,inaturalist,Dendrelaphis tristis,non_venomous,,500,500,1451,True,train
e:\Coding_Notes\Faunari\data\raw\inaturalist\368453531.jpg,inaturalist,Platyceps gracilis,non_venomous,,500,375,1452,True,train
e:\Coding_Notes\Faunari\data\raw\inaturalist\368454744.jpg,inaturalist,Oligodon taeniolatus,non_venomous,,500,375,1453,True,train
e:\Coding_Notes\Faunari\data\raw\inaturalist\368455556.jpg,inaturalist,Boiga trigonata,non_venomous,,375,500,1454,True,train
e:\Coding_Notes\Faunari\data\raw\inaturalist\368528070.jpg,inaturalist,Bungarus caeruleus,venomous,,375,500,1455,True,hardcase
e:\Coding_Notes\Faunari\data\raw\inaturalist\368528505.jpg,inaturalist,Daboia russelii,venomous,,375,500,1456,True,val
e:\Coding_Notes\Faunari\data\raw\inaturalist\368528682.jpg,inaturalist,Echis carinatus,venomous,,375,500,1457,True,train
e:\Coding_Notes\Faunari\data\raw\inaturalist\368529809.jpg,inaturalist,Lycodon flavomaculatus,non_venomous,,500,375,1458,True,test
e:\Coding_Notes\Faunari\data\raw\inaturalist\368532638.jpg,inaturalist,Indotyphlops braminus,non_venomous,,375,500,1459,True,train
e:\Coding_Notes\Faunari\data\raw\inaturalist\368546348.jpg,inaturalist,Fowlea piscator,non_venomous,cc-by-nc,500,333,1460,True,train
e:\Coding_Notes\Faunari\data\raw\inaturalist\368552957.jpg,inaturalist,Ptyas mucosa,non_venomous,,281,500,1461,True,hardcase
e:\Coding_Notes\Faunari\data\raw\inaturalist\368561499.jpg,inaturalist,Lycodon fasciolatus,non_venomous,cc-by-nc,500,434,1462,True,train
e:\Coding_Notes\Faunari\data\raw\inaturalist\368563533.jpg,inaturalist,Lycodon aulicus,non_venomous,cc-by-nc,500,333,1463,True,hardcase
e:\Coding_Notes\Faunari\data\raw\inaturalist\368571604.jpg,inaturalist,Eryx johnii,non_venomous,cc-by-nc,500,226,1464,True,train
e:\Coding_Notes\Faunari\data\raw\inaturalist\368576423.jpg,inaturalist,Daboia russelii,venomous,cc-by-nc,375,500,1465,True,test
e:\Coding_Notes\Faunari\data\raw\inaturalist\368591806.jpg,inaturalist,Fowlea piscator,non_venomous,cc-by,500,346,1466,True,train
e:\Coding_Notes\Faunari\data\raw\inaturalist\368592799.jpg,inaturalist,Fowlea piscator,non_venomous,,500,333,1467,True,train
e:\Coding_Notes\Faunari\data\raw\inaturalist\368592801.jpg,inaturalist,Fowlea piscator,non_venomous,,500,333,1468,True,test
e:\Coding_Notes\Faunari\data\raw\inaturalist\368592825.jpg,inaturalist,Fowlea piscator,non_venomous,,500,333,1469,True,train
e:\Coding_Notes\Faunari\data\raw\inaturalist\368592829.jpg,inaturalist,Fowlea piscator,non_venomous,,500,333,1470,True,train
e:\Coding_Notes\Faunari\data\raw\inaturalist\368593093.jpg,inaturalist,Hypnale hypnale,venomous,,500,333,1471,True,train
e:\Coding_Notes\Faunari\data\raw\inaturalist\368623151.jpg,inaturalist,Craspedocephalus malabaricus,venomous,cc0,500,375,1472,True,train
e:\Coding_Notes\Faunari\data\raw\inaturalist\368657703.jpg,inaturalist,Amphiesma stolatum,non_venomous,cc-by-nc,375,500,1473,True,train
e:\Coding_Notes\Faunari\data\raw\inaturalist\368662072.jpg,inaturalist,Lycodon travancoricus,non_venomous,cc-by-nc,324,500,1474,True,test
e:\Coding_Notes\Faunari\data\raw\inaturalist\368663500.jpg,inaturalist,Coelognathus helena helena,non_venomous,cc-by-nc,500,469,1475,True,train
e:\Coding_Notes\Faunari\data\raw\inaturalist\368666534.jpg,inaturalist,Ptyas mucosa,non_venomous,cc-by,500,375,1476,True,train
e:\Coding_Notes\Faunari\data\raw\inaturalist\368851538.jpg,inaturalist,Eryx conicus,non_venomous,cc-by-nc,375,500,1477,True,train
e:\Coding_Notes\Faunari\data\raw\inaturalist\368858575.jpg,inaturalist,Echis carinatus,venomous,cc-by-nc,500,281,1478,True,test
e:\Coding_Notes\Faunari\data\raw\inaturalist\368888143.jpg,inaturalist,Amphiesma stolatum,non_venomous,,225,500,1479,True,val
e:\Coding_Notes\Faunari\data\raw\inaturalist\368902670.jpg,inaturalist,Lycodon travancoricus,non_venomous,cc-by-nc,281,500,1480,True,train
e:\Coding_Notes\Faunari\data\raw\inaturalist\368902815.jpg,inaturalist,Craspedocephalus malabaricus,venomous,cc-by-nc,375,500,1481,True,val
e:\Coding_Notes\Faunari\data\raw\inaturalist\368939185.jpg,inaturalist,Dendrelaphis tristis,non_venomous,cc-by-nc,500,226,1482,True,train
e:\Coding_Notes\Faunari\data\raw\inaturalist\368943693.jpg,inaturalist,Fowlea piscator,non_venomous,cc-by-nc,500,386,1483,True,train
e:\Coding_Notes\Faunari\data\raw\inaturalist\368957212.jpg,inaturalist,Fowlea piscator,non_venomous,,375,500,1484,True,train
e:\Coding_Notes\Faunari\data\raw\inaturalist\368982683.jpg,inaturalist,Craspedocephalus anamallensis,venomous,,500,333,1485,True,train
e:\Coding_Notes\Faunari\data\raw\inaturalist\369025330.jpg,inaturalist,Lycodon aulicus,non_venomous,cc-by-nd,341,341,1486,True,hardcase
e:\Coding_Notes\Faunari\data\raw\inaturalist\369033561.jpg,inaturalist,Craspedocephalus malabaricus,venomous,,500,375,1487,True,train
e:\Coding_Notes\Faunari\data\raw\inaturalist\369034405.jpg,inaturalist,Fowlea piscator,non_venomous,cc-by,500,333,1488,True,test
e:\Coding_Notes\Faunari\data\raw\inaturalist\369034988.jpg,inaturalist,Ptyas mucosa,non_venomous,cc-by-nc,500,333,1489,True,train
e:\Coding_Notes\Faunari\data\raw\inaturalist\369082664.jpg,inaturalist,Dendrelaphis chairecacos,non_venomous,cc-by-nc,500,334,1490,True,train
e:\Coding_Notes\Faunari\data\raw\inaturalist\369082967.jpg,inaturalist,Fowlea piscator,non_venomous,cc-by-nc,459,388,1491,True,train
e:\Coding_Notes\Faunari\data\raw\inaturalist\369083730.jpg,inaturalist,Ahaetulla borealis,non_venomous,cc-by-nc,500,367,1492,True,train
e:\Coding_Notes\Faunari\data\raw\inaturalist\369084542.jpg,inaturalist,Rhabdophis plumbicolor,non_venomous,cc-by-nc,500,338,1493,True,train
e:\Coding_Notes\Faunari\data\raw\inaturalist\369085400.jpg,inaturalist,Boiga beddomei,non_venomous,cc-by-nc,500,374,1494,True,val
e:\Coding_Notes\Faunari\data\raw\inaturalist\369180018.jpg,inaturalist,Ahaetulla oxyrhynca,non_venomous,,375,500,1495,True,train
e:\Coding_Notes\Faunari\data\raw\inaturalist\369180638.jpg,inaturalist,Fowlea piscator,non_venomous,cc-by-nc,500,375,1496,True,train
e:\Coding_Notes\Faunari\data\raw\inaturalist\369180642.jpg,inaturalist,Fowlea piscator,non_venomous,cc-by-nc,375,500,1497,True,test
e:\Coding_Notes\Faunari\data\raw\inaturalist\369195140.jpg,inaturalist,Fowlea piscator,non_venomous,cc-by-nc,500,333,1498,True,train
e:\Coding_Notes\Faunari\data\raw\inaturalist\369217855.jpg,inaturalist,Ptyas mucosa,non_venomous,,500,375,1499,True,train
e:\Coding_Notes\Faunari\data\raw\inaturalist\369221177.jpg,inaturalist,Fowlea piscator,non_venomous,cc-by-nc,281,500,1500,True,train
e:\Coding_Notes\Faunari\data\raw\inaturalist\369225431.jpg,inaturalist,Oreocryptophis porphyraceus,non_venomous,cc-by,281,500,1501,True,train
e:\Coding_Notes\Faunari\data\raw\inaturalist\369233922.jpg,inaturalist,Echis carinatus,venomous,,375,500,1502,True,train
e:\Coding_Notes\Faunari\data\raw\inaturalist\369241880.jpg,inaturalist,Ptyas mucosa,non_venomous,cc-by-nc,500,375,1503,True,train
e:\Coding_Notes\Faunari\data\raw\inaturalist\369249820.jpg,inaturalist,Boiga trigonata,non_venomous,,500,375,1504,True,train
e:\Coding_Notes\Faunari\data\raw\inaturalist\369250136.jpg,inaturalist,Fowlea piscator,non_venomous,,500,375,1505,True,train
e:\Coding_Notes\Faunari\data\raw\inaturalist\369260331.jpg,inaturalist,Lycodon aulicus,non_venomous,cc-by-nc,375,500,1506,True,hardcase
e:\Coding_Notes\Faunari\data\raw\inaturalist\369275861.jpg,inaturalist,Fowlea piscator,non_venomous,cc-by,375,500,1507,True,train
e:\Coding_Notes\Faunari\data\raw\inaturalist\369276324.jpg,inaturalist,Daboia russelii,venomous,cc-by,375,500,1508,True,train
e:\Coding_Notes\Faunari\data\raw\inaturalist\369278599.jpg,inaturalist,Craspedocephalus gramineus,venomous,,500,333,1509,True,train
e:\Coding_Notes\Faunari\data\raw\inaturalist\369278622.jpg,inaturalist,Echis carinatus,venomous,,500,333,1510,True,val
e:\Coding_Notes\Faunari\data\raw\inaturalist\369278625.jpg,inaturalist,Bungarus caeruleus,venomous,,500,333,1511,True,hardcase
e:\Coding_Notes\Faunari\data\raw\inaturalist\369278638.jpg,inaturalist,Lycodon fasciolatus,non_venomous,,500,333,1512,True,train
e:\Coding_Notes\Faunari\data\raw\inaturalist\369280228.jpg,inaturalist,Fowlea piscator,non_venomous,cc-by,500,389,1513,True,train
e:\Coding_Notes\Faunari\data\raw\inaturalist\369281667.jpg,inaturalist,Boiga multifasciata,non_venomous,cc-by-nc,375,500,1514,True,test
e:\Coding_Notes\Faunari\data\raw\inaturalist\369292393.jpg,inaturalist,Amphiesma stolatum,non_venomous,cc-by-nc,375,500,1515,True,train
e:\Coding_Notes\Faunari\data\raw\inaturalist\369303706.jpg,inaturalist,Fowlea piscator,non_venomous,cc-by-nc,375,500,1516,True,train
e:\Coding_Notes\Faunari\data\raw\inaturalist\369313813.jpg,inaturalist,Bungarus caeruleus,venomous,cc-by-nc,500,344,1517,True,hardcase
e:\Coding_Notes\Faunari\data\raw\inaturalist\369315850.jpg,inaturalist,Craspedocephalus malabaricus,venomous,cc-by-nc,375,500,1518,True,train
e:\Coding_Notes\Faunari\data\raw\inaturalist\369319031.jpg,inaturalist,Amphiesma stolatum,non_venomous,,375,500,1519,True,test
e:\Coding_Notes\Faunari\data\raw\inaturalist\369330296.jpg,inaturalist,Fowlea piscator,non_venomous,cc-by-nc,500,375,1520,True,train
e:\Coding_Notes\Faunari\data\raw\inaturalist\369331499.jpg,inaturalist,Craspedocephalus malabaricus,venomous,cc-by-nc,375,500,1521,True,train
e:\Coding_Notes\Faunari\data\raw\inaturalist\369335354.jpg,inaturalist,Trimeresurus erythrurus,venomous,,500,375,1522,True,val
e:\Coding_Notes\Faunari\data\raw\inaturalist\369348324.jpg,inaturalist,Lycodon aulicus,non_venomous,cc-by-nc,375,500,1523,True,hardcase
e:\Coding_Notes\Faunari\data\raw\inaturalist\369359460.jpg,inaturalist,Dendrelaphis girii,non_venomous,cc-by-nc,375,500,1524,True,train
e:\Coding_Notes\Faunari\data\raw\inaturalist\369415340.jpg,inaturalist,Fowlea piscator,non_venomous,,375,500,1525,True,train
e:\Coding_Notes\Faunari\data\raw\inaturalist\369521600.jpg,inaturalist,Eryx conicus,non_venomous,,500,281,1526,True,train
e:\Coding_Notes\Faunari\data\raw\inaturalist\369570080.jpg,inaturalist,Coelognathus helena helena,non_venomous,,500,382,1527,True,train
e:\Coding_Notes\Faunari\data\raw\inaturalist\369590504.jpg,inaturalist,Ahaetulla borealis,non_venomous,cc-by-nc,281,500,1528,True,val
e:\Coding_Notes\Faunari\data\raw\inaturalist\369591086.jpg,inaturalist,Hypnale hypnale,venomous,cc-by-nc,500,375,1529,True,train
e:\Coding_Notes\Faunari\data\raw\inaturalist\369592864.jpg,inaturalist,Craspedocephalus malabaricus,venomous,cc-by-nc,400,500,1530,True,train
e:\Coding_Notes\Faunari\data\raw\inaturalist\369595391.jpg,inaturalist,Ptyas mucosa,non_venomous,cc-by-nc,500,500,1531,True,hardcase
e:\Coding_Notes\Faunari\data\raw\inaturalist\369595416.jpg,inaturalist,Boiga nuchalis,non_venomous,cc-by-nc,500,375,1532,True,train
e:\Coding_Notes\Faunari\data\raw\inaturalist\369596488.jpg,inaturalist,Bungarus caeruleus,venomous,cc-by-nc,500,394,1533,True,hardcase
e:\Coding_Notes\Faunari\data\raw\inaturalist\369611903.jpg,inaturalist,Fowlea piscator,non_venomous,,375,500,1534,True,train
e:\Coding_Notes\Faunari\data\raw\inaturalist\369613772.jpg,inaturalist,Amphiesma stolatum,non_venomous,cc-by-nc,281,500,1535,True,train
e:\Coding_Notes\Faunari\data\raw\inaturalist\369613939.jpg,inaturalist,Python molurus,non_venomous,cc-by-nc,281,500,1536,True,test
e:\Coding_Notes\Faunari\data\raw\inaturalist\369614012.jpg,inaturalist,Sahyadriophis beddomei,non_venomous,cc-by-nc-nd,500,465,1537,True,train
e:\Coding_Notes\Faunari\data\raw\inaturalist\369618831.jpg,inaturalist,Naja naja,venomous,cc-by-nc,375,500,1538,True,train
e:\Coding_Notes\Faunari\data\raw\inaturalist\369620958.jpg,inaturalist,Python molurus,non_venomous,cc-by-nc,375,500,1539,True,train
e:\Coding_Notes\Faunari\data\raw\inaturalist\369670927.jpg,inaturalist,Eryx whitakeri,non_venomous,cc-by-nc,500,375,1540,True,train
e:\Coding_Notes\Faunari\data\raw\inaturalist\369676333.jpg,inaturalist,Ptyas mucosa,non_venomous,cc-by-nc,375,500,1541,True,hardcase
e:\Coding_Notes\Faunari\data\raw\inaturalist\369677647.jpg,inaturalist,Ptyas mucosa,non_venomous,cc-by-nc,500,365,1542,True,hardcase
e:\Coding_Notes\Faunari\data\raw\inaturalist\369684861.jpg,inaturalist,Fowlea piscator,non_venomous,cc-by-nc,500,281,1543,True,val
e:\Coding_Notes\Faunari\data\raw\inaturalist\369713228.jpg,inaturalist,Amphiesma stolatum,non_venomous,cc-by-nc,227,500,1544,True,train
e:\Coding_Notes\Faunari\data\raw\inaturalist\369724740.jpg,inaturalist,Fowlea piscator,non_venomous,cc-by-nc,500,333,1545,True,test
e:\Coding_Notes\Faunari\data\raw\inaturalist\369727806.jpg,inaturalist,Hypsiscopus plumbeus,non_venomous,cc-by-nc,500,375,1546,True,test
e:\Coding_Notes\Faunari\data\raw\inaturalist\369729196.jpg,inaturalist,Ptyas mucosa,non_venomous,cc-by-nc,500,483,1547,True,train
e:\Coding_Notes\Faunari\data\raw\inaturalist\369730698.jpg,inaturalist,Oligodon taeniolatus,non_venomous,,500,333,1548,True,train
e:\Coding_Notes\Faunari\data\raw\inaturalist\369759847.jpg,inaturalist,Ptyas mucosa,non_venomous,,500,273,1549,True,train
e:\Coding_Notes\Faunari\data\raw\inaturalist\369787968.jpg,inaturalist,Eryx conicus,non_venomous,cc-by-nc,281,500,1550,True,test
e:\Coding_Notes\Faunari\data\raw\inaturalist\369788521.jpg,inaturalist,Lycodon jara,non_venomous,cc-by-nc,500,375,1551,True,train
e:\Coding_Notes\Faunari\data\raw\inaturalist\369788932.jpg,inaturalist,Eryx whitakeri,non_venomous,cc-by-nc,375,500,1552,True,train
e:\Coding_Notes\Faunari\data\raw\inaturalist\369789111.jpg,inaturalist,Python molurus,non_venomous,cc-by-nc,463,500,1553,True,train
e:\Coding_Notes\Faunari\data\raw\inaturalist\369789473.jpg,inaturalist,Boiga trigonata,non_venomous,cc-by-nc,500,375,1554,True,train
e:\Coding_Notes\Faunari\data\raw\inaturalist\369791116.jpg,inaturalist,Daboia russelii,venomous,,500,375,1555,True,train
e:\Coding_Notes\Faunari\data\raw\inaturalist\369791573.jpg,inaturalist,Coelognathus helena helena,non_venomous,,500,266,1556,True,train
e:\Coding_Notes\Faunari\data\raw\inaturalist\369791967.jpg,inaturalist,Coelognathus helena helena,non_venomous,cc-by,322,500,1557,True,val
e:\Coding_Notes\Faunari\data\raw\inaturalist\369792565.jpg,inaturalist,Oligodon taeniolatus,non_venomous,cc-by,370,500,1558,True,val
e:\Coding_Notes\Faunari\data\raw\inaturalist\369802758.jpg,inaturalist,Ptyas mucosa,non_venomous,cc-by-nc,281,500,1559,True,test
e:\Coding_Notes\Faunari\data\raw\inaturalist\369905518.jpg,inaturalist,Oligodon taeniolatus,non_venomous,cc-by-nc,224,500,1560,True,train
e:\Coding_Notes\Faunari\data\raw\inaturalist\369920612.jpg,inaturalist,Ptyas mucosa,non_venomous,cc-by-nc,500,375,1561,True,val
e:\Coding_Notes\Faunari\data\raw\inaturalist\369934035.jpg,inaturalist,Cerberus rynchops,non_venomous,,500,375,1562,True,train
e:\Coding_Notes\Faunari\data\raw\inaturalist\369935151.jpg,inaturalist,Sinomicrurus macclellandi,venomous,cc-by-nc,375,500,1563,True,train
e:\Coding_Notes\Faunari\data\raw\inaturalist\369939995.jpg,inaturalist,Ptyas mucosa,non_venomous,cc-by-nc,500,375,1564,True,val
e:\Coding_Notes\Faunari\data\raw\inaturalist\369964925.jpg,inaturalist,Naja naja,venomous,cc-by-nc,443,500,1565,True,train
e:\Coding_Notes\Faunari\data\raw\inaturalist\369967741.jpg,inaturalist,Lycodon travancoricus,non_venomous,,500,375,1566,True,test
e:\Coding_Notes\Faunari\data\raw\inaturalist\369967878.jpg,inaturalist,Indotyphlops braminus,non_venomous,,375,500,1567,True,val
e:\Coding_Notes\Faunari\data\raw\inaturalist\370023659.jpg,inaturalist,Hypnale hypnale,venomous,cc-by-nc,326,500,1568,True,train
e:\Coding_Notes\Faunari\data\raw\inaturalist\370032172.jpg,inaturalist,Daboia russelii,venomous,,500,375,1569,True,train
e:\Coding_Notes\Faunari\data\raw\inaturalist\370072524.jpg,inaturalist,Lycodon fasciolatus,non_venomous,cc-by-nc-sa,281,500,1570,True,val
e:\Coding_Notes\Faunari\data\raw\inaturalist\370084924.jpg,inaturalist,Eryx johnii,non_venomous,cc-by-nc,500,333,1571,True,train
e:\Coding_Notes\Faunari\data\raw\inaturalist\370086374.jpg,inaturalist,Lycodon travancoricus,non_venomous,cc-by-nc,500,332,1572,True,train
e:\Coding_Notes\Faunari\data\raw\inaturalist\370087849.jpg,inaturalist,Bungarus caeruleus,venomous,cc-by-nc,500,283,1573,True,hardcase
e:\Coding_Notes\Faunari\data\raw\inaturalist\370094048.jpg,inaturalist,Lycodon fasciatus,non_venomous,cc-by-nc,500,331,1574,True,train
e:\Coding_Notes\Faunari\data\raw\inaturalist\370094051.jpg,inaturalist,Lycodon fasciatus,non_venomous,cc-by-nc,500,331,1575,True,train
e:\Coding_Notes\Faunari\data\raw\inaturalist\370102048.jpg,inaturalist,Fowlea piscator,non_venomous,cc-by-nc,281,500,1576,True,val
e:\Coding_Notes\Faunari\data\raw\inaturalist\370106840.jpg,inaturalist,Naja naja,venomous,,375,500,1577,True,val
e:\Coding_Notes\Faunari\data\raw\inaturalist\370113431.jpg,inaturalist,Amphiesma stolatum,non_venomous,cc-by-nc,500,331,1578,True,train
e:\Coding_Notes\Faunari\data\raw\inaturalist\370186778.jpg,inaturalist,Amphiesma stolatum,non_venomous,cc-by-nc,500,376,1579,True,train
e:\Coding_Notes\Faunari\data\raw\inaturalist\370200417.jpg,inaturalist,Fowlea piscator,non_venomous,,385,500,1580,True,train
e:\Coding_Notes\Faunari\data\raw\inaturalist\370213436.jpg,inaturalist,Rhabdophis plumbicolor,non_venomous,cc-by-nc-sa,375,500,1581,True,test
e:\Coding_Notes\Faunari\data\raw\inaturalist\370218984.jpg,inaturalist,Craspedocephalus malabaricus,venomous,,375,500,1582,True,train
e:\Coding_Notes\Faunari\data\raw\inaturalist\370220427.jpg,inaturalist,Boiga trigonata,non_venomous,cc-by-nc-sa,281,500,1583,True,test
e:\Coding_Notes\Faunari\data\raw\inaturalist\370220920.jpg,inaturalist,Eryx johnii,non_venomous,cc-by-nc,281,500,1584,True,train
e:\Coding_Notes\Faunari\data\raw\inaturalist\370235938.jpg,inaturalist,Fowlea piscator,non_venomous,cc-by,500,500,1585,True,train
e:\Coding_Notes\Faunari\data\raw\inaturalist\370236684.jpg,inaturalist,Craspedocephalus travancoricus,venomous,cc-by,500,500,1586,True,train
e:\Coding_Notes\Faunari\data\raw\inaturalist\370237429.jpg,inaturalist,Ptyas korros,non_venomous,cc-by-nc,375,500,1587,True,test
e:\Coding_Notes\Faunari\data\raw\inaturalist\370239445.jpg,inaturalist,Oligodon albocinctus,non_venomous,cc-by-nc,375,500,1588,True,test
e:\Coding_Notes\Faunari\data\raw\inaturalist\370248360.jpg,inaturalist,Rhabdophis plumbicolor,non_venomous,cc-by-nc,500,333,1589,True,train
e:\Coding_Notes\Faunari\data\raw\inaturalist\370248408.jpg,inaturalist,Python molurus,non_venomous,cc-by-nc,500,333,1590,True,train
e:\Coding_Notes\Faunari\data\raw\inaturalist\370269321.jpg,inaturalist,Fowlea piscator,non_venomous,cc-by,375,500,1591,True,train
e:\Coding_Notes\Faunari\data\raw\inaturalist\370273907.jpg,inaturalist,Trimeresurus albolabris,venomous,cc-by-nc,375,500,1592,True,train
e:\Coding_Notes\Faunari\data\raw\inaturalist\370313801.jpg,inaturalist,Fowlea piscator,non_venomous,cc-by-nc,375,500,1593,True,test
e:\Coding_Notes\Faunari\data\raw\inaturalist\370316619.jpg,inaturalist,Craspedocephalus malabaricus,venomous,cc-by-nc,281,500,1594,True,val
e:\Coding_Notes\Faunari\data\raw\inaturalist\370318401.jpg,inaturalist,Fowlea piscator,non_venomous,cc-by-nc,281,500,1595,True,train
e:\Coding_Notes\Faunari\data\raw\inaturalist\370326021.jpg,inaturalist,Boiga beddomei,non_venomous,cc-by-nc,500,467,1596,True,train
e:\Coding_Notes\Faunari\data\raw\inaturalist\370359752.jpg,inaturalist,Daboia russelii,venomous,cc-by-nc,500,225,1597,True,hardcase
e:\Coding_Notes\Faunari\data\raw\inaturalist\370363301.jpg,inaturalist,Oligodon arnensis,non_venomous,,375,500,1598,True,train
e:\Coding_Notes\Faunari\data\raw\inaturalist\370390231.jpg,inaturalist,Dendrelaphis chairecacos,non_venomous,cc-by-nc,480,500,1599,True,train
e:\Coding_Notes\Faunari\data\raw\inaturalist\370395836.jpg,inaturalist,Fowlea piscator,non_venomous,cc-by,500,375,1600,True,train
e:\Coding_Notes\Faunari\data\raw\inaturalist\370401364.jpg,inaturalist,Fowlea piscator,non_venomous,,375,500,1601,True,val
e:\Coding_Notes\Faunari\data\raw\inaturalist\370424919.jpg,inaturalist,Amphiesma monticola,non_venomous,,500,349,1602,True,train
e:\Coding_Notes\Faunari\data\raw\inaturalist\370503012.jpg,inaturalist,Daboia russelii,venomous,cc-by-nc,281,500,1603,True,train
e:\Coding_Notes\Faunari\data\raw\inaturalist\370523917.jpg,inaturalist,Lycodon travancoricus,non_venomous,cc-by-nc,500,375,1604,True,train
e:\Coding_Notes\Faunari\data\raw\inaturalist\370524069.jpg,inaturalist,Uropeltis ceylanica,non_venomous,cc-by-nc,375,500,1605,True,val
e:\Coding_Notes\Faunari\data\raw\inaturalist\370526157.jpg,inaturalist,Naja naja,venomous,cc-by-nc,500,255,1606,True,hardcase
e:\Coding_Notes\Faunari\data\raw\inaturalist\370538598.jpg,inaturalist,Ahaetulla malabarica,non_venomous,cc-by-nc,500,499,1607,True,val
e:\Coding_Notes\Faunari\data\raw\inaturalist\370541374.jpg,inaturalist,Dendrelaphis tristis,non_venomous,cc-by-nc,375,500,1608,True,train
e:\Coding_Notes\Faunari\data\raw\inaturalist\370547861.jpg,inaturalist,Sahyadriophis beddomei,non_venomous,cc-by-nc,500,333,1609,True,train
e:\Coding_Notes\Faunari\data\raw\inaturalist\370548925.jpg,inaturalist,Ptyas mucosa,non_venomous,cc-by-nc,500,225,1610,True,val
e:\Coding_Notes\Faunari\data\raw\inaturalist\370552314.jpg,inaturalist,Fowlea piscator,non_venomous,cc-by-nc,500,500,1611,True,val
e:\Coding_Notes\Faunari\data\raw\inaturalist\370554930.jpg,inaturalist,Ahaetulla sahyadrensis,non_venomous,cc-by-nc,375,500,1612,True,train
e:\Coding_Notes\Faunari\data\raw\inaturalist\370555012.jpg,inaturalist,Amphiesma stolatum,non_venomous,,500,285,1613,True,train
e:\Coding_Notes\Faunari\data\raw\inaturalist\370559692.jpg,inaturalist,Fowlea piscator,non_venomous,,375,500,1614,True,train
e:\Coding_Notes\Faunari\data\raw\inaturalist\370564350.jpg,inaturalist,Naja naja,venomous,cc-by-nc,500,225,1615,True,hardcase
e:\Coding_Notes\Faunari\data\raw\inaturalist\370565363.jpg,inaturalist,Uropeltis ocellata,non_venomous,cc-by-nc,500,281,1616,True,train
e:\Coding_Notes\Faunari\data\raw\inaturalist\370565455.jpg,inaturalist,Ptyas mucosa,non_venomous,cc-by-nc,500,405,1617,True,test
e:\Coding_Notes\Faunari\data\raw\inaturalist\370566331.jpg,inaturalist,Fowlea piscator,non_venomous,cc-by-nc,281,500,1618,True,val
e:\Coding_Notes\Faunari\data\raw\inaturalist\370570733.jpg,inaturalist,Python molurus,non_venomous,cc-by-nc,500,286,1619,True,test
e:\Coding_Notes\Faunari\data\raw\inaturalist\370579598.jpg,inaturalist,Naja naja,venomous,cc-by-nc,447,500,1620,True,test
e:\Coding_Notes\Faunari\data\raw\inaturalist\370610099.jpg,inaturalist,Indotyphlops braminus,non_venomous,,375,500,1621,True,train
e:\Coding_Notes\Faunari\data\raw\inaturalist\370640665.jpg,inaturalist,Amphiesma stolatum,non_venomous,,297,500,1622,True,train
e:\Coding_Notes\Faunari\data\raw\inaturalist\370641498.jpg,inaturalist,Fowlea piscator,non_venomous,cc-by-nc,375,500,1623,True,train
e:\Coding_Notes\Faunari\data\raw\inaturalist\370647609.jpg,inaturalist,Boiga forsteni,non_venomous,cc-by,500,333,1293,False,val
e:\Coding_Notes\Faunari\data\raw\inaturalist\370648068.jpg,inaturalist,Eryx conicus,non_venomous,,226,500,1624,True,train
e:\Coding_Notes\Faunari\data\raw\inaturalist\370664075.jpg,inaturalist,Ptyas mucosa,non_venomous,cc-by-nc,281,500,1625,True,test
e:\Coding_Notes\Faunari\data\raw\inaturalist\370686770.jpg,inaturalist,Oligodon taeniolatus,non_venomous,cc-by-nc,500,375,1626,True,train
e:\Coding_Notes\Faunari\data\raw\inaturalist\370687468.jpg,inaturalist,Ptyas mucosa,non_venomous,cc-by-nc,375,500,1627,True,train
e:\Coding_Notes\Faunari\data\raw\inaturalist\370691383.jpg,inaturalist,Python molurus,non_venomous,cc-by-nc,500,375,1628,True,train
e:\Coding_Notes\Faunari\data\raw\inaturalist\370692475.jpg,inaturalist,Amphiesma stolatum,non_venomous,cc-by-nc,375,500,1629,True,val
e:\Coding_Notes\Faunari\data\raw\inaturalist\370692924.jpg,inaturalist,Amphiesma stolatum,non_venomous,cc-by-nc,375,500,1630,True,train
e:\Coding_Notes\Faunari\data\raw\inaturalist\370693787.jpg,inaturalist,Daboia russelii,venomous,cc-by-nc,281,500,1631,True,train
e:\Coding_Notes\Faunari\data\raw\inaturalist\370759803.jpg,inaturalist,Python molurus,non_venomous,cc-by,500,298,1632,True,train
e:\Coding_Notes\Faunari\data\raw\inaturalist\370813947.jpg,inaturalist,Sahyadriophis beddomei,non_venomous,cc-by-nc-nd,500,376,1633,False,train
e:\Coding_Notes\Faunari\data\raw\inaturalist\370816159.jpg,inaturalist,Naja naja,venomous,cc-by-nc,281,500,1634,True,hardcase
e:\Coding_Notes\Faunari\data\raw\inaturalist\370816500.jpg,inaturalist,Python molurus,non_venomous,cc-by-nc,281,500,1635,True,test
e:\Coding_Notes\Faunari\data\raw\inaturalist\370817316.jpg,inaturalist,Ptyas mucosa,non_venomous,cc-by-nc,341,500,1636,True,test
e:\Coding_Notes\Faunari\data\raw\inaturalist\370825510.jpg,inaturalist,Craspedocephalus malabaricus,venomous,cc-by-nc,500,375,1637,True,train
e:\Coding_Notes\Faunari\data\raw\inaturalist\370833606.jpg,inaturalist,Eryx conicus,non_venomous,cc-by-nc,500,375,1638,True,train
e:\Coding_Notes\Faunari\data\raw\inaturalist\370841938.jpg,inaturalist,Naja naja,venomous,cc-by,343,500,1639,True,train
e:\Coding_Notes\Faunari\data\raw\inaturalist\370842464.jpg,inaturalist,Daboia russelii,venomous,cc-by-nc,500,287,1640,True,train
e:\Coding_Notes\Faunari\data\raw\inaturalist\370847510.jpg,inaturalist,Dendrelaphis tristis,non_venomous,cc-by-nc,375,500,1641,True,train
e:\Coding_Notes\Faunari\data\raw\inaturalist\370853744.jpg,inaturalist,Ptyas mucosa,non_venomous,,375,500,1642,True,train
e:\Coding_Notes\Faunari\data\raw\inaturalist\370854474.jpg,inaturalist,Indotyphlops braminus,non_venomous,,231,500,1643,True,train
e:\Coding_Notes\Faunari\data\raw\inaturalist\370858575.jpg,inaturalist,Ptyas mucosa,non_venomous,cc-by,225,500,1644,True,hardcase
e:\Coding_Notes\Faunari\data\raw\inaturalist\370859748.jpg,inaturalist,Ptyas mucosa,non_venomous,cc-by-nc,500,286,1645,True,hardcase
e:\Coding_Notes\Faunari\data\raw\inaturalist\370868028.jpg,inaturalist,Fowlea piscator,non_venomous,,500,300,1646,True,train
e:\Coding_Notes\Faunari\data\raw\inaturalist\370869339.jpg,inaturalist,Fowlea piscator,non_venomous,cc-by-nc,500,331,1647,True,train
e:\Coding_Notes\Faunari\data\raw\inaturalist\370885331.jpg,inaturalist,Bungarus caeruleus,venomous,,379,500,1648,True,hardcase
e:\Coding_Notes\Faunari\data\raw\inaturalist\370886101.jpg,inaturalist,Lycodon travancoricus,non_venomous,,229,500,1649,True,train
e:\Coding_Notes\Faunari\data\raw\inaturalist\370886476.jpg,inaturalist,Sahyadriophis beddomei,non_venomous,cc-by-nc,376,500,1650,True,train
e:\Coding_Notes\Faunari\data\raw\inaturalist\370898601.jpg,inaturalist,Fowlea piscator,non_venomous,,375,500,1651,True,train
e:\Coding_Notes\Faunari\data\raw\inaturalist\370942270.jpg,inaturalist,Ahaetulla oxyrhynca,non_venomous,cc-by-nc,239,500,1652,True,hardcase
e:\Coding_Notes\Faunari\data\raw\inaturalist\370945113.jpg,inaturalist,Rhabdophis plumbicolor plumbicolor,non_venomous,,500,213,1653,True,train
e:\Coding_Notes\Faunari\data\raw\inaturalist\370959692.jpg,inaturalist,Ptyas mucosa,non_venomous,cc-by-nc,266,500,1654,True,train
e:\Coding_Notes\Faunari\data\raw\inaturalist\370959755.jpg,inaturalist,Dendrelaphis tristis,non_venomous,cc-by-nc,500,404,1655,True,train
e:\Coding_Notes\Faunari\data\raw\inaturalist\370961182.jpg,inaturalist,Daboia russelii,venomous,cc-by-nc,304,500,1656,True,test
e:\Coding_Notes\Faunari\data\raw\inaturalist\370966686.jpg,inaturalist,Fowlea piscator,non_venomous,,500,375,1657,True,train
e:\Coding_Notes\Faunari\data\raw\inaturalist\370968448.jpg,inaturalist,Daboia russelii,venomous,cc-by,500,375,1658,True,test
e:\Coding_Notes\Faunari\data\raw\inaturalist\370976595.jpg,inaturalist,Fowlea piscator,non_venomous,cc-by-nc,500,333,1659,True,train
e:\Coding_Notes\Faunari\data\raw\inaturalist\370995151.jpg,inaturalist,Oligodon russelius,non_venomous,cc-by-nc,281,500,1660,True,train
e:\Coding_Notes\Faunari\data\raw\inaturalist\371005960.jpg,inaturalist,Echis carinatus,venomous,cc-by-nc,472,500,1661,True,val
e:\Coding_Notes\Faunari\data\raw\inaturalist\371024071.jpg,inaturalist,Fowlea piscator,non_venomous,cc-by,375,500,1662,True,train
e:\Coding_Notes\Faunari\data\raw\inaturalist\371074566.jpg,inaturalist,Craspedocephalus gramineus,venomous,cc-by-nc,500,307,1663,True,train
e:\Coding_Notes\Faunari\data\raw\inaturalist\371074632.jpg,inaturalist,Boiga beddomei,non_venomous,cc-by-nc,500,375,1664,True,train
e:\Coding_Notes\Faunari\data\raw\inaturalist\371082739.jpg,inaturalist,Lycodon aulicus,non_venomous,cc-by-nc,223,500,1665,True,hardcase
e:\Coding_Notes\Faunari\data\raw\inaturalist\371083475.jpg,inaturalist,Naja naja,venomous,cc-by-nc,500,332,1666,True,val
e:\Coding_Notes\Faunari\data\raw\inaturalist\371092314.jpg,inaturalist,Fowlea piscator,non_venomous,cc-by-nc,359,500,1667,True,test
e:\Coding_Notes\Faunari\data\raw\inaturalist\371102208.jpg,inaturalist,Lycodon zawi,non_venomous,cc-by-nc,500,281,1668,True,train
e:\Coding_Notes\Faunari\data\raw\inaturalist\371108352.jpg,inaturalist,Lycodon aulicus,non_venomous,cc-by-nc,350,500,1669,True,hardcase
e:\Coding_Notes\Faunari\data\raw\inaturalist\371110829.jpg,inaturalist,Enhydris enhydris,non_venomous,,500,346,1670,True,test
e:\Coding_Notes\Faunari\data\raw\inaturalist\371120427.jpg,inaturalist,Ptyas mucosa,non_venomous,,281,500,1671,True,test
e:\Coding_Notes\Faunari\data\raw\inaturalist\371121586.jpg,inaturalist,Oligodon taeniolatus,non_venomous,,375,500,1672,True,val
e:\Coding_Notes\Faunari\data\raw\inaturalist\371123585.jpg,inaturalist,Elaphe taeniura,non_venomous,cc-by-nc,225,500,1673,True,test
e:\Coding_Notes\Faunari\data\raw\inaturalist\371131946.jpg,inaturalist,Amphiesma stolatum,non_venomous,,500,281,1674,True,val
e:\Coding_Notes\Faunari\data\raw\inaturalist\371134289.jpg,inaturalist,Naja naja,venomous,cc-by-nc,375,500,1675,True,hardcase
e:\Coding_Notes\Faunari\data\raw\inaturalist\371138922.jpg,inaturalist,Naja naja,venomous,cc-by-nc,500,327,1676,True,test
e:\Coding_Notes\Faunari\data\raw\inaturalist\371139231.jpg,inaturalist,Daboia russelii,venomous,cc-by-nc,500,174,1677,True,test
e:\Coding_Notes\Faunari\data\raw\inaturalist\371140147.jpg,inaturalist,Naja naja,venomous,cc-by-nc,277,500,1678,True,train
e:\Coding_Notes\Faunari\data\raw\inaturalist\371141331.jpg,inaturalist,Fowlea piscator,non_venomous,cc-by-nc,500,313,1679,True,train
e:\Coding_Notes\Faunari\data\raw\inaturalist\371150608.jpg,inaturalist,Bungarus caeruleus,venomous,cc-by-nc,285,500,1680,True,hardcase
e:\Coding_Notes\Faunari\data\raw\inaturalist\371151248.jpg,inaturalist,Bungarus caeruleus,venomous,cc-by-nc,288,500,1681,True,hardcase
e:\Coding_Notes\Faunari\data\raw\inaturalist\371160081.jpg,inaturalist,Naja naja,venomous,,500,438,1682,True,train
e:\Coding_Notes\Faunari\data\raw\inaturalist\371161591.jpg,inaturalist,Ptyas mucosa,non_venomous,cc-by-nc-sa,394,500,1683,True,hardcase
e:\Coding_Notes\Faunari\data\raw\inaturalist\371164731.jpg,inaturalist,Eryx whitakeri,non_venomous,,370,500,1684,True,train
e:\Coding_Notes\Faunari\data\raw\inaturalist\371186531.jpg,inaturalist,Sahyadriophis beddomei,non_venomous,cc-by-nc,375,500,1685,True,test
e:\Coding_Notes\Faunari\data\raw\inaturalist\371193664.jpg,inaturalist,Bungarus fasciatus,venomous,cc-by-nc,500,375,1686,True,train
e:\Coding_Notes\Faunari\data\raw\inaturalist\371198228.jpg,inaturalist,Amphiesma stolatum,non_venomous,cc-by-nc,500,500,1687,True,test
e:\Coding_Notes\Faunari\data\raw\inaturalist\371209811.jpg,inaturalist,Uropeltis caudomaculata,non_venomous,cc-by-nc,281,500,1688,True,train
e:\Coding_Notes\Faunari\data\raw\inaturalist\371214709.jpg,inaturalist,Amphiesma stolatum,non_venomous,cc-by-nc,295,500,1689,True,train
e:\Coding_Notes\Faunari\data\raw\inaturalist\371215527.jpg,inaturalist,Uropeltis ocellata,non_venomous,cc-by-nc,281,500,1690,True,train
e:\Coding_Notes\Faunari\data\raw\inaturalist\371244855.jpg,inaturalist,Bungarus caeruleus,venomous,,500,430,1691,True,hardcase
e:\Coding_Notes\Faunari\data\raw\inaturalist\371245336.jpg,inaturalist,Lycodon striatus,non_venomous,cc-by-nc,500,281,1692,True,train
e:\Coding_Notes\Faunari\data\raw\inaturalist\371270991.jpg,inaturalist,Ptyas mucosa,non_venomous,cc-by-nc,339,500,1693,True,train
e:\Coding_Notes\Faunari\data\raw\inaturalist\371276708.jpg,inaturalist,Echis carinatus,venomous,cc-by-nc,500,329,1694,True,train
e:\Coding_Notes\Faunari\data\raw\inaturalist\371276884.jpg,inaturalist,Fowlea piscator,non_venomous,cc-by-nc,375,500,1695,True,train
e:\Coding_Notes\Faunari\data\raw\inaturalist\371283916.jpg,inaturalist,Fowlea piscator,non_venomous,cc-by-nc,281,500,1696,True,test
e:\Coding_Notes\Faunari\data\raw\inaturalist\371302962.jpg,inaturalist,Daboia russelii,venomous,,371,500,1697,True,test
e:\Coding_Notes\Faunari\data\raw\inaturalist\371304176.jpg,inaturalist,Naja naja,venomous,cc-by-nc,287,500,1698,True,train
e:\Coding_Notes\Faunari\data\raw\inaturalist\371309446.jpg,inaturalist,Ophiophagus kaalinga,venomous,,282,500,1699,True,train
e:\Coding_Notes\Faunari\data\raw\inaturalist\371310289.jpg,inaturalist,Python molurus,non_venomous,,349,500,1700,True,train
e:\Coding_Notes\Faunari\data\raw\inaturalist\371385492.jpg,inaturalist,Ahaetulla oxyrhynca,non_venomous,cc-by,500,281,1701,True,test
e:\Coding_Notes\Faunari\data\raw\inaturalist\371400461.jpg,inaturalist,Ahaetulla oxyrhynca,non_venomous,cc-by-nc,500,376,1702,True,train
e:\Coding_Notes\Faunari\data\raw\inaturalist\371427101.jpg,inaturalist,Naja naja,venomous,cc-by-nc,311,500,1703,True,train
e:\Coding_Notes\Faunari\data\raw\inaturalist\371443183.jpg,inaturalist,Echis carinatus,venomous,,500,375,1704,True,val
e:\Coding_Notes\Faunari\data\raw\inaturalist\371468834.jpg,inaturalist,Lycodon aulicus,non_venomous,cc-by-nc,500,418,1705,True,hardcase
e:\Coding_Notes\Faunari\data\raw\inaturalist\371472426.jpg,inaturalist,Python molurus,non_venomous,,375,500,1706,True,val
e:\Coding_Notes\Faunari\data\raw\inaturalist\371479314.jpg,inaturalist,Ahaetulla laudankia,non_venomous,cc-by-nc,281,500,1707,True,train
e:\Coding_Notes\Faunari\data\raw\inaturalist\371479351.jpg,inaturalist,Ahaetulla laudankia,non_venomous,cc-by-nc,281,500,1708,True,train
e:\Coding_Notes\Faunari\data\raw\inaturalist\371487541.jpg,inaturalist,Ptyas mucosa,non_venomous,cc-by-nc,281,500,1709,True,train
e:\Coding_Notes\Faunari\data\raw\inaturalist\371487735.jpg,inaturalist,Ptyas mucosa,non_venomous,cc-by-nc,456,500,1710,True,train
e:\Coding_Notes\Faunari\data\raw\inaturalist\371492280.jpg,inaturalist,Indotyphlops braminus,non_venomous,,375,500,1711,True,train
e:\Coding_Notes\Faunari\data\raw\inaturalist\371494156.jpg,inaturalist,Fowlea piscator,non_venomous,cc-by,281,500,1712,True,train
e:\Coding_Notes\Faunari\data\raw\inaturalist\371494183.jpg,inaturalist,Uropeltis ocellata,non_venomous,cc-by,500,375,1713,True,train
e:\Coding_Notes\Faunari\data\raw\inaturalist\371496212.jpg,inaturalist,Coelognathus helena helena,non_venomous,cc-by-nc,289,500,1714,True,test
e:\Coding_Notes\Faunari\data\raw\inaturalist\371511205.jpg,inaturalist,Ahaetulla malabarica,non_venomous,cc-by-nc-nd,375,500,1715,True,test
e:\Coding_Notes\Faunari\data\raw\inaturalist\371512225.jpg,inaturalist,Indotyphlops braminus,non_venomous,cc-by-nc-nd,500,375,1716,True,train
e:\Coding_Notes\Faunari\data\raw\inaturalist\371512288.jpg,inaturalist,Craspedocephalus malabaricus,venomous,cc-by-nc-nd,500,375,1717,True,test
e:\Coding_Notes\Faunari\data\raw\inaturalist\371512301.jpg,inaturalist,Hypnale hypnale,venomous,cc-by-nc-nd,375,500,1718,True,val
e:\Coding_Notes\Faunari\data\raw\inaturalist\371526911.jpg,inaturalist,Hypnale hypnale,venomous,,500,280,1719,True,train
e:\Coding_Notes\Faunari\data\raw\inaturalist\371527734.jpg,inaturalist,Craspedocephalus malabaricus,venomous,cc-by-nc,500,375,1720,True,train
e:\Coding_Notes\Faunari\data\raw\inaturalist\371529404.jpg,inaturalist,Boiga trigonata,non_venomous,cc-by-nc,292,500,1721,True,val
e:\Coding_Notes\Faunari\data\raw\inaturalist\371530764.jpg,inaturalist,Lycodon aulicus,non_venomous,cc-by-nc,253,500,1722,True,hardcase
e:\Coding_Notes\Faunari\data\raw\inaturalist\371531442.jpg,inaturalist,Daboia russelii,venomous,cc-by,406,500,1723,True,val
e:\Coding_Notes\Faunari\data\raw\inaturalist\371536332.jpg,inaturalist,Echis carinatus,venomous,cc-by-nc,500,281,1724,True,train
e:\Coding_Notes\Faunari\data\raw\inaturalist\371541280.jpg,inaturalist,Bungarus caeruleus,venomous,cc-by-nc,375,500,1725,True,hardcase
e:\Coding_Notes\Faunari\data\raw\inaturalist\371541993.jpg,inaturalist,Naja naja,venomous,cc-by-nc,463,500,1726,True,hardcase
e:\Coding_Notes\Faunari\data\raw\inaturalist\371542844.jpg,inaturalist,Daboia russelii,venomous,cc-by-nc,286,500,1727,True,train
e:\Coding_Notes\Faunari\data\raw\inaturalist\371543180.jpg,inaturalist,Daboia russelii,venomous,cc-by-nc,286,500,1728,True,train
e:\Coding_Notes\Faunari\data\raw\inaturalist\371554300.jpg,inaturalist,Dendrelaphis tristis,non_venomous,,375,500,1729,True,val
e:\Coding_Notes\Faunari\data\raw\inaturalist\371555591.jpg,inaturalist,Dendrelaphis tristis,non_venomous,,375,500,1730,True,train
e:\Coding_Notes\Faunari\data\raw\inaturalist\371555598.jpg,inaturalist,Dendrelaphis tristis,non_venomous,,375,500,1731,True,train
e:\Coding_Notes\Faunari\data\raw\inaturalist\371555599.jpg,inaturalist,Dendrelaphis tristis,non_venomous,,375,500,1732,True,test
e:\Coding_Notes\Faunari\data\raw\inaturalist\371555601.jpg,inaturalist,Eryx conicus,non_venomous,,375,500,1733,True,test
e:\Coding_Notes\Faunari\data\raw\inaturalist\371557091.jpg,inaturalist,Ptyas mucosa,non_venomous,,375,500,1734,True,test
e:\Coding_Notes\Faunari\data\raw\inaturalist\371557102.jpg,inaturalist,Naja naja,venomous,,375,500,1735,True,hardcase
e:\Coding_Notes\Faunari\data\raw\inaturalist\371557106.jpg,inaturalist,Fowlea piscator,non_venomous,,375,500,1736,True,train
e:\Coding_Notes\Faunari\data\raw\inaturalist\371557113.jpg,inaturalist,Ptyas mucosa,non_venomous,,375,500,1737,True,train
e:\Coding_Notes\Faunari\data\raw\inaturalist\371558949.jpg,inaturalist,Naja naja,venomous,,500,375,1738,True,train
e:\Coding_Notes\Faunari\data\raw\inaturalist\371561343.jpg,inaturalist,Ovophis monticola,venomous,cc-by-nc,500,375,1739,True,train
e:\Coding_Notes\Faunari\data\raw\inaturalist\371565916.jpg,inaturalist,Amphiesma monticola,non_venomous,cc-by-nc,500,363,1740,True,train
e:\Coding_Notes\Faunari\data\raw\inaturalist\371567227.jpg,inaturalist,Ahaetulla oxyrhynca,non_venomous,,375,500,1741,True,train
e:\Coding_Notes\Faunari\data\raw\inaturalist\371567269.jpg,inaturalist,Indotyphlops braminus,non_venomous,,375,500,1742,True,val
e:\Coding_Notes\Faunari\data\raw\inaturalist\371572474.jpg,inaturalist,Dendrelaphis tristis,non_venomous,,500,333,1743,True,train
e:\Coding_Notes\Faunari\data\raw\inaturalist\371574368.jpg,inaturalist,Ptyas mucosa,non_venomous,,333,500,1744,True,test
e:\Coding_Notes\Faunari\data\raw\inaturalist\371578629.jpg,inaturalist,Daboia russelii,venomous,,500,333,1745,True,train
e:\Coding_Notes\Faunari\data\raw\inaturalist\371579462.jpg,inaturalist,Daboia russelii,venomous,,333,500,1746,True,train
e:\Coding_Notes\Faunari\data\raw\inaturalist\371621446.jpg,inaturalist,Fowlea piscator,non_venomous,cc-by-nc,375,500,1747,True,train
e:\Coding_Notes\Faunari\data\raw\inaturalist\371633226.jpg,inaturalist,Dendrelaphis tristis,non_venomous,,500,333,1748,True,train
e:\Coding_Notes\Faunari\data\raw\inaturalist\371633235.jpg,inaturalist,Dendrelaphis tristis,non_venomous,,500,333,1749,True,train
e:\Coding_Notes\Faunari\data\raw\inaturalist\371636238.jpg,inaturalist,Dendrelaphis tristis,non_venomous,,500,333,1750,True,train
e:\Coding_Notes\Faunari\data\raw\inaturalist\371648955.jpg,inaturalist,Sahyadriophis beddomei,non_venomous,cc-by-nc,500,376,1633,True,train
e:\Coding_Notes\Faunari\data\raw\inaturalist\371652844.jpg,inaturalist,Oligodon arnensis,non_venomous,cc-by-nc,375,500,1751,True,train
e:\Coding_Notes\Faunari\data\raw\inaturalist\371662327.jpg,inaturalist,Bungarus caeruleus,venomous,cc-by-nc,500,467,1752,True,hardcase
e:\Coding_Notes\Faunari\data\raw\inaturalist\371662344.jpg,inaturalist,Rhabdophis plumbicolor,non_venomous,cc-by-nc,500,375,1753,True,train
e:\Coding_Notes\Faunari\data\raw\inaturalist\371662365.jpg,inaturalist,Naja naja,venomous,cc-by-nc,500,382,1754,True,train
e:\Coding_Notes\Faunari\data\raw\inaturalist\371662376.jpg,inaturalist,Oligodon taeniolatus,non_venomous,cc-by-nc,500,381,1755,True,train
e:\Coding_Notes\Faunari\data\raw\inaturalist\371662377.jpg,inaturalist,Craspedocephalus gramineus,venomous,cc-by-nc,500,375,1756,True,train
e:\Coding_Notes\Faunari\data\raw\inaturalist\371662523.jpg,inaturalist,Amphiesma stolatum,non_venomous,cc-by-nc,375,500,1757,True,train
e:\Coding_Notes\Faunari\data\raw\inaturalist\371662607.jpg,inaturalist,Elaphe cantoris,non_venomous,cc-by,281,500,1758,True,train
e:\Coding_Notes\Faunari\data\raw\inaturalist\371662667.jpg,inaturalist,Daboia russelii,venomous,cc-by-nc,500,462,1759,True,train
e:\Coding_Notes\Faunari\data\raw\inaturalist\371662698.jpg,inaturalist,Elaphe cantoris,non_venomous,cc-by,500,281,1760,True,train
e:\Coding_Notes\Faunari\data\raw\inaturalist\371662745.jpg,inaturalist,Daboia russelii,venomous,,500,375,1761,True,test
e:\Coding_Notes\Faunari\data\raw\inaturalist\371662936.jpg,inaturalist,Ptyas mucosa,non_venomous,cc-by-nc,358,500,1762,True,train
e:\Coding_Notes\Faunari\data\raw\inaturalist\371688547.jpg,inaturalist,Fowlea piscator,non_venomous,cc-by-nc,500,312,1763,True,train
e:\Coding_Notes\Faunari\data\raw\inaturalist\371713639.jpg,inaturalist,Ahaetulla borealis,non_venomous,cc-by-nc,375,500,1764,True,train
e:\Coding_Notes\Faunari\data\raw\inaturalist\371716614.jpg,inaturalist,Craspedocephalus malabaricus,venomous,cc-by-nc,500,375,1765,True,val
e:\Coding_Notes\Faunari\data\raw\inaturalist\371812924.jpg,inaturalist,Bungarus caeruleus,venomous,cc-by-nc,500,349,1766,True,hardcase
e:\Coding_Notes\Faunari\data\raw\inaturalist\371814031.jpg,inaturalist,Naja naja,venomous,cc-by-nc,275,500,1767,True,train
e:\Coding_Notes\Faunari\data\raw\inaturalist\371823225.jpg,inaturalist,Python molurus,non_venomous,cc-by-nc,500,316,1768,True,train
e:\Coding_Notes\Faunari\data\raw\inaturalist\371829796.jpg,inaturalist,Lycodon striatus,non_venomous,,225,500,1769,True,train
e:\Coding_Notes\Faunari\data\raw\inaturalist\371845587.jpg,inaturalist,Coelognathus helena helena,non_venomous,,231,500,1770,True,train
e:\Coding_Notes\Faunari\data\raw\inaturalist\371855851.jpg,inaturalist,Oligodon taeniolatus,non_venomous,cc-by-nc,500,500,1771,True,val
e:\Coding_Notes\Faunari\data\raw\inaturalist\371877753.jpg,inaturalist,Fowlea piscator,non_venomous,cc-by-nc,230,500,1772,True,val
e:\Coding_Notes\Faunari\data\raw\inaturalist\371908296.jpg,inaturalist,Ptyas mucosa,non_venomous,,281,500,1773,True,train
e:\Coding_Notes\Faunari\data\raw\inaturalist\371909815.jpg,inaturalist,Ptyas mucosa,non_venomous,cc-by-nc,460,500,1774,True,train
e:\Coding_Notes\Faunari\data\raw\inaturalist\371915967.jpg,inaturalist,Ptyas mucosa,non_venomous,cc-by-nc,500,354,1775,True,train
e:\Coding_Notes\Faunari\data\raw\inaturalist\371923690.jpg,inaturalist,Naja naja,venomous,cc-by,296,500,1776,True,train
e:\Coding_Notes\Faunari\data\raw\inaturalist\371924135.jpg,inaturalist,Ahaetulla oxyrhynca,non_venomous,cc-by,375,500,1777,True,val
e:\Coding_Notes\Faunari\data\raw\inaturalist\371926287.jpg,inaturalist,Sahyadriophis beddomei,non_venomous,,500,375,1778,True,train
e:\Coding_Notes\Faunari\data\raw\inaturalist\371930002.jpg,inaturalist,Rhabdophis plumbicolor,non_venomous,cc-by-nc,455,500,1779,True,test
e:\Coding_Notes\Faunari\data\raw\inaturalist\371930201.jpg,inaturalist,Craspedocephalus gramineus,venomous,cc-by-nc,500,394,1780,True,train
e:\Coding_Notes\Faunari\data\raw\inaturalist\371930301.jpg,inaturalist,Ahaetulla borealis,non_venomous,cc-by-nc,422,500,1781,True,train
e:\Coding_Notes\Faunari\data\raw\inaturalist\371930409.jpg,inaturalist,Ahaetulla borealis,non_venomous,cc-by-nc,500,357,1782,True,test
e:\Coding_Notes\Faunari\data\raw\inaturalist\371930495.jpg,inaturalist,Ahaetulla borealis,non_venomous,cc-by-nc,500,356,1783,True,train
e:\Coding_Notes\Faunari\data\raw\inaturalist\371930675.jpg,inaturalist,Craspedocephalus gramineus,venomous,cc-by-nc,373,500,1784,True,train
e:\Coding_Notes\Faunari\data\raw\inaturalist\371930784.jpg,inaturalist,Craspedocephalus gramineus,venomous,cc-by-nc,375,500,1785,True,train
e:\Coding_Notes\Faunari\data\raw\inaturalist\371930921.jpg,inaturalist,Ahaetulla borealis,non_venomous,cc-by-nc,375,500,1786,True,test
e:\Coding_Notes\Faunari\data\raw\inaturalist\371936185.jpg,inaturalist,Daboia russelii,venomous,cc-by-nc,278,500,1787,True,train
e:\Coding_Notes\Faunari\data\raw\inaturalist\371944388.jpg,inaturalist,Oligodon dorsalis,non_venomous,cc-by-nc,248,500,1788,True,train
e:\Coding_Notes\Faunari\data\raw\inaturalist\371953405.jpg,inaturalist,Sahyadriophis beddomei,non_venomous,cc-by-nc,500,344,1789,True,train
e:\Coding_Notes\Faunari\data\raw\inaturalist\371973602.jpg,inaturalist,Naja naja,venomous,cc-by-nc,500,281,1790,True,hardcase
e:\Coding_Notes\Faunari\data\raw\inaturalist\371987314.jpg,inaturalist,Fowlea piscator,non_venomous,cc-by-nc,500,333,1791,True,test
e:\Coding_Notes\Faunari\data\raw\inaturalist\372008597.jpg,inaturalist,Fowlea piscator,non_venomous,cc-by-nc,281,500,1792,True,train
e:\Coding_Notes\Faunari\data\raw\inaturalist\372036926.jpg,inaturalist,Coelognathus helena helena,non_venomous,cc-by-nc,375,500,1793,True,val
e:\Coding_Notes\Faunari\data\raw\inaturalist\372087934.jpg,inaturalist,Eryx conicus,non_venomous,cc-by-nc,228,500,1794,True,train
e:\Coding_Notes\Faunari\data\raw\inaturalist\372094943.jpg,inaturalist,Lycodon striatus,non_venomous,,375,500,1795,True,train
e:\Coding_Notes\Faunari\data\raw\inaturalist\372142578.jpg,inaturalist,Daboia russelii,venomous,cc-by-nc,500,301,1796,True,train
e:\Coding_Notes\Faunari\data\raw\inaturalist\372167017.jpg,inaturalist,Bungarus caeruleus,venomous,cc-by-nc,281,500,1797,True,hardcase
e:\Coding_Notes\Faunari\data\raw\inaturalist\372171769.jpg,inaturalist,Ptyas mucosa,non_venomous,cc-by,500,375,1798,True,hardcase
e:\Coding_Notes\Faunari\data\raw\inaturalist\372191697.jpg,inaturalist,Naja naja,venomous,cc-by-nc-sa,500,344,1799,True,train
e:\Coding_Notes\Faunari\data\raw\inaturalist\372191713.jpg,inaturalist,Dendrelaphis tristis,non_venomous,cc-by-nc,500,500,1800,True,test
e:\Coding_Notes\Faunari\data\raw\inaturalist\372194742.jpg,inaturalist,Naja naja,venomous,,375,500,1801,True,hardcase
e:\Coding_Notes\Faunari\data\raw\inaturalist\372194867.jpg,inaturalist,Sahyadriophis beddomei,non_venomous,,286,500,1802,True,test
e:\Coding_Notes\Faunari\data\raw\inaturalist\372200179.jpg,inaturalist,Coelognathus helena helena,non_venomous,cc-by-nc,375,500,1803,True,train
e:\Coding_Notes\Faunari\data\raw\inaturalist\372204062.jpg,inaturalist,Naja naja,venomous,,375,500,1804,True,hardcase
e:\Coding_Notes\Faunari\data\raw\inaturalist\372206417.jpg,inaturalist,Boiga trigonata,non_venomous,cc-by-nc,281,500,1805,True,test
e:\Coding_Notes\Faunari\data\raw\inaturalist\372225824.jpg,inaturalist,Elaphe cantoris,non_venomous,,500,333,1806,True,train
e:\Coding_Notes\Faunari\data\raw\inaturalist\372247080.jpg,inaturalist,Amphiesma stolatum,non_venomous,,231,500,1807,True,train
e:\Coding_Notes\Faunari\data\raw\inaturalist\372248707.jpg,inaturalist,Hypnale hypnale,venomous,cc-by-nc,500,281,1808,True,train
e:\Coding_Notes\Faunari\data\raw\inaturalist\372251964.jpg,inaturalist,Eryx conicus,non_venomous,,393,500,1809,True,train
e:\Coding_Notes\Faunari\data\raw\inaturalist\372252840.jpg,inaturalist,Daboia russelii,venomous,,375,500,1810,True,train
e:\Coding_Notes\Faunari\data\raw\inaturalist\372253970.jpg,inaturalist,Craspedocephalus gramineus,venomous,,500,375,1811,True,test
e:\Coding_Notes\Faunari\data\raw\inaturalist\372255369.jpg,inaturalist,Craspedocephalus gramineus,venomous,,459,500,1812,True,train
e:\Coding_Notes\Faunari\data\raw\inaturalist\372275169.jpg,inaturalist,Fowlea piscator,non_venomous,,375,500,1813,True,train
e:\Coding_Notes\Faunari\data\raw\inaturalist\372275243.jpg,inaturalist,Ptyas mucosa,non_venomous,,375,500,1814,True,train
e:\Coding_Notes\Faunari\data\raw\inaturalist\372275274.jpg,inaturalist,Rhabdophis plumbicolor,non_venomous,,375,500,1815,True,test
e:\Coding_Notes\Faunari\data\raw\inaturalist\372287634.jpg,inaturalist,Eryx conicus,non_venomous,cc0,500,281,1816,True,train
e:\Coding_Notes\Faunari\data\raw\inaturalist\372288172.jpg,inaturalist,Daboia russelii,venomous,,375,500,1817,True,train
e:\Coding_Notes\Faunari\data\raw\inaturalist\372288845.jpg,inaturalist,Naja naja,venomous,cc-by-nc,500,424,1818,True,train
e:\Coding_Notes\Faunari\data\raw\inaturalist\372293485.jpg,inaturalist,Fowlea piscator,non_venomous,,500,300,1819,True,train
e:\Coding_Notes\Faunari\data\raw\inaturalist\372300574.jpg,inaturalist,Dendrelaphis tristis,non_venomous,cc-by-nc,375,500,1820,True,train
e:\Coding_Notes\Faunari\data\raw\inaturalist\372303714.jpg,inaturalist,Eryx conicus,non_venomous,cc-by-nc,500,355,1821,True,train
e:\Coding_Notes\Faunari\data\raw\inaturalist\372308561.jpg,inaturalist,Rhabdophis plumbicolor,non_venomous,,281,500,1822,True,train
e:\Coding_Notes\Faunari\data\raw\inaturalist\372318442.jpg,inaturalist,Oligodon tillacki,non_venomous,,375,500,1823,True,test
e:\Coding_Notes\Faunari\data\raw\inaturalist\372321035.jpg,inaturalist,Dendrelaphis tristis,non_venomous,cc-by-nc,375,500,1824,True,train
e:\Coding_Notes\Faunari\data\raw\inaturalist\372333275.jpg,inaturalist,Eryx whitakeri,non_venomous,cc-by-nc,375,500,1825,True,val
e:\Coding_Notes\Faunari\data\raw\inaturalist\372335511.jpg,inaturalist,Naja naja,venomous,cc-by-nc,375,500,1826,True,hardcase
e:\Coding_Notes\Faunari\data\raw\inaturalist\372335696.jpg,inaturalist,Ophiophagus kaalinga,venomous,cc-by-nc,231,500,1827,True,train
e:\Coding_Notes\Faunari\data\raw\inaturalist\372337810.jpg,inaturalist,Daboia russelii,venomous,cc-by-nc,289,500,1828,True,train
e:\Coding_Notes\Faunari\data\raw\inaturalist\372337890.jpg,inaturalist,Daboia russelii,venomous,cc-by-nc,331,500,1829,True,val
e:\Coding_Notes\Faunari\data\raw\inaturalist\372339581.jpg,inaturalist,Oligodon affinis,non_venomous,cc-by-nc,500,375,1830,True,train
e:\Coding_Notes\Faunari\data\raw\inaturalist\372343196.jpg,inaturalist,Ptyas nigromarginata,non_venomous,,500,309,1831,True,test
e:\Coding_Notes\Faunari\data\raw\inaturalist\372353682.jpg,inaturalist,Boiga nuchalis,non_venomous,cc-by-nc,500,281,1832,True,train
e:\Coding_Notes\Faunari\data\raw\inaturalist\372354638.jpg,inaturalist,Boiga flaviviridis,non_venomous,,500,450,1833,True,test
e:\Coding_Notes\Faunari\data\raw\inaturalist\372354641.jpg,inaturalist,Bungarus caeruleus,venomous,,500,333,1834,True,hardcase
e:\Coding_Notes\Faunari\data\raw\inaturalist\372354643.jpg,inaturalist,Ptyas mucosa,non_venomous,,500,330,1835,True,train
e:\Coding_Notes\Faunari\data\raw\inaturalist\372354658.jpg,inaturalist,Fowlea piscator,non_venomous,,500,372,1836,True,train
e:\Coding_Notes\Faunari\data\raw\inaturalist\372354659.jpg,inaturalist,Naja naja,venomous,,500,433,1837,True,train
e:\Coding_Notes\Faunari\data\raw\inaturalist\372354807.jpg,inaturalist,Fowlea piscator,non_venomous,cc-by-nc,500,500,1838,True,train
e:\Coding_Notes\Faunari\data\raw\inaturalist\372355589.jpg,inaturalist,Trimeresurus erythrurus,venomous,,500,345,1839,True,train
e:\Coding_Notes\Faunari\data\raw\inaturalist\372355590.jpg,inaturalist,Boiga forsteni,non_venomous,,500,363,1840,True,train
e:\Coding_Notes\Faunari\data\raw\inaturalist\372368350.jpg,inaturalist,Lycodon aulicus,non_venomous,,500,340,1841,True,hardcase
e:\Coding_Notes\Faunari\data\raw\inaturalist\372368353.jpg,inaturalist,Rhabdophis plumbicolor,non_venomous,,500,457,1842,True,train
e:\Coding_Notes\Faunari\data\raw\inaturalist\372370822.jpg,inaturalist,Craspedocephalus gramineus,venomous,,500,350,1843,True,train
e:\Coding_Notes\Faunari\data\raw\inaturalist\372370823.jpg,inaturalist,Boiga forsteni,non_venomous,,500,362,1844,True,train
e:\Coding_Notes\Faunari\data\raw\inaturalist\372371728.jpg,inaturalist,Amphiesma stolatum,non_venomous,,500,368,1845,True,train
e:\Coding_Notes\Faunari\data\raw\inaturalist\372374401.jpg,inaturalist,Bungarus fasciatus,venomous,,500,281,1846,True,train
e:\Coding_Notes\Faunari\data\raw\inaturalist\372388055.jpg,inaturalist,Bungarus caeruleus,venomous,cc-by-nc,333,500,1847,True,hardcase
e:\Coding_Notes\Faunari\data\raw\inaturalist\372388158.jpg,inaturalist,Fowlea piscator,non_venomous,cc-by-nc,500,293,1848,True,train
e:\Coding_Notes\Faunari\data\raw\inaturalist\372409602.jpg,inaturalist,Hypnale hypnale,venomous,cc-by-nc-nd,500,281,1849,True,train
e:\Coding_Notes\Faunari\data\raw\inaturalist\372414070.jpg,inaturalist,Craspedocephalus gramineus,venomous,cc-by-nc-nd,500,281,1850,True,train
e:\Coding_Notes\Faunari\data\raw\inaturalist\372444659.jpg,inaturalist,Craspedocephalus gramineus,venomous,cc-by-nc,500,375,1851,True,train
e:\Coding_Notes\Faunari\data\raw\inaturalist\372444775.jpg,inaturalist,Ahaetulla borealis,non_venomous,cc-by-nc,500,375,1852,True,test
e:\Coding_Notes\Faunari\data\raw\inaturalist\372444893.jpg,inaturalist,Craspedocephalus gramineus,venomous,cc-by-nc,375,500,1853,True,test
e:\Coding_Notes\Faunari\data\raw\inaturalist\372445150.jpg,inaturalist,Craspedocephalus gramineus,venomous,cc-by-nc,500,375,1854,True,test
e:\Coding_Notes\Faunari\data\raw\inaturalist\372445272.jpg,inaturalist,Ahaetulla borealis,non_venomous,cc-by-nc,500,375,1855,True,test
e:\Coding_Notes\Faunari\data\raw\inaturalist\372445514.jpg,inaturalist,Craspedocephalus gramineus,venomous,cc-by-nc,375,500,1856,True,train
e:\Coding_Notes\Faunari\data\raw\inaturalist\372445717.jpg,inaturalist,Craspedocephalus gramineus,venomous,cc-by-nc,375,500,1857,True,train
e:\Coding_Notes\Faunari\data\raw\inaturalist\372445802.jpg,inaturalist,Ahaetulla borealis,non_venomous,cc-by-nc,375,500,1858,True,train
e:\Coding_Notes\Faunari\data\raw\inaturalist\372445903.jpg,inaturalist,Ahaetulla borealis,non_venomous,cc-by-nc,375,500,1859,True,test
e:\Coding_Notes\Faunari\data\raw\inaturalist\372446104.jpg,inaturalist,Ahaetulla borealis,non_venomous,cc-by-nc,375,500,1860,True,train
e:\Coding_Notes\Faunari\data\raw\inaturalist\372446239.jpg,inaturalist,Lycodon travancoricus,non_venomous,cc-by-nc,375,500,1861,True,train
e:\Coding_Notes\Faunari\data\raw\inaturalist\372465820.jpg,inaturalist,Atretium schistosum,non_venomous,cc-by-nc,500,375,1862,True,train
e:\Coding_Notes\Faunari\data\raw\inaturalist\372484901.jpg,inaturalist,Fowlea piscator,non_venomous,cc-by-nc,375,500,1863,True,train
e:\Coding_Notes\Faunari\data\raw\inaturalist\372490430.jpg,inaturalist,Rhabdophis helleri,non_venomous,cc-by-nc,375,500,1864,True,train
e:\Coding_Notes\Faunari\data\raw\inaturalist\372505944.jpg,inaturalist,Naja naja,venomous,cc-by-nc,500,319,1865,True,test
e:\Coding_Notes\Faunari\data\raw\inaturalist\372506191.jpg,inaturalist,Ptyas mucosa,non_venomous,cc-by-nc,500,312,1866,True,hardcase
e:\Coding_Notes\Faunari\data\raw\inaturalist\372506635.jpg,inaturalist,Naja naja,venomous,cc-by-nc,500,348,1867,True,train
e:\Coding_Notes\Faunari\data\raw\inaturalist\372514155.jpg,inaturalist,Fowlea piscator,non_venomous,cc-by-nc,375,500,1868,True,train
e:\Coding_Notes\Faunari\data\raw\inaturalist\372515036.jpg,inaturalist,Fowlea piscator,non_venomous,cc-by,375,500,1869,True,train
e:\Coding_Notes\Faunari\data\raw\inaturalist\372520423.jpg,inaturalist,Craspedocephalus malabaricus,venomous,cc-by-nc,225,500,1870,True,hardcase
e:\Coding_Notes\Faunari\data\raw\inaturalist\372520536.jpg,inaturalist,Craspedocephalus malabaricus,venomous,cc-by-nc,243,500,1871,True,train
e:\Coding_Notes\Faunari\data\raw\inaturalist\372520613.jpg,inaturalist,Craspedocephalus malabaricus,venomous,cc-by-nc,281,500,1872,True,val
e:\Coding_Notes\Faunari\data\raw\inaturalist\372523522.jpg,inaturalist,Naja naja,venomous,cc-by-nc,500,323,1873,True,train
e:\Coding_Notes\Faunari\data\raw\inaturalist\372532891.jpg,inaturalist,Daboia russelii,venomous,cc-by-nc,283,500,1874,True,val
e:\Coding_Notes\Faunari\data\raw\inaturalist\372533120.jpg,inaturalist,Fowlea piscator,non_venomous,cc-by-nc,500,500,1875,True,train
e:\Coding_Notes\Faunari\data\raw\inaturalist\372548464.jpg,inaturalist,Ptyas mucosa,non_venomous,cc-by-nc,281,500,1876,True,val
e:\Coding_Notes\Faunari\data\raw\inaturalist\372559080.jpg,inaturalist,Boiga trigonata,non_venomous,cc-by-nc,361,500,1877,True,train
e:\Coding_Notes\Faunari\data\raw\inaturalist\372559132.jpg,inaturalist,Naja naja,venomous,cc-by-nc,368,500,1878,True,hardcase
e:\Coding_Notes\Faunari\data\raw\inaturalist\372559572.jpg,inaturalist,Amphiesma stolatum,non_venomous,cc-by-nc,385,500,1879,True,test
e:\Coding_Notes\Faunari\data\raw\inaturalist\372570207.jpg,inaturalist,Craspedocephalus malabaricus,venomous,cc-by-nc,500,375,1880,True,val
e:\Coding_Notes\Faunari\data\raw\inaturalist\372570265.jpg,inaturalist,Craspedocephalus malabaricus,venomous,cc-by-nc,500,375,1881,True,train
e:\Coding_Notes\Faunari\data\raw\inaturalist\372583460.jpg,inaturalist,Uropeltis ceylanica,non_venomous,cc-by-nc,500,290,1882,True,test
e:\Coding_Notes\Faunari\data\raw\inaturalist\372590135.jpg,inaturalist,Ptyas mucosa,non_venomous,cc-by-nc,375,500,1883,True,hardcase
e:\Coding_Notes\Faunari\data\raw\inaturalist\372603548.jpg,inaturalist,Ptyas mucosa,non_venomous,cc-by-nc,480,500,1884,True,train
e:\Coding_Notes\Faunari\data\raw\inaturalist\372606145.jpg,inaturalist,Rhabdophis plumbicolor,non_venomous,cc-by-nc,375,500,1885,True,train
e:\Coding_Notes\Faunari\data\raw\inaturalist\372606749.jpg,inaturalist,Coelognathus helena helena,non_venomous,cc-by-nc,225,500,1886,True,test
e:\Coding_Notes\Faunari\data\raw\inaturalist\372624552.jpg,inaturalist,Ophiophagus kaalinga,venomous,cc-by-nc,375,500,1887,True,test
e:\Coding_Notes\Faunari\data\raw\inaturalist\372626460.jpg,inaturalist,Bungarus caeruleus,venomous,cc-by-nc,500,375,1888,True,hardcase
e:\Coding_Notes\Faunari\data\raw\inaturalist\372642683.jpg,inaturalist,Daboia russelii,venomous,cc-by-nc,258,500,1889,True,train
e:\Coding_Notes\Faunari\data\raw\inaturalist\372651802.jpg,inaturalist,Bungarus caeruleus,venomous,cc0,375,500,1890,True,hardcase
e:\Coding_Notes\Faunari\data\raw\inaturalist\372655802.jpg,inaturalist,Ahaetulla malabarica,non_venomous,cc-by-nc,375,500,1891,True,train
e:\Coding_Notes\Faunari\data\raw\inaturalist\372700078.jpg,inaturalist,Hypnale hypnale,venomous,,375,500,1892,True,train
e:\Coding_Notes\Faunari\data\raw\inaturalist\372716075.jpg,inaturalist,Uropeltis ceylanica,non_venomous,,500,500,1893,True,train
e:\Coding_Notes\Faunari\data\raw\inaturalist\372805634.jpg,inaturalist,Uropeltis ceylanica,non_venomous,cc-by,500,281,1894,True,train
e:\Coding_Notes\Faunari\data\raw\inaturalist\372809587.jpg,inaturalist,Coelognathus helena helena,non_venomous,,375,500,1895,True,val
e:\Coding_Notes\Faunari\data\raw\inaturalist\372824405.jpg,inaturalist,Amphiesma stolatum,non_venomous,cc-by-nc,375,500,1896,True,train
e:\Coding_Notes\Faunari\data\raw\inaturalist\372835612.jpg,inaturalist,Fowlea piscator,non_venomous,cc-by-nc,500,370,1897,True,train
e:\Coding_Notes\Faunari\data\raw\inaturalist\372836296.jpg,inaturalist,Ahaetulla oxyrhynca,non_venomous,,375,500,1898,True,test
e:\Coding_Notes\Faunari\data\raw\inaturalist\372841279.jpg,inaturalist,Platyceps bholanathi,non_venomous,,500,333,1899,True,train
e:\Coding_Notes\Faunari\data\raw\inaturalist\372841280.jpg,inaturalist,Ahaetulla oxyrhynca,non_venomous,,500,333,1900,True,train
e:\Coding_Notes\Faunari\data\raw\inaturalist\372845347.jpg,inaturalist,Boiga trigonata,non_venomous,cc-by-nc,375,500,1901,True,train
e:\Coding_Notes\Faunari\data\raw\inaturalist\372846258.jpg,inaturalist,Coelognathus radiatus,non_venomous,cc-by-nc,219,500,1902,True,val
e:\Coding_Notes\Faunari\data\raw\inaturalist\372846933.jpg,inaturalist,Ptyas mucosa,non_venomous,cc-by,500,375,1903,True,hardcase
e:\Coding_Notes\Faunari\data\raw\inaturalist\372851025.jpg,inaturalist,Sibynophis collaris,non_venomous,cc-by-nc,375,500,1904,True,train
e:\Coding_Notes\Faunari\data\raw\inaturalist\372856394.jpg,inaturalist,Daboia russelii,venomous,cc-by-nc,400,500,1905,True,val
e:\Coding_Notes\Faunari\data\raw\inaturalist\372856433.jpg,inaturalist,Lycodon zawi,non_venomous,cc-by-nc,375,500,1906,True,train
e:\Coding_Notes\Faunari\data\raw\inaturalist\372860050.jpg,inaturalist,Ophiophagus hannah,venomous,cc-by-nc,285,500,1907,True,train
e:\Coding_Notes\Faunari\data\raw\inaturalist\372864356.jpg,inaturalist,Bungarus caeruleus,venomous,,375,500,1908,True,hardcase
e:\Coding_Notes\Faunari\data\raw\inaturalist\372864589.jpg,inaturalist,Daboia russelii,venomous,,375,500,1909,True,train
e:\Coding_Notes\Faunari\data\raw\inaturalist\372866548.jpg,inaturalist,Amphiesma stolatum,non_venomous,cc-by-nc,375,500,1910,True,train
e:\Coding_Notes\Faunari\data\raw\inaturalist\372867793.jpg,inaturalist,Ahaetulla oxyrhynca,non_venomous,cc-by-nc,500,500,1911,True,train
e:\Coding_Notes\Faunari\data\raw\inaturalist\372871030.jpg,inaturalist,Amphiesma stolatum,non_venomous,cc-by-nc,500,397,1912,True,train
e:\Coding_Notes\Faunari\data\raw\inaturalist\372882350.jpg,inaturalist,Python molurus,non_venomous,cc-by-nc,375,500,1913,True,train
e:\Coding_Notes\Faunari\data\raw\inaturalist\372882811.jpg,inaturalist,Naja naja,venomous,cc-by-nc,489,500,1914,True,hardcase
e:\Coding_Notes\Faunari\data\raw\inaturalist\372889853.jpg,inaturalist,Craspedocephalus malabaricus,venomous,cc-by-nc-nd,500,281,1915,True,train
e:\Coding_Notes\Faunari\data\raw\inaturalist\372893534.jpg,inaturalist,Sinomicrurus macclellandi,venomous,cc-by,281,500,1916,True,train
e:\Coding_Notes\Faunari\data\raw\inaturalist\372911512.jpg,inaturalist,Daboia russelii,venomous,cc-by-nc,375,500,1917,True,val
e:\Coding_Notes\Faunari\data\raw\inaturalist\372930991.jpg,inaturalist,Fowlea piscator,non_venomous,cc-by-nc,281,500,1918,True,train
e:\Coding_Notes\Faunari\data\raw\inaturalist\372985660.jpg,inaturalist,Lycodon aulicus,non_venomous,cc-by-nc,500,375,1919,True,train
e:\Coding_Notes\Faunari\data\raw\inaturalist\372994745.jpg,inaturalist,Rhinophis melanoleucus,non_venomous,,375,500,1920,True,val
e:\Coding_Notes\Faunari\data\raw\inaturalist\373021463.jpg,inaturalist,Craspedocephalus malabaricus,venomous,,261,500,1921,True,val
e:\Coding_Notes\Faunari\data\raw\inaturalist\373109969.jpg,inaturalist,Lycodon striatus,non_venomous,cc-by-nc,500,376,1922,True,train
e:\Coding_Notes\Faunari\data\raw\inaturalist\373157159.jpg,inaturalist,Ptyas mucosa,non_venomous,cc-by-nc,500,500,1923,True,hardcase
e:\Coding_Notes\Faunari\data\raw\inaturalist\373161871.jpg,inaturalist,Ahaetulla farnsworthi,non_venomous,,500,333,1924,True,train
e:\Coding_Notes\Faunari\data\raw\inaturalist\373205545.jpg,inaturalist,Coelognathus helena monticollaris,non_venomous,,500,333,1925,True,train
e:\Coding_Notes\Faunari\data\raw\inaturalist\373207371.jpg,inaturalist,Ptyas mucosa,non_venomous,,396,500,1926,True,val
e:\Coding_Notes\Faunari\data\raw\inaturalist\373227737.jpg,inaturalist,Fowlea piscator,non_venomous,cc-by-nc,500,375,1927,True,train
e:\Coding_Notes\Faunari\data\raw\inaturalist\373230501.jpg,inaturalist,Bungarus fasciatus,venomous,cc-by-nc,500,333,1928,True,test
e:\Coding_Notes\Faunari\data\raw\inaturalist\373233801.jpg,inaturalist,Craspedocephalus malabaricus,venomous,cc-by-nc,375,500,1929,True,train
e:\Coding_Notes\Faunari\data\raw\inaturalist\373243829.jpg,inaturalist,Lycodon aulicus,non_venomous,cc-by-nc,375,500,1930,True,hardcase
e:\Coding_Notes\Faunari\data\raw\inaturalist\373247627.jpg,inaturalist,Craspedocephalus malabaricus,venomous,cc-by-nc,500,375,1931,True,val
e:\Coding_Notes\Faunari\data\raw\inaturalist\373249116.jpg,inaturalist,Fowlea piscator,non_venomous,cc-by-nc,500,333,1932,True,test
e:\Coding_Notes\Faunari\data\raw\inaturalist\373265866.jpg,inaturalist,Boiga nuchalis,non_venomous,cc-by-nc,500,375,1933,True,train
e:\Coding_Notes\Faunari\data\raw\inaturalist\373266477.jpg,inaturalist,Calliophis nigrescens,venomous,cc-by-nc,500,375,1934,True,train
e:\Coding_Notes\Faunari\data\raw\inaturalist\373277518.jpg,inaturalist,Ahaetulla malabarica,non_venomous,cc-by-nc,500,375,1935,True,train
e:\Coding_Notes\Faunari\data\raw\inaturalist\373291281.jpg,inaturalist,Amphiesma stolatum,non_venomous,,500,375,1936,True,train
e:\Coding_Notes\Faunari\data\raw\inaturalist\373322208.jpg,inaturalist,Bungarus caeruleus,venomous,cc-by-nc,301,500,1937,True,hardcase
e:\Coding_Notes\Faunari\data\raw\inaturalist\373400234.jpg,inaturalist,Bungarus caeruleus,venomous,,375,500,1938,True,hardcase
e:\Coding_Notes\Faunari\data\raw\inaturalist\373409363.jpg,inaturalist,Coelognathus helena helena,non_venomous,,500,438,1939,True,test
e:\Coding_Notes\Faunari\data\raw\inaturalist\373409696.jpg,inaturalist,Ptyas mucosa,non_venomous,,500,318,1940,True,train
e:\Coding_Notes\Faunari\data\raw\inaturalist\373422529.jpg,inaturalist,Daboia russelii,venomous,cc-by-nc,427,500,1941,True,train
e:\Coding_Notes\Faunari\data\raw\inaturalist\373426330.jpg,inaturalist,Oligodon albocinctus,non_venomous,cc-by-nc,375,500,1942,True,val
e:\Coding_Notes\Faunari\data\raw\inaturalist\373445172.jpg,inaturalist,Fowlea piscator,non_venomous,cc-by-nc,282,500,1943,True,train
e:\Coding_Notes\Faunari\data\raw\inaturalist\373451815.jpg,inaturalist,Dendrelaphis tristis,non_venomous,cc-by-nc,375,500,1944,True,train
e:\Coding_Notes\Faunari\data\raw\inaturalist\373453887.jpg,inaturalist,Indotyphlops braminus,non_venomous,cc-by-nc,500,375,1945,True,train
e:\Coding_Notes\Faunari\data\raw\inaturalist\373478621.jpg,inaturalist,Calliophis nigrescens,venomous,,500,281,1946,True,train
e:\Coding_Notes\Faunari\data\raw\inaturalist\373478795.jpg,inaturalist,Boiga nuchalis,non_venomous,,375,500,1947,True,train
e:\Coding_Notes\Faunari\data\raw\inaturalist\373479096.jpg,inaturalist,Ahaetulla malabarica,non_venomous,,281,500,1948,True,train
e:\Coding_Notes\Faunari\data\raw\inaturalist\373479195.jpg,inaturalist,Ahaetulla malabarica,non_venomous,,281,500,1949,True,train
e:\Coding_Notes\Faunari\data\raw\inaturalist\373484693.jpg,inaturalist,Amphiesma stolatum,non_venomous,cc-by-nc,281,500,1950,True,train
e:\Coding_Notes\Faunari\data\raw\inaturalist\373498941.jpg,inaturalist,Calliophis nigrescens,venomous,,495,500,1951,True,train
e:\Coding_Notes\Faunari\data\raw\inaturalist\373510921.jpg,inaturalist,Naja naja,venomous,cc-by-nc-sa,500,375,1952,True,val
e:\Coding_Notes\Faunari\data\raw\inaturalist\373517386.jpg,inaturalist,Hypnale hypnale,venomous,,500,472,1953,True,train
e:\Coding_Notes\Faunari\data\raw\inaturalist\373529811.jpg,inaturalist,Naja naja,venomous,cc-by-nc-sa,500,375,1954,True,train
e:\Coding_Notes\Faunari\data\raw\inaturalist\373549602.jpg,inaturalist,Ptyas mucosa,non_venomous,cc-by-nc,364,500,1955,True,train
e:\Coding_Notes\Faunari\data\raw\inaturalist\373558905.jpg,inaturalist,Daboia russelii,venomous,cc-by-nc,500,375,1956,True,train
e:\Coding_Notes\Faunari\data\raw\inaturalist\373559663.jpg,inaturalist,Fowlea piscator,non_venomous,cc-by-nc,281,500,1957,True,train
e:\Coding_Notes\Faunari\data\raw\inaturalist\373566529.jpg,inaturalist,Rhabdops olivaceus,non_venomous,cc-by-nc,375,500,1958,True,train
e:\Coding_Notes\Faunari\data\raw\inaturalist\373580563.jpg,inaturalist,Craspedocephalus malabaricus,venomous,cc-by-nc,500,389,1959,True,train
e:\Coding_Notes\Faunari\data\raw\inaturalist\373584268.jpg,inaturalist,Oligodon taeniolatus,non_venomous,,281,500,1960,True,train
e:\Coding_Notes\Faunari\data\raw\inaturalist\373624772.jpg,inaturalist,Craspedocephalus gramineus,venomous,cc-by-nc,375,500,1961,True,test
e:\Coding_Notes\Faunari\data\raw\inaturalist\373643729.jpg,inaturalist,Lycodon aulicus,non_venomous,,500,375,1962,True,train
e:\Coding_Notes\Faunari\data\raw\inaturalist\373652333.jpg,inaturalist,Naja naja,venomous,cc-by-nc,225,500,1963,True,hardcase
e:\Coding_Notes\Faunari\data\raw\inaturalist\373654657.jpg,inaturalist,Lycodon aulicus,non_venomous,cc-by-nc,374,500,1964,True,hardcase
e:\Coding_Notes\Faunari\data\raw\inaturalist\373713913.jpg,inaturalist,Ahaetulla oxyrhynca,non_venomous,,500,325,1965,True,train
e:\Coding_Notes\Faunari\data\raw\inaturalist\373744051.jpg,inaturalist,Eryx conicus,non_venomous,cc-by-nc,375,500,1966,True,train
e:\Coding_Notes\Faunari\data\raw\inaturalist\373744335.jpg,inaturalist,Ahaetulla borealis,non_venomous,cc-by-nc,500,375,1967,True,train
e:\Coding_Notes\Faunari\data\raw\inaturalist\373744446.jpg,inaturalist,Craspedocephalus gramineus,venomous,cc-by-nc,375,500,1968,True,train
e:\Coding_Notes\Faunari\data\raw\inaturalist\373744673.jpg,inaturalist,Ahaetulla borealis,non_venomous,cc-by-nc,375,500,1969,True,test
e:\Coding_Notes\Faunari\data\raw\inaturalist\373744706.jpg,inaturalist,Ahaetulla borealis,non_venomous,cc-by-nc,375,500,1970,True,train
e:\Coding_Notes\Faunari\data\raw\inaturalist\373744726.jpg,inaturalist,Ahaetulla borealis,non_venomous,cc-by-nc,375,500,1971,True,train
e:\Coding_Notes\Faunari\data\raw\inaturalist\373744756.jpg,inaturalist,Ahaetulla borealis,non_venomous,cc-by-nc,375,500,1972,True,train
e:\Coding_Notes\Faunari\data\raw\inaturalist\373744874.jpg,inaturalist,Ahaetulla borealis,non_venomous,cc-by-nc,375,500,1973,True,train
e:\Coding_Notes\Faunari\data\raw\inaturalist\373744966.jpg,inaturalist,Ahaetulla borealis,non_venomous,cc-by-nc,375,500,1974,True,train
e:\Coding_Notes\Faunari\data\raw\inaturalist\373745133.jpg,inaturalist,Craspedocephalus gramineus,venomous,cc-by-nc,375,500,1975,True,train
e:\Coding_Notes\Faunari\data\raw\inaturalist\373745301.jpg,inaturalist,Craspedocephalus gramineus,venomous,cc-by-nc,375,500,1976,True,train
e:\Coding_Notes\Faunari\data\raw\inaturalist\373745422.jpg,inaturalist,Craspedocephalus gramineus,venomous,cc-by-nc,375,500,1977,True,train
e:\Coding_Notes\Faunari\data\raw\inaturalist\373828543.jpg,inaturalist,Fowlea piscator,non_venomous,cc-by-nc,281,500,1978,True,train
e:\Coding_Notes\Faunari\data\raw\inaturalist\373838062.jpg,inaturalist,Craspedocephalus gramineus,venomous,,500,225,1979,True,hardcase
e:\Coding_Notes\Faunari\data\raw\inaturalist\373845000.jpg,inaturalist,Echis carinatus,venomous,cc-by-nc,500,281,1980,True,test
e:\Coding_Notes\Faunari\data\raw\inaturalist\373858449.jpg,inaturalist,Fowlea piscator,non_venomous,cc-by-nc,500,333,1981,True,train
e:\Coding_Notes\Faunari\data\raw\inaturalist\373897669.jpg,inaturalist,Fowlea piscator,non_venomous,cc-by-nc,500,375,1982,True,train
e:\Coding_Notes\Faunari\data\raw\inaturalist\373927733.jpg,inaturalist,Coelognathus helena,non_venomous,cc-by-nc,375,500,1983,True,train
e:\Coding_Notes\Faunari\data\raw\inaturalist\373929562.jpg,inaturalist,Hypnale hypnale,venomous,cc-by-nc,500,334,1984,True,test
e:\Coding_Notes\Faunari\data\raw\inaturalist\373929796.jpg,inaturalist,Craspedocephalus malabaricus,venomous,cc-by-nc,375,500,1985,True,train
e:\Coding_Notes\Faunari\data\raw\inaturalist\373932729.jpg,inaturalist,Naja naja,venomous,cc-by-nc,500,435,1986,True,val
e:\Coding_Notes\Faunari\data\raw\github_indian_snakes\Venomous\Common Krait\0045.jpeg,github_indian_snakes,Common Krait,venomous,,683,512,1987,True,train
e:\Coding_Notes\Faunari\data\raw\github_indian_snakes\Venomous\Common Krait\01DSC_6599.JPG,github_indian_snakes,Common Krait,venomous,,1600,915,1988,True,val
e:\Coding_Notes\Faunari\data\raw\github_indian_snakes\Venomous\Common Krait\02tvCommon_Krait__S_824501g.jpg,github_indian_snakes,Common Krait,venomous,,630,420,1989,False,train
e:\Coding_Notes\Faunari\data\raw\github_indian_snakes\Venomous\Common Krait\03000026775_01_f.jpg,github_indian_snakes,Common Krait,venomous,,1024,768,1990,True,train
e:\Coding_Notes\Faunari\data\raw\github_indian_snakes\Venomous\Common Krait\0353.jpeg,github_indian_snakes,Common Krait,venomous,,960,684,1991,True,train
e:\Coding_Notes\Faunari\data\raw\github_indian_snakes\Venomous\Common Krait\04337e4f3fda41e8d0d3121f8dc3cd8f--colorful-snakes-reptiles.jpg,github_indian_snakes,Common Krait,venomous,,236,177,1992,False,train
e:\Coding_Notes\Faunari\data\raw\github_indian_snakes\Venomous\Common Krait\0836.jpeg,github_indian_snakes,Common Krait,venomous,,432,288,1993,True,train
e:\Coding_Notes\Faunari\data\raw\github_indian_snakes\Venomous\Common Krait\1-Common-Indian-Krait-Bungarus-Caeruleus.jpg,github_indian_snakes,Common Krait,venomous,,512,342,1994,True,train
e:\Coding_Notes\Faunari\data\raw\github_indian_snakes\Venomous\Common Krait\1143.jpeg,github_indian_snakes,Common Krait,venomous,,800,600,1995,True,train
e:\Coding_Notes\Faunari\data\raw\github_indian_snakes\Venomous\Common Krait\12382341385_f5af5fc558_b.jpg,github_indian_snakes,Common Krait,venomous,,1024,372,1996,True,train
e:\Coding_Notes\Faunari\data\raw\github_indian_snakes\Venomous\Common Krait\12387351175_937273a2dd_b.jpg,github_indian_snakes,Common Krait,venomous,,1024,993,1997,True,train
e:\Coding_Notes\Faunari\data\raw\github_indian_snakes\Venomous\Common Krait\12474945055_9b6d772f9d_b.jpg,github_indian_snakes,Common Krait,venomous,,1024,498,1998,True,train
e:\Coding_Notes\Faunari\data\raw\github_indian_snakes\Venomous\Common Krait\12474950295_b152cf0527_b.jpg,github_indian_snakes,Common Krait,venomous,,1024,527,1999,True,train
e:\Coding_Notes\Faunari\data\raw\github_indian_snakes\Venomous\Common Krait\12475101553_432da47bde_b.jpg,github_indian_snakes,Common Krait,venomous,,1024,662,2000,True,val
e:\Coding_Notes\Faunari\data\raw\github_indian_snakes\Venomous\Common Krait\1438850347common krait 2.jpg,github_indian_snakes,Common Krait,venomous,,600,469,2001,True,val
e:\Coding_Notes\Faunari\data\raw\github_indian_snakes\Venomous\Common Krait\1438850347IMG_1543.jpg,github_indian_snakes,Common Krait,venomous,,600,337,2002,True,train
e:\Coding_Notes\Faunari\data\raw\github_indian_snakes\Venomous\Common Krait\1438850349IMG_7477.JPG,github_indian_snakes,Common Krait,venomous,,600,450,2003,True,test
e:\Coding_Notes\Faunari\data\raw\github_indian_snakes\Venomous\Common Krait\14726606771_f1dda9c3b9_b.jpg,github_indian_snakes,Common Krait,venomous,,1024,671,2004,True,train
e:\Coding_Notes\Faunari\data\raw\github_indian_snakes\Venomous\Common Krait\18.jpg,github_indian_snakes,Common Krait,venomous,,320,240,2005,False,val
e:\Coding_Notes\Faunari\data\raw\github_indian_snakes\Venomous\Common Krait\2056.jpeg,github_indian_snakes,Common Krait,venomous,,750,500,2006,True,train
e:\Coding_Notes\Faunari\data\raw\github_indian_snakes\Venomous\Common Krait\247313107_37c9b05a88.jpg,github_indian_snakes,Common Krait,venomous,,500,333,2007,True,train
e:\Coding_Notes\Faunari\data\raw\github_indian_snakes\Venomous\Common Krait\2816621425_c2ac28297a_b.jpg,github_indian_snakes,Common Krait,venomous,,685,1024,2008,True,train
e:\Coding_Notes\Faunari\data\raw\github_indian_snakes\Venomous\Common Krait\2848633061_422445e453_o.jpg,github_indian_snakes,Common Krait,venomous,,500,417,2009,True,test
e:\Coding_Notes\Faunari\data\raw\github_indian_snakes\Venomous\Common Krait\3-Common-Indian-Krait-Bungarus-Caeruleus.jpg,github_indian_snakes,Common Krait,venomous,,341,512,2010,True,test
e:\Coding_Notes\Faunari\data\raw\github_indian_snakes\Venomous\Common Krait\39e574b4966c870035f7e3c9378379b2.jpg,github_indian_snakes,Common Krait,venomous,,1024,768,2011,True,test
e:\Coding_Notes\Faunari\data\raw\github_indian_snakes\Venomous\Common Krait\4-Common-Indian-Krait-Bungarus-Caeruleus.jpg,github_indian_snakes,Common Krait,venomous,,512,342,2012,True,train
e:\Coding_Notes\Faunari\data\raw\github_indian_snakes\Venomous\Common Krait\4398279168_d4b46620ed.jpg,github_indian_snakes,Common Krait,venomous,,500,340,2013,True,train
e:\Coding_Notes\Faunari\data\raw\github_indian_snakes\Venomous\Common Krait\5-Common-Indian-Krait-Bungarus-Caeruleus.jpg,github_indian_snakes,Common Krait,venomous,,512,342,2014,True,train
e:\Coding_Notes\Faunari\data\raw\github_indian_snakes\Venomous\Common Krait\52798683.jpg,github_indian_snakes,Common Krait,venomous,,400,258,2015,False,train
e:\Coding_Notes\Faunari\data\raw\github_indian_snakes\Venomous\Common Krait\53616048.jpg,github_indian_snakes,Common Krait,venomous,,400,282,2016,False,train
e:\Coding_Notes\Faunari\data\raw\github_indian_snakes\Venomous\Common Krait\5556305440_f559fddd5f.jpg,github_indian_snakes,Common Krait,venomous,,500,422,2017,True,train
e:\Coding_Notes\Faunari\data\raw\github_indian_snakes\Venomous\Common Krait\5556315470_b7b39fec3d.jpg,github_indian_snakes,Common Krait,venomous,,500,476,2018,True,test
e:\Coding_Notes\Faunari\data\raw\github_indian_snakes\Venomous\Common Krait\5556319714_5d0d0b919c.jpg,github_indian_snakes,Common Krait,venomous,,500,212,2019,False,train
e:\Coding_Notes\Faunari\data\raw\github_indian_snakes\Venomous\Common Krait\571f66bd60128.jpg,github_indian_snakes,Common Krait,venomous,,1080,720,2020,True,train
e:\Coding_Notes\Faunari\data\raw\github_indian_snakes\Venomous\Common Krait\6674918465_fe1d46c3ab_b.jpg,github_indian_snakes,Common Krait,venomous,,1024,576,2021,True,train
e:\Coding_Notes\Faunari\data\raw\github_indian_snakes\Venomous\Common Krait\6O4A4560.jpg,github_indian_snakes,Common Krait,venomous,,4055,2703,2022,True,test
e:\Coding_Notes\Faunari\data\raw\github_indian_snakes\Venomous\Common Krait\7-Common-Indian-Krait-Bungarus-Caeruleus.jpg,github_indian_snakes,Common Krait,venomous,,400,267,2023,False,test
e:\Coding_Notes\Faunari\data\raw\github_indian_snakes\Venomous\Common Krait\7_jpegadad01e83bb98b57c221716c10d9414b.jpeg,github_indian_snakes,Common Krait,venomous,,600,750,1989,True,train
e:\Coding_Notes\Faunari\data\raw\github_indian_snakes\Venomous\Common Krait\81cb1316d8bd6b5ec1dbf0e4d68cf367.jpg,github_indian_snakes,Common Krait,venomous,,599,279,2024,True,test
e:\Coding_Notes\Faunari\data\raw\github_indian_snakes\Venomous\Common Krait\8788959224dd91612cf7b5.jpg,github_indian_snakes,Common Krait,venomous,,700,469,2025,True,train
e:\Coding_Notes\Faunari\data\raw\github_indian_snakes\Venomous\Common Krait\afc3fbd1c45e1f79f26e6271444de28e.jpg,github_indian_snakes,Common Krait,venomous,,220,147,2026,False,train
e:\Coding_Notes\Faunari\data\raw\github_indian_snakes\Venomous\Common Krait\baby-krait.jpg,github_indian_snakes,Common Krait,venomous,,1024,768,2027,True,train
e:\Coding_Notes\Faunari\data\raw\github_indian_snakes\Venomous\Common Krait\banded krait 1.jpg,github_indian_snakes,Common Krait,venomous,,386,255,2028,False,train
e:\Coding_Notes\Faunari\data\raw\github_indian_snakes\Venomous\Common Krait\black-white-krait.jpg,github_indian_snakes,Common Krait,venomous,,520,408,2029,True,train
e:\Coding_Notes\Faunari\data\raw\github_indian_snakes\Venomous\Common Krait\blog krait.png,github_indian_snakes,Common Krait,venomous,,500,300,2030,False,train
e:\Coding_Notes\Faunari\data\raw\github_indian_snakes\Venomous\Common Krait\blog wolf.png,github_indian_snakes,Common Krait,venomous,,500,300,2031,False,val
e:\Coding_Notes\Faunari\data\raw\github_indian_snakes\Venomous\Common Krait\body.gif,github_indian_snakes,Common Krait,venomous,,400,200,2032,True,train
e:\Coding_Notes\Faunari\data\raw\github_indian_snakes\Venomous\Common Krait\Bridalsnake.jpg,github_indian_snakes,Common Krait,venomous,,480,336,2033,True,test
e:\Coding_Notes\Faunari\data\raw\github_indian_snakes\Venomous\Common Krait\Bungarus-caeruleus-03000022334_01.jpg,github_indian_snakes,Common Krait,venomous,,560,373,2034,True,test
e:\Coding_Notes\Faunari\data\raw\github_indian_snakes\Venomous\Common Krait\bungarus-caeruleus-common-krait-venomous-maharashtra-india-h9er12.jpg,github_indian_snakes,Common Krait,venomous,,448,320,2035,False,test
e:\Coding_Notes\Faunari\data\raw\github_indian_snakes\Venomous\Common Krait\Bungarus_caerulus.jpg,github_indian_snakes,Common Krait,venomous,,694,449,2036,True,train
e:\Coding_Notes\Faunari\data\raw\github_indian_snakes\Venomous\Common Krait\B_caeruleus_01-800x455.jpg,github_indian_snakes,Common Krait,venomous,,800,455,2037,True,train
e:\Coding_Notes\Faunari\data\raw\github_indian_snakes\Venomous\Common Krait\CJSSKalach1.jpg,github_indian_snakes,Common Krait,venomous,,500,286,2038,False,train
e:\Coding_Notes\Faunari\data\raw\github_indian_snakes\Venomous\Common Krait\common krait 2.png,github_indian_snakes,Common Krait,venomous,,320,273,2039,True,val
e:\Coding_Notes\Faunari\data\raw\github_indian_snakes\Venomous\Common Krait\common krait.jpg,github_indian_snakes,Common Krait,venomous,,200,190,2040,False,train
e:\Coding_Notes\Faunari\data\raw\github_indian_snakes\Venomous\Common Krait\common krait.png,github_indian_snakes,Common Krait,venomous,,965,725,2041,False,test
e:\Coding_Notes\Faunari\data\raw\github_indian_snakes\Venomous\Common Krait\Common krait_001.jpg,github_indian_snakes,Common Krait,venomous,,1152,679,2042,True,train
e:\Coding_Notes\Faunari\data\raw\github_indian_snakes\Venomous\Common Krait\Common+krait+(tp)+copy.jpg,github_indian_snakes,Common Krait,venomous,,258,400,2043,False,test
e:\Coding_Notes\Faunari\data\raw\github_indian_snakes\Venomous\Common Krait\Common-Indian-krait-close-up.jpg,github_indian_snakes,Common Krait,venomous,,650,438,2044,True,train
e:\Coding_Notes\Faunari\data\raw\github_indian_snakes\Venomous\Common Krait\Common-Indian-krait-on-ground.jpg,github_indian_snakes,Common Krait,venomous,,650,448,2045,True,train
e:\Coding_Notes\Faunari\data\raw\github_indian_snakes\Venomous\Common Krait\Common-Indian-krait-on-leaf-litter.jpg,github_indian_snakes,Common Krait,venomous,,220,146,2046,False,train
e:\Coding_Notes\Faunari\data\raw\github_indian_snakes\Venomous\Common Krait\Common-Indian-krait-on-sand.jpg,github_indian_snakes,Common Krait,venomous,,650,443,2047,True,test
e:\Coding_Notes\Faunari\data\raw\github_indian_snakes\Venomous\Common Krait\Common-Indian-krait.jpg,github_indian_snakes,Common Krait,venomous,,650,433,2048,True,train
e:\Coding_Notes\Faunari\data\raw\github_indian_snakes\Venomous\Common Krait\Common-Indian-krait_001.jpg,github_indian_snakes,Common Krait,venomous,,650,433,2049,True,val
e:\Coding_Notes\Faunari\data\raw\github_indian_snakes\Venomous\Common Krait\common-krait-1.jpg,github_indian_snakes,Common Krait,venomous,,600,275,2050,True,train
e:\Coding_Notes\Faunari\data\raw\github_indian_snakes\Venomous\Common Krait\Common-Krait-e1463061354216.jpg,github_indian_snakes,Common Krait,venomous,,650,602,2051,True,train
e:\Coding_Notes\Faunari\data\raw\github_indian_snakes\Venomous\Common Krait\common-krait-final.jpg,github_indian_snakes,Common Krait,venomous,,3888,2592,2052,True,train
e:\Coding_Notes\Faunari\data\raw\github_indian_snakes\Venomous\Common Krait\common-krait-in-latrine-pan.jpg,github_indian_snakes,Common Krait,venomous,,800,600,2053,True,train
e:\Coding_Notes\Faunari\data\raw\github_indian_snakes\Venomous\Common Krait\Common-Krait-most-dangerous-snake-in-the-world-125x125.jpg,github_indian_snakes,Common Krait,venomous,,125,125,2054,False,train
e:\Coding_Notes\Faunari\data\raw\github_indian_snakes\Venomous\Common Krait\common-krait-snake.png,github_indian_snakes,Common Krait,venomous,,1024,480,2055,True,test
e:\Coding_Notes\Faunari\data\raw\github_indian_snakes\Venomous\Common Krait\common-krait-snake_1500128186.jpeg,github_indian_snakes,Common Krait,venomous,,337,156,2056,False,train
e:\Coding_Notes\Faunari\data\raw\github_indian_snakes\Venomous\Common Krait\common-krait.jpg,github_indian_snakes,Common Krait,venomous,,415,218,2057,False,train
e:\Coding_Notes\Faunari\data\raw\github_indian_snakes\Venomous\Common Krait\Common-Krait_001.jpg,github_indian_snakes,Common Krait,venomous,,500,350,2058,True,train
e:\Coding_Notes\Faunari\data\raw\github_indian_snakes\Venomous\Common Krait\Common-Krait_002.jpg,github_indian_snakes,Common Krait,venomous,,337,225,2059,False,val
e:\Coding_Notes\Faunari\data\raw\github_indian_snakes\Venomous\Common Krait\common-krait_004.jpg,github_indian_snakes,Common Krait,venomous,,415,455,2060,True,test
e:\Coding_Notes\Faunari\data\raw\github_indian_snakes\Venomous\Common Krait\common-krait_005.jpg,github_indian_snakes,Common Krait,venomous,,1000,708,2061,True,train
e:\Coding_Notes\Faunari\data\raw\github_indian_snakes\Venomous\Common Krait\common-krait_006.jpg,github_indian_snakes,Common Krait,venomous,,600,450,2062,True,train
e:\Coding_Notes\Faunari\data\raw\github_indian_snakes\Venomous\Common Krait\common-krait_007.jpg,github_indian_snakes,Common Krait,venomous,,1000,496,2063,True,val
e:\Coding_Notes\Faunari\data\raw\github_indian_snakes\Venomous\Common Krait\common-krait_008.jpg,github_indian_snakes,Common Krait,venomous,,252,202,2064,True,hardcase
e:\Coding_Notes\Faunari\data\raw\github_indian_snakes\Venomous\Common Krait\Common-Krait_010.jpg,github_indian_snakes,Common Krait,venomous,,500,400,2065,True,train
e:\Coding_Notes\Faunari\data\raw\github_indian_snakes\Venomous\Common Krait\COMMON-KRAIT_011.jpg,github_indian_snakes,Common Krait,venomous,,710,349,2066,True,val
e:\Coding_Notes\Faunari\data\raw\github_indian_snakes\Venomous\Common Krait\COMMONKRAIT-medium-init-.jpg,github_indian_snakes,Common Krait,venomous,,200,166,2067,False,val
e:\Coding_Notes\Faunari\data\raw\github_indian_snakes\Venomous\Common Krait\Commonkrait.jpg,github_indian_snakes,Common Krait,venomous,,320,184,2068,False,train
e:\Coding_Notes\Faunari\data\raw\github_indian_snakes\Venomous\Common Krait\Common_Krait(Bungarus_Caeruleus)_in_Parassinikadavu_Snake_Park.jpg,github_indian_snakes,Common Krait,venomous,,4000,3000,2069,True,train
e:\Coding_Notes\Faunari\data\raw\github_indian_snakes\Venomous\Common Krait\common_krait-bungarus_caeruleus.jpg,github_indian_snakes,Common Krait,venomous,,970,250,2070,True,train
e:\Coding_Notes\Faunari\data\raw\github_indian_snakes\Venomous\Common Krait\common_krait.jpg,github_indian_snakes,Common Krait,venomous,,494,347,2071,True,train
e:\Coding_Notes\Faunari\data\raw\github_indian_snakes\Venomous\Common Krait\DSC09751.JPG,github_indian_snakes,Common Krait,venomous,,253,421,2072,False,val
e:\Coding_Notes\Faunari\data\raw\github_indian_snakes\Venomous\Common Krait\DSC_0019_0.jpg,github_indian_snakes,Common Krait,venomous,,3008,2000,2073,True,train
e:\Coding_Notes\Faunari\data\raw\github_indian_snakes\Venomous\Common Krait\hqdefault.jpg,github_indian_snakes,Common Krait,venomous,,480,360,2074,True,train
e:\Coding_Notes\Faunari\data\raw\github_indian_snakes\Venomous\Common Krait\hqdefault_003.jpg,github_indian_snakes,Common Krait,venomous,,480,360,2075,True,val
e:\Coding_Notes\Faunari\data\raw\github_indian_snakes\Venomous\Common Krait\hqdefault_007.jpg,github_indian_snakes,Common Krait,venomous,,480,360,2076,True,train
e:\Coding_Notes\Faunari\data\raw\github_indian_snakes\Venomous\Common Krait\hqdefault_009.jpg,github_indian_snakes,Common Krait,venomous,,480,360,2077,True,train
e:\Coding_Notes\Faunari\data\raw\github_indian_snakes\Venomous\Common Krait\hqdefault_010.jpg,github_indian_snakes,Common Krait,venomous,,480,360,2078,True,train
e:\Coding_Notes\Faunari\data\raw\github_indian_snakes\Venomous\Common Krait\image002.jpg,github_indian_snakes,Common Krait,venomous,,396,255,2079,False,test
e:\Coding_Notes\Faunari\data\raw\github_indian_snakes\Venomous\Common Krait\image304.jpg,github_indian_snakes,Common Krait,venomous,,366,274,2080,False,test
e:\Coding_Notes\Faunari\data\raw\github_indian_snakes\Venomous\Common Krait\IMG_0010 (1).JPG,github_indian_snakes,Common Krait,venomous,,1199,1600,2081,True,train
e:\Coding_Notes\Faunari\data\raw\github_indian_snakes\Venomous\Common Krait\IndianKraitKhopoli.jpg,github_indian_snakes,Common Krait,venomous,,430,630,2082,True,train
e:\Coding_Notes\Faunari\data\raw\github_indian_snakes\Venomous\Common Krait\july_033.jpg,github_indian_snakes,Common Krait,venomous,,640,425,2083,True,train
e:\Coding_Notes\Faunari\data\raw\github_indian_snakes\Venomous\Common Krait\k (6).jpg,github_indian_snakes,Common Krait,venomous,,491,300,2084,False,train
e:\Coding_Notes\Faunari\data\raw\github_indian_snakes\Venomous\Common Krait\Krait-6.jpg,github_indian_snakes,Common Krait,venomous,,1024,469,2085,True,val
e:\Coding_Notes\Faunari\data\raw\github_indian_snakes\Venomous\Common Krait\krait.jpg,github_indian_snakes,Common Krait,venomous,,621,466,2086,True,val
e:\Coding_Notes\Faunari\data\raw\github_indian_snakes\Venomous\Common Krait\Krait1-614x406.jpg,github_indian_snakes,Common Krait,venomous,,614,406,2087,True,val
e:\Coding_Notes\Faunari\data\raw\github_indian_snakes\Venomous\Common Krait\krait1.jpg,github_indian_snakes,Common Krait,venomous,,786,612,2088,True,train
e:\Coding_Notes\Faunari\data\raw\github_indian_snakes\Venomous\Common Krait\krait2.jpg,github_indian_snakes,Common Krait,venomous,,1152,768,2089,True,train
e:\Coding_Notes\Faunari\data\raw\github_indian_snakes\Venomous\Common Krait\KRAIT2_H.JPG,github_indian_snakes,Common Krait,venomous,,1278,664,2041,True,test
e:\Coding_Notes\Faunari\data\raw\github_indian_snakes\Venomous\Common Krait\Krait_Common.jpg,github_indian_snakes,Common Krait,venomous,,320,250,2090,False,hardcase
e:\Coding_Notes\Faunari\data\raw\github_indian_snakes\Venomous\Common Krait\KRAIT_HA.JPG,github_indian_snakes,Common Krait,venomous,,1280,721,2091,True,train
e:\Coding_Notes\Faunari\data\raw\github_indian_snakes\Venomous\Common Krait\Lycodon-aulicus.jpg,github_indian_snakes,Common Krait,venomous,,320,240,2092,False,train
e:\Coding_Notes\Faunari\data\raw\github_indian_snakes\Venomous\Common Krait\lycodon-aulicus_001.jpg,github_indian_snakes,Common Krait,venomous,,500,374,2093,True,train
e:\Coding_Notes\Faunari\data\raw\github_indian_snakes\Venomous\Common Krait\maxresdefault.jpg,github_indian_snakes,Common Krait,venomous,,1280,720,2094,True,train
e:\Coding_Notes\Faunari\data\raw\github_indian_snakes\Venomous\Common Krait\maxresdefault_002.jpg,github_indian_snakes,Common Krait,venomous,,1280,720,2095,True,test
e:\Coding_Notes\Faunari\data\raw\github_indian_snakes\Venomous\Common Krait\maxresdefault_003.jpg,github_indian_snakes,Common Krait,venomous,,1280,720,2096,True,train
e:\Coding_Notes\Faunari\data\raw\github_indian_snakes\Venomous\Common Krait\Multibanded-Krait-Bungarus-Multicinctus.jpg,github_indian_snakes,Common Krait,venomous,,500,316,2097,False,train
e:\Coding_Notes\Faunari\data\raw\github_indian_snakes\Venomous\Common Krait\ni_2015_63_3_300_158155_f2.jpg,github_indian_snakes,Common Krait,venomous,,696,587,2098,True,val
e:\Coding_Notes\Faunari\data\raw\github_indian_snakes\Venomous\Common Krait\P1000306.JPG,github_indian_snakes,Common Krait,venomous,,1600,1200,2099,True,train
e:\Coding_Notes\Faunari\data\raw\github_indian_snakes\Venomous\Common Krait\picture2.jpg,github_indian_snakes,Common Krait,venomous,,554,461,2100,True,train
e:\Coding_Notes\Faunari\data\raw\github_indian_snakes\Venomous\Common Krait\Sanku_varayan_Common_Krait.jpg,github_indian_snakes,Common Krait,venomous,,657,987,2101,True,train
e:\Coding_Notes\Faunari\data\raw\github_indian_snakes\Venomous\Common Krait\sindhikrait.jpg,github_indian_snakes,Common Krait,venomous,,375,221,2102,False,train
e:\Coding_Notes\Faunari\data\raw\github_indian_snakes\Venomous\Common Krait\snake-common-krait-bungarus-caeruleus-ET0CMF.jpg,github_indian_snakes,Common Krait,venomous,,1300,956,2103,True,train
e:\Coding_Notes\Faunari\data\raw\github_indian_snakes\Venomous\Common Krait\snake-indian-common-krait-cremonou-bungarus-caeruleus-CE8PWK.jpg,github_indian_snakes,Common Krait,venomous,,1300,955,2104,True,train
e:\Coding_Notes\Faunari\data\raw\github_indian_snakes\Venomous\Common Krait\snake6.jpg,github_indian_snakes,Common Krait,venomous,,340,243,2105,False,train
e:\Coding_Notes\Faunari\data\raw\github_indian_snakes\Venomous\Common Krait\SNP00151.jpg,github_indian_snakes,Common Krait,venomous,,300,225,2106,False,train
e:\Coding_Notes\Faunari\data\raw\github_indian_snakes\Venomous\Common Krait\srep238-g002.gif,github_indian_snakes,Common Krait,venomous,,500,391,2107,True,train
e:\Coding_Notes\Faunari\data\raw\github_indian_snakes\Venomous\Common Krait\wallssindkrait.jpg,github_indian_snakes,Common Krait,venomous,,621,466,2108,True,val
e:\Coding_Notes\Faunari\data\raw\github_indian_snakes\Venomous\Common Krait\wolf.jpg,github_indian_snakes,Common Krait,venomous,,268,188,2109,True,hardcase
e:\Coding_Notes\Faunari\data\raw\github_indian_snakes\Venomous\Common Krait\wolfsnake.jpg,github_indian_snakes,Common Krait,venomous,,715,517,2110,True,train
e:\Coding_Notes\Faunari\data\raw\github_indian_snakes\Venomous\Common Krait\_837b1414-50e6-11e6-8d8d-a42edc5c5383.JPG,github_indian_snakes,Common Krait,venomous,,640,428,2111,True,test
e:\Coding_Notes\Faunari\data\raw\github_indian_snakes\Venomous\Common Krait\_a0addf20-4e76-11e6-8d8d-a42edc5c5383.jpg,github_indian_snakes,Common Krait,venomous,,640,468,2112,True,train
e:\Coding_Notes\Faunari\data\raw\github_indian_snakes\Venomous\Common Krait\_D096405.jpg,github_indian_snakes,Common Krait,venomous,,800,532,2113,True,train
e:\Coding_Notes\Faunari\data\raw\github_indian_snakes\Venomous\Common Krait\_DSC0082.jpg,github_indian_snakes,Common Krait,venomous,,1600,948,2114,True,train
e:\Coding_Notes\Faunari\data\raw\github_indian_snakes\Venomous\King Cobra\01300000201438122024366623037.jpg,github_indian_snakes,King Cobra,venomous,,448,299,2115,False,train
e:\Coding_Notes\Faunari\data\raw\github_indian_snakes\Venomous\King Cobra\03cobra.jpg,github_indian_snakes,King Cobra,venomous,,670,437,2116,True,train
e:\Coding_Notes\Faunari\data\raw\github_indian_snakes\Venomous\King Cobra\1151193-VavaSuresh-1469709021-864-640x480.jpg,github_indian_snakes,King Cobra,venomous,,640,480,2117,True,train
e:\Coding_Notes\Faunari\data\raw\github_indian_snakes\Venomous\King Cobra\120418-Rom-Whitaker-with-adult-male-king-cobra-rescued-from-a-house-in-Agumbe.jpg,github_indian_snakes,King Cobra,venomous,,800,800,2118,True,val
e:\Coding_Notes\Faunari\data\raw\github_indian_snakes\Venomous\King Cobra\12700.jpg,github_indian_snakes,King Cobra,venomous,,1280,720,2119,True,train
e:\Coding_Notes\Faunari\data\raw\github_indian_snakes\Venomous\King Cobra\131203090701-large.jpg,github_indian_snakes,King Cobra,venomous,,566,849,2120,True,train
e:\Coding_Notes\Faunari\data\raw\github_indian_snakes\Venomous\King Cobra\1350361656KingCobraAttackingMonitorLizard.jpg,github_indian_snakes,King Cobra,venomous,,903,602,2121,True,train
e:\Coding_Notes\Faunari\data\raw\github_indian_snakes\Venomous\King Cobra\13582558-king-cobra-Ophiophagus-hannah-poisonous-white-background-Stock-Photo.jpg,github_indian_snakes,King Cobra,venomous,,1241,1300,2122,True,train
e:\Coding_Notes\Faunari\data\raw\github_indian_snakes\Venomous\King Cobra\13582621-king-cobra-Ophiophagus-hannah-poisonous-white-background-Stock-Photo.jpg,github_indian_snakes,King Cobra,venomous,,1300,884,2123,True,test
e:\Coding_Notes\Faunari\data\raw\github_indian_snakes\Venomous\King Cobra\13582625-king-cobra-Ophiophagus-hannah-poisonous-white-background-Stock-Photo.jpg,github_indian_snakes,King Cobra,venomous,,1300,1254,2124,True,train
e:\Coding_Notes\Faunari\data\raw\github_indian_snakes\Venomous\King Cobra\13582750-king-cobra-Ophiophagus-hannah-poisonous-white-background-Stock-Photo.jpg,github_indian_snakes,King Cobra,venomous,,1300,1141,2125,True,train
e:\Coding_Notes\Faunari\data\raw\github_indian_snakes\Venomous\King Cobra\147761-004-7C2BC212.jpg,github_indian_snakes,King Cobra,venomous,,300,450,2126,False,test
e:\Coding_Notes\Faunari\data\raw\github_indian_snakes\Venomous\King Cobra\170px-Elapidae_-_Ophiophagus_hannah.JPG,github_indian_snakes,King Cobra,venomous,,170,256,2127,False,train
e:\Coding_Notes\Faunari\data\raw\github_indian_snakes\Venomous\King Cobra\17c229b47df3696e20b34baee809f174--cobra-snake-king-cobra.jpg,github_indian_snakes,King Cobra,venomous,,736,1104,2128,True,train
e:\Coding_Notes\Faunari\data\raw\github_indian_snakes\Venomous\King Cobra\1930805.jpg,github_indian_snakes,King Cobra,venomous,,255,248,2129,False,val
e:\Coding_Notes\Faunari\data\raw\github_indian_snakes\Venomous\King Cobra\200352091-001.jpg,github_indian_snakes,King Cobra,venomous,,877,500,2130,True,test
e:\Coding_Notes\Faunari\data\raw\github_indian_snakes\Venomous\King Cobra\200352095-001_XS.jpg,github_indian_snakes,King Cobra,venomous,,240,360,2131,False,train
e:\Coding_Notes\Faunari\data\raw\github_indian_snakes\Venomous\King Cobra\2013-KINGCOBRA-08.jpg,github_indian_snakes,King Cobra,venomous,,465,600,2132,True,train
e:\Coding_Notes\Faunari\data\raw\github_indian_snakes\Venomous\King Cobra\2013-KINGCOBRA-28.jpg,github_indian_snakes,King Cobra,venomous,,600,400,2133,True,train
e:\Coding_Notes\Faunari\data\raw\github_indian_snakes\Venomous\King Cobra\2013-KINGCOBRA-36.jpg,github_indian_snakes,King Cobra,venomous,,600,471,2134,True,train
e:\Coding_Notes\Faunari\data\raw\github_indian_snakes\Venomous\King Cobra\220px-King-Cobra.jpg,github_indian_snakes,King Cobra,venomous,,220,146,2135,False,train
e:\Coding_Notes\Faunari\data\raw\github_indian_snakes\Venomous\King Cobra\220px-Ophiophagus_hannah2.jpg,github_indian_snakes,King Cobra,venomous,,220,207,2136,False,hardcase
e:\Coding_Notes\Faunari\data\raw\github_indian_snakes\Venomous\King Cobra\23360067593_23360067593_NLKS8443_Searching_for_King_Cobra.jpg,github_indian_snakes,King Cobra,venomous,,1920,1080,2137,True,test
e:\Coding_Notes\Faunari\data\raw\github_indian_snakes\Venomous\King Cobra\26creaturesspan-jumbo.jpg,github_indian_snakes,King Cobra,venomous,,1024,682,2138,True,train
e:\Coding_Notes\Faunari\data\raw\github_indian_snakes\Venomous\King Cobra\3002331619_54b1f4eecb.jpg,github_indian_snakes,King Cobra,venomous,,500,338,2139,True,train
e:\Coding_Notes\Faunari\data\raw\github_indian_snakes\Venomous\King Cobra\31AFC94800000578-3469122-Footage_shows_the_incredible_moment_a_plucky_12_year_old_boy_tou-a-1_1456742703298.jpg,github_indian_snakes,King Cobra,venomous,,634,357,2140,True,test
e:\Coding_Notes\Faunari\data\raw\github_indian_snakes\Venomous\King Cobra\31AFC95000000578-3469122-image-a-5_1456741674538.jpg,github_indian_snakes,King Cobra,venomous,,634,357,2141,True,train
e:\Coding_Notes\Faunari\data\raw\github_indian_snakes\Venomous\King Cobra\32521345-King-Cobra-snake-is-the-world-s-longest-venomous-snake-in-the-Snake-farm-show-bangkok-thailand-Stock-Photo.jpg,github_indian_snakes,King Cobra,venomous,,865,1300,2142,True,test
e:\Coding_Notes\Faunari\data\raw\github_indian_snakes\Venomous\King Cobra\3705023_orig.png,github_indian_snakes,King Cobra,venomous,,903,450,2143,True,train
e:\Coding_Notes\Faunari\data\raw\github_indian_snakes\Venomous\King Cobra\3CA83C7400000578-4172360-image-m-57_1485792904526.jpg,github_indian_snakes,King Cobra,venomous,,634,434,2144,True,train
e:\Coding_Notes\Faunari\data\raw\github_indian_snakes\Venomous\King Cobra\3D05259A00000578-4209222-image-a-31_1486675129282.jpg,github_indian_snakes,King Cobra,venomous,,306,551,2145,True,train
e:\Coding_Notes\Faunari\data\raw\github_indian_snakes\Venomous\King Cobra\3ddc49b3f743b547e095a1fd910cb902--king-cobra-snakes.jpg,github_indian_snakes,King Cobra,venomous,,210,210,2146,False,train
e:\Coding_Notes\Faunari\data\raw\github_indian_snakes\Venomous\King Cobra\400px-12_-_The_Mystical_King_Cobra_and_Coffee_Forests.jpg,github_indian_snakes,King Cobra,venomous,,400,299,2147,False,train
e:\Coding_Notes\Faunari\data\raw\github_indian_snakes\Venomous\King Cobra\4182f3e0ec2558bb23cf61828f7c752d--king-cobra-southeast-asia.jpg,github_indian_snakes,King Cobra,venomous,,220,207,2148,False,hardcase
e:\Coding_Notes\Faunari\data\raw\github_indian_snakes\Venomous\King Cobra\5-dog-beat-cobra-795x447.jpg,github_indian_snakes,King Cobra,venomous,,795,447,2149,True,test
e:\Coding_Notes\Faunari\data\raw\github_indian_snakes\Venomous\King Cobra\520e37a2-d600-4c4f-8f19-6b87429fc7a0.Full_.jpg,github_indian_snakes,King Cobra,venomous,,588,233,2150,False,train
e:\Coding_Notes\Faunari\data\raw\github_indian_snakes\Venomous\King Cobra\6919_image.jpg,github_indian_snakes,King Cobra,venomous,,516,360,2151,True,train
e:\Coding_Notes\Faunari\data\raw\github_indian_snakes\Venomous\King Cobra\69bb5d81e366d17ee82869fca4ab08b9.jpg,github_indian_snakes,King Cobra,venomous,,1024,805,2152,True,train
"e:\Coding_Notes\Faunari\data\raw\github_indian_snakes\Venomous\King Cobra\71Dvk902gcL._AC_UL320_SR314,320_.jpg",github_indian_snakes,King Cobra,venomous,,314,320,2153,False,train
e:\Coding_Notes\Faunari\data\raw\github_indian_snakes\Venomous\King Cobra\7691.jpg,github_indian_snakes,King Cobra,venomous,,1280,720,2154,True,train
e:\Coding_Notes\Faunari\data\raw\github_indian_snakes\Venomous\King Cobra\7e00468a660261144d2c0d4cd3ad6b91--king-cobra-snake-snake-sculpture.jpg,github_indian_snakes,King Cobra,venomous,,500,583,2155,True,train
e:\Coding_Notes\Faunari\data\raw\github_indian_snakes\Venomous\King Cobra\87764986_XS.jpg,github_indian_snakes,King Cobra,venomous,,750,428,2156,True,train
e:\Coding_Notes\Faunari\data\raw\github_indian_snakes\Venomous\King Cobra\900-470162014-king-cobra.jpg,github_indian_snakes,King Cobra,venomous,,900,600,2157,True,test
e:\Coding_Notes\Faunari\data\raw\github_indian_snakes\Venomous\King Cobra\9142978675_2c99821195.jpg,github_indian_snakes,King Cobra,venomous,,279,500,2158,False,train
e:\Coding_Notes\Faunari\data\raw\github_indian_snakes\Venomous\King Cobra\920x1240.jpg,github_indian_snakes,King Cobra,venomous,,920,549,2159,True,train
e:\Coding_Notes\Faunari\data\raw\github_indian_snakes\Venomous\King Cobra\a-king-cobra-jeff-jundt.jpg,github_indian_snakes,King Cobra,venomous,,1046,698,2160,True,train
e:\Coding_Notes\Faunari\data\raw\github_indian_snakes\Venomous\King Cobra\A-king-cobra-rescued-from-a-coffee-plantation-to-prevent-it-from-being-killed-by-the-plantation-workers.jpg,github_indian_snakes,King Cobra,venomous,,650,432,2161,True,train
e:\Coding_Notes\Faunari\data\raw\github_indian_snakes\Venomous\King Cobra\a2bfde93a79e2a589d20d30b25e985c5--romulus-king-cobra.jpg,github_indian_snakes,King Cobra,venomous,,389,291,2162,False,train
e:\Coding_Notes\Faunari\data\raw\github_indian_snakes\Venomous\King Cobra\aa6c2fd08e164e062648b3844cbb582b--cobra-snake-king-cobra.jpg,github_indian_snakes,King Cobra,venomous,,340,525,2163,True,train
e:\Coding_Notes\Faunari\data\raw\github_indian_snakes\Venomous\King Cobra\Afbeelding12-1024x696.jpg,github_indian_snakes,King Cobra,venomous,,1024,696,2164,True,train
e:\Coding_Notes\Faunari\data\raw\github_indian_snakes\Venomous\King Cobra\ap17207013744013.jpg,github_indian_snakes,King Cobra,venomous,,2400,1800,2165,True,train
e:\Coding_Notes\Faunari\data\raw\github_indian_snakes\Venomous\King Cobra\b3bddd06c161b0b368fca1845dff6e974aa48bcc87495bff50309d9b19296ae7.jpg,github_indian_snakes,King Cobra,venomous,,468,250,2166,False,train
e:\Coding_Notes\Faunari\data\raw\github_indian_snakes\Venomous\King Cobra\babykingcobra.jpg,github_indian_snakes,King Cobra,venomous,,1000,1000,2167,True,train
e:\Coding_Notes\Faunari\data\raw\github_indian_snakes\Venomous\King Cobra\Close-up-of-the-head-of-a-king-cobra.jpg,github_indian_snakes,King Cobra,venomous,,650,430,2168,True,train
e:\Coding_Notes\Faunari\data\raw\github_indian_snakes\Venomous\King Cobra\cobra-head.jpg,github_indian_snakes,King Cobra,venomous,,511,275,2169,False,val
e:\Coding_Notes\Faunari\data\raw\github_indian_snakes\Venomous\King Cobra\cobra-long.jpg,github_indian_snakes,King Cobra,venomous,,580,1032,2170,True,test
e:\Coding_Notes\Faunari\data\raw\github_indian_snakes\Venomous\King Cobra\cobra6n.jpg,github_indian_snakes,King Cobra,venomous,,750,425,2171,True,train
e:\Coding_Notes\Faunari\data\raw\github_indian_snakes\Venomous\King Cobra\cobra_001.jpg,github_indian_snakes,King Cobra,venomous,,1939,1315,2172,True,train
e:\Coding_Notes\Faunari\data\raw\github_indian_snakes\Venomous\King Cobra\cobra_002.jpg,github_indian_snakes,King Cobra,venomous,,2048,1001,2173,True,train
e:\Coding_Notes\Faunari\data\raw\github_indian_snakes\Venomous\King Cobra\cobra_181212-12.jpg,github_indian_snakes,King Cobra,venomous,,380,462,2174,True,test
e:\Coding_Notes\Faunari\data\raw\github_indian_snakes\Venomous\King Cobra\cobra_181212-9.jpg,github_indian_snakes,King Cobra,venomous,,550,355,2175,True,test
e:\Coding_Notes\Faunari\data\raw\github_indian_snakes\Venomous\King Cobra\exotic_king_cobra1-1030x685.jpg,github_indian_snakes,King Cobra,venomous,,1030,685,2176,True,train
e:\Coding_Notes\Faunari\data\raw\github_indian_snakes\Venomous\King Cobra\exotic_king_cobra_h.jpg,github_indian_snakes,King Cobra,venomous,,2048,1152,2177,True,train
e:\Coding_Notes\Faunari\data\raw\github_indian_snakes\Venomous\King Cobra\f5716d1268715b37ed4d371add3f7600--snake-images-snake-photos.jpg,github_indian_snakes,King Cobra,venomous,,573,430,2178,True,train
e:\Coding_Notes\Faunari\data\raw\github_indian_snakes\Venomous\King Cobra\head-of-a-king-cobra-bdktrm.jpg,github_indian_snakes,King Cobra,venomous,,640,445,2179,True,test
e:\Coding_Notes\Faunari\data\raw\github_indian_snakes\Venomous\King Cobra\hja3fryte6pc8-0lufn4l7g1pmhn172j-large.jpg,github_indian_snakes,King Cobra,venomous,,620,348,2180,True,test
e:\Coding_Notes\Faunari\data\raw\github_indian_snakes\Venomous\King Cobra\hqdefault_007.jpg,github_indian_snakes,King Cobra,venomous,,480,360,2181,True,val
e:\Coding_Notes\Faunari\data\raw\github_indian_snakes\Venomous\King Cobra\IMG_7375.jpg,github_indian_snakes,King Cobra,venomous,,2890,4088,2182,True,train
e:\Coding_Notes\Faunari\data\raw\github_indian_snakes\Venomous\King Cobra\IMG_7415.jpg,github_indian_snakes,King Cobra,venomous,,3342,2600,2183,True,train
e:\Coding_Notes\Faunari\data\raw\github_indian_snakes\Venomous\King Cobra\IMG_7421.jpg,github_indian_snakes,King Cobra,venomous,,3700,2514,2184,True,train
e:\Coding_Notes\Faunari\data\raw\github_indian_snakes\Venomous\King Cobra\interesting-facts-about-king-cobras.jpg,github_indian_snakes,King Cobra,venomous,,1024,683,2185,True,train
e:\Coding_Notes\Faunari\data\raw\github_indian_snakes\Venomous\King Cobra\jaideep-king-cobra_full-body-copy.jpg,github_indian_snakes,King Cobra,venomous,,448,299,2186,False,train
e:\Coding_Notes\Faunari\data\raw\github_indian_snakes\Venomous\King Cobra\Juvenile-king-cobra---defensive-posture.jpg,github_indian_snakes,King Cobra,venomous,,650,431,2187,True,train
e:\Coding_Notes\Faunari\data\raw\github_indian_snakes\Venomous\King Cobra\King Cobra Eating Rat.jpg,github_indian_snakes,King Cobra,venomous,,500,333,2188,True,train
"e:\Coding_Notes\Faunari\data\raw\github_indian_snakes\Venomous\King Cobra\King cobra, 1874 engraving.jpg",github_indian_snakes,King Cobra,venomous,,1152,1244,2189,True,train
"e:\Coding_Notes\Faunari\data\raw\github_indian_snakes\Venomous\King Cobra\King cobra, Enygmatic-Halcyon-Wikipedia.jpg",github_indian_snakes,King Cobra,venomous,,785,587,2190,True,val
e:\Coding_Notes\Faunari\data\raw\github_indian_snakes\Venomous\King Cobra\king-cobra-1.jpg,github_indian_snakes,King Cobra,venomous,,1024,600,2191,True,train
e:\Coding_Notes\Faunari\data\raw\github_indian_snakes\Venomous\King Cobra\king-cobra-1_001.jpg,github_indian_snakes,King Cobra,venomous,,2048,1424,2192,True,train
e:\Coding_Notes\Faunari\data\raw\github_indian_snakes\Venomous\King Cobra\king-cobra-9.jpg,github_indian_snakes,King Cobra,venomous,,500,322,2193,True,train
e:\Coding_Notes\Faunari\data\raw\github_indian_snakes\Venomous\King Cobra\King-Cobra-baby-1.jpg,github_indian_snakes,King Cobra,venomous,,445,305,2194,False,train
e:\Coding_Notes\Faunari\data\raw\github_indian_snakes\Venomous\King Cobra\king-cobra-bg.jpg,github_indian_snakes,King Cobra,venomous,,645,506,2195,True,test
e:\Coding_Notes\Faunari\data\raw\github_indian_snakes\Venomous\King Cobra\King-Cobra-by-kokotewan-640x326.jpg,github_indian_snakes,King Cobra,venomous,,640,326,2196,True,train
e:\Coding_Notes\Faunari\data\raw\github_indian_snakes\Venomous\King Cobra\King-Cobra-captive.jpg,github_indian_snakes,King Cobra,venomous,,968,512,2197,True,train
e:\Coding_Notes\Faunari\data\raw\github_indian_snakes\Venomous\King Cobra\king-cobra-facts-for-kids1-e1359370651750.jpg,github_indian_snakes,King Cobra,venomous,,400,290,2198,False,train
e:\Coding_Notes\Faunari\data\raw\github_indian_snakes\Venomous\King Cobra\king-cobra-head1.jpg,github_indian_snakes,King Cobra,venomous,,400,440,2199,True,train
e:\Coding_Notes\Faunari\data\raw\github_indian_snakes\Venomous\King Cobra\King-Cobra-India.jpg,github_indian_snakes,King Cobra,venomous,,1000,666,2200,True,train
e:\Coding_Notes\Faunari\data\raw\github_indian_snakes\Venomous\King Cobra\king-cobra-juvenile-445px.jpg,github_indian_snakes,King Cobra,venomous,,445,445,2201,True,train
e:\Coding_Notes\Faunari\data\raw\github_indian_snakes\Venomous\King Cobra\king-cobra-ophiophagus-hannah-800x600.jpg,github_indian_snakes,King Cobra,venomous,,800,532,2202,True,train
e:\Coding_Notes\Faunari\data\raw\github_indian_snakes\Venomous\King Cobra\king-cobra-ophiophagus-hannah-800x600_001.jpg,github_indian_snakes,King Cobra,venomous,,800,534,2203,True,train
e:\Coding_Notes\Faunari\data\raw\github_indian_snakes\Venomous\King Cobra\king-cobra-ophiophagus-hannah-swallowing-a-rat-snake-bali-indonesia-EG8D80.jpg,github_indian_snakes,King Cobra,venomous,,1300,956,2204,True,test
e:\Coding_Notes\Faunari\data\raw\github_indian_snakes\Venomous\King Cobra\King-cobra-partially-displaying-hood.jpg,github_indian_snakes,King Cobra,venomous,,650,430,2205,True,train
e:\Coding_Notes\Faunari\data\raw\github_indian_snakes\Venomous\King Cobra\King-Cobra-rescued-from-Dukura-range-copy.jpg,github_indian_snakes,King Cobra,venomous,,713,491,2206,True,train
e:\Coding_Notes\Faunari\data\raw\github_indian_snakes\Venomous\King Cobra\King-cobra-resting.jpg,github_indian_snakes,King Cobra,venomous,,650,426,2207,True,train
e:\Coding_Notes\Faunari\data\raw\github_indian_snakes\Venomous\King Cobra\King-cobra-side-profile.jpg,github_indian_snakes,King Cobra,venomous,,650,463,2208,True,train
e:\Coding_Notes\Faunari\data\raw\github_indian_snakes\Venomous\King Cobra\king-cobra-slither.adapt.945.1.jpg,github_indian_snakes,King Cobra,venomous,,945,531,2209,True,train
e:\Coding_Notes\Faunari\data\raw\github_indian_snakes\Venomous\King Cobra\king-cobra-snake.jpg,github_indian_snakes,King Cobra,venomous,,605,499,2210,True,train
e:\Coding_Notes\Faunari\data\raw\github_indian_snakes\Venomous\King Cobra\king-cobra-snake_001.jpg,github_indian_snakes,King Cobra,venomous,,283,424,2211,False,test
e:\Coding_Notes\Faunari\data\raw\github_indian_snakes\Venomous\King Cobra\King-cobra-swimming-hunting-other-snakes-along-the-edge-of-a-mangrove-river.jpg,github_indian_snakes,King Cobra,venomous,,650,434,2212,True,train
e:\Coding_Notes\Faunari\data\raw\github_indian_snakes\Venomous\King Cobra\King-Cobra-Thailand.jpg,github_indian_snakes,King Cobra,venomous,,739,535,2213,True,train
e:\Coding_Notes\Faunari\data\raw\github_indian_snakes\Venomous\King Cobra\king-cobra-wallpapers-desktop-background.jpg,github_indian_snakes,King Cobra,venomous,,2560,1600,2214,True,train
e:\Coding_Notes\Faunari\data\raw\github_indian_snakes\Venomous\King Cobra\king-cobra-web.jpg,github_indian_snakes,King Cobra,venomous,,1000,667,2215,True,train
e:\Coding_Notes\Faunari\data\raw\github_indian_snakes\Venomous\King Cobra\king-cobras-live_820c5cd24bab67fc.jpg,github_indian_snakes,King Cobra,venomous,,700,394,2216,True,train
e:\Coding_Notes\Faunari\data\raw\github_indian_snakes\Venomous\King Cobra\King-Cobra_003.jpg,github_indian_snakes,King Cobra,venomous,,640,427,2217,True,train
e:\Coding_Notes\Faunari\data\raw\github_indian_snakes\Venomous\King Cobra\king-cobra_004.jpg,github_indian_snakes,King Cobra,venomous,,1024,768,2218,True,train
e:\Coding_Notes\Faunari\data\raw\github_indian_snakes\Venomous\King Cobra\King-Cobra_005.jpg,github_indian_snakes,King Cobra,venomous,,340,395,2219,False,val
e:\Coding_Notes\Faunari\data\raw\github_indian_snakes\Venomous\King Cobra\king-cobra_006.jpg,github_indian_snakes,King Cobra,venomous,,190,143,2220,False,train
e:\Coding_Notes\Faunari\data\raw\github_indian_snakes\Venomous\King Cobra\king-cobra_008.jpg,github_indian_snakes,King Cobra,venomous,,800,531,2221,True,train
e:\Coding_Notes\Faunari\data\raw\github_indian_snakes\Venomous\King Cobra\king-cobra_009.jpg,github_indian_snakes,King Cobra,venomous,,448,299,2222,False,test
e:\Coding_Notes\Faunari\data\raw\github_indian_snakes\Venomous\King Cobra\king-cobra_0164.jpg,github_indian_snakes,King Cobra,venomous,,400,300,2223,False,train
e:\Coding_Notes\Faunari\data\raw\github_indian_snakes\Venomous\King Cobra\king-cobra_624.jpg,github_indian_snakes,King Cobra,venomous,,624,413,2224,True,train
e:\Coding_Notes\Faunari\data\raw\github_indian_snakes\Venomous\King Cobra\kingcobra-001.jpg,github_indian_snakes,King Cobra,venomous,,1400,845,2225,True,val
e:\Coding_Notes\Faunari\data\raw\github_indian_snakes\Venomous\King Cobra\kingcobra-002.jpg,github_indian_snakes,King Cobra,venomous,,1400,845,2226,True,train
e:\Coding_Notes\Faunari\data\raw\github_indian_snakes\Venomous\King Cobra\KingCobra-and-I_web.jpg,github_indian_snakes,King Cobra,venomous,,1024,682,2227,True,train
e:\Coding_Notes\Faunari\data\raw\github_indian_snakes\Venomous\King Cobra\KingCobra1.jpg,github_indian_snakes,King Cobra,venomous,,500,424,2228,True,train
e:\Coding_Notes\Faunari\data\raw\github_indian_snakes\Venomous\King Cobra\KingCobra_001.jpg,github_indian_snakes,King Cobra,venomous,,1800,1200,2229,True,train
e:\Coding_Notes\Faunari\data\raw\github_indian_snakes\Venomous\King Cobra\kingcobra_002.JPG,github_indian_snakes,King Cobra,venomous,,900,720,2230,True,train
e:\Coding_Notes\Faunari\data\raw\github_indian_snakes\Venomous\King Cobra\KingCobra_003.jpg,github_indian_snakes,King Cobra,venomous,,2226,1296,2231,True,test
e:\Coding_Notes\Faunari\data\raw\github_indian_snakes\Venomous\King Cobra\king_cobra2.jpg,github_indian_snakes,King Cobra,venomous,,791,507,2232,True,test
e:\Coding_Notes\Faunari\data\raw\github_indian_snakes\Venomous\King Cobra\king_cobra3.jpg,github_indian_snakes,King Cobra,venomous,,791,507,2233,True,train
e:\Coding_Notes\Faunari\data\raw\github_indian_snakes\Venomous\King Cobra\king_cobra_1.jpg,github_indian_snakes,King Cobra,venomous,,640,395,2234,True,test
e:\Coding_Notes\Faunari\data\raw\github_indian_snakes\Venomous\King Cobra\king_cobra_1_001.jpg,github_indian_snakes,King Cobra,venomous,,350,263,2235,False,train
e:\Coding_Notes\Faunari\data\raw\github_indian_snakes\Venomous\King Cobra\King_Cobra_25.jpg,github_indian_snakes,King Cobra,venomous,,3310,2648,2236,True,test
e:\Coding_Notes\Faunari\data\raw\github_indian_snakes\Venomous\King Cobra\King_Cobra_Head.jpg,github_indian_snakes,King Cobra,venomous,,599,365,2237,True,test
e:\Coding_Notes\Faunari\data\raw\github_indian_snakes\Venomous\King Cobra\king_cobra_picture.jpg,github_indian_snakes,King Cobra,venomous,,416,624,2238,True,train
e:\Coding_Notes\Faunari\data\raw\github_indian_snakes\Venomous\King Cobra\landing_king-cobra.jpg,github_indian_snakes,King Cobra,venomous,,768,358,2239,True,test
e:\Coding_Notes\Faunari\data\raw\github_indian_snakes\Venomous\King Cobra\natural-enemies-king-cobra_6c4e36f5d658546a.jpg,github_indian_snakes,King Cobra,venomous,,700,394,2240,True,train
e:\Coding_Notes\Faunari\data\raw\github_indian_snakes\Venomous\King Cobra\Ophiophagus-hannah-Thailand.jpg,github_indian_snakes,King Cobra,venomous,,800,623,2241,True,train
e:\Coding_Notes\Faunari\data\raw\github_indian_snakes\Venomous\King Cobra\PAY-COBRA-SNAKE-RESCUE.jpg,github_indian_snakes,King Cobra,venomous,,615,298,2242,True,val
e:\Coding_Notes\Faunari\data\raw\github_indian_snakes\Venomous\King Cobra\PAY-Russian-man-killed-by-King-Cobra.jpg,github_indian_snakes,King Cobra,venomous,,615,411,2243,True,train
e:\Coding_Notes\Faunari\data\raw\github_indian_snakes\Venomous\King Cobra\photos.medleyphoto.13543526.jpg,github_indian_snakes,King Cobra,venomous,,800,478,2244,True,train
e:\Coding_Notes\Faunari\data\raw\github_indian_snakes\Venomous\King Cobra\pictures-of-king-cobras-e1359370644271.jpg,github_indian_snakes,King Cobra,venomous,,400,300,2245,False,train
e:\Coding_Notes\Faunari\data\raw\github_indian_snakes\Venomous\King Cobra\r0_135_2757_1691_w1200_h678_fmax.jpg,github_indian_snakes,King Cobra,venomous,,1200,677,2246,True,train
e:\Coding_Notes\Faunari\data\raw\github_indian_snakes\Venomous\King Cobra\shutterstock_57385138-700x525.jpg,github_indian_snakes,King Cobra,venomous,,700,525,2247,True,train
e:\Coding_Notes\Faunari\data\raw\github_indian_snakes\Venomous\King Cobra\snake-kingcobra-reptile-597045-o.jpg,github_indian_snakes,King Cobra,venomous,,4416,3312,2248,True,val
e:\Coding_Notes\Faunari\data\raw\github_indian_snakes\Venomous\King Cobra\T05-0001-0111.jpg,github_indian_snakes,King Cobra,venomous,,770,430,2249,True,train
e:\Coding_Notes\Faunari\data\raw\github_indian_snakes\Venomous\King Cobra\villagers-in-a-drought-hit-region-of-india-let-a-king-cobra-drink-from-a-bottle-of-water.jpg,github_indian_snakes,King Cobra,venomous,,1440,1080,2250,True,test
e:\Coding_Notes\Faunari\data\raw\github_indian_snakes\Venomous\King Cobra\Z7850200-King_Cobra-SPL.jpg,github_indian_snakes,King Cobra,venomous,,354,530,2251,True,train
e:\Coding_Notes\Faunari\data\raw\github_indian_snakes\Venomous\King Cobra\ZNKH1t.jpg,github_indian_snakes,King Cobra,venomous,,800,547,2252,True,train
e:\Coding_Notes\Faunari\data\raw\github_indian_snakes\Venomous\King Cobra\_85349739_hi000324519.jpg,github_indian_snakes,King Cobra,venomous,,660,371,2253,True,train
e:\Coding_Notes\Faunari\data\raw\github_indian_snakes\Venomous\Monocled Cobra\0564.jpeg,github_indian_snakes,Monocled Cobra,venomous,,567,378,2254,True,train
e:\Coding_Notes\Faunari\data\raw\github_indian_snakes\Venomous\Monocled Cobra\0829.jpeg,github_indian_snakes,Monocled Cobra,venomous,,768,512,2255,True,train
e:\Coding_Notes\Faunari\data\raw\github_indian_snakes\Venomous\Monocled Cobra\0efec3f98662a0bd0b21d3757cb72d3b--snake-facts-cobra-snake.jpg,github_indian_snakes,Monocled Cobra,venomous,,400,336,2256,False,train
e:\Coding_Notes\Faunari\data\raw\github_indian_snakes\Venomous\Monocled Cobra\1.jpg,github_indian_snakes,Monocled Cobra,venomous,,852,480,2257,True,train
e:\Coding_Notes\Faunari\data\raw\github_indian_snakes\Venomous\Monocled Cobra\1015822449_d6aa87bc25.jpg,github_indian_snakes,Monocled Cobra,venomous,,500,375,2258,True,train
e:\Coding_Notes\Faunari\data\raw\github_indian_snakes\Venomous\Monocled Cobra\11.Monocled Cobra.jpg,github_indian_snakes,Monocled Cobra,venomous,,424,568,2259,True,train
e:\Coding_Notes\Faunari\data\raw\github_indian_snakes\Venomous\Monocled Cobra\1317472028Naja kauthia.jpg,github_indian_snakes,Monocled Cobra,venomous,,500,350,2260,True,train
e:\Coding_Notes\Faunari\data\raw\github_indian_snakes\Venomous\Monocled Cobra\13350233_1079893875431314_5715026036656697829_o.jpg,github_indian_snakes,Monocled Cobra,venomous,,2048,1280,2261,True,train
e:\Coding_Notes\Faunari\data\raw\github_indian_snakes\Venomous\Monocled Cobra\16243436212_f1aa097020_b.jpg,github_indian_snakes,Monocled Cobra,venomous,,1024,683,2262,True,train
e:\Coding_Notes\Faunari\data\raw\github_indian_snakes\Venomous\Monocled Cobra\17890231804cbb58e063ebe.JPG,github_indian_snakes,Monocled Cobra,venomous,,819,768,2263,True,train
e:\Coding_Notes\Faunari\data\raw\github_indian_snakes\Venomous\Monocled Cobra\18105089279_8214469ffa.jpg,github_indian_snakes,Monocled Cobra,venomous,,500,500,2264,True,train
e:\Coding_Notes\Faunari\data\raw\github_indian_snakes\Venomous\Monocled Cobra\1_001.jpg,github_indian_snakes,Monocled Cobra,venomous,,852,480,2265,True,train
e:\Coding_Notes\Faunari\data\raw\github_indian_snakes\Venomous\Monocled Cobra\1_002.jpg,github_indian_snakes,Monocled Cobra,venomous,,852,480,2266,True,test
e:\Coding_Notes\Faunari\data\raw\github_indian_snakes\Venomous\Monocled Cobra\1_010.jpg,github_indian_snakes,Monocled Cobra,venomous,,852,480,2267,True,train
e:\Coding_Notes\Faunari\data\raw\github_indian_snakes\Venomous\Monocled Cobra\200px-Naja_kaouthia.jpg,github_indian_snakes,Monocled Cobra,venomous,,200,296,2268,False,train
e:\Coding_Notes\Faunari\data\raw\github_indian_snakes\Venomous\Monocled Cobra\2186482800_bfcf31f866_b.jpg,github_indian_snakes,Monocled Cobra,venomous,,1024,779,2269,True,train
e:\Coding_Notes\Faunari\data\raw\github_indian_snakes\Venomous\Monocled Cobra\225296_10150320235058504_683593503_10024128_7013317_n.jpg,github_indian_snakes,Monocled Cobra,venomous,,681,720,2270,True,train
e:\Coding_Notes\Faunari\data\raw\github_indian_snakes\Venomous\Monocled Cobra\235edf110f56286064e2f303e6006fb8--pet-peeves-cobra-snake.jpg,github_indian_snakes,Monocled Cobra,venomous,,431,640,2271,True,train
e:\Coding_Notes\Faunari\data\raw\github_indian_snakes\Venomous\Monocled Cobra\240px-N.kaouthia.jpg,github_indian_snakes,Monocled Cobra,venomous,,240,160,2272,False,val
e:\Coding_Notes\Faunari\data\raw\github_indian_snakes\Venomous\Monocled Cobra\252576_10150346420778504_683593503_10295742_5461375_n.jpg,github_indian_snakes,Monocled Cobra,venomous,,720,512,2273,True,train
e:\Coding_Notes\Faunari\data\raw\github_indian_snakes\Venomous\Monocled Cobra\262666_10150346421063504_683593503_10295744_1154672_n.jpg,github_indian_snakes,Monocled Cobra,venomous,,647,720,2274,True,train
e:\Coding_Notes\Faunari\data\raw\github_indian_snakes\Venomous\Monocled Cobra\263591_10150346421368504_683593503_10295748_8378405_n (6).jpg,github_indian_snakes,Monocled Cobra,venomous,,720,346,2275,True,train
e:\Coding_Notes\Faunari\data\raw\github_indian_snakes\Venomous\Monocled Cobra\2962717801_da28a393d6.jpg,github_indian_snakes,Monocled Cobra,venomous,,336,500,2276,True,val
e:\Coding_Notes\Faunari\data\raw\github_indian_snakes\Venomous\Monocled Cobra\2b2983794172fea6bb6675b4d07de841--snake-wallpaper-wallpaper-in-hd.jpg,github_indian_snakes,Monocled Cobra,venomous,,236,268,2277,False,train
e:\Coding_Notes\Faunari\data\raw\github_indian_snakes\Venomous\Monocled Cobra\2E69467C00000578-3317003-image-m-26_1447421012740.jpg,github_indian_snakes,Monocled Cobra,venomous,,634,487,2278,True,val
e:\Coding_Notes\Faunari\data\raw\github_indian_snakes\Venomous\Monocled Cobra\2e80cfaab83df157b68d5204145da8f5.jpg,github_indian_snakes,Monocled Cobra,venomous,,438,600,2279,True,train
e:\Coding_Notes\Faunari\data\raw\github_indian_snakes\Venomous\Monocled Cobra\3110614239_af173ac2ae.jpg,github_indian_snakes,Monocled Cobra,venomous,,445,500,2280,True,train
e:\Coding_Notes\Faunari\data\raw\github_indian_snakes\Venomous\Monocled Cobra\3113739011_c17d8d5d75.jpg,github_indian_snakes,Monocled Cobra,venomous,,500,494,2281,True,train
e:\Coding_Notes\Faunari\data\raw\github_indian_snakes\Venomous\Monocled Cobra\3148428268_7a210a4715.jpg,github_indian_snakes,Monocled Cobra,venomous,,500,346,2282,True,test
e:\Coding_Notes\Faunari\data\raw\github_indian_snakes\Venomous\Monocled Cobra\33607.jpg,github_indian_snakes,Monocled Cobra,venomous,,572,600,2283,True,train
e:\Coding_Notes\Faunari\data\raw\github_indian_snakes\Venomous\Monocled Cobra\3431973057_e3abbee776.jpg,github_indian_snakes,Monocled Cobra,venomous,,483,500,2284,True,train
e:\Coding_Notes\Faunari\data\raw\github_indian_snakes\Venomous\Monocled Cobra\3816964289_a5ea57ccd4.jpg,github_indian_snakes,Monocled Cobra,venomous,,344,500,2285,True,val
e:\Coding_Notes\Faunari\data\raw\github_indian_snakes\Venomous\Monocled Cobra\3f7b41317b2248121c9fa4fbbff48074--cobra-snake-slytherin.jpg,github_indian_snakes,Monocled Cobra,venomous,,236,326,2286,False,train
e:\Coding_Notes\Faunari\data\raw\github_indian_snakes\Venomous\Monocled Cobra\429462b69e738da2cc54bd5a8ef5b4b1.jpg,github_indian_snakes,Monocled Cobra,venomous,,363,525,2287,True,val
e:\Coding_Notes\Faunari\data\raw\github_indian_snakes\Venomous\Monocled Cobra\4644015762_38b72c3cdc_b.jpg,github_indian_snakes,Monocled Cobra,venomous,,1000,683,2288,True,train
e:\Coding_Notes\Faunari\data\raw\github_indian_snakes\Venomous\Monocled Cobra\5999366084_cb2085a5bb_b.jpg,github_indian_snakes,Monocled Cobra,venomous,,1024,683,2289,True,train
e:\Coding_Notes\Faunari\data\raw\github_indian_snakes\Venomous\Monocled Cobra\5999366796_1448262093_b.jpg,github_indian_snakes,Monocled Cobra,venomous,,1024,683,2290,True,train
e:\Coding_Notes\Faunari\data\raw\github_indian_snakes\Venomous\Monocled Cobra\5999367190_61605877d4_b.jpg,github_indian_snakes,Monocled Cobra,venomous,,1024,683,2291,True,train
e:\Coding_Notes\Faunari\data\raw\github_indian_snakes\Venomous\Monocled Cobra\6932368146_4234cd3d9f.jpg,github_indian_snakes,Monocled Cobra,venomous,,481,400,2292,True,train
e:\Coding_Notes\Faunari\data\raw\github_indian_snakes\Venomous\Monocled Cobra\76b2c81cf6b8792d0c2b4436a7fc5a84--naja-cobra.jpg,github_indian_snakes,Monocled Cobra,venomous,,430,640,2293,True,train
e:\Coding_Notes\Faunari\data\raw\github_indian_snakes\Venomous\Monocled Cobra\8414480140_d613fae255.jpg,github_indian_snakes,Monocled Cobra,venomous,,336,500,2294,True,train
e:\Coding_Notes\Faunari\data\raw\github_indian_snakes\Venomous\Monocled Cobra\858129_1280x720.jpg,github_indian_snakes,Monocled Cobra,venomous,,1280,720,2295,True,test
e:\Coding_Notes\Faunari\data\raw\github_indian_snakes\Venomous\Monocled Cobra\8715459340_933a36e959_b.jpg,github_indian_snakes,Monocled Cobra,venomous,,900,604,2296,True,train
e:\Coding_Notes\Faunari\data\raw\github_indian_snakes\Venomous\Monocled Cobra\8738179607_bea478cd9a_b.jpg,github_indian_snakes,Monocled Cobra,venomous,,825,554,2297,True,train
e:\Coding_Notes\Faunari\data\raw\github_indian_snakes\Venomous\Monocled Cobra\8739578045_185f4976d8.jpg,github_indian_snakes,Monocled Cobra,venomous,,500,336,2298,True,test
e:\Coding_Notes\Faunari\data\raw\github_indian_snakes\Venomous\Monocled Cobra\9.jpg,github_indian_snakes,Monocled Cobra,venomous,,852,480,2299,True,train
e:\Coding_Notes\Faunari\data\raw\github_indian_snakes\Venomous\Monocled Cobra\9222.jpg,github_indian_snakes,Monocled Cobra,venomous,,800,581,2300,True,val
e:\Coding_Notes\Faunari\data\raw\github_indian_snakes\Venomous\Monocled Cobra\9eb07e02004a8a7daa4e75dd0dade2a7.jpg,github_indian_snakes,Monocled Cobra,venomous,,640,480,2301,True,train
e:\Coding_Notes\Faunari\data\raw\github_indian_snakes\Venomous\Monocled Cobra\a08d0f6688c8ba80cd343141241fe9b0--ular-creepy-things.jpg,github_indian_snakes,Monocled Cobra,venomous,,736,552,2302,True,train
e:\Coding_Notes\Faunari\data\raw\github_indian_snakes\Venomous\Monocled Cobra\albino-monocled-cobra-big.jpg,github_indian_snakes,Monocled Cobra,venomous,,316,480,2303,False,train
e:\Coding_Notes\Faunari\data\raw\github_indian_snakes\Venomous\Monocled Cobra\albino-monocled-cobra-e1438557429780.jpg,github_indian_snakes,Monocled Cobra,venomous,,670,408,2304,True,test
e:\Coding_Notes\Faunari\data\raw\github_indian_snakes\Venomous\Monocled Cobra\albino-monocled-cobra-wallpaper-iphone-728x482.jpg,github_indian_snakes,Monocled Cobra,venomous,,728,482,2305,True,test
e:\Coding_Notes\Faunari\data\raw\github_indian_snakes\Venomous\Monocled Cobra\Albino_Monocled_Cobra_Naja_kaouthia.jpg,github_indian_snakes,Monocled Cobra,venomous,,800,701,2306,True,train
e:\Coding_Notes\Faunari\data\raw\github_indian_snakes\Venomous\Monocled Cobra\albino_monocled_hood_by_8twilightangel8-d5r8lw4.jpg,github_indian_snakes,Monocled Cobra,venomous,,600,844,2307,True,train
e:\Coding_Notes\Faunari\data\raw\github_indian_snakes\Venomous\Monocled Cobra\babyhetalbinocobra.jpg,github_indian_snakes,Monocled Cobra,venomous,,1000,1000,2308,True,train
e:\Coding_Notes\Faunari\data\raw\github_indian_snakes\Venomous\Monocled Cobra\babymonoclecobra.jpg,github_indian_snakes,Monocled Cobra,venomous,,1000,1000,2309,True,test
e:\Coding_Notes\Faunari\data\raw\github_indian_snakes\Venomous\Monocled Cobra\babymonoclecobra2.jpg,github_indian_snakes,Monocled Cobra,venomous,,1000,1000,2310,True,train
e:\Coding_Notes\Faunari\data\raw\github_indian_snakes\Venomous\Monocled Cobra\babymonoclecobra3.jpg,github_indian_snakes,Monocled Cobra,venomous,,1000,1000,2311,True,train
e:\Coding_Notes\Faunari\data\raw\github_indian_snakes\Venomous\Monocled Cobra\babymonoclecobra4.jpg,github_indian_snakes,Monocled Cobra,venomous,,1000,1000,2312,True,train
e:\Coding_Notes\Faunari\data\raw\github_indian_snakes\Venomous\Monocled Cobra\babymonoclecobradoublehet2.jpg,github_indian_snakes,Monocled Cobra,venomous,,1000,1000,2313,True,train
e:\Coding_Notes\Faunari\data\raw\github_indian_snakes\Venomous\Monocled Cobra\bd75680b39e0ef57e78736ddc5fa34bd--reptiles-and-amphibians-forest-animals.jpg,github_indian_snakes,Monocled Cobra,venomous,,236,354,2314,False,train
e:\Coding_Notes\Faunari\data\raw\github_indian_snakes\Venomous\Monocled Cobra\bi5uo5ktrmbc1bcqqdrf.jpg,github_indian_snakes,Monocled Cobra,venomous,,654,367,2315,True,test
e:\Coding_Notes\Faunari\data\raw\github_indian_snakes\Venomous\Monocled Cobra\Bred_to_Leucistic_hood_-_Copy.JPG,github_indian_snakes,Monocled Cobra,venomous,,1141,800,2316,True,test
e:\Coding_Notes\Faunari\data\raw\github_indian_snakes\Venomous\Monocled Cobra\BWMale2a.jpg,github_indian_snakes,Monocled Cobra,venomous,,944,734,2317,True,test
e:\Coding_Notes\Faunari\data\raw\github_indian_snakes\Venomous\Monocled Cobra\C0066949-Monocled_Cobra_Naja_-SPL.jpg,github_indian_snakes,Monocled Cobra,venomous,,530,354,2318,True,train
e:\Coding_Notes\Faunari\data\raw\github_indian_snakes\Venomous\Monocled Cobra\c56c13f758d379f2a173dc607eb3fcce.jpg,github_indian_snakes,Monocled Cobra,venomous,,450,489,2319,True,val
e:\Coding_Notes\Faunari\data\raw\github_indian_snakes\Venomous\Monocled Cobra\cf2eaebcc9e44ed3880e835f32aaddce--cobra-snake-king-cobra.jpg,github_indian_snakes,Monocled Cobra,venomous,,236,366,2320,False,train
e:\Coding_Notes\Faunari\data\raw\github_indian_snakes\Venomous\Monocled Cobra\Chinese Cobra.jpg,github_indian_snakes,Monocled Cobra,venomous,,1280,960,2321,True,train
e:\Coding_Notes\Faunari\data\raw\github_indian_snakes\Venomous\Monocled Cobra\close-up-of-monocled-cobra-naja-naja-in-field-a5yxg1.jpg,github_indian_snakes,Monocled Cobra,venomous,,343,540,2322,True,train
e:\Coding_Notes\Faunari\data\raw\github_indian_snakes\Venomous\Monocled Cobra\cobra-looking-rat-monocled-naja-very-dangerous-food-67192387.jpg,github_indian_snakes,Monocled Cobra,venomous,,245,160,2323,False,train
e:\Coding_Notes\Faunari\data\raw\github_indian_snakes\Venomous\Monocled Cobra\Cobra-Monocled-7356-full.jpg,github_indian_snakes,Monocled Cobra,venomous,,1280,720,2324,True,train
e:\Coding_Notes\Faunari\data\raw\github_indian_snakes\Venomous\Monocled Cobra\cobra-monocled-naja-very-dangerous-looking-rat-food-67509736.jpg,github_indian_snakes,Monocled Cobra,venomous,,307,160,2325,False,test
e:\Coding_Notes\Faunari\data\raw\github_indian_snakes\Venomous\Monocled Cobra\cobra-monocled.jpg,github_indian_snakes,Monocled Cobra,venomous,,1140,760,2326,True,test
e:\Coding_Notes\Faunari\data\raw\github_indian_snakes\Venomous\Monocled Cobra\cobra-twins.jpg,github_indian_snakes,Monocled Cobra,venomous,,480,319,2327,False,train
e:\Coding_Notes\Faunari\data\raw\github_indian_snakes\Venomous\Monocled Cobra\cobra.jpg,github_indian_snakes,Monocled Cobra,venomous,,800,480,2328,True,test
e:\Coding_Notes\Faunari\data\raw\github_indian_snakes\Venomous\Monocled Cobra\cobra14n-1-web.jpg,github_indian_snakes,Monocled Cobra,venomous,,750,501,2329,True,train
e:\Coding_Notes\Faunari\data\raw\github_indian_snakes\Venomous\Monocled Cobra\cobra_monocled.jpg,github_indian_snakes,Monocled Cobra,venomous,,512,384,2330,True,test
e:\Coding_Notes\Faunari\data\raw\github_indian_snakes\Venomous\Monocled Cobra\detail-of-the-head-of-monocled-cobra-during-snake-show-in-bangkok-thailand_vruvptptg__S0000.jpg,github_indian_snakes,Monocled Cobra,venomous,,320,180,2331,False,train
e:\Coding_Notes\Faunari\data\raw\github_indian_snakes\Venomous\Monocled Cobra\DSC05913a-L.jpg,github_indian_snakes,Monocled Cobra,venomous,,800,539,2332,True,train
e:\Coding_Notes\Faunari\data\raw\github_indian_snakes\Venomous\Monocled Cobra\DSC05915-L.jpg,github_indian_snakes,Monocled Cobra,venomous,,800,600,2333,True,val
e:\Coding_Notes\Faunari\data\raw\github_indian_snakes\Venomous\Monocled Cobra\DwJeRobtFhFY.jpg,github_indian_snakes,Monocled Cobra,venomous,,373,521,2334,True,train
e:\Coding_Notes\Faunari\data\raw\github_indian_snakes\Venomous\Monocled Cobra\eba4efd1c51d679b1ecf1710a29961c2--scary-snakes-cobra-snake.jpg,github_indian_snakes,Monocled Cobra,venomous,,460,640,2335,True,train
e:\Coding_Notes\Faunari\data\raw\github_indian_snakes\Venomous\Monocled Cobra\Entrancing_Monocled_Cobra_1440x1080.jpg,github_indian_snakes,Monocled Cobra,venomous,,1440,1080,2336,True,train
e:\Coding_Notes\Faunari\data\raw\github_indian_snakes\Venomous\Monocled Cobra\f0854287300e4dbf29dfacce19f436b2.jpg,github_indian_snakes,Monocled Cobra,venomous,,640,480,2337,True,test
e:\Coding_Notes\Faunari\data\raw\github_indian_snakes\Venomous\Monocled Cobra\hqdefault.jpg,github_indian_snakes,Monocled Cobra,venomous,,480,360,2338,True,train
e:\Coding_Notes\Faunari\data\raw\github_indian_snakes\Venomous\Monocled Cobra\hqdefault_005.jpg,github_indian_snakes,Monocled Cobra,venomous,,480,360,2339,True,test
e:\Coding_Notes\Faunari\data\raw\github_indian_snakes\Venomous\Monocled Cobra\img_09221.jpg,github_indian_snakes,Monocled Cobra,venomous,,800,535,2340,True,val
e:\Coding_Notes\Faunari\data\raw\github_indian_snakes\Venomous\Monocled Cobra\img_09311.jpg,github_indian_snakes,Monocled Cobra,venomous,,800,535,2341,True,train
e:\Coding_Notes\Faunari\data\raw\github_indian_snakes\Venomous\Monocled Cobra\jakob-lehner-monocled-cobra.jpg,github_indian_snakes,Monocled Cobra,venomous,,886,592,2342,True,val
e:\Coding_Notes\Faunari\data\raw\github_indian_snakes\Venomous\Monocled Cobra\Krabi_King_Cobra_Show_4.jpg,github_indian_snakes,Monocled Cobra,venomous,,1204,800,2343,True,val
e:\Coding_Notes\Faunari\data\raw\github_indian_snakes\Venomous\Monocled Cobra\Male_Sunset_pic1.jpg,github_indian_snakes,Monocled Cobra,venomous,,600,575,2344,True,test
e:\Coding_Notes\Faunari\data\raw\github_indian_snakes\Venomous\Monocled Cobra\maxresdefault.jpg,github_indian_snakes,Monocled Cobra,venomous,,1920,1080,2345,True,train
e:\Coding_Notes\Faunari\data\raw\github_indian_snakes\Venomous\Monocled Cobra\maxresdefault_002.jpg,github_indian_snakes,Monocled Cobra,venomous,,1920,1080,2346,True,train
e:\Coding_Notes\Faunari\data\raw\github_indian_snakes\Venomous\Monocled Cobra\maxresdefault_005.jpg,github_indian_snakes,Monocled Cobra,venomous,,1920,1080,2347,True,val
e:\Coding_Notes\Faunari\data\raw\github_indian_snakes\Venomous\Monocled Cobra\maxresdefault_010.jpg,github_indian_snakes,Monocled Cobra,venomous,,1280,720,2348,True,test
e:\Coding_Notes\Faunari\data\raw\github_indian_snakes\Venomous\Monocled Cobra\Monocled Cobra (back).jpg,github_indian_snakes,Monocled Cobra,venomous,,448,336,2349,False,val
e:\Coding_Notes\Faunari\data\raw\github_indian_snakes\Venomous\Monocled Cobra\Monocled Cobra (front).jpg,github_indian_snakes,Monocled Cobra,venomous,,339,336,2350,False,train
e:\Coding_Notes\Faunari\data\raw\github_indian_snakes\Venomous\Monocled Cobra\MONOCLED COBRA-Naja naja pisonous snake in India.jpg,github_indian_snakes,Monocled Cobra,venomous,,175,289,2351,False,test
e:\Coding_Notes\Faunari\data\raw\github_indian_snakes\Venomous\Monocled Cobra\Monocled cobra.jpg,github_indian_snakes,Monocled Cobra,venomous,,396,293,2352,False,train
e:\Coding_Notes\Faunari\data\raw\github_indian_snakes\Venomous\Monocled Cobra\Monocled Cobra_001.jpg,github_indian_snakes,Monocled Cobra,venomous,,600,399,2353,True,train
e:\Coding_Notes\Faunari\data\raw\github_indian_snakes\Venomous\Monocled Cobra\monocled-61.jpg,github_indian_snakes,Monocled Cobra,venomous,,3888,2592,2354,True,train
e:\Coding_Notes\Faunari\data\raw\github_indian_snakes\Venomous\Monocled Cobra\monocled-baby-cobra3.jpg,github_indian_snakes,Monocled Cobra,venomous,,595,270,2355,True,val
e:\Coding_Notes\Faunari\data\raw\github_indian_snakes\Venomous\Monocled Cobra\Monocled-Cobra-1-1.jpg,github_indian_snakes,Monocled Cobra,venomous,,1200,1200,2356,True,train
e:\Coding_Notes\Faunari\data\raw\github_indian_snakes\Venomous\Monocled Cobra\monocled-cobra-back_1.jpg,github_indian_snakes,Monocled Cobra,venomous,,620,344,2357,True,test
e:\Coding_Notes\Faunari\data\raw\github_indian_snakes\Venomous\Monocled Cobra\monocled-cobra-naja-kaouthia-dr22tj.jpg,github_indian_snakes,Monocled Cobra,venomous,,345,540,2358,True,train
e:\Coding_Notes\Faunari\data\raw\github_indian_snakes\Venomous\Monocled Cobra\monocled-cobra-naja-kaouthia-portrait-armx60.jpg,github_indian_snakes,Monocled Cobra,venomous,,450,317,2359,False,train
e:\Coding_Notes\Faunari\data\raw\github_indian_snakes\Venomous\Monocled Cobra\monocled-cobra-naja-kaouthia-venomous-common-eaglenest-arunachal-pradesh-B39GW0.jpg,github_indian_snakes,Monocled Cobra,venomous,,1300,940,2360,True,train
e:\Coding_Notes\Faunari\data\raw\github_indian_snakes\Venomous\Monocled Cobra\monocled-cobra-naja-kaouthia-venomous-common-eaglenest-arunachal-pradesh-B39H7Y.jpg,github_indian_snakes,Monocled Cobra,venomous,,1300,936,2361,True,train
e:\Coding_Notes\Faunari\data\raw\github_indian_snakes\Venomous\Monocled Cobra\monocled-cobra-naja-kaouthia-venomous-common-eaglenest-arunachal-pradesh-b39h8h.jpg,github_indian_snakes,Monocled Cobra,venomous,,338,540,2362,True,train
e:\Coding_Notes\Faunari\data\raw\github_indian_snakes\Venomous\Monocled Cobra\monocled-cobra-naja-naja-kaouthia-native-to-south-eastern-asia-a7yf0g.jpg,github_indian_snakes,Monocled Cobra,venomous,,296,470,2363,False,train
e:\Coding_Notes\Faunari\data\raw\github_indian_snakes\Venomous\Monocled Cobra\monocled-cobra-naja-naja-kaouthis-albino-rearing-thailand-a3p8jp.jpg,github_indian_snakes,Monocled Cobra,venomous,,450,319,2364,False,train
e:\Coding_Notes\Faunari\data\raw\github_indian_snakes\Venomous\Monocled Cobra\monocled-cobra-naja-naja-kaouthis-albino-rearing-thailand-a3p8kj.jpg,github_indian_snakes,Monocled Cobra,venomous,,346,540,2365,True,train
e:\Coding_Notes\Faunari\data\raw\github_indian_snakes\Venomous\Monocled Cobra\monocled-cobra-snake-death_85876_ver1.0_1280_720.jpg,github_indian_snakes,Monocled Cobra,venomous,,1280,720,2366,True,train
e:\Coding_Notes\Faunari\data\raw\github_indian_snakes\Venomous\Monocled Cobra\monocled-cobra.jpg,github_indian_snakes,Monocled Cobra,venomous,,1024,768,2367,True,test
e:\Coding_Notes\Faunari\data\raw\github_indian_snakes\Venomous\Monocled Cobra\Monocled-Cobras.jpg,github_indian_snakes,Monocled Cobra,venomous,,331,500,2368,True,train
e:\Coding_Notes\Faunari\data\raw\github_indian_snakes\Venomous\Monocled Cobra\Monocled-Cobras.jpg-nggid0256-ngg0dyn-286x300x100-00f0w010c011r110f110r010t010.jpg,github_indian_snakes,Monocled Cobra,venomous,,286,300,2369,False,train
e:\Coding_Notes\Faunari\data\raw\github_indian_snakes\Venomous\Monocled Cobra\Monocled-Cobras_001.jpg,github_indian_snakes,Monocled Cobra,venomous,,1200,1088,2370,True,train
e:\Coding_Notes\Faunari\data\raw\github_indian_snakes\Venomous\Monocled Cobra\monocled-cobra_001.jpg,github_indian_snakes,Monocled Cobra,venomous,,1000,664,2371,True,train
e:\Coding_Notes\Faunari\data\raw\github_indian_snakes\Venomous\Monocled Cobra\monocledcobra.jpg,github_indian_snakes,Monocled Cobra,venomous,,621,466,2372,True,train
e:\Coding_Notes\Faunari\data\raw\github_indian_snakes\Venomous\Monocled Cobra\Monocled_Cobra.jpg,github_indian_snakes,Monocled Cobra,venomous,,320,299,2373,False,train
e:\Coding_Notes\Faunari\data\raw\github_indian_snakes\Venomous\Monocled Cobra\Monocled_Cobra00.jpg,github_indian_snakes,Monocled Cobra,venomous,,217,163,2374,False,train
e:\Coding_Notes\Faunari\data\raw\github_indian_snakes\Venomous\Monocled Cobra\Monocled_Cobra2.jpg,github_indian_snakes,Monocled Cobra,venomous,,800,601,2375,True,train
e:\Coding_Notes\Faunari\data\raw\github_indian_snakes\Venomous\Monocled Cobra\Monocled_Cobra_-Naja_kaouthia_-_In_Bangladesh_600.jpg,github_indian_snakes,Monocled Cobra,venomous,,600,398,2376,True,train
e:\Coding_Notes\Faunari\data\raw\github_indian_snakes\Venomous\Monocled Cobra\Monocled_Cobra_3.jpg,github_indian_snakes,Monocled Cobra,venomous,,999,653,2377,True,val
e:\Coding_Notes\Faunari\data\raw\github_indian_snakes\Venomous\Monocled Cobra\naja-kaouthia-back.jpg,github_indian_snakes,Monocled Cobra,venomous,,800,534,2378,True,train
e:\Coding_Notes\Faunari\data\raw\github_indian_snakes\Venomous\Monocled Cobra\naja-kaouthia-monocled-cobra-dr26h2.jpg,github_indian_snakes,Monocled Cobra,venomous,,640,445,2379,True,test
e:\Coding_Notes\Faunari\data\raw\github_indian_snakes\Venomous\Monocled Cobra\naja-kaouthia-monocled-cobra-DV-02-15-3.jpg,github_indian_snakes,Monocled Cobra,venomous,,400,265,2380,False,train
e:\Coding_Notes\Faunari\data\raw\github_indian_snakes\Venomous\Monocled Cobra\naja-kaouthia-monocled-cobra-kuiburi-800x600.jpg,github_indian_snakes,Monocled Cobra,venomous,,800,532,2381,True,val
e:\Coding_Notes\Faunari\data\raw\github_indian_snakes\Venomous\Monocled Cobra\naja-kaouthia-monocled-cobra-kuiburi-800x600_001.jpg,github_indian_snakes,Monocled Cobra,venomous,,800,532,2382,True,train
e:\Coding_Notes\Faunari\data\raw\github_indian_snakes\Venomous\Monocled Cobra\naja-kaouthia-monocled-cobra-kuiburi-800x600_002.jpg,github_indian_snakes,Monocled Cobra,venomous,,800,532,2383,True,test
e:\Coding_Notes\Faunari\data\raw\github_indian_snakes\Venomous\Monocled Cobra\naja-kaouthia-monocled-cobras-randy-ciuros.jpg,github_indian_snakes,Monocled Cobra,venomous,,963,642,2384,True,train
e:\Coding_Notes\Faunari\data\raw\github_indian_snakes\Venomous\Monocled Cobra\naja-top.jpg,github_indian_snakes,Monocled Cobra,venomous,,367,285,2385,False,train
e:\Coding_Notes\Faunari\data\raw\github_indian_snakes\Venomous\Monocled Cobra\NajaKaouthia.jpg,github_indian_snakes,Monocled Cobra,venomous,,220,276,2386,False,val
e:\Coding_Notes\Faunari\data\raw\github_indian_snakes\Venomous\Monocled Cobra\Naja_kaouthia.jpg,github_indian_snakes,Monocled Cobra,venomous,,316,320,2387,False,train
e:\Coding_Notes\Faunari\data\raw\github_indian_snakes\Venomous\Monocled Cobra\original.jpg,github_indian_snakes,Monocled Cobra,venomous,,679,1200,2388,True,train
e:\Coding_Notes\Faunari\data\raw\github_indian_snakes\Venomous\Monocled Cobra\P1000433.JPG,github_indian_snakes,Monocled Cobra,venomous,,400,300,2389,False,train
e:\Coding_Notes\Faunari\data\raw\github_indian_snakes\Venomous\Monocled Cobra\P1030202.jpg,github_indian_snakes,Monocled Cobra,venomous,,920,612,2390,True,train
e:\Coding_Notes\Faunari\data\raw\github_indian_snakes\Venomous\Monocled Cobra\People-Group-Monocled-Cobra-on-display-0029.jpg,github_indian_snakes,Monocled Cobra,venomous,,1280,1257,2391,True,train
e:\Coding_Notes\Faunari\data\raw\github_indian_snakes\Venomous\Monocled Cobra\Piebald1.jpg,github_indian_snakes,Monocled Cobra,venomous,,400,300,2392,False,train
e:\Coding_Notes\Faunari\data\raw\github_indian_snakes\Venomous\Monocled Cobra\rearfanged~~element117.JPG,github_indian_snakes,Monocled Cobra,venomous,,791,525,2393,True,train
e:\Coding_Notes\Faunari\data\raw\github_indian_snakes\Venomous\Monocled Cobra\snak21.jpg,github_indian_snakes,Monocled Cobra,venomous,,1024,683,2394,True,train
e:\Coding_Notes\Faunari\data\raw\github_indian_snakes\Venomous\Monocled Cobra\stock-photo-monocle-cobra-36770869.jpg,github_indian_snakes,Monocled Cobra,venomous,,450,319,2395,False,test
e:\Coding_Notes\Faunari\data\raw\github_indian_snakes\Venomous\Monocled Cobra\stock-photo-monocle-cobra-83440318.jpg,github_indian_snakes,Monocled Cobra,venomous,,450,319,2396,False,train
e:\Coding_Notes\Faunari\data\raw\github_indian_snakes\Venomous\Monocled Cobra\stock-photo-the-monocled-cobra-also-called-monocellate-cobra-is-a-cobra-species-widespread-across-south-and-658718986.jpg,github_indian_snakes,Monocled Cobra,venomous,,450,304,2397,False,train
e:\Coding_Notes\Faunari\data\raw\github_indian_snakes\Venomous\Monocled Cobra\stock-photo-the-monocled-cobra-naja-kaouthia-also-called-monocellate-cobra-602177225.jpg,github_indian_snakes,Monocled Cobra,venomous,,450,320,2398,False,train
e:\Coding_Notes\Faunari\data\raw\github_indian_snakes\Venomous\Monocled Cobra\stock-photo-the-monocled-cobra-naja-kaouthia-also-called-monocellate-cobra-is-a-cobra-species-widespread-647998777.jpg,github_indian_snakes,Monocled Cobra,venomous,,450,320,2399,False,train
e:\Coding_Notes\Faunari\data\raw\github_indian_snakes\Venomous\Monocled Cobra\suphan-phase-monocled.jpg,github_indian_snakes,Monocled Cobra,venomous,,298,450,2400,False,val
e:\Coding_Notes\Faunari\data\raw\github_indian_snakes\Venomous\Monocled Cobra\texas-teen-suicide-snakebite.jpg,github_indian_snakes,Monocled Cobra,venomous,,940,545,2401,True,train
e:\Coding_Notes\Faunari\data\raw\github_indian_snakes\Venomous\Monocled Cobra\Thai05M4Bild06MscC400.jpg,github_indian_snakes,Monocled Cobra,venomous,,400,626,2402,True,train
e:\Coding_Notes\Faunari\data\raw\github_indian_snakes\Venomous\Monocled Cobra\toz13182l.jpg,github_indian_snakes,Monocled Cobra,venomous,,1600,1200,2403,True,val
e:\Coding_Notes\Faunari\data\raw\github_indian_snakes\Venomous\Monocled Cobra\toz13183l.jpg,github_indian_snakes,Monocled Cobra,venomous,,1200,900,2404,True,train
e:\Coding_Notes\Faunari\data\raw\github_indian_snakes\Venomous\Monocled Cobra\toz16925l.jpg,github_indian_snakes,Monocled Cobra,venomous,,1600,1200,2405,True,train
e:\Coding_Notes\Faunari\data\raw\github_indian_snakes\Venomous\Monocled Cobra\tumblr_inline_n5ssgeNsfl1sgqxtf.jpg,github_indian_snakes,Monocled Cobra,venomous,,500,667,2406,True,train
e:\Coding_Notes\Faunari\data\raw\github_indian_snakes\Venomous\Russell's Viper\00483026.jpg,github_indian_snakes,Russell's Viper,venomous,,700,467,2407,True,val
e:\Coding_Notes\Faunari\data\raw\github_indian_snakes\Venomous\Russell's Viper\00550436.jpg,github_indian_snakes,Russell's Viper,venomous,,467,700,2408,True,val
e:\Coding_Notes\Faunari\data\raw\github_indian_snakes\Venomous\Russell's Viper\00550437.jpg,github_indian_snakes,Russell's Viper,venomous,,700,467,2409,True,val
e:\Coding_Notes\Faunari\data\raw\github_indian_snakes\Venomous\Russell's Viper\00550438.jpg,github_indian_snakes,Russell's Viper,venomous,,467,700,2410,True,train
e:\Coding_Notes\Faunari\data\raw\github_indian_snakes\Venomous\Russell's Viper\01AS-N31E.jpg,github_indian_snakes,Russell's Viper,venomous,,342,230,2411,False,test
e:\Coding_Notes\Faunari\data\raw\github_indian_snakes\Venomous\Russell's Viper\01AS-N8UP.jpg,github_indian_snakes,Russell's Viper,venomous,,350,230,2412,False,train
e:\Coding_Notes\Faunari\data\raw\github_indian_snakes\Venomous\Russell's Viper\01AS-N8UQ.jpg,github_indian_snakes,Russell's Viper,venomous,,340,230,2413,False,val
e:\Coding_Notes\Faunari\data\raw\github_indian_snakes\Venomous\Russell's Viper\01AS-QYGA.jpg,github_indian_snakes,Russell's Viper,venomous,,345,230,2414,False,val
e:\Coding_Notes\Faunari\data\raw\github_indian_snakes\Venomous\Russell's Viper\0390.jpeg,github_indian_snakes,Russell's Viper,venomous,,768,504,2415,True,test
e:\Coding_Notes\Faunari\data\raw\github_indian_snakes\Venomous\Russell's Viper\0499.jpeg,github_indian_snakes,Russell's Viper,venomous,,850,567,2416,True,train
e:\Coding_Notes\Faunari\data\raw\github_indian_snakes\Venomous\Russell's Viper\08JulPykke02 viper.ART_G835841D7.1+09THRUSSELL_VIPER_2.jpg,github_indian_snakes,Russell's Viper,venomous,,615,384,2417,True,val
e:\Coding_Notes\Faunari\data\raw\github_indian_snakes\Venomous\Russell's Viper\1.jpg,github_indian_snakes,Russell's Viper,venomous,,360,227,2418,False,train
e:\Coding_Notes\Faunari\data\raw\github_indian_snakes\Venomous\Russell's Viper\1124russviper001.JPG,github_indian_snakes,Russell's Viper,venomous,,1280,848,2419,True,test
e:\Coding_Notes\Faunari\data\raw\github_indian_snakes\Venomous\Russell's Viper\1232377184_b7561e0e4a_b.jpg,github_indian_snakes,Russell's Viper,venomous,,1024,768,2420,True,val
e:\Coding_Notes\Faunari\data\raw\github_indian_snakes\Venomous\Russell's Viper\1438850877IMG_0479.JPG,github_indian_snakes,Russell's Viper,venomous,,600,513,2421,True,train
e:\Coding_Notes\Faunari\data\raw\github_indian_snakes\Venomous\Russell's Viper\1438850878p-17.jpg,github_indian_snakes,Russell's Viper,venomous,,600,453,2422,True,train
e:\Coding_Notes\Faunari\data\raw\github_indian_snakes\Venomous\Russell's Viper\15214744307_0f954327e5_b.jpg,github_indian_snakes,Russell's Viper,venomous,,1024,683,2423,True,train
e:\Coding_Notes\Faunari\data\raw\github_indian_snakes\Venomous\Russell's Viper\16121579037_bd92bd8404_b.jpg,github_indian_snakes,Russell's Viper,venomous,,1024,683,2424,True,test
e:\Coding_Notes\Faunari\data\raw\github_indian_snakes\Venomous\Russell's Viper\16964068388_c1afa0ed14.jpg,github_indian_snakes,Russell's Viper,venomous,,500,333,2425,True,train
e:\Coding_Notes\Faunari\data\raw\github_indian_snakes\Venomous\Russell's Viper\2.jpg,github_indian_snakes,Russell's Viper,venomous,,357,640,2426,True,train
e:\Coding_Notes\Faunari\data\raw\github_indian_snakes\Venomous\Russell's Viper\20090613_Daboia_russelii_Russells_Viper_Kettenviper_Pune.jpg,github_indian_snakes,Russell's Viper,venomous,,1872,2099,2427,True,train
e:\Coding_Notes\Faunari\data\raw\github_indian_snakes\Venomous\Russell's Viper\20839492034_f052077617.jpg,github_indian_snakes,Russell's Viper,venomous,,500,375,2428,True,train
e:\Coding_Notes\Faunari\data\raw\github_indian_snakes\Venomous\Russell's Viper\20855503-Adult-Russell-s-Viper-Daboia-russelii-Tamil-Nadu-South-India-Stock-Photo.jpg,github_indian_snakes,Russell's Viper,venomous,,1300,864,2429,True,test
e:\Coding_Notes\Faunari\data\raw\github_indian_snakes\Venomous\Russell's Viper\20855505-Camouflage-pattern-on-adult-Russell-s-Viper-Daboia-russelii-Tamil-Nadu-South-India-Stock-Photo.jpg,github_indian_snakes,Russell's Viper,venomous,,1300,862,2430,True,val
e:\Coding_Notes\Faunari\data\raw\github_indian_snakes\Venomous\Russell's Viper\2103365373_25acae0a08.jpg,github_indian_snakes,Russell's Viper,venomous,,471,351,2431,True,train
e:\Coding_Notes\Faunari\data\raw\github_indian_snakes\Venomous\Russell's Viper\220px-Russells_viper_in_pune_zoo.jpg,github_indian_snakes,Russell's Viper,venomous,,220,147,2432,False,hardcase
e:\Coding_Notes\Faunari\data\raw\github_indian_snakes\Venomous\Russell's Viper\221163-russell-s-viper.jpg,github_indian_snakes,Russell's Viper,venomous,,400,400,2433,True,train
e:\Coding_Notes\Faunari\data\raw\github_indian_snakes\Venomous\Russell's Viper\23498842244_3e5d4cfab6.jpg,github_indian_snakes,Russell's Viper,venomous,,500,308,2434,False,train
e:\Coding_Notes\Faunari\data\raw\github_indian_snakes\Venomous\Russell's Viper\24166458841_50d7cf228b_b.jpg,github_indian_snakes,Russell's Viper,venomous,,1024,743,2435,True,train
e:\Coding_Notes\Faunari\data\raw\github_indian_snakes\Venomous\Russell's Viper\3.jpg,github_indian_snakes,Russell's Viper,venomous,,448,321,2436,False,train
e:\Coding_Notes\Faunari\data\raw\github_indian_snakes\Venomous\Russell's Viper\30.jpg,github_indian_snakes,Russell's Viper,venomous,,559,408,2437,True,train
e:\Coding_Notes\Faunari\data\raw\github_indian_snakes\Venomous\Russell's Viper\31 copy.jpg,github_indian_snakes,Russell's Viper,venomous,,554,459,2438,True,train
e:\Coding_Notes\Faunari\data\raw\github_indian_snakes\Venomous\Russell's Viper\371843609_0ed582491a.jpg,github_indian_snakes,Russell's Viper,venomous,,500,333,2439,True,train
e:\Coding_Notes\Faunari\data\raw\github_indian_snakes\Venomous\Russell's Viper\4179-39698.jpg,github_indian_snakes,Russell's Viper,venomous,,520,347,2440,True,train
e:\Coding_Notes\Faunari\data\raw\github_indian_snakes\Venomous\Russell's Viper\4975186.jpg,github_indian_snakes,Russell's Viper,venomous,,241,181,2441,False,hardcase
e:\Coding_Notes\Faunari\data\raw\github_indian_snakes\Venomous\Russell's Viper\50654.jpg,github_indian_snakes,Russell's Viper,venomous,,959,641,2442,True,train
e:\Coding_Notes\Faunari\data\raw\github_indian_snakes\Venomous\Russell's Viper\5101695344_48fe2388e9_b.jpg,github_indian_snakes,Russell's Viper,venomous,,1024,910,2443,True,train
e:\Coding_Notes\Faunari\data\raw\github_indian_snakes\Venomous\Russell's Viper\5140650546_698c8b9dc9_b.jpg,github_indian_snakes,Russell's Viper,venomous,,1024,818,2444,True,val
e:\Coding_Notes\Faunari\data\raw\github_indian_snakes\Venomous\Russell's Viper\51523Bild_354.jpg,github_indian_snakes,Russell's Viper,venomous,,1200,900,2445,True,train
e:\Coding_Notes\Faunari\data\raw\github_indian_snakes\Venomous\Russell's Viper\5207091.jpg,github_indian_snakes,Russell's Viper,venomous,,250,218,2446,False,val
e:\Coding_Notes\Faunari\data\raw\github_indian_snakes\Venomous\Russell's Viper\5384077d7fe23.jpg,github_indian_snakes,Russell's Viper,venomous,,439,207,2447,False,train
e:\Coding_Notes\Faunari\data\raw\github_indian_snakes\Venomous\Russell's Viper\5384096bcdfba.jpg,github_indian_snakes,Russell's Viper,venomous,,389,193,2448,False,train
e:\Coding_Notes\Faunari\data\raw\github_indian_snakes\Venomous\Russell's Viper\5384096bea0ed.jpg,github_indian_snakes,Russell's Viper,venomous,,500,201,2449,False,test
e:\Coding_Notes\Faunari\data\raw\github_indian_snakes\Venomous\Russell's Viper\5384096c1c063.jpg,github_indian_snakes,Russell's Viper,venomous,,361,299,2450,False,test
e:\Coding_Notes\Faunari\data\raw\github_indian_snakes\Venomous\Russell's Viper\5419812_orig.jpg,github_indian_snakes,Russell's Viper,venomous,,500,334,2451,True,val
e:\Coding_Notes\Faunari\data\raw\github_indian_snakes\Venomous\Russell's Viper\6096504998_19989dc810_z.jpg,github_indian_snakes,Russell's Viper,venomous,,640,480,2452,True,test
e:\Coding_Notes\Faunari\data\raw\github_indian_snakes\Venomous\Russell's Viper\621cc2e9123ff3733add9cf51d374c1c--top-five-hady.jpg,github_indian_snakes,Russell's Viper,venomous,,236,236,2453,False,train
e:\Coding_Notes\Faunari\data\raw\github_indian_snakes\Venomous\Russell's Viper\7417839_orig.jpg,github_indian_snakes,Russell's Viper,venomous,,720,480,2454,True,train
e:\Coding_Notes\Faunari\data\raw\github_indian_snakes\Venomous\Russell's Viper\8fa72038962b6df573adbdd40eb3bdea.jpg,github_indian_snakes,Russell's Viper,venomous,,480,336,2455,True,val
e:\Coding_Notes\Faunari\data\raw\github_indian_snakes\Venomous\Russell's Viper\900-464852747-russells-viper.jpg,github_indian_snakes,Russell's Viper,venomous,,900,559,2456,True,train
e:\Coding_Notes\Faunari\data\raw\github_indian_snakes\Venomous\Russell's Viper\90355786.jpg,github_indian_snakes,Russell's Viper,venomous,,700,466,2457,True,train
e:\Coding_Notes\Faunari\data\raw\github_indian_snakes\Venomous\Russell's Viper\a.JPG,github_indian_snakes,Russell's Viper,venomous,,1600,1053,2458,True,train
e:\Coding_Notes\Faunari\data\raw\github_indian_snakes\Venomous\Russell's Viper\aaa.JPG,github_indian_snakes,Russell's Viper,venomous,,1600,1077,2459,True,train
e:\Coding_Notes\Faunari\data\raw\github_indian_snakes\Venomous\Russell's Viper\aaaa.JPG,github_indian_snakes,Russell's Viper,venomous,,1600,1067,2460,True,train
e:\Coding_Notes\Faunari\data\raw\github_indian_snakes\Venomous\Russell's Viper\cbc8f79baa7ed6c6004000dc68f1d8b4.jpg,github_indian_snakes,Russell's Viper,venomous,,1200,861,2461,True,train
e:\Coding_Notes\Faunari\data\raw\github_indian_snakes\Venomous\Russell's Viper\D8B_8271_Daboia_siamensis_Sa_Keao9x16-300x169.jpg,github_indian_snakes,Russell's Viper,venomous,,300,169,2462,False,train
e:\Coding_Notes\Faunari\data\raw\github_indian_snakes\Venomous\Russell's Viper\D8B_8356_Daboia_Siamensis_Sa_Keao-720x340.jpg,github_indian_snakes,Russell's Viper,venomous,,720,340,2463,True,train
e:\Coding_Notes\Faunari\data\raw\github_indian_snakes\Venomous\Russell's Viper\daboia russelli copy.jpg,github_indian_snakes,Russell's Viper,venomous,,1442,775,2464,True,test
e:\Coding_Notes\Faunari\data\raw\github_indian_snakes\Venomous\Russell's Viper\Daboia-russelii-03000025913_01.jpg,github_indian_snakes,Russell's Viper,venomous,,560,373,2465,True,train
e:\Coding_Notes\Faunari\data\raw\github_indian_snakes\Venomous\Russell's Viper\daboia-russelii-russells-viper-displaying-erect-fangs-these-fangs-H9ER3E.jpg,github_indian_snakes,Russell's Viper,venomous,,1300,960,2466,True,train
e:\Coding_Notes\Faunari\data\raw\github_indian_snakes\Venomous\Russell's Viper\daboia-russelii-russells-viper-dr22pc.jpg,github_indian_snakes,Russell's Viper,venomous,,640,445,2467,True,train
e:\Coding_Notes\Faunari\data\raw\github_indian_snakes\Venomous\Russell's Viper\daboia-russelii-russells-viper-DR22PC_001.jpg,github_indian_snakes,Russell's Viper,venomous,,1300,953,2468,True,val
e:\Coding_Notes\Faunari\data\raw\github_indian_snakes\Venomous\Russell's Viper\daboia-russelii-russells-viper-dr26ah.jpg,github_indian_snakes,Russell's Viper,venomous,,640,445,2469,True,train
e:\Coding_Notes\Faunari\data\raw\github_indian_snakes\Venomous\Russell's Viper\daboia-russelii-russells-viper-dr26fj.jpg,github_indian_snakes,Russell's Viper,venomous,,640,445,2470,True,test
e:\Coding_Notes\Faunari\data\raw\github_indian_snakes\Venomous\Russell's Viper\daboia-russelii-russells-viper-these-juvenile-vipers-was-born-in-captivity-H9EPEA.jpg,github_indian_snakes,Russell's Viper,venomous,,1300,942,2471,True,train
e:\Coding_Notes\Faunari\data\raw\github_indian_snakes\Venomous\Russell's Viper\daboia-russelii-russells-viper-venomous-mudumalai-sanctuary-tamilnadu-h9er01.jpg,github_indian_snakes,Russell's Viper,venomous,,447,320,2472,False,train
e:\Coding_Notes\Faunari\data\raw\github_indian_snakes\Venomous\Russell's Viper\Daboia-russelii-siamensis-russells-viper-chain-viper-bulian1.jpg,github_indian_snakes,Russell's Viper,venomous,,400,300,2473,False,test
e:\Coding_Notes\Faunari\data\raw\github_indian_snakes\Venomous\Russell's Viper\daboia-siamensis-siamese-russells-viper-800x600.jpg,github_indian_snakes,Russell's Viper,venomous,,800,534,2474,True,train
e:\Coding_Notes\Faunari\data\raw\github_indian_snakes\Venomous\Russell's Viper\Daboia-siamensis-–-Eastern-Russell’s-Viper-Siamese-Russell’s-Viper-2.jpg,github_indian_snakes,Russell's Viper,venomous,,800,509,2475,True,train
e:\Coding_Notes\Faunari\data\raw\github_indian_snakes\Venomous\Russell's Viper\daboia-tom-charlton-2011.jpg,github_indian_snakes,Russell's Viper,venomous,,600,400,2476,True,train
e:\Coding_Notes\Faunari\data\raw\github_indian_snakes\Venomous\Russell's Viper\daboia1l.jpg,github_indian_snakes,Russell's Viper,venomous,,600,400,2477,True,val
e:\Coding_Notes\Faunari\data\raw\github_indian_snakes\Venomous\Russell's Viper\daboia2l.jpg,github_indian_snakes,Russell's Viper,venomous,,600,400,2478,True,val
e:\Coding_Notes\Faunari\data\raw\github_indian_snakes\Venomous\Russell's Viper\Daboia_head.jpg,github_indian_snakes,Russell's Viper,venomous,,240,180,2479,False,train
e:\Coding_Notes\Faunari\data\raw\github_indian_snakes\Venomous\Russell's Viper\Daboia_russelii_A_Chawla01.jpg,github_indian_snakes,Russell's Viper,venomous,,3072,2304,2480,True,train
e:\Coding_Notes\Faunari\data\raw\github_indian_snakes\Venomous\Russell's Viper\Daboia_Russelli_in_a_Sensing_moment.jpg,github_indian_snakes,Russell's Viper,venomous,,220,147,2481,False,train
e:\Coding_Notes\Faunari\data\raw\github_indian_snakes\Venomous\Russell's Viper\Daboia_russelli_ZhimingS.jpg,github_indian_snakes,Russell's Viper,venomous,,1024,683,2482,True,train
e:\Coding_Notes\Faunari\data\raw\github_indian_snakes\Venomous\Russell's Viper\Daboia_siamensis_WN_adult_D8D_5167e.jpg,github_indian_snakes,Russell's Viper,venomous,,2048,1306,2483,True,test
e:\Coding_Notes\Faunari\data\raw\github_indian_snakes\Venomous\Russell's Viper\depositphotos_6652287-stock-photo-snake-siamese-russell-viper-focus.jpg,github_indian_snakes,Russell's Viper,venomous,,1023,682,2484,True,train
e:\Coding_Notes\Faunari\data\raw\github_indian_snakes\Venomous\Russell's Viper\DSC00799.jpg,github_indian_snakes,Russell's Viper,venomous,,1024,685,2485,True,train
e:\Coding_Notes\Faunari\data\raw\github_indian_snakes\Venomous\Russell's Viper\DSC01378-L.jpg,github_indian_snakes,Russell's Viper,venomous,,800,600,2486,True,train
e:\Coding_Notes\Faunari\data\raw\github_indian_snakes\Venomous\Russell's Viper\dsc_0339.jpg,github_indian_snakes,Russell's Viper,venomous,,605,427,2487,True,train
e:\Coding_Notes\Faunari\data\raw\github_indian_snakes\Venomous\Russell's Viper\DSC_1797.preview.jpg,github_indian_snakes,Russell's Viper,venomous,,640,435,2488,True,val
e:\Coding_Notes\Faunari\data\raw\github_indian_snakes\Venomous\Russell's Viper\DSC_1996.JPG,github_indian_snakes,Russell's Viper,venomous,,1600,1071,2489,True,train
e:\Coding_Notes\Faunari\data\raw\github_indian_snakes\Venomous\Russell's Viper\DSC_2002.JPG,github_indian_snakes,Russell's Viper,venomous,,1600,1071,2490,True,train
e:\Coding_Notes\Faunari\data\raw\github_indian_snakes\Venomous\Russell's Viper\e9a25bbc56927a4a0e2faf09084c710d--data-in-india.jpg,github_indian_snakes,Russell's Viper,venomous,,525,400,2491,True,val
e:\Coding_Notes\Faunari\data\raw\github_indian_snakes\Venomous\Russell's Viper\Echis_carinatus2.jpg,github_indian_snakes,Russell's Viper,venomous,,200,164,2492,False,val
e:\Coding_Notes\Faunari\data\raw\github_indian_snakes\Venomous\Russell's Viper\fc6e1b08020db1b2c9c617930d5779db.jpg,github_indian_snakes,Russell's Viper,venomous,,960,602,2493,True,train
e:\Coding_Notes\Faunari\data\raw\github_indian_snakes\Venomous\Russell's Viper\File-Daboia_russelii_head_A_Chawla02.jpg,github_indian_snakes,Russell's Viper,venomous,,3072,2304,2494,True,train
e:\Coding_Notes\Faunari\data\raw\github_indian_snakes\Venomous\Russell's Viper\hans-brueur-russells-viper-in-taiwan.jpg,github_indian_snakes,Russell's Viper,venomous,,935,625,2495,True,test
e:\Coding_Notes\Faunari\data\raw\github_indian_snakes\Venomous\Russell's Viper\hans-russells-viper-head.jpg,github_indian_snakes,Russell's Viper,venomous,,640,427,2496,True,val
e:\Coding_Notes\Faunari\data\raw\github_indian_snakes\Venomous\Russell's Viper\hans-russells-viper-young.jpg,github_indian_snakes,Russell's Viper,venomous,,640,429,2497,True,train
e:\Coding_Notes\Faunari\data\raw\github_indian_snakes\Venomous\Russell's Viper\high-angle-view-of-a-russells-viper-vipera-russellii-india-b1j306.jpg,github_indian_snakes,Russell's Viper,venomous,,640,446,2498,True,val
e:\Coding_Notes\Faunari\data\raw\github_indian_snakes\Venomous\Russell's Viper\hqdefault.jpg,github_indian_snakes,Russell's Viper,venomous,,480,360,2499,True,test
e:\Coding_Notes\Faunari\data\raw\github_indian_snakes\Venomous\Russell's Viper\hqdefault_003.jpg,github_indian_snakes,Russell's Viper,venomous,,480,360,2500,True,train
e:\Coding_Notes\Faunari\data\raw\github_indian_snakes\Venomous\Russell's Viper\hqdefault_004.jpg,github_indian_snakes,Russell's Viper,venomous,,480,360,2501,True,train
e:\Coding_Notes\Faunari\data\raw\github_indian_snakes\Venomous\Russell's Viper\hqdefault_005.jpg,github_indian_snakes,Russell's Viper,venomous,,480,360,2502,True,train
e:\Coding_Notes\Faunari\data\raw\github_indian_snakes\Venomous\Russell's Viper\hqdefault_007.jpg,github_indian_snakes,Russell's Viper,venomous,,480,360,2503,True,train
e:\Coding_Notes\Faunari\data\raw\github_indian_snakes\Venomous\Russell's Viper\httpwww.indianaturewatch.net12.jpg,github_indian_snakes,Russell's Viper,venomous,,900,675,2504,True,train
e:\Coding_Notes\Faunari\data\raw\github_indian_snakes\Venomous\Russell's Viper\image-20151211-8314-1qqw4l0.JPG,github_indian_snakes,Russell's Viper,venomous,,754,503,2505,True,train
e:\Coding_Notes\Faunari\data\raw\github_indian_snakes\Venomous\Russell's Viper\image349.jpg,github_indian_snakes,Russell's Viper,venomous,,350,237,2506,False,hardcase
e:\Coding_Notes\Faunari\data\raw\github_indian_snakes\Venomous\Russell's Viper\IMG_1426-Edit.jpg,github_indian_snakes,Russell's Viper,venomous,,1600,1066,2507,True,train
e:\Coding_Notes\Faunari\data\raw\github_indian_snakes\Venomous\Russell's Viper\img_1663_large.jpg,github_indian_snakes,Russell's Viper,venomous,,1024,683,2508,True,test
e:\Coding_Notes\Faunari\data\raw\github_indian_snakes\Venomous\Russell's Viper\IMG_3809-2.jpg,github_indian_snakes,Russell's Viper,venomous,,4148,2778,2509,True,train
e:\Coding_Notes\Faunari\data\raw\github_indian_snakes\Venomous\Russell's Viper\IMG_3822-2.jpg,github_indian_snakes,Russell's Viper,venomous,,2764,1801,2510,True,train
e:\Coding_Notes\Faunari\data\raw\github_indian_snakes\Venomous\Russell's Viper\IMG_4386-2.jpg,github_indian_snakes,Russell's Viper,venomous,,3267,2265,2511,True,train
e:\Coding_Notes\Faunari\data\raw\github_indian_snakes\Venomous\Russell's Viper\IMG_4625-2.jpg,github_indian_snakes,Russell's Viper,venomous,,1471,1758,2512,True,train
e:\Coding_Notes\Faunari\data\raw\github_indian_snakes\Venomous\Russell's Viper\Indian-Russells-Viper.jpg,github_indian_snakes,Russell's Viper,venomous,,500,375,2513,True,train
e:\Coding_Notes\Faunari\data\raw\github_indian_snakes\Venomous\Russell's Viper\juvenile-russells-viper.jpg,github_indian_snakes,Russell's Viper,venomous,,312,229,2514,False,val
e:\Coding_Notes\Faunari\data\raw\github_indian_snakes\Venomous\Russell's Viper\maxresdefault.jpg,github_indian_snakes,Russell's Viper,venomous,,1280,720,2515,True,train
e:\Coding_Notes\Faunari\data\raw\github_indian_snakes\Venomous\Russell's Viper\maxresdefault_001.jpg,github_indian_snakes,Russell's Viper,venomous,,1920,1080,2516,True,test
e:\Coding_Notes\Faunari\data\raw\github_indian_snakes\Venomous\Russell's Viper\maxresdefault_002.jpg,github_indian_snakes,Russell's Viper,venomous,,1920,1080,2517,True,test
e:\Coding_Notes\Faunari\data\raw\github_indian_snakes\Venomous\Russell's Viper\maxresdefault_006.jpg,github_indian_snakes,Russell's Viper,venomous,,1280,720,2518,True,train
e:\Coding_Notes\Faunari\data\raw\github_indian_snakes\Venomous\Russell's Viper\maxresdefault_007.jpg,github_indian_snakes,Russell's Viper,venomous,,1280,720,2519,True,train
e:\Coding_Notes\Faunari\data\raw\github_indian_snakes\Venomous\Russell's Viper\mod_dsc047651.jpg,github_indian_snakes,Russell's Viper,venomous,,1304,1460,2520,True,train
e:\Coding_Notes\Faunari\data\raw\github_indian_snakes\Venomous\Russell's Viper\MUS-FAPC1114_850.jpg,github_indian_snakes,Russell's Viper,venomous,,681,850,2521,True,train
e:\Coding_Notes\Faunari\data\raw\github_indian_snakes\Venomous\Russell's Viper\nature.jpg,github_indian_snakes,Russell's Viper,venomous,,300,211,2522,False,train
e:\Coding_Notes\Faunari\data\raw\github_indian_snakes\Venomous\Russell's Viper\ni_2015_63_3_300_158155_f6.jpg,github_indian_snakes,Russell's Viper,venomous,,809,464,2523,True,train
e:\Coding_Notes\Faunari\data\raw\github_indian_snakes\Venomous\Russell's Viper\P1050513 - Copy copy.JPG,github_indian_snakes,Russell's Viper,venomous,,1600,1200,2524,True,test
e:\Coding_Notes\Faunari\data\raw\github_indian_snakes\Venomous\Russell's Viper\P1150235.JPG,github_indian_snakes,Russell's Viper,venomous,,1600,1200,2525,True,train
e:\Coding_Notes\Faunari\data\raw\github_indian_snakes\Venomous\Russell's Viper\P7180049 (Small).JPG,github_indian_snakes,Russell's Viper,venomous,,400,324,2526,False,train
e:\Coding_Notes\Faunari\data\raw\github_indian_snakes\Venomous\Russell's Viper\P7180061.jpg,github_indian_snakes,Russell's Viper,venomous,,200,361,2527,False,train
e:\Coding_Notes\Faunari\data\raw\github_indian_snakes\Venomous\Russell's Viper\Presentation1.jpg,github_indian_snakes,Russell's Viper,venomous,,960,720,2528,True,val
e:\Coding_Notes\Faunari\data\raw\github_indian_snakes\Venomous\Russell's Viper\RC1848W.jpg,github_indian_snakes,Russell's Viper,venomous,,730,324,2529,True,train
e:\Coding_Notes\Faunari\data\raw\github_indian_snakes\Venomous\Russell's Viper\RUSFULL_.JPG,github_indian_snakes,Russell's Viper,venomous,,1070,708,2530,True,val
e:\Coding_Notes\Faunari\data\raw\github_indian_snakes\Venomous\Russell's Viper\RUSHEAD1.JPG,github_indian_snakes,Russell's Viper,venomous,,1999,1296,2531,True,test
e:\Coding_Notes\Faunari\data\raw\github_indian_snakes\Venomous\Russell's Viper\Russel Viper 02.jpg,github_indian_snakes,Russell's Viper,venomous,,800,536,2532,True,train
e:\Coding_Notes\Faunari\data\raw\github_indian_snakes\Venomous\Russell's Viper\Russel Viper 03.JPG,github_indian_snakes,Russell's Viper,venomous,,1600,1088,2533,True,train
e:\Coding_Notes\Faunari\data\raw\github_indian_snakes\Venomous\Russell's Viper\Russel Viper 04.jpg,github_indian_snakes,Russell's Viper,venomous,,425,284,2534,False,train
e:\Coding_Notes\Faunari\data\raw\github_indian_snakes\Venomous\Russell's Viper\Russel-Viper-Snake.jpg,github_indian_snakes,Russell's Viper,venomous,,640,480,2535,True,val
e:\Coding_Notes\Faunari\data\raw\github_indian_snakes\Venomous\Russell's Viper\Russel-Viper.jpg,github_indian_snakes,Russell's Viper,venomous,,550,379,2536,True,train
e:\Coding_Notes\Faunari\data\raw\github_indian_snakes\Venomous\Russell's Viper\Russell's viper 3.jpg,github_indian_snakes,Russell's Viper,venomous,,976,628,2537,True,test
e:\Coding_Notes\Faunari\data\raw\github_indian_snakes\Venomous\Russell's Viper\russell's viper fangs.jpg,github_indian_snakes,Russell's Viper,venomous,,500,375,2538,True,train
e:\Coding_Notes\Faunari\data\raw\github_indian_snakes\Venomous\Russell's Viper\Russell's viper scales.jpg,github_indian_snakes,Russell's Viper,venomous,,640,444,2539,True,val
e:\Coding_Notes\Faunari\data\raw\github_indian_snakes\Venomous\Russell's Viper\Russell's_Viper.JPG,github_indian_snakes,Russell's Viper,venomous,,5184,3456,2540,True,val
e:\Coding_Notes\Faunari\data\raw\github_indian_snakes\Venomous\Russell's Viper\Russell's_Viper_(Daboia_russelli).JPG,github_indian_snakes,Russell's Viper,venomous,,3648,2736,2541,True,train
e:\Coding_Notes\Faunari\data\raw\github_indian_snakes\Venomous\Russell's Viper\Russell's_Viper_-_Transportation_Box.JPG,github_indian_snakes,Russell's Viper,venomous,,3456,2304,2542,True,val
e:\Coding_Notes\Faunari\data\raw\github_indian_snakes\Venomous\Russell's Viper\russell-s-viper-male.jpg,github_indian_snakes,Russell's Viper,venomous,,550,309,2543,True,train
e:\Coding_Notes\Faunari\data\raw\github_indian_snakes\Venomous\Russell's Viper\russell-s-viper-vipers-found-india-snakes-aggressive-if-disturbed-deliver-nasty-bite-snake-cause-more-47272234.jpg,github_indian_snakes,Russell's Viper,venomous,,1300,1065,2544,True,train
e:\Coding_Notes\Faunari\data\raw\github_indian_snakes\Venomous\Russell's Viper\russell-s-viper.jpg,github_indian_snakes,Russell's Viper,venomous,,728,425,2545,True,train
e:\Coding_Notes\Faunari\data\raw\github_indian_snakes\Venomous\Russell's Viper\Russell-Viper-at-Kabini.jpg,github_indian_snakes,Russell's Viper,venomous,,800,600,2546,True,train
e:\Coding_Notes\Faunari\data\raw\github_indian_snakes\Venomous\Russell's Viper\russell-viper-daboia-russelii-vipera-russelii-creeping-over-a-dust-EBNPG7.jpg,github_indian_snakes,Russell's Viper,venomous,,1300,956,2547,True,test
e:\Coding_Notes\Faunari\data\raw\github_indian_snakes\Venomous\Russell's Viper\russell-viper-daboia-russelii-vipera-russelii-creeping-over-a-dust-EBNPGA.jpg,github_indian_snakes,Russell's Viper,venomous,,1300,956,2548,True,train
e:\Coding_Notes\Faunari\data\raw\github_indian_snakes\Venomous\Russell's Viper\russell-viper-daboia-russelii-vipera-russelii-creeping-over-a-street-EBNPG5.jpg,github_indian_snakes,Russell's Viper,venomous,,1300,956,2549,True,train
e:\Coding_Notes\Faunari\data\raw\github_indian_snakes\Venomous\Russell's Viper\russell-viper-daboia-russelii-vipera-russelii-portrait-sri-lanka-yala-ebnpg9.jpg,github_indian_snakes,Russell's Viper,venomous,,347,540,2550,True,train
e:\Coding_Notes\Faunari\data\raw\github_indian_snakes\Venomous\Russell's Viper\Russell-Viper-Vipera-Russellii.jpg,github_indian_snakes,Russell's Viper,venomous,,500,344,2551,True,train
e:\Coding_Notes\Faunari\data\raw\github_indian_snakes\Venomous\Russell's Viper\russells viper.jpg,github_indian_snakes,Russell's Viper,venomous,,1024,689,2552,True,train
e:\Coding_Notes\Faunari\data\raw\github_indian_snakes\Venomous\Russell's Viper\RUSSELLS VIPER2.jpg,github_indian_snakes,Russell's Viper,venomous,,1024,677,2553,True,train
e:\Coding_Notes\Faunari\data\raw\github_indian_snakes\Venomous\Russell's Viper\Russells+viper++(MCBT+07)+copy.jpg,github_indian_snakes,Russell's Viper,venomous,,400,331,2554,True,val
e:\Coding_Notes\Faunari\data\raw\github_indian_snakes\Venomous\Russell's Viper\Russells-viper-01.jpg,github_indian_snakes,Russell's Viper,venomous,,488,389,2555,True,train
e:\Coding_Notes\Faunari\data\raw\github_indian_snakes\Venomous\Russell's Viper\Russells-viper-02.jpg,github_indian_snakes,Russell's Viper,venomous,,380,312,2556,False,train
e:\Coding_Notes\Faunari\data\raw\github_indian_snakes\Venomous\Russell's Viper\Russells-Viper-1-300x400.jpg,github_indian_snakes,Russell's Viper,venomous,,300,400,2557,False,train
e:\Coding_Notes\Faunari\data\raw\github_indian_snakes\Venomous\Russell's Viper\Russells-Viper-3-400x359.jpg,github_indian_snakes,Russell's Viper,venomous,,400,359,2558,False,train
e:\Coding_Notes\Faunari\data\raw\github_indian_snakes\Venomous\Russell's Viper\Russells-viper-camouflaged-against-ground.jpg,github_indian_snakes,Russell's Viper,venomous,,650,427,2559,True,train
e:\Coding_Notes\Faunari\data\raw\github_indian_snakes\Venomous\Russell's Viper\Russells-viper-coiled.jpg,github_indian_snakes,Russell's Viper,venomous,,367,520,2560,True,train
e:\Coding_Notes\Faunari\data\raw\github_indian_snakes\Venomous\Russell's Viper\russells-viper-coiled_orig.jpg,github_indian_snakes,Russell's Viper,venomous,,255,258,2561,False,train
e:\Coding_Notes\Faunari\data\raw\github_indian_snakes\Venomous\Russell's Viper\russells-viper-daboia-russelii-aarey-milk-colony-india-russells-viper-J21DGH.jpg,github_indian_snakes,Russell's Viper,venomous,,1300,956,2562,True,train
e:\Coding_Notes\Faunari\data\raw\github_indian_snakes\Venomous\Russell's Viper\russells-viper-daboia-russelii-bangalore-karnataka-monotypicgenus-hnwt08.jpg,github_indian_snakes,Russell's Viper,venomous,,450,320,2563,False,test
e:\Coding_Notes\Faunari\data\raw\github_indian_snakes\Venomous\Russell's Viper\russells-viper-daboia-russelii-bangalore-karnataka-monotypicgenus-HNWT38.jpg,github_indian_snakes,Russell's Viper,venomous,,1300,956,2564,True,test
e:\Coding_Notes\Faunari\data\raw\github_indian_snakes\Venomous\Russell's Viper\russells-viper-daboia-russelii-bangalore-karnataka-monotypicgenus-hnwt38_001.jpg,github_indian_snakes,Russell's Viper,venomous,,450,320,2565,False,train
e:\Coding_Notes\Faunari\data\raw\github_indian_snakes\Venomous\Russell's Viper\russells-viper-daboia-russelii-bangalore-karnataka-monotypicgenus-HNWT3J.jpg,github_indian_snakes,Russell's Viper,venomous,,1300,956,2566,True,train
e:\Coding_Notes\Faunari\data\raw\github_indian_snakes\Venomous\Russell's Viper\russells-viper-daboia-russelii-bangalore-karnataka-monotypicgenus-hnww88.jpg,github_indian_snakes,Russell's Viper,venomous,,450,320,2567,False,train
e:\Coding_Notes\Faunari\data\raw\github_indian_snakes\Venomous\Russell's Viper\russells-viper-daboia-russelii-bangalore-karnataka-monotypicgenus-HNWW8K.jpg,github_indian_snakes,Russell's Viper,venomous,,1300,956,2568,True,train
e:\Coding_Notes\Faunari\data\raw\github_indian_snakes\Venomous\Russell's Viper\russells-viper-daboia-russelii-common-aarey-milk-colony-mumbai-india-e45w18.jpg,github_indian_snakes,Russell's Viper,venomous,,640,447,2569,True,val
e:\Coding_Notes\Faunari\data\raw\github_indian_snakes\Venomous\Russell's Viper\russells-viper-daboia-russelii-siamensis-queen-saovabha-snake-farm-head.jpg,github_indian_snakes,Russell's Viper,venomous,,640,427,2570,True,train
e:\Coding_Notes\Faunari\data\raw\github_indian_snakes\Venomous\Russell's Viper\russells-viper-daboia-russelii-siamensis-queen-saovabha-snake-farm-up.jpg,github_indian_snakes,Russell's Viper,venomous,,640,428,2571,True,test
e:\Coding_Notes\Faunari\data\raw\github_indian_snakes\Venomous\Russell's Viper\russells-viper-daboia-russelii-sri-lanka-hnb7ah.jpg,github_indian_snakes,Russell's Viper,venomous,,640,447,2572,True,val
e:\Coding_Notes\Faunari\data\raw\github_indian_snakes\Venomous\Russell's Viper\russells-viper-daboia-russelii.jpg,github_indian_snakes,Russell's Viper,venomous,,600,390,2573,True,train
e:\Coding_Notes\Faunari\data\raw\github_indian_snakes\Venomous\Russell's Viper\russells-viper-daboia-russelli-ncbs-bangalore-india-FAJAD9.jpg,github_indian_snakes,Russell's Viper,venomous,,1300,956,2574,True,val
e:\Coding_Notes\Faunari\data\raw\github_indian_snakes\Venomous\Russell's Viper\russells-viper-daboia-russelli-ncbs-bangalore-india-fajada.jpg,github_indian_snakes,Russell's Viper,venomous,,640,447,2575,True,train
e:\Coding_Notes\Faunari\data\raw\github_indian_snakes\Venomous\Russell's Viper\russells-viper-daboia-russelli-ncbs-bangalore-india-fajadc.jpg,github_indian_snakes,Russell's Viper,venomous,,300,470,2576,True,train
e:\Coding_Notes\Faunari\data\raw\github_indian_snakes\Venomous\Russell's Viper\russells-viper-daboia-vipera-russellii-native-to-pakistan-india-A7YEWH.jpg,github_indian_snakes,Russell's Viper,venomous,,1300,941,2577,True,test
e:\Coding_Notes\Faunari\data\raw\github_indian_snakes\Venomous\Russell's Viper\Russells-viper-head-front-view.jpg,github_indian_snakes,Russell's Viper,venomous,,650,422,2578,True,train
e:\Coding_Notes\Faunari\data\raw\github_indian_snakes\Venomous\Russell's Viper\Russells-viper-head-inbetween-body.jpg,github_indian_snakes,Russell's Viper,venomous,,650,429,2579,True,test
e:\Coding_Notes\Faunari\data\raw\github_indian_snakes\Venomous\Russell's Viper\Russells-viper-head-side-view.jpg,github_indian_snakes,Russell's Viper,venomous,,650,418,2580,True,train
e:\Coding_Notes\Faunari\data\raw\github_indian_snakes\Venomous\Russell's Viper\Russells-viper-head.jpg,github_indian_snakes,Russell's Viper,venomous,,650,428,2581,True,val
e:\Coding_Notes\Faunari\data\raw\github_indian_snakes\Venomous\Russell's Viper\Russells-viper-head_001.jpg,github_indian_snakes,Russell's Viper,venomous,,170,147,2582,False,test
e:\Coding_Notes\Faunari\data\raw\github_indian_snakes\Venomous\Russell's Viper\Russells-viper-in-habitat.jpg,github_indian_snakes,Russell's Viper,venomous,,650,443,2583,True,val
e:\Coding_Notes\Faunari\data\raw\github_indian_snakes\Venomous\Russell's Viper\Russells-Viper-Kabini.jpg,github_indian_snakes,Russell's Viper,venomous,,800,600,2584,True,test
e:\Coding_Notes\Faunari\data\raw\github_indian_snakes\Venomous\Russell's Viper\russells-viper-large.jpg,github_indian_snakes,Russell's Viper,venomous,,490,432,2585,True,train
e:\Coding_Notes\Faunari\data\raw\github_indian_snakes\Venomous\Russell's Viper\Russells-viper-portrait.jpg,github_indian_snakes,Russell's Viper,venomous,,650,411,2586,True,test
e:\Coding_Notes\Faunari\data\raw\github_indian_snakes\Venomous\Russell's Viper\russells-viper-russells-viper-russell-viper-poisonous-snake-on-white-DH1NH9.jpg,github_indian_snakes,Russell's Viper,venomous,,1300,956,2587,True,train
e:\Coding_Notes\Faunari\data\raw\github_indian_snakes\Venomous\Russell's Viper\Russells-Viper-Snake.jpg,github_indian_snakes,Russell's Viper,venomous,,500,337,2588,True,train
e:\Coding_Notes\Faunari\data\raw\github_indian_snakes\Venomous\Russell's Viper\russells-viper-vipera-russellii-dewt5x.jpg,github_indian_snakes,Russell's Viper,venomous,,640,445,2589,True,train
e:\Coding_Notes\Faunari\data\raw\github_indian_snakes\Venomous\Russell's Viper\Russells-viper-with-tongue-extended.jpg,github_indian_snakes,Russell's Viper,venomous,,650,430,2590,True,train
e:\Coding_Notes\Faunari\data\raw\github_indian_snakes\Venomous\Russell's Viper\Russells-viper.jpg,github_indian_snakes,Russell's Viper,venomous,,650,436,2591,True,train
e:\Coding_Notes\Faunari\data\raw\github_indian_snakes\Venomous\Russell's Viper\Russells-Viper21.jpg,github_indian_snakes,Russell's Viper,venomous,,600,350,2592,True,train
e:\Coding_Notes\Faunari\data\raw\github_indian_snakes\Venomous\Russell's Viper\Russells-viper_001.jpg,github_indian_snakes,Russell's Viper,venomous,,650,430,2593,True,test
e:\Coding_Notes\Faunari\data\raw\github_indian_snakes\Venomous\Russell's Viper\russells-viper_002.jpg,github_indian_snakes,Russell's Viper,venomous,,400,266,2594,False,train
e:\Coding_Notes\Faunari\data\raw\github_indian_snakes\Venomous\Russell's Viper\Russells-viper_005.jpg,github_indian_snakes,Russell's Viper,venomous,,588,389,2595,True,train
e:\Coding_Notes\Faunari\data\raw\github_indian_snakes\Venomous\Russell's Viper\russells-viper_006.jpg,github_indian_snakes,Russell's Viper,venomous,,320,240,2596,False,hardcase
e:\Coding_Notes\Faunari\data\raw\github_indian_snakes\Venomous\Russell's Viper\Russells-Viper_007.jpg,github_indian_snakes,Russell's Viper,venomous,,650,488,2597,True,val
e:\Coding_Notes\Faunari\data\raw\github_indian_snakes\Venomous\Russell's Viper\russellsviper.jpg,github_indian_snakes,Russell's Viper,venomous,,432,284,2598,False,test
e:\Coding_Notes\Faunari\data\raw\github_indian_snakes\Venomous\Russell's Viper\russellsviperdefensive.jpg,github_indian_snakes,Russell's Viper,venomous,,432,290,2599,False,train
e:\Coding_Notes\Faunari\data\raw\github_indian_snakes\Venomous\Russell's Viper\russellsviper_001.jpg,github_indian_snakes,Russell's Viper,venomous,,640,448,2600,True,train
e:\Coding_Notes\Faunari\data\raw\github_indian_snakes\Venomous\Russell's Viper\russellsviper_002.jpg,github_indian_snakes,Russell's Viper,venomous,,620,465,2601,True,train
e:\Coding_Notes\Faunari\data\raw\github_indian_snakes\Venomous\Russell's Viper\russellsviper_003.jpg,github_indian_snakes,Russell's Viper,venomous,,1000,750,2602,True,test
e:\Coding_Notes\Faunari\data\raw\github_indian_snakes\Venomous\Russell's Viper\russellsviper_004.jpg,github_indian_snakes,Russell's Viper,venomous,,621,463,2603,True,train
e:\Coding_Notes\Faunari\data\raw\github_indian_snakes\Venomous\Russell's Viper\russellsviper_005.JPG,github_indian_snakes,Russell's Viper,venomous,,427,387,2604,True,train
e:\Coding_Notes\Faunari\data\raw\github_indian_snakes\Venomous\Russell's Viper\Russellsviper_006.jpg,github_indian_snakes,Russell's Viper,venomous,,400,300,2605,False,train
e:\Coding_Notes\Faunari\data\raw\github_indian_snakes\Venomous\Russell's Viper\russells_viper1l.jpg,github_indian_snakes,Russell's Viper,venomous,,600,400,2606,True,train
e:\Coding_Notes\Faunari\data\raw\github_indian_snakes\Venomous\Russell's Viper\russells_viper_001.jpg,github_indian_snakes,Russell's Viper,venomous,,600,449,2607,True,train
e:\Coding_Notes\Faunari\data\raw\github_indian_snakes\Venomous\Russell's Viper\russells_viper_dead_on_road4lr11_09.jpg,github_indian_snakes,Russell's Viper,venomous,,504,742,2608,True,train
e:\Coding_Notes\Faunari\data\raw\github_indian_snakes\Venomous\Russell's Viper\RUSSELL_VIPER.JPG,github_indian_snakes,Russell's Viper,venomous,,2592,1944,2609,True,test
e:\Coding_Notes\Faunari\data\raw\github_indian_snakes\Venomous\Russell's Viper\russels-viper-daboia-russelii-venomous-common-near-tamhini-maharashtra-by10dg.jpg,github_indian_snakes,Russell's Viper,venomous,,640,446,2610,True,val
e:\Coding_Notes\Faunari\data\raw\github_indian_snakes\Venomous\Russell's Viper\Russels-viper-Mike-Lyssarides-permissioned.jpg,github_indian_snakes,Russell's Viper,venomous,,800,451,2611,True,train
e:\Coding_Notes\Faunari\data\raw\github_indian_snakes\Venomous\Russell's Viper\Russels-viper-Mike-Lyssarides.jpg,github_indian_snakes,Russell's Viper,venomous,,600,463,2612,True,train
e:\Coding_Notes\Faunari\data\raw\github_indian_snakes\Venomous\Russell's Viper\russels-viper.jpg,github_indian_snakes,Russell's Viper,venomous,,600,450,2613,True,train
e:\Coding_Notes\Faunari\data\raw\github_indian_snakes\Venomous\Russell's Viper\russel_viper.jpg,github_indian_snakes,Russell's Viper,venomous,,900,600,2614,True,train
e:\Coding_Notes\Faunari\data\raw\github_indian_snakes\Venomous\Russell's Viper\RV1.jpg,github_indian_snakes,Russell's Viper,venomous,,1836,3264,2615,True,train
e:\Coding_Notes\Faunari\data\raw\github_indian_snakes\Venomous\Russell's Viper\rvv_snake.jpg,github_indian_snakes,Russell's Viper,venomous,,384,268,2616,False,train
e:\Coding_Notes\Faunari\data\raw\github_indian_snakes\Venomous\Russell's Viper\rw-146-RussellsViperorDaboya.png,github_indian_snakes,Russell's Viper,venomous,,498,367,2617,True,train
e:\Coding_Notes\Faunari\data\raw\github_indian_snakes\Venomous\Russell's Viper\siamese-russel-viper-1.jpg,github_indian_snakes,Russell's Viper,venomous,,720,471,2618,True,train
e:\Coding_Notes\Faunari\data\raw\github_indian_snakes\Venomous\Russell's Viper\siamese-russells-viper-daboia-siamensis-800x600.jpg,github_indian_snakes,Russell's Viper,venomous,,800,534,2619,True,train
e:\Coding_Notes\Faunari\data\raw\github_indian_snakes\Venomous\Russell's Viper\siamese-russells-viper-daboia-siamensis-800x600_001.jpg,github_indian_snakes,Russell's Viper,venomous,,800,534,2620,True,train
e:\Coding_Notes\Faunari\data\raw\github_indian_snakes\Venomous\Russell's Viper\siamese-russells-viper.jpg,github_indian_snakes,Russell's Viper,venomous,,3000,4000,2621,True,val
e:\Coding_Notes\Faunari\data\raw\github_indian_snakes\Venomous\Russell's Viper\sites_snake-antivenin.com_files_russell-viper-daboia-russelli-siamensis-antivenom-red-cross.jpg,github_indian_snakes,Russell's Viper,venomous,,373,215,2622,False,train
e:\Coding_Notes\Faunari\data\raw\github_indian_snakes\Venomous\Russell's Viper\snake-bit-mit-resize-1.jpg,github_indian_snakes,Russell's Viper,venomous,,1024,577,2623,True,train
e:\Coding_Notes\Faunari\data\raw\github_indian_snakes\Venomous\Russell's Viper\snake.jpg,github_indian_snakes,Russell's Viper,venomous,,250,188,2624,False,train
e:\Coding_Notes\Faunari\data\raw\github_indian_snakes\Venomous\Russell's Viper\SNP00553.jpg,github_indian_snakes,Russell's Viper,venomous,,300,225,2625,False,hardcase
e:\Coding_Notes\Faunari\data\raw\github_indian_snakes\Venomous\Russell's Viper\stock-photo-adult-russell-s-viper-daboia-russelii-tamil-nadu-south-india-144893629.jpg,github_indian_snakes,Russell's Viper,venomous,,1500,1098,2626,True,train
e:\Coding_Notes\Faunari\data\raw\github_indian_snakes\Venomous\Russell's Viper\stock-photo-adult-russell-s-viper-daboia-russelii-tamil-nadu-south-india-144893635.jpg,github_indian_snakes,Russell's Viper,venomous,,450,319,2627,True,test
e:\Coding_Notes\Faunari\data\raw\github_indian_snakes\Venomous\Russell's Viper\stock-photo-adult-russell-s-viper-daboia-russelii-tamil-nadu-south-india-144896374.jpg,github_indian_snakes,Russell's Viper,venomous,,450,319,2628,False,train
e:\Coding_Notes\Faunari\data\raw\github_indian_snakes\Venomous\Russell's Viper\stock-photo-eastern-russell-s-viper-107255687.jpg,github_indian_snakes,Russell's Viper,venomous,,450,320,2629,False,val
e:\Coding_Notes\Faunari\data\raw\github_indian_snakes\Venomous\Russell's Viper\stock-photo-siamese-russell-s-viper-daboia-russelii-siamensis-631710800.jpg,github_indian_snakes,Russell's Viper,venomous,,450,338,2630,False,test
e:\Coding_Notes\Faunari\data\raw\github_indian_snakes\Venomous\Russell's Viper\stock-photo-tirunelveli-tamil-nadu-india-february-indian-man-catches-a-russell-s-viper-on-february-144885574.jpg,github_indian_snakes,Russell's Viper,venomous,,299,470,2631,True,val
e:\Coding_Notes\Faunari\data\raw\github_indian_snakes\Venomous\Russell's Viper\the-russells-viper.jpg,github_indian_snakes,Russell's Viper,venomous,,310,310,2632,False,train
e:\Coding_Notes\Faunari\data\raw\github_indian_snakes\Venomous\Russell's Viper\toz19227l.jpg,github_indian_snakes,Russell's Viper,venomous,,1600,1201,2633,True,train
e:\Coding_Notes\Faunari\data\raw\github_indian_snakes\Venomous\Russell's Viper\toz19228l.jpg,github_indian_snakes,Russell's Viper,venomous,,1600,1200,2634,True,val
e:\Coding_Notes\Faunari\data\raw\github_indian_snakes\Venomous\Russell's Viper\tumblr_nee8a0sQm01rdag7yo1_500.jpg,github_indian_snakes,Russell's Viper,venomous,,500,332,2635,True,train
e:\Coding_Notes\Faunari\data\raw\github_indian_snakes\Venomous\Russell's Viper\Tushar_mone.jpg,github_indian_snakes,Russell's Viper,venomous,,220,148,2636,False,train
e:\Coding_Notes\Faunari\data\raw\github_indian_snakes\Venomous\Russell's Viper\Two_Headed_Russell_E2_80_99s_V.jpg,github_indian_snakes,Russell's Viper,venomous,,520,346,2637,True,val
e:\Coding_Notes\Faunari\data\raw\github_indian_snakes\Venomous\Russell's Viper\viper-for-jasmine_img_0518.jpg,github_indian_snakes,Russell's Viper,venomous,,1426,950,2638,True,train
e:\Coding_Notes\Faunari\data\raw\github_indian_snakes\Venomous\Russell's Viper\Viper1.jpg,github_indian_snakes,Russell's Viper,venomous,,578,305,2639,True,train
e:\Coding_Notes\Faunari\data\raw\github_indian_snakes\Venomous\Russell's Viper\viper_1901250f.jpg,github_indian_snakes,Russell's Viper,venomous,,636,593,2640,True,train
e:\Coding_Notes\Faunari\data\raw\github_indian_snakes\Venomous\Saw-scaled Viper\0191.jpeg,github_indian_snakes,Saw-scaled Viper,venomous,,550,367,2641,True,train
e:\Coding_Notes\Faunari\data\raw\github_indian_snakes\Venomous\Saw-scaled Viper\0194.jpeg,github_indian_snakes,Saw-scaled Viper,venomous,,768,512,2642,True,val
e:\Coding_Notes\Faunari\data\raw\github_indian_snakes\Venomous\Saw-scaled Viper\0240.jpeg,github_indian_snakes,Saw-scaled Viper,venomous,,500,304,2643,True,test
e:\Coding_Notes\Faunari\data\raw\github_indian_snakes\Venomous\Saw-scaled Viper\03000025421_01_f.jpg,github_indian_snakes,Saw-scaled Viper,venomous,,1024,683,2644,True,train
e:\Coding_Notes\Faunari\data\raw\github_indian_snakes\Venomous\Saw-scaled Viper\03000032484_01_f.jpg,github_indian_snakes,Saw-scaled Viper,venomous,,800,566,2645,True,val
e:\Coding_Notes\Faunari\data\raw\github_indian_snakes\Venomous\Saw-scaled Viper\0446.jpeg,github_indian_snakes,Saw-scaled Viper,venomous,,550,367,2646,True,train
e:\Coding_Notes\Faunari\data\raw\github_indian_snakes\Venomous\Saw-scaled Viper\0450.jpeg,github_indian_snakes,Saw-scaled Viper,venomous,,550,367,2647,True,train
e:\Coding_Notes\Faunari\data\raw\github_indian_snakes\Venomous\Saw-scaled Viper\06.jpg,github_indian_snakes,Saw-scaled Viper,venomous,,640,432,2648,True,val
e:\Coding_Notes\Faunari\data\raw\github_indian_snakes\Venomous\Saw-scaled Viper\0636.jpeg,github_indian_snakes,Saw-scaled Viper,venomous,,700,500,2649,True,train
e:\Coding_Notes\Faunari\data\raw\github_indian_snakes\Venomous\Saw-scaled Viper\0804.jpeg,github_indian_snakes,Saw-scaled Viper,venomous,,1024,537,2650,True,train
e:\Coding_Notes\Faunari\data\raw\github_indian_snakes\Venomous\Saw-scaled Viper\0820.jpeg,github_indian_snakes,Saw-scaled Viper,venomous,,850,567,2651,True,train
e:\Coding_Notes\Faunari\data\raw\github_indian_snakes\Venomous\Saw-scaled Viper\0977.jpeg,github_indian_snakes,Saw-scaled Viper,venomous,,432,288,2652,True,train
e:\Coding_Notes\Faunari\data\raw\github_indian_snakes\Venomous\Saw-scaled Viper\1-s2.0-S1080603207702168-gr1.jpg,github_indian_snakes,Saw-scaled Viper,venomous,,729,471,2653,True,test
e:\Coding_Notes\Faunari\data\raw\github_indian_snakes\Venomous\Saw-scaled Viper\1.jpg,github_indian_snakes,Saw-scaled Viper,venomous,,340,255,2654,False,train
e:\Coding_Notes\Faunari\data\raw\github_indian_snakes\Venomous\Saw-scaled Viper\1046.jpeg,github_indian_snakes,Saw-scaled Viper,venomous,,550,367,2655,True,train
e:\Coding_Notes\Faunari\data\raw\github_indian_snakes\Venomous\Saw-scaled Viper\1056.jpeg,github_indian_snakes,Saw-scaled Viper,venomous,,650,535,2656,True,test
e:\Coding_Notes\Faunari\data\raw\github_indian_snakes\Venomous\Saw-scaled Viper\114-viper.jpg,github_indian_snakes,Saw-scaled Viper,venomous,,854,480,2657,True,train
e:\Coding_Notes\Faunari\data\raw\github_indian_snakes\Venomous\Saw-scaled Viper\119.jpg,github_indian_snakes,Saw-scaled Viper,venomous,,960,640,2658,True,val
e:\Coding_Notes\Faunari\data\raw\github_indian_snakes\Venomous\Saw-scaled Viper\1209.jpeg,github_indian_snakes,Saw-scaled Viper,venomous,,850,567,2659,True,train
e:\Coding_Notes\Faunari\data\raw\github_indian_snakes\Venomous\Saw-scaled Viper\125625-004-9F0A5C13.jpg,github_indian_snakes,Saw-scaled Viper,venomous,,550,413,2660,True,train
e:\Coding_Notes\Faunari\data\raw\github_indian_snakes\Venomous\Saw-scaled Viper\12873_2012_Article_167_Fig1_HTML.jpg,github_indian_snakes,Saw-scaled Viper,venomous,,1200,716,2661,True,test
e:\Coding_Notes\Faunari\data\raw\github_indian_snakes\Venomous\Saw-scaled Viper\13-F-Keels--Scales-of-the-Saw-scaled-Viper.jpg,github_indian_snakes,Saw-scaled Viper,venomous,,1280,794,2662,True,train
e:\Coding_Notes\Faunari\data\raw\github_indian_snakes\Venomous\Saw-scaled Viper\1361.jpeg,github_indian_snakes,Saw-scaled Viper,venomous,,640,416,2663,True,test
e:\Coding_Notes\Faunari\data\raw\github_indian_snakes\Venomous\Saw-scaled Viper\143885070018.JPG,github_indian_snakes,Saw-scaled Viper,venomous,,600,400,2664,True,train
e:\Coding_Notes\Faunari\data\raw\github_indian_snakes\Venomous\Saw-scaled Viper\1440.jpeg,github_indian_snakes,Saw-scaled Viper,venomous,,690,433,2665,True,train
e:\Coding_Notes\Faunari\data\raw\github_indian_snakes\Venomous\Saw-scaled Viper\15155896108_9c22ac4833_b.jpg,github_indian_snakes,Saw-scaled Viper,venomous,,1024,591,2666,True,val
e:\Coding_Notes\Faunari\data\raw\github_indian_snakes\Venomous\Saw-scaled Viper\15330888-Closeup-of-pattern-on-saw-scaled-Viper-Echis-carinatus-Tamil-Nadu-South-India-Stock-Photo.jpg,github_indian_snakes,Saw-scaled Viper,venomous,,1300,864,2667,True,val
e:\Coding_Notes\Faunari\data\raw\github_indian_snakes\Venomous\Saw-scaled Viper\16666056390_e5f1682bd0.jpg,github_indian_snakes,Saw-scaled Viper,venomous,,500,375,2668,True,train
e:\Coding_Notes\Faunari\data\raw\github_indian_snakes\Venomous\Saw-scaled Viper\18955_340.jpg,github_indian_snakes,Saw-scaled Viper,venomous,,340,525,2669,True,val
e:\Coding_Notes\Faunari\data\raw\github_indian_snakes\Venomous\Saw-scaled Viper\21505046724_1c0739e33c.jpg,github_indian_snakes,Saw-scaled Viper,venomous,,500,333,2670,True,train
e:\Coding_Notes\Faunari\data\raw\github_indian_snakes\Venomous\Saw-scaled Viper\21506768173_3a57a2f595.jpg,github_indian_snakes,Saw-scaled Viper,venomous,,500,333,2671,True,train
e:\Coding_Notes\Faunari\data\raw\github_indian_snakes\Venomous\Saw-scaled Viper\21939708950_b237f909c0.jpg,github_indian_snakes,Saw-scaled Viper,venomous,,500,333,2672,True,val
e:\Coding_Notes\Faunari\data\raw\github_indian_snakes\Venomous\Saw-scaled Viper\22127891045_d34db643e0_b.jpg,github_indian_snakes,Saw-scaled Viper,venomous,,1024,683,2673,True,test
e:\Coding_Notes\Faunari\data\raw\github_indian_snakes\Venomous\Saw-scaled Viper\22513154937_229434a62c_b.jpg,github_indian_snakes,Saw-scaled Viper,venomous,,1024,644,2674,True,val
e:\Coding_Notes\Faunari\data\raw\github_indian_snakes\Venomous\Saw-scaled Viper\26437-004-9C6C0E46.jpg,github_indian_snakes,Saw-scaled Viper,venomous,,342,300,2675,False,train
e:\Coding_Notes\Faunari\data\raw\github_indian_snakes\Venomous\Saw-scaled Viper\300px-SSviper.jpg,github_indian_snakes,Saw-scaled Viper,venomous,,300,214,2676,False,hardcase
e:\Coding_Notes\Faunari\data\raw\github_indian_snakes\Venomous\Saw-scaled Viper\319A4819.preview.JPG,github_indian_snakes,Saw-scaled Viper,venomous,,640,427,2677,True,train
e:\Coding_Notes\Faunari\data\raw\github_indian_snakes\Venomous\Saw-scaled Viper\34446387315_b357fc4e8e_b.jpg,github_indian_snakes,Saw-scaled Viper,venomous,,1024,683,2678,True,train
e:\Coding_Notes\Faunari\data\raw\github_indian_snakes\Venomous\Saw-scaled Viper\4493565049_3d40dd0bc5_m.jpg,github_indian_snakes,Saw-scaled Viper,venomous,,240,159,2679,False,train
e:\Coding_Notes\Faunari\data\raw\github_indian_snakes\Venomous\Saw-scaled Viper\45066.jpg,github_indian_snakes,Saw-scaled Viper,venomous,,800,579,2680,True,train
e:\Coding_Notes\Faunari\data\raw\github_indian_snakes\Venomous\Saw-scaled Viper\506552827-egyptian-saw-scaled-viper-wriggling-gecko-chad.jpg,github_indian_snakes,Saw-scaled Viper,venomous,,480,270,2681,False,train
e:\Coding_Notes\Faunari\data\raw\github_indian_snakes\Venomous\Saw-scaled Viper\51286_580_360.jpg,github_indian_snakes,Saw-scaled Viper,venomous,,541,360,2682,True,val
e:\Coding_Notes\Faunari\data\raw\github_indian_snakes\Venomous\Saw-scaled Viper\5207091.jpg,github_indian_snakes,Saw-scaled Viper,venomous,,250,218,2446,False,val
e:\Coding_Notes\Faunari\data\raw\github_indian_snakes\Venomous\Saw-scaled Viper\5384077d7fe23.jpg,github_indian_snakes,Saw-scaled Viper,venomous,,439,207,2447,False,train
e:\Coding_Notes\Faunari\data\raw\github_indian_snakes\Venomous\Saw-scaled Viper\5384096c1c063.jpg,github_indian_snakes,Saw-scaled Viper,venomous,,361,299,2450,False,test
e:\Coding_Notes\Faunari\data\raw\github_indian_snakes\Venomous\Saw-scaled Viper\5609809850_f5041d8285_b.jpg,github_indian_snakes,Saw-scaled Viper,venomous,,938,589,2683,True,train
e:\Coding_Notes\Faunari\data\raw\github_indian_snakes\Venomous\Saw-scaled Viper\5739148026_6b28169cd9_b.jpg,github_indian_snakes,Saw-scaled Viper,venomous,,800,432,2684,True,train
e:\Coding_Notes\Faunari\data\raw\github_indian_snakes\Venomous\Saw-scaled Viper\5809673008_0a9bd78528_b.jpg,github_indian_snakes,Saw-scaled Viper,venomous,,800,532,2685,True,train
e:\Coding_Notes\Faunari\data\raw\github_indian_snakes\Venomous\Saw-scaled Viper\5817961486_6a8d0eed1d_b.jpg,github_indian_snakes,Saw-scaled Viper,venomous,,1024,735,2686,True,test
e:\Coding_Notes\Faunari\data\raw\github_indian_snakes\Venomous\Saw-scaled Viper\602197057-egyptian-saw-scaled-viper-lurking-worming-chad.jpg,github_indian_snakes,Saw-scaled Viper,venomous,,960,540,2687,True,train
e:\Coding_Notes\Faunari\data\raw\github_indian_snakes\Venomous\Saw-scaled Viper\619283807-egyptian-saw-scaled-viper-lurking-chad-sahara-das-versunkene-paradies.jpg,github_indian_snakes,Saw-scaled Viper,venomous,,960,540,2688,True,train
e:\Coding_Notes\Faunari\data\raw\github_indian_snakes\Venomous\Saw-scaled Viper\661453767-egyptian-saw-scaled-viper-lurking-worming-chad.jpg,github_indian_snakes,Saw-scaled Viper,venomous,,480,270,2689,False,train
e:\Coding_Notes\Faunari\data\raw\github_indian_snakes\Venomous\Saw-scaled Viper\6834742881_d6100bca97_b.jpg,github_indian_snakes,Saw-scaled Viper,venomous,,1024,617,2690,True,train
e:\Coding_Notes\Faunari\data\raw\github_indian_snakes\Venomous\Saw-scaled Viper\686451267-wall-gecko-egyptian-saw-scaled-viper-worming-chad.jpg,github_indian_snakes,Saw-scaled Viper,venomous,,960,540,2691,True,train
e:\Coding_Notes\Faunari\data\raw\github_indian_snakes\Venomous\Saw-scaled Viper\699780063-wall-gecko-egyptian-saw-scaled-viper-chad-sahara-das-versunkene-paradies.jpg,github_indian_snakes,Saw-scaled Viper,venomous,,960,540,2692,True,train
e:\Coding_Notes\Faunari\data\raw\github_indian_snakes\Venomous\Saw-scaled Viper\7529771256_a2c54cd53f_b.jpg,github_indian_snakes,Saw-scaled Viper,venomous,,1024,680,2693,True,test
e:\Coding_Notes\Faunari\data\raw\github_indian_snakes\Venomous\Saw-scaled Viper\755725196-egyptian-saw-scaled-viper-gecko-chad-sahara-das-versunkene-paradies.jpg,github_indian_snakes,Saw-scaled Viper,venomous,,960,540,2694,True,train
e:\Coding_Notes\Faunari\data\raw\github_indian_snakes\Venomous\Saw-scaled Viper\806797304-wall-gecko-egyptian-saw-scaled-viper-chad-sahara-das-versunkene-paradies.jpg,github_indian_snakes,Saw-scaled Viper,venomous,,960,540,2695,True,train
e:\Coding_Notes\Faunari\data\raw\github_indian_snakes\Venomous\Saw-scaled Viper\886949850-wall-gecko-egyptian-saw-scaled-viper-wriggling-chad.jpg,github_indian_snakes,Saw-scaled Viper,venomous,,960,540,2696,True,val
e:\Coding_Notes\Faunari\data\raw\github_indian_snakes\Venomous\Saw-scaled Viper\900-183593306-saw-scaled-viper.jpg,github_indian_snakes,Saw-scaled Viper,venomous,,900,602,2697,True,train
e:\Coding_Notes\Faunari\data\raw\github_indian_snakes\Venomous\Saw-scaled Viper\900-485595776-scaled-viper.jpg,github_indian_snakes,Saw-scaled Viper,venomous,,900,590,2698,True,test
e:\Coding_Notes\Faunari\data\raw\github_indian_snakes\Venomous\Saw-scaled Viper\900-500394021-viper-echis.jpg,github_indian_snakes,Saw-scaled Viper,venomous,,900,598,2699,True,train
e:\Coding_Notes\Faunari\data\raw\github_indian_snakes\Venomous\Saw-scaled Viper\90130058.jpg,github_indian_snakes,Saw-scaled Viper,venomous,,700,381,2700,True,train
e:\Coding_Notes\Faunari\data\raw\github_indian_snakes\Venomous\Saw-scaled Viper\African-Saw-Scaled-Viper-Echis+ocellatus.jpg,github_indian_snakes,Saw-scaled Viper,venomous,,320,206,2701,False,test
e:\Coding_Notes\Faunari\data\raw\github_indian_snakes\Venomous\Saw-scaled Viper\arabic-saw-scaled-viper-palestine-saw-scaled-viper-echis-coloratus-CNW8JE.jpg,github_indian_snakes,Saw-scaled Viper,venomous,,1300,955,2702,True,train
e:\Coding_Notes\Faunari\data\raw\github_indian_snakes\Venomous\Saw-scaled Viper\arabic-saw-scaled-viper-palestine-saw-scaled-viper-echis-coloratus-EBN3ET.jpg,github_indian_snakes,Saw-scaled Viper,venomous,,1300,937,2703,True,train
e:\Coding_Notes\Faunari\data\raw\github_indian_snakes\Venomous\Saw-scaled Viper\arabic-saw-scaled-viper-palestine-saw-scaled-viper-echis-coloratus-EBN3EW.jpg,github_indian_snakes,Saw-scaled Viper,venomous,,1300,943,2704,True,train
e:\Coding_Notes\Faunari\data\raw\github_indian_snakes\Venomous\Saw-scaled Viper\b447c6b7f0714cb8487330d3487a86c1--colorful-snakes-the-saw.jpg,github_indian_snakes,Saw-scaled Viper,venomous,,425,282,2705,False,test
e:\Coding_Notes\Faunari\data\raw\github_indian_snakes\Venomous\Saw-scaled Viper\bigfour-venomics-blog-7.jpg,github_indian_snakes,Saw-scaled Viper,venomous,,638,424,2706,True,train
e:\Coding_Notes\Faunari\data\raw\github_indian_snakes\Venomous\Saw-scaled Viper\ca58c07171fe7897f737fb00ac7ed33e.jpg,github_indian_snakes,Saw-scaled Viper,venomous,,500,306,2707,False,train
e:\Coding_Notes\Faunari\data\raw\github_indian_snakes\Venomous\Saw-scaled Viper\carpet_viper_2.jpg,github_indian_snakes,Saw-scaled Viper,venomous,,488,306,2708,False,val
e:\Coding_Notes\Faunari\data\raw\github_indian_snakes\Venomous\Saw-scaled Viper\ce2f4d7322c5e71302a9ce29bf3b74f5.jpg,github_indian_snakes,Saw-scaled Viper,venomous,,220,165,2709,False,test
e:\Coding_Notes\Faunari\data\raw\github_indian_snakes\Venomous\Saw-scaled Viper\Close-up-of-Palestine-saw-scaled-viper.jpg,github_indian_snakes,Saw-scaled Viper,venomous,,650,430,2710,True,train
e:\Coding_Notes\Faunari\data\raw\github_indian_snakes\Venomous\Saw-scaled Viper\coiled-sind-saw-scaled-viper.jpg,github_indian_snakes,Saw-scaled Viper,venomous,,200,145,2711,False,train
e:\Coding_Notes\Faunari\data\raw\github_indian_snakes\Venomous\Saw-scaled Viper\CY025J-1.jpg,github_indian_snakes,Saw-scaled Viper,venomous,,2048,1360,2712,True,train
e:\Coding_Notes\Faunari\data\raw\github_indian_snakes\Venomous\Saw-scaled Viper\deadliest-world-Echis_carinatus.jpg,github_indian_snakes,Saw-scaled Viper,venomous,,640,480,2713,True,test
e:\Coding_Notes\Faunari\data\raw\github_indian_snakes\Venomous\Saw-scaled Viper\Deinagkistrodon-acutus-coiled-up.jpg,github_indian_snakes,Saw-scaled Viper,venomous,,650,435,2714,True,train
e:\Coding_Notes\Faunari\data\raw\github_indian_snakes\Venomous\Saw-scaled Viper\Desktop14 copy.jpg,github_indian_snakes,Saw-scaled Viper,venomous,,640,360,2715,True,train
e:\Coding_Notes\Faunari\data\raw\github_indian_snakes\Venomous\Saw-scaled Viper\DSC00767.jpg,github_indian_snakes,Saw-scaled Viper,venomous,,1024,685,2716,True,train
e:\Coding_Notes\Faunari\data\raw\github_indian_snakes\Venomous\Saw-scaled Viper\dsc_5371_720.jpg,github_indian_snakes,Saw-scaled Viper,venomous,,720,480,2717,True,val
e:\Coding_Notes\Faunari\data\raw\github_indian_snakes\Venomous\Saw-scaled Viper\eade0eaff607199224e4384a528cd8cc--viper-snakes.jpg,github_indian_snakes,Saw-scaled Viper,venomous,,236,168,2718,False,train
e:\Coding_Notes\Faunari\data\raw\github_indian_snakes\Venomous\Saw-scaled Viper\Echis carinatus sinhaleyus_001.jpg,github_indian_snakes,Saw-scaled Viper,venomous,,500,324,2719,True,train
e:\Coding_Notes\Faunari\data\raw\github_indian_snakes\Venomous\Saw-scaled Viper\echis-carinata-saw-scaled-viper-non-venomous-photographed-in-pune-h9erx8_001.jpg,github_indian_snakes,Saw-scaled Viper,venomous,,640,451,2720,True,train
e:\Coding_Notes\Faunari\data\raw\github_indian_snakes\Venomous\Saw-scaled Viper\Echis-carinatus-03000022332_01.jpg,github_indian_snakes,Saw-scaled Viper,venomous,,560,373,2721,True,train
e:\Coding_Notes\Faunari\data\raw\github_indian_snakes\Venomous\Saw-scaled Viper\Echis-carinatus-03000025920_01.jpg,github_indian_snakes,Saw-scaled Viper,venomous,,560,373,2722,True,train
e:\Coding_Notes\Faunari\data\raw\github_indian_snakes\Venomous\Saw-scaled Viper\Echis-carinatus-03000032248_01.jpg,github_indian_snakes,Saw-scaled Viper,venomous,,560,478,2723,True,train
e:\Coding_Notes\Faunari\data\raw\github_indian_snakes\Venomous\Saw-scaled Viper\Echis-carinatus-03000032251_01.jpg,github_indian_snakes,Saw-scaled Viper,venomous,,560,376,2724,True,train
e:\Coding_Notes\Faunari\data\raw\github_indian_snakes\Venomous\Saw-scaled Viper\echis-carinatus-saw-scaled-viper-commonly-called-venomous-species-found-parts-middle-east-central-64401743.jpg,github_indian_snakes,Saw-scaled Viper,venomous,,1300,951,2725,True,test
e:\Coding_Notes\Faunari\data\raw\github_indian_snakes\Venomous\Saw-scaled Viper\echis-carinatus-saw-scaled-viper-commonly-called-venomous-species-found-parts-middle-east-central-64402010.jpg,github_indian_snakes,Saw-scaled Viper,venomous,,1300,951,2726,True,test
e:\Coding_Notes\Faunari\data\raw\github_indian_snakes\Venomous\Saw-scaled Viper\echis-carinatus-saw-scaled-viper-commonly-called-venomous-species-found-parts-middle-east-central-64402010_001.jpg,github_indian_snakes,Saw-scaled Viper,venomous,,242,160,2727,False,val
e:\Coding_Notes\Faunari\data\raw\github_indian_snakes\Venomous\Saw-scaled Viper\echis-coloratus-painted-saw-scaled-viper-BN1NXB.jpg,github_indian_snakes,Saw-scaled Viper,venomous,,1300,953,2728,True,test
e:\Coding_Notes\Faunari\data\raw\github_indian_snakes\Venomous\Saw-scaled Viper\echis-coloratus-saw-scaled-viper-bcpdaa.jpg,github_indian_snakes,Saw-scaled Viper,venomous,,450,320,2729,False,test
e:\Coding_Notes\Faunari\data\raw\github_indian_snakes\Venomous\Saw-scaled Viper\echis-coloratus-saw-scaled-viper-bddyte.jpg,github_indian_snakes,Saw-scaled Viper,venomous,,450,319,2730,False,train
e:\Coding_Notes\Faunari\data\raw\github_indian_snakes\Venomous\Saw-scaled Viper\echis-coloratus.jpg,github_indian_snakes,Saw-scaled Viper,venomous,,537,414,2731,True,val
e:\Coding_Notes\Faunari\data\raw\github_indian_snakes\Venomous\Saw-scaled Viper\Echis_carinatus(Saw_Scaled_Viper)_Phansad.jpg,github_indian_snakes,Saw-scaled Viper,venomous,,2922,1908,2732,True,train
e:\Coding_Notes\Faunari\data\raw\github_indian_snakes\Venomous\Saw-scaled Viper\Echis_carinatus5.jpg,github_indian_snakes,Saw-scaled Viper,venomous,,200,134,2733,False,train
e:\Coding_Notes\Faunari\data\raw\github_indian_snakes\Venomous\Saw-scaled Viper\Echis_carinatus_Genève_24102014_3-1024x681.jpg,github_indian_snakes,Saw-scaled Viper,venomous,,1024,681,2734,True,train
e:\Coding_Notes\Faunari\data\raw\github_indian_snakes\Venomous\Saw-scaled Viper\Echis_carinatus_head_sal.jpg,github_indian_snakes,Saw-scaled Viper,venomous,,640,402,2735,True,train
e:\Coding_Notes\Faunari\data\raw\github_indian_snakes\Venomous\Saw-scaled Viper\Echis_carinatus_sm.jpg,github_indian_snakes,Saw-scaled Viper,venomous,,876,605,2736,True,train
e:\Coding_Notes\Faunari\data\raw\github_indian_snakes\Venomous\Saw-scaled Viper\Echis_coloratus-2.jpg,github_indian_snakes,Saw-scaled Viper,venomous,,900,600,2737,True,train
e:\Coding_Notes\Faunari\data\raw\github_indian_snakes\Venomous\Saw-scaled Viper\Echis_coloratus.jpg,github_indian_snakes,Saw-scaled Viper,venomous,,900,600,2738,True,val
"e:\Coding_Notes\Faunari\data\raw\github_indian_snakes\Venomous\Saw-scaled Viper\flat,1000x1000,075,f.u4.jpg",github_indian_snakes,Saw-scaled Viper,venomous,,1000,594,2739,True,train
e:\Coding_Notes\Faunari\data\raw\github_indian_snakes\Venomous\Saw-scaled Viper\Head-of-Sind-saw-scaled-viper.jpg,github_indian_snakes,Saw-scaled Viper,venomous,,650,435,2740,True,train
e:\Coding_Notes\Faunari\data\raw\github_indian_snakes\Venomous\Saw-scaled Viper\hqdefault.jpg,github_indian_snakes,Saw-scaled Viper,venomous,,480,360,2741,True,test
e:\Coding_Notes\Faunari\data\raw\github_indian_snakes\Venomous\Saw-scaled Viper\hqdefault_003.jpg,github_indian_snakes,Saw-scaled Viper,venomous,,480,360,2742,True,train
e:\Coding_Notes\Faunari\data\raw\github_indian_snakes\Venomous\Saw-scaled Viper\hqdefault_004.jpg,github_indian_snakes,Saw-scaled Viper,venomous,,480,360,2743,True,train
e:\Coding_Notes\Faunari\data\raw\github_indian_snakes\Venomous\Saw-scaled Viper\hqdefault_007.jpg,github_indian_snakes,Saw-scaled Viper,venomous,,480,360,2744,True,test
e:\Coding_Notes\Faunari\data\raw\github_indian_snakes\Venomous\Saw-scaled Viper\hqdefault_008.jpg,github_indian_snakes,Saw-scaled Viper,venomous,,480,360,2745,True,train
e:\Coding_Notes\Faunari\data\raw\github_indian_snakes\Venomous\Saw-scaled Viper\hqdefault_009.jpg,github_indian_snakes,Saw-scaled Viper,venomous,,480,360,2746,True,train
e:\Coding_Notes\Faunari\data\raw\github_indian_snakes\Venomous\Saw-scaled Viper\ht_saw_scaled_viper_heart_attack_treatment_lpl_130221_wmain.jpg,github_indian_snakes,Saw-scaled Viper,venomous,,640,360,2747,True,val
e:\Coding_Notes\Faunari\data\raw\github_indian_snakes\Venomous\Saw-scaled Viper\image354.jpg,github_indian_snakes,Saw-scaled Viper,venomous,,350,237,2748,False,train
e:\Coding_Notes\Faunari\data\raw\github_indian_snakes\Venomous\Saw-scaled Viper\img_2505.jpg,github_indian_snakes,Saw-scaled Viper,venomous,,2431,1824,2749,True,train
e:\Coding_Notes\Faunari\data\raw\github_indian_snakes\Venomous\Saw-scaled Viper\IMG_3806-2.jpg,github_indian_snakes,Saw-scaled Viper,venomous,,4170,2777,2750,True,train
e:\Coding_Notes\Faunari\data\raw\github_indian_snakes\Venomous\Saw-scaled Viper\IMG_3808-2.jpg,github_indian_snakes,Saw-scaled Viper,venomous,,1834,1293,2751,True,train
e:\Coding_Notes\Faunari\data\raw\github_indian_snakes\Venomous\Saw-scaled Viper\IMG_4386-2.jpg,github_indian_snakes,Saw-scaled Viper,venomous,,3267,2265,2511,False,train
e:\Coding_Notes\Faunari\data\raw\github_indian_snakes\Venomous\Saw-scaled Viper\IMG_4588.jpg,github_indian_snakes,Saw-scaled Viper,venomous,,3456,2304,2752,True,train
e:\Coding_Notes\Faunari\data\raw\github_indian_snakes\Venomous\Saw-scaled Viper\indian-saw-scaled-viper-echis-carinatus-hpwf67.jpg,github_indian_snakes,Saw-scaled Viper,venomous,,640,447,2753,True,test
e:\Coding_Notes\Faunari\data\raw\github_indian_snakes\Venomous\Saw-scaled Viper\indian-saw-scaled-viper-echis-carinatus-HPWF67_001.jpg,github_indian_snakes,Saw-scaled Viper,venomous,,1300,956,2754,True,train
e:\Coding_Notes\Faunari\data\raw\github_indian_snakes\Venomous\Saw-scaled Viper\indian-saw-scaled-viper-echis-carinatus-HPWF6H.jpg,github_indian_snakes,Saw-scaled Viper,venomous,,1300,956,2755,True,train
e:\Coding_Notes\Faunari\data\raw\github_indian_snakes\Venomous\Saw-scaled Viper\large.jpg,github_indian_snakes,Saw-scaled Viper,venomous,,350,260,2756,False,test
e:\Coding_Notes\Faunari\data\raw\github_indian_snakes\Venomous\Saw-scaled Viper\maxresdefault_001.jpg,github_indian_snakes,Saw-scaled Viper,venomous,,1920,1080,2757,True,train
e:\Coding_Notes\Faunari\data\raw\github_indian_snakes\Venomous\Saw-scaled Viper\maxresdefault_002.jpg,github_indian_snakes,Saw-scaled Viper,venomous,,1946,1461,2758,True,train
e:\Coding_Notes\Faunari\data\raw\github_indian_snakes\Venomous\Saw-scaled Viper\maxresdefault_003.jpg,github_indian_snakes,Saw-scaled Viper,venomous,,1500,947,2759,True,train
e:\Coding_Notes\Faunari\data\raw\github_indian_snakes\Venomous\Saw-scaled Viper\maxresdefault_006.jpg,github_indian_snakes,Saw-scaled Viper,venomous,,1920,1080,2760,True,val
e:\Coding_Notes\Faunari\data\raw\github_indian_snakes\Venomous\Saw-scaled Viper\maxresdefault_007.jpg,github_indian_snakes,Saw-scaled Viper,venomous,,1280,720,2761,True,train
e:\Coding_Notes\Faunari\data\raw\github_indian_snakes\Venomous\Saw-scaled Viper\maxresdefault_008.jpg,github_indian_snakes,Saw-scaled Viper,venomous,,1280,720,2762,True,train
e:\Coding_Notes\Faunari\data\raw\github_indian_snakes\Venomous\Saw-scaled Viper\maxresdefault_009.jpg,github_indian_snakes,Saw-scaled Viper,venomous,,1280,720,2763,True,train
e:\Coding_Notes\Faunari\data\raw\github_indian_snakes\Venomous\Saw-scaled Viper\Oman-saw-scaled-viper-flicking-tongue.jpg,github_indian_snakes,Saw-scaled Viper,venomous,,650,435,2764,True,train
e:\Coding_Notes\Faunari\data\raw\github_indian_snakes\Venomous\Saw-scaled Viper\Oman-saw-scaled-viper.jpg,github_indian_snakes,Saw-scaled Viper,venomous,,650,435,2765,True,train
e:\Coding_Notes\Faunari\data\raw\github_indian_snakes\Venomous\Saw-scaled Viper\Saw Scaled Viper Echis_carinatus.jpg,github_indian_snakes,Saw-scaled Viper,venomous,,610,402,2766,True,train
e:\Coding_Notes\Faunari\data\raw\github_indian_snakes\Venomous\Saw-scaled Viper\saw scaled viper.gif,github_indian_snakes,Saw-scaled Viper,venomous,,440,423,2767,True,train
e:\Coding_Notes\Faunari\data\raw\github_indian_snakes\Venomous\Saw-scaled Viper\Saw Scaled Viper.jpg,github_indian_snakes,Saw-scaled Viper,venomous,,400,272,2768,False,val
e:\Coding_Notes\Faunari\data\raw\github_indian_snakes\Venomous\Saw-scaled Viper\saw-scale-viper-h.jpg,github_indian_snakes,Saw-scaled Viper,venomous,,520,358,2769,True,train
e:\Coding_Notes\Faunari\data\raw\github_indian_snakes\Venomous\Saw-scaled Viper\saw-scale-viper.jpg,github_indian_snakes,Saw-scaled Viper,venomous,,240,126,2770,False,val
e:\Coding_Notes\Faunari\data\raw\github_indian_snakes\Venomous\Saw-scaled Viper\saw-scaled VIPER.jpg,github_indian_snakes,Saw-scaled Viper,venomous,,549,800,2771,True,train
e:\Coding_Notes\Faunari\data\raw\github_indian_snakes\Venomous\Saw-scaled Viper\Saw-scaled Viper_002.jpg,github_indian_snakes,Saw-scaled Viper,venomous,,2592,1944,2772,True,train
e:\Coding_Notes\Faunari\data\raw\github_indian_snakes\Venomous\Saw-scaled Viper\saw-scaled-pit-viper-16799779.jpg,github_indian_snakes,Saw-scaled Viper,venomous,,400,300,2773,False,test
e:\Coding_Notes\Faunari\data\raw\github_indian_snakes\Venomous\Saw-scaled Viper\saw-scaled-pit-viper-16799779_001.jpg,github_indian_snakes,Saw-scaled Viper,venomous,,1300,1065,2774,True,train
e:\Coding_Notes\Faunari\data\raw\github_indian_snakes\Venomous\Saw-scaled Viper\saw-scaled-viper--echis-carinatus.jpg,github_indian_snakes,Saw-scaled Viper,venomous,,571,372,2775,True,val
e:\Coding_Notes\Faunari\data\raw\github_indian_snakes\Venomous\Saw-scaled Viper\Saw-scaled-Viper-02 copy-S.jpg,github_indian_snakes,Saw-scaled Viper,venomous,,400,267,2776,False,train
e:\Coding_Notes\Faunari\data\raw\github_indian_snakes\Venomous\Saw-scaled Viper\Saw-scaled-Viper-03 copy-X2.jpg,github_indian_snakes,Saw-scaled Viper,venomous,,1280,854,2777,True,train
e:\Coding_Notes\Faunari\data\raw\github_indian_snakes\Venomous\Saw-scaled Viper\Saw-Scaled-Viper-1 copy-X2.jpg,github_indian_snakes,Saw-scaled Viper,venomous,,1280,853,2778,True,val
e:\Coding_Notes\Faunari\data\raw\github_indian_snakes\Venomous\Saw-scaled Viper\SAW-SCALED-VIPER-5.jpg,github_indian_snakes,Saw-scaled Viper,venomous,,800,540,2779,True,train
e:\Coding_Notes\Faunari\data\raw\github_indian_snakes\Venomous\Saw-scaled Viper\Saw-Scaled-Viper-Bhavya-Joshi-Flickr.jpg,github_indian_snakes,Saw-scaled Viper,venomous,,704,414,2780,True,train
e:\Coding_Notes\Faunari\data\raw\github_indian_snakes\Venomous\Saw-scaled Viper\saw-scaled-viper-echis-carinatus-common-wilderness-goa-E461GP.jpg,github_indian_snakes,Saw-scaled Viper,venomous,,1300,956,2781,True,train
e:\Coding_Notes\Faunari\data\raw\github_indian_snakes\Venomous\Saw-scaled Viper\saw-scaled-viper-echis-carinatus-echis-carinatus-is-a-venomous-viper-ax095m.jpg,github_indian_snakes,Saw-scaled Viper,venomous,,640,448,2782,True,train
e:\Coding_Notes\Faunari\data\raw\github_indian_snakes\Venomous\Saw-scaled Viper\saw-scaled-viper-echis-carinatus-in-creek-tamil-nadu-south-india-EPD0HY.jpg,github_indian_snakes,Saw-scaled Viper,venomous,,1300,952,2783,True,train
e:\Coding_Notes\Faunari\data\raw\github_indian_snakes\Venomous\Saw-scaled Viper\saw-scaled-viper-echis-carinatus-specimen-from-maharashtra-india-H9ET2H.jpg,github_indian_snakes,Saw-scaled Viper,venomous,,1300,946,2784,True,train
e:\Coding_Notes\Faunari\data\raw\github_indian_snakes\Venomous\Saw-scaled Viper\saw-scaled-viper-echis-carinatus-venomous-common-C690MR.jpg,github_indian_snakes,Saw-scaled Viper,venomous,,1300,956,2785,True,train
e:\Coding_Notes\Faunari\data\raw\github_indian_snakes\Venomous\Saw-scaled Viper\saw-scaled-viper-echis-carinatus-venomous-H9ERFT.jpg,github_indian_snakes,Saw-scaled Viper,venomous,,1300,956,2786,True,train
e:\Coding_Notes\Faunari\data\raw\github_indian_snakes\Venomous\Saw-scaled Viper\saw-scaled-viper-echis-omanensis-38054928.jpg,github_indian_snakes,Saw-scaled Viper,venomous,,1300,953,2787,True,train
e:\Coding_Notes\Faunari\data\raw\github_indian_snakes\Venomous\Saw-scaled Viper\saw-scaled-viper-face-1400-AT-10-980x735.jpg,github_indian_snakes,Saw-scaled Viper,venomous,,980,735,2788,True,train
e:\Coding_Notes\Faunari\data\raw\github_indian_snakes\Venomous\Saw-scaled Viper\saw-scaled-viper-in-habitat-b5gwpw.jpg,github_indian_snakes,Saw-scaled Viper,venomous,,450,320,2789,False,val
e:\Coding_Notes\Faunari\data\raw\github_indian_snakes\Venomous\Saw-scaled Viper\saw-scaled-viper-in-habitat-b5gwtf.jpg,github_indian_snakes,Saw-scaled Viper,venomous,,640,447,2790,True,test
e:\Coding_Notes\Faunari\data\raw\github_indian_snakes\Venomous\Saw-scaled Viper\saw-scaled-viper-in-habitat-B5GWTF_001.jpg,github_indian_snakes,Saw-scaled Viper,venomous,,1300,956,2791,True,train
e:\Coding_Notes\Faunari\data\raw\github_indian_snakes\Venomous\Saw-scaled Viper\saw-scaled-viper-in-habitat-b5h4en.jpg,github_indian_snakes,Saw-scaled Viper,venomous,,640,447,2792,True,train
e:\Coding_Notes\Faunari\data\raw\github_indian_snakes\Venomous\Saw-scaled Viper\saw-scaled-viper-in-habitat-b5h4fd.jpg,github_indian_snakes,Saw-scaled Viper,venomous,,347,540,2793,True,val
e:\Coding_Notes\Faunari\data\raw\github_indian_snakes\Venomous\Saw-scaled Viper\saw-scaled-viper-in-habitat-b5h4gj.jpg,github_indian_snakes,Saw-scaled Viper,venomous,,640,447,2794,True,train
e:\Coding_Notes\Faunari\data\raw\github_indian_snakes\Venomous\Saw-scaled Viper\saw-scaled-viper-in-habitat-fact8x.jpg,github_indian_snakes,Saw-scaled Viper,venomous,,640,447,2795,True,train
e:\Coding_Notes\Faunari\data\raw\github_indian_snakes\Venomous\Saw-scaled Viper\saw-scaled-viper-saw-scaled-adder-echis-carinatus-one-of-the-most-ebn5em.jpg,github_indian_snakes,Saw-scaled Viper,venomous,,450,316,2796,False,val
e:\Coding_Notes\Faunari\data\raw\github_indian_snakes\Venomous\Saw-scaled Viper\Saw-Scaled-Viper.jpg,github_indian_snakes,Saw-scaled Viper,venomous,,447,336,2797,False,test
e:\Coding_Notes\Faunari\data\raw\github_indian_snakes\Venomous\Saw-scaled Viper\Saw-Scaled-viper1.jpg,github_indian_snakes,Saw-scaled Viper,venomous,,600,350,2798,True,val
e:\Coding_Notes\Faunari\data\raw\github_indian_snakes\Venomous\Saw-scaled Viper\saw-scaled-vipers-echis-carinatus-waiting-to-be-milked-for-their-venom-BBTTHP.jpg,github_indian_snakes,Saw-scaled Viper,venomous,,881,1390,2799,True,train
e:\Coding_Notes\Faunari\data\raw\github_indian_snakes\Venomous\Saw-scaled Viper\Saw-scaled-viper_003.jpg,github_indian_snakes,Saw-scaled Viper,venomous,,300,292,2800,False,test
e:\Coding_Notes\Faunari\data\raw\github_indian_snakes\Venomous\Saw-scaled Viper\Saw-scaled-viper_004.jpg,github_indian_snakes,Saw-scaled Viper,venomous,,588,392,2801,True,test
e:\Coding_Notes\Faunari\data\raw\github_indian_snakes\Venomous\Saw-scaled Viper\Saw-scaled-viper_005.jpg,github_indian_snakes,Saw-scaled Viper,venomous,,650,506,2802,True,train
e:\Coding_Notes\Faunari\data\raw\github_indian_snakes\Venomous\Saw-scaled Viper\saw-scaled-viper_006.jpg,github_indian_snakes,Saw-scaled Viper,venomous,,580,329,2803,True,train
e:\Coding_Notes\Faunari\data\raw\github_indian_snakes\Venomous\Saw-scaled Viper\saw-scaled-viper_007.jpg,github_indian_snakes,Saw-scaled Viper,venomous,,495,347,2804,True,test
e:\Coding_Notes\Faunari\data\raw\github_indian_snakes\Venomous\Saw-scaled Viper\Saw-Scaled-Viper_008.jpg,github_indian_snakes,Saw-scaled Viper,venomous,,425,284,2534,False,train
e:\Coding_Notes\Faunari\data\raw\github_indian_snakes\Venomous\Saw-scaled Viper\Saw-Scaled-Viper_009.jpg,github_indian_snakes,Saw-scaled Viper,venomous,,644,426,2805,True,val
e:\Coding_Notes\Faunari\data\raw\github_indian_snakes\Venomous\Saw-scaled Viper\Saw-Scaled-Viper_010.jpg,github_indian_snakes,Saw-scaled Viper,venomous,,335,223,2806,False,hardcase
e:\Coding_Notes\Faunari\data\raw\github_indian_snakes\Venomous\Saw-scaled Viper\Saw-scaled-Viper_011.jpg,github_indian_snakes,Saw-scaled Viper,venomous,,1000,725,2807,True,train
e:\Coding_Notes\Faunari\data\raw\github_indian_snakes\Venomous\Saw-scaled Viper\Saw-Scaled-Viper_012.jpg,github_indian_snakes,Saw-scaled Viper,venomous,,757,386,2808,True,test
e:\Coding_Notes\Faunari\data\raw\github_indian_snakes\Venomous\Saw-scaled Viper\saw-scaled-viper_013.jpg,github_indian_snakes,Saw-scaled Viper,venomous,,1077,735,2809,True,train
e:\Coding_Notes\Faunari\data\raw\github_indian_snakes\Venomous\Saw-scaled Viper\Saw-Scaled-Viper_014.jpg,github_indian_snakes,Saw-scaled Viper,venomous,,400,350,2810,False,train
e:\Coding_Notes\Faunari\data\raw\github_indian_snakes\Venomous\Saw-scaled Viper\saw-scaled-viper_015.jpg,github_indian_snakes,Saw-scaled Viper,venomous,,600,450,2811,True,val
e:\Coding_Notes\Faunari\data\raw\github_indian_snakes\Venomous\Saw-scaled Viper\saw-scaled-viper_65_448060a.jpg,github_indian_snakes,Saw-scaled Viper,venomous,,650,400,2812,True,train
e:\Coding_Notes\Faunari\data\raw\github_indian_snakes\Venomous\Saw-scaled Viper\Saw-scaledViper.jpg,github_indian_snakes,Saw-scaled Viper,venomous,,341,322,2813,False,train
e:\Coding_Notes\Faunari\data\raw\github_indian_snakes\Venomous\Saw-scaled Viper\Saw-scaled_Viper_(Echis_carinatus)_Photographed_By_Shantanu_Kuveskar.jpg,github_indian_snakes,Saw-scaled Viper,venomous,,800,600,2814,True,train
e:\Coding_Notes\Faunari\data\raw\github_indian_snakes\Venomous\Saw-scaled Viper\Saw-scaled_viper_Echis_carinatus_by_Krishna_Khan_Amravati.jpg,github_indian_snakes,Saw-scaled Viper,venomous,,720,480,2815,True,train
e:\Coding_Notes\Faunari\data\raw\github_indian_snakes\Venomous\Saw-scaled Viper\Saw-scaled_viper_egg.JPG,github_indian_snakes,Saw-scaled Viper,venomous,,3648,2736,2816,True,train
e:\Coding_Notes\Faunari\data\raw\github_indian_snakes\Venomous\Saw-scaled Viper\saw.jpg,github_indian_snakes,Saw-scaled Viper,venomous,,345,238,2817,False,train
e:\Coding_Notes\Faunari\data\raw\github_indian_snakes\Venomous\Saw-scaled Viper\SAWSCALE.JPG,github_indian_snakes,Saw-scaled Viper,venomous,,646,390,2818,True,train
e:\Coding_Notes\Faunari\data\raw\github_indian_snakes\Venomous\Saw-scaled Viper\sawscale1.jpg,github_indian_snakes,Saw-scaled Viper,venomous,,840,686,2819,True,train
e:\Coding_Notes\Faunari\data\raw\github_indian_snakes\Venomous\Saw-scaled Viper\sawscale2.jpg,github_indian_snakes,Saw-scaled Viper,venomous,,1280,874,2820,True,train
e:\Coding_Notes\Faunari\data\raw\github_indian_snakes\Venomous\Saw-scaled Viper\sawscale3.jpg,github_indian_snakes,Saw-scaled Viper,venomous,,1078,719,2821,True,train
e:\Coding_Notes\Faunari\data\raw\github_indian_snakes\Venomous\Saw-scaled Viper\sawscale4.jpg,github_indian_snakes,Saw-scaled Viper,venomous,,935,623,2822,True,train
e:\Coding_Notes\Faunari\data\raw\github_indian_snakes\Venomous\Saw-scaled Viper\sawscaled-viper.jpg,github_indian_snakes,Saw-scaled Viper,venomous,,600,458,2823,True,train
e:\Coding_Notes\Faunari\data\raw\github_indian_snakes\Venomous\Saw-scaled Viper\sawscaled.jpg,github_indian_snakes,Saw-scaled Viper,venomous,,700,474,2824,True,test
e:\Coding_Notes\Faunari\data\raw\github_indian_snakes\Venomous\Saw-scaled Viper\SawScaledBG.jpg,github_indian_snakes,Saw-scaled Viper,venomous,,6000,4000,2825,True,train
e:\Coding_Notes\Faunari\data\raw\github_indian_snakes\Venomous\Saw-scaled Viper\SawScaledViper.jpg,github_indian_snakes,Saw-scaled Viper,venomous,,640,437,2826,True,train
e:\Coding_Notes\Faunari\data\raw\github_indian_snakes\Venomous\Saw-scaled Viper\SawScaledViper_001.jpg,github_indian_snakes,Saw-scaled Viper,venomous,,640,480,2827,True,train
e:\Coding_Notes\Faunari\data\raw\github_indian_snakes\Venomous\Saw-scaled Viper\sawscaledviper_002.jpg,github_indian_snakes,Saw-scaled Viper,venomous,,435,277,2828,False,train
e:\Coding_Notes\Faunari\data\raw\github_indian_snakes\Venomous\Saw-scaled Viper\sawscaled_001.jpg,github_indian_snakes,Saw-scaled Viper,venomous,,374,258,2829,True,train
e:\Coding_Notes\Faunari\data\raw\github_indian_snakes\Venomous\Saw-scaled Viper\SawScaleViper.jpg,github_indian_snakes,Saw-scaled Viper,venomous,,700,517,2830,True,train
e:\Coding_Notes\Faunari\data\raw\github_indian_snakes\Venomous\Saw-scaled Viper\sawscale_001.jpg,github_indian_snakes,Saw-scaled Viper,venomous,,624,416,2831,True,train
e:\Coding_Notes\Faunari\data\raw\github_indian_snakes\Venomous\Saw-scaled Viper\saw_scaled_kid_with_biggie.jpg,github_indian_snakes,Saw-scaled Viper,venomous,,2048,978,2832,True,train
e:\Coding_Notes\Faunari\data\raw\github_indian_snakes\Venomous\Saw-scaled Viper\Saw_scaled_viper.jpg,github_indian_snakes,Saw-scaled Viper,venomous,,320,220,2833,False,val
e:\Coding_Notes\Faunari\data\raw\github_indian_snakes\Venomous\Saw-scaled Viper\Saw_scaled_viper_001.jpg,github_indian_snakes,Saw-scaled Viper,venomous,,4036,2327,2834,True,train
e:\Coding_Notes\Faunari\data\raw\github_indian_snakes\Venomous\Saw-scaled Viper\Saw_scaled_viper_2.jpg,github_indian_snakes,Saw-scaled Viper,venomous,,256,200,2835,False,train
e:\Coding_Notes\Faunari\data\raw\github_indian_snakes\Venomous\Saw-scaled Viper\Sind-saw-scaled-viper-coiled.jpg,github_indian_snakes,Saw-scaled Viper,venomous,,650,488,2836,True,test
e:\Coding_Notes\Faunari\data\raw\github_indian_snakes\Venomous\Saw-scaled Viper\sind-saw-scaled-viper-echis-carinatus-sharjah-uae-ewyhe0.jpg,github_indian_snakes,Saw-scaled Viper,venomous,,424,320,2837,False,train
e:\Coding_Notes\Faunari\data\raw\github_indian_snakes\Venomous\Saw-scaled Viper\Sind-saw-scaled-viper-in-habitat.jpg,github_indian_snakes,Saw-scaled Viper,venomous,,650,433,2838,True,train
e:\Coding_Notes\Faunari\data\raw\github_indian_snakes\Venomous\Saw-scaled Viper\Sind-saw-scaled-viper-in-habitat_001.jpg,github_indian_snakes,Saw-scaled Viper,venomous,,650,433,2839,True,train
e:\Coding_Notes\Faunari\data\raw\github_indian_snakes\Venomous\Saw-scaled Viper\Sind-saw-scaled-viper-in-habitat_002.jpg,github_indian_snakes,Saw-scaled Viper,venomous,,348,520,2840,True,train
e:\Coding_Notes\Faunari\data\raw\github_indian_snakes\Venomous\Saw-scaled Viper\Sind-saw-scaled-viper-on-sand.jpg,github_indian_snakes,Saw-scaled Viper,venomous,,650,435,2841,True,test
e:\Coding_Notes\Faunari\data\raw\github_indian_snakes\Venomous\Saw-scaled Viper\Sind-saw-scaled-viper.jpg,github_indian_snakes,Saw-scaled Viper,venomous,,650,443,2842,True,train
e:\Coding_Notes\Faunari\data\raw\github_indian_snakes\Venomous\Saw-scaled Viper\Sind-saw-scaled-viper_001.jpg,github_indian_snakes,Saw-scaled Viper,venomous,,650,363,2843,True,train
e:\Coding_Notes\Faunari\data\raw\github_indian_snakes\Venomous\Saw-scaled Viper\SindSawscaledViper-55724.jpg,github_indian_snakes,Saw-scaled Viper,venomous,,510,340,2844,True,val
e:\Coding_Notes\Faunari\data\raw\github_indian_snakes\Venomous\Saw-scaled Viper\SindSawscaledViper-55727.jpg,github_indian_snakes,Saw-scaled Viper,venomous,,510,340,2845,True,train
e:\Coding_Notes\Faunari\data\raw\github_indian_snakes\Venomous\Saw-scaled Viper\SindSawscaledViper-55734.jpg,github_indian_snakes,Saw-scaled Viper,venomous,,510,340,2846,True,val
e:\Coding_Notes\Faunari\data\raw\github_indian_snakes\Venomous\Saw-scaled Viper\SindSawscaledViper-55737.jpg,github_indian_snakes,Saw-scaled Viper,venomous,,510,340,2847,True,train
e:\Coding_Notes\Faunari\data\raw\github_indian_snakes\Venomous\Saw-scaled Viper\SindSawscaledViper-55742.jpg,github_indian_snakes,Saw-scaled Viper,venomous,,510,340,2848,True,val
e:\Coding_Notes\Faunari\data\raw\github_indian_snakes\Venomous\Saw-scaled Viper\sn01.jpg,github_indian_snakes,Saw-scaled Viper,venomous,,249,190,2849,False,train
e:\Coding_Notes\Faunari\data\raw\github_indian_snakes\Venomous\Saw-scaled Viper\snake-bite-viper-saw.jpg,github_indian_snakes,Saw-scaled Viper,venomous,,640,441,2850,True,train
e:\Coding_Notes\Faunari\data\raw\github_indian_snakes\Venomous\Saw-scaled Viper\Snakebite-DNase-saw-scaled-viper-31cd25oj9az8gi7dpey1vk.jpg,github_indian_snakes,Saw-scaled Viper,venomous,,1024,606,2851,True,val
e:\Coding_Notes\Faunari\data\raw\github_indian_snakes\Venomous\Saw-scaled Viper\SNP00571.jpg,github_indian_snakes,Saw-scaled Viper,venomous,,300,162,2852,False,train
e:\Coding_Notes\Faunari\data\raw\github_indian_snakes\Venomous\Saw-scaled Viper\SNP00572.jpg,github_indian_snakes,Saw-scaled Viper,venomous,,300,225,2853,False,train
e:\Coding_Notes\Faunari\data\raw\github_indian_snakes\Venomous\Saw-scaled Viper\SNP00591.jpg,github_indian_snakes,Saw-scaled Viper,venomous,,300,193,2854,False,val
e:\Coding_Notes\Faunari\data\raw\github_indian_snakes\Venomous\Saw-scaled Viper\SNP00595.jpg,github_indian_snakes,Saw-scaled Viper,venomous,,300,225,2855,False,train
e:\Coding_Notes\Faunari\data\raw\github_indian_snakes\Venomous\Saw-scaled Viper\sochureks-saw-scaled-viper-eastern-saw-scaled-viper-stemmlers-saw-h8tpep.jpg,github_indian_snakes,Saw-scaled Viper,venomous,,640,447,2856,True,train
e:\Coding_Notes\Faunari\data\raw\github_indian_snakes\Venomous\Saw-scaled Viper\stock-photo-a-wild-oman-saw-scaled-viper-echis-omanensis-a-wild-saw-scaled-viper-from-the-rocky-277837664.jpg,github_indian_snakes,Saw-scaled Viper,venomous,,450,322,2857,False,train
e:\Coding_Notes\Faunari\data\raw\github_indian_snakes\Venomous\Saw-scaled Viper\stock-photo-saw-scaled-viper-644115148.jpg,github_indian_snakes,Saw-scaled Viper,venomous,,450,333,2858,False,test
e:\Coding_Notes\Faunari\data\raw\github_indian_snakes\Venomous\Saw-scaled Viper\stock-photo-saw-scaled-viper-snake-603493748.jpg,github_indian_snakes,Saw-scaled Viper,venomous,,450,319,2859,False,train
e:\Coding_Notes\Faunari\data\raw\github_indian_snakes\Venomous\Saw-scaled Viper\stock-photo-sindh-saw-scaled-viper-560241703.jpg,github_indian_snakes,Saw-scaled Viper,venomous,,1500,1101,2860,True,train
e:\Coding_Notes\Faunari\data\raw\github_indian_snakes\Venomous\Saw-scaled Viper\stock-photo-sindh-saw-scaled-viper-560241724.jpg,github_indian_snakes,Saw-scaled Viper,venomous,,450,320,2861,True,train
e:\Coding_Notes\Faunari\data\raw\github_indian_snakes\Venomous\Saw-scaled Viper\stock-photo-sindh-saw-scaled-viper-560241733.jpg,github_indian_snakes,Saw-scaled Viper,venomous,,450,320,2862,False,train
e:\Coding_Notes\Faunari\data\raw\github_indian_snakes\Venomous\Saw-scaled Viper\tarentola2b.jpg,github_indian_snakes,Saw-scaled Viper,venomous,,600,399,2863,True,train
e:\Coding_Notes\Faunari\data\raw\github_indian_snakes\Venomous\Saw-scaled Viper\toz04066l.jpg,github_indian_snakes,Saw-scaled Viper,venomous,,1600,1200,2864,True,val
e:\Coding_Notes\Faunari\data\raw\github_indian_snakes\Venomous\Saw-scaled Viper\toz21624l.jpg,github_indian_snakes,Saw-scaled Viper,venomous,,1600,1200,2865,True,train
e:\Coding_Notes\Faunari\data\raw\github_indian_snakes\Venomous\Saw-scaled Viper\viper7l.JPG,github_indian_snakes,Saw-scaled Viper,venomous,,600,399,2866,True,test
e:\Coding_Notes\Faunari\data\raw\github_indian_snakes\Venomous\Saw-scaled Viper\viper8l.JPG,github_indian_snakes,Saw-scaled Viper,venomous,,600,399,2867,True,train
e:\Coding_Notes\Faunari\data\raw\github_indian_snakes\Venomous\Saw-scaled Viper\west-african-carpet-viper-echis-ocellatus-west-africa-also-known-as-CEHX79.jpg,github_indian_snakes,Saw-scaled Viper,venomous,,1300,940,2868,True,train
e:\Coding_Notes\Faunari\data\raw\github_indian_snakes\Venomous\Saw-scaled Viper\young-saw-scaled-viper-echis-carinatus-tamil-nadu-south-india-epd0j4.jpg,github_indian_snakes,Saw-scaled Viper,venomous,,640,445,2869,True,val
e:\Coding_Notes\Faunari\data\raw\github_indian_snakes\Venomous\Saw-scaled Viper\z_mag-p-23-Sawing.jpg,github_indian_snakes,Saw-scaled Viper,venomous,,409,252,2870,True,train
e:\Coding_Notes\Faunari\data\raw\github_indian_snakes\Venomous\Saw-scaled Viper\_62580566__45828483_saw_scaled_viper_spl.jpg,github_indian_snakes,Saw-scaled Viper,venomous,,720,405,2871,True,val
e:\Coding_Notes\Faunari\data\raw\github_indian_snakes\Venomous\Saw-scaled Viper\_afe8d134-4e76-11e6-8d8d-a42edc5c5383.jpg,github_indian_snakes,Saw-scaled Viper,venomous,,640,327,2872,True,train
e:\Coding_Notes\Faunari\data\raw\github_indian_snakes\Venomous\Saw-scaled Viper\_D096710.jpg,github_indian_snakes,Saw-scaled Viper,venomous,,800,533,2873,True,train
e:\Coding_Notes\Faunari\data\raw\github_indian_snakes\Venomous\Saw-scaled Viper\_DSC0260.jpg,github_indian_snakes,Saw-scaled Viper,venomous,,1600,992,2874,True,train
e:\Coding_Notes\Faunari\data\raw\github_indian_snakes\Venomous\Saw-scaled Viper\_DSC0273g.jpg,github_indian_snakes,Saw-scaled Viper,venomous,,1600,988,2875,True,train
e:\Coding_Notes\Faunari\data\raw\github_indian_snakes\Venomous\Spectacled Cobra\00409260.jpg,github_indian_snakes,Spectacled Cobra,venomous,,700,459,2876,True,val
e:\Coding_Notes\Faunari\data\raw\github_indian_snakes\Venomous\Spectacled Cobra\0224.jpeg,github_indian_snakes,Spectacled Cobra,venomous,,1024,768,2877,True,train
e:\Coding_Notes\Faunari\data\raw\github_indian_snakes\Venomous\Spectacled Cobra\025c68f55a8efc9290a8435db743bbf3--the-big-four-the-ojays.jpg,github_indian_snakes,Spectacled Cobra,venomous,,720,540,2878,True,train
e:\Coding_Notes\Faunari\data\raw\github_indian_snakes\Venomous\Spectacled Cobra\03 Spectacled Cobra 1.JPG,github_indian_snakes,Spectacled Cobra,venomous,,800,600,2879,True,train
e:\Coding_Notes\Faunari\data\raw\github_indian_snakes\Venomous\Spectacled Cobra\0442c0e88fb9b22c0d608a9b25577469--naja-cobra.jpg,github_indian_snakes,Spectacled Cobra,venomous,,236,188,2880,False,train
e:\Coding_Notes\Faunari\data\raw\github_indian_snakes\Venomous\Spectacled Cobra\0_7a209fcba04a5c21f4181e692723c0ca.jpg,github_indian_snakes,Spectacled Cobra,venomous,,320,531,2881,True,train
e:\Coding_Notes\Faunari\data\raw\github_indian_snakes\Venomous\Spectacled Cobra\10412951893_9762368a13_b.jpg,github_indian_snakes,Spectacled Cobra,venomous,,780,1024,2882,True,train
e:\Coding_Notes\Faunari\data\raw\github_indian_snakes\Venomous\Spectacled Cobra\1078.jpeg,github_indian_snakes,Spectacled Cobra,venomous,,550,346,2883,True,train
e:\Coding_Notes\Faunari\data\raw\github_indian_snakes\Venomous\Spectacled Cobra\1107.jpeg,github_indian_snakes,Spectacled Cobra,venomous,,730,570,2884,True,train
e:\Coding_Notes\Faunari\data\raw\github_indian_snakes\Venomous\Spectacled Cobra\12.SNAKECONFLICT2008SLIDE-1.jpg,github_indian_snakes,Spectacled Cobra,venomous,,450,338,2885,False,train
e:\Coding_Notes\Faunari\data\raw\github_indian_snakes\Venomous\Spectacled Cobra\1438852852IMG_4008.JPG,github_indian_snakes,Spectacled Cobra,venomous,,600,337,2886,True,train
e:\Coding_Notes\Faunari\data\raw\github_indian_snakes\Venomous\Spectacled Cobra\1438852854main-2.JPG,github_indian_snakes,Spectacled Cobra,venomous,,600,400,2887,True,train
e:\Coding_Notes\Faunari\data\raw\github_indian_snakes\Venomous\Spectacled Cobra\1438852857sub head shot-2.jpg,github_indian_snakes,Spectacled Cobra,venomous,,600,1024,2888,True,train
e:\Coding_Notes\Faunari\data\raw\github_indian_snakes\Venomous\Spectacled Cobra\150811-004-F71D4E4A.jpg,github_indian_snakes,Spectacled Cobra,venomous,,345,450,2889,False,val
e:\Coding_Notes\Faunari\data\raw\github_indian_snakes\Venomous\Spectacled Cobra\150px-Naja.jpg,github_indian_snakes,Spectacled Cobra,venomous,,150,210,2890,False,test
e:\Coding_Notes\Faunari\data\raw\github_indian_snakes\Venomous\Spectacled Cobra\16.JPG,github_indian_snakes,Spectacled Cobra,venomous,,1600,1069,2891,True,train
e:\Coding_Notes\Faunari\data\raw\github_indian_snakes\Venomous\Spectacled Cobra\160110 100lop.jpg,github_indian_snakes,Spectacled Cobra,venomous,,480,550,2892,True,val
e:\Coding_Notes\Faunari\data\raw\github_indian_snakes\Venomous\Spectacled Cobra\2171770524_a444df4f7d.jpg,github_indian_snakes,Spectacled Cobra,venomous,,356,500,2893,True,train
e:\Coding_Notes\Faunari\data\raw\github_indian_snakes\Venomous\Spectacled Cobra\2180514e186a040692de298c7be66e95.jpg,github_indian_snakes,Spectacled Cobra,venomous,,236,328,2894,False,train
e:\Coding_Notes\Faunari\data\raw\github_indian_snakes\Venomous\Spectacled Cobra\220px-Naja_naja_(Indian_cobra).jpg,github_indian_snakes,Spectacled Cobra,venomous,,220,157,2895,False,train
e:\Coding_Notes\Faunari\data\raw\github_indian_snakes\Venomous\Spectacled Cobra\220px-Spectacled_cobra.JPG,github_indian_snakes,Spectacled Cobra,venomous,,220,287,2896,False,val
e:\Coding_Notes\Faunari\data\raw\github_indian_snakes\Venomous\Spectacled Cobra\2373029895_601e5c5ee6.jpg,github_indian_snakes,Spectacled Cobra,venomous,,423,317,2897,False,val
e:\Coding_Notes\Faunari\data\raw\github_indian_snakes\Venomous\Spectacled Cobra\245ae98383301ad48771fc3b60394c68.jpg,github_indian_snakes,Spectacled Cobra,venomous,,600,432,2898,True,train
e:\Coding_Notes\Faunari\data\raw\github_indian_snakes\Venomous\Spectacled Cobra\26512735140_786a135518_b.jpg,github_indian_snakes,Spectacled Cobra,venomous,,767,1024,2899,True,train
e:\Coding_Notes\Faunari\data\raw\github_indian_snakes\Venomous\Spectacled Cobra\2822295694_40311c360a.jpg,github_indian_snakes,Spectacled Cobra,venomous,,500,333,2900,True,train
e:\Coding_Notes\Faunari\data\raw\github_indian_snakes\Venomous\Spectacled Cobra\3121466143_73cc964a89_b.jpg,github_indian_snakes,Spectacled Cobra,venomous,,843,1024,2901,True,test
e:\Coding_Notes\Faunari\data\raw\github_indian_snakes\Venomous\Spectacled Cobra\3258134501_359df8ffd2.jpg,github_indian_snakes,Spectacled Cobra,venomous,,482,500,2902,True,train
e:\Coding_Notes\Faunari\data\raw\github_indian_snakes\Venomous\Spectacled Cobra\3914435829_61a77296ef_b.jpg,github_indian_snakes,Spectacled Cobra,venomous,,1024,723,2903,True,train
e:\Coding_Notes\Faunari\data\raw\github_indian_snakes\Venomous\Spectacled Cobra\426b89d75ff053790e7ec2abe117f78c--cobra-snake-poisonous-snakes.jpg,github_indian_snakes,Spectacled Cobra,venomous,,236,257,2904,False,val
e:\Coding_Notes\Faunari\data\raw\github_indian_snakes\Venomous\Spectacled Cobra\4cb43071ca703cf4778dd7473d3dfab8.jpg,github_indian_snakes,Spectacled Cobra,venomous,,3456,2592,2905,True,test
e:\Coding_Notes\Faunari\data\raw\github_indian_snakes\Venomous\Spectacled Cobra\501001_8697602067eba4ehhlpe07.jpg,github_indian_snakes,Spectacled Cobra,venomous,,1260,1215,2906,True,train
e:\Coding_Notes\Faunari\data\raw\github_indian_snakes\Venomous\Spectacled Cobra\501121_298677f067eba4fv1mjc07.jpg,github_indian_snakes,Spectacled Cobra,venomous,,1304,661,2907,True,val
e:\Coding_Notes\Faunari\data\raw\github_indian_snakes\Venomous\Spectacled Cobra\5166803825_d79cf8246e_b.jpg,github_indian_snakes,Spectacled Cobra,venomous,,1024,680,2908,True,train
e:\Coding_Notes\Faunari\data\raw\github_indian_snakes\Venomous\Spectacled Cobra\5451042675_998c64ac13_b.jpg,github_indian_snakes,Spectacled Cobra,venomous,,1024,683,2909,True,train
e:\Coding_Notes\Faunari\data\raw\github_indian_snakes\Venomous\Spectacled Cobra\578_normal_Spectacled_cobra3.jpg,github_indian_snakes,Spectacled Cobra,venomous,,288,300,2910,False,train
e:\Coding_Notes\Faunari\data\raw\github_indian_snakes\Venomous\Spectacled Cobra\5802878151_ef19374e8d_b.jpg,github_indian_snakes,Spectacled Cobra,venomous,,561,800,2911,True,train
e:\Coding_Notes\Faunari\data\raw\github_indian_snakes\Venomous\Spectacled Cobra\58680357_PW36.jpg,github_indian_snakes,Spectacled Cobra,venomous,,240,360,2912,False,hardcase
e:\Coding_Notes\Faunari\data\raw\github_indian_snakes\Venomous\Spectacled Cobra\58680358_PW36.jpg,github_indian_snakes,Spectacled Cobra,venomous,,240,360,2913,False,hardcase
e:\Coding_Notes\Faunari\data\raw\github_indian_snakes\Venomous\Spectacled Cobra\58680361_PW36.jpg,github_indian_snakes,Spectacled Cobra,venomous,,240,360,2914,False,train
e:\Coding_Notes\Faunari\data\raw\github_indian_snakes\Venomous\Spectacled Cobra\6027522525_91d5cc49ba_b.jpg,github_indian_snakes,Spectacled Cobra,venomous,,585,800,2915,True,train
e:\Coding_Notes\Faunari\data\raw\github_indian_snakes\Venomous\Spectacled Cobra\614a34a77654e6726429703e150dea3e.jpg,github_indian_snakes,Spectacled Cobra,venomous,,500,687,2916,True,train
e:\Coding_Notes\Faunari\data\raw\github_indian_snakes\Venomous\Spectacled Cobra\628592919_285e1def53_b.jpg,github_indian_snakes,Spectacled Cobra,venomous,,1024,683,2917,True,train
e:\Coding_Notes\Faunari\data\raw\github_indian_snakes\Venomous\Spectacled Cobra\6b6da31906462414e878d1dd90aa146c--snake-wallpaper-hd-wallpaper.jpg,github_indian_snakes,Spectacled Cobra,venomous,,736,350,2918,True,train
e:\Coding_Notes\Faunari\data\raw\github_indian_snakes\Venomous\Spectacled Cobra\6O4A0379.jpg,github_indian_snakes,Spectacled Cobra,venomous,,4278,2852,2919,True,train
e:\Coding_Notes\Faunari\data\raw\github_indian_snakes\Venomous\Spectacled Cobra\6O4A0409.jpg,github_indian_snakes,Spectacled Cobra,venomous,,3753,2502,2920,True,train
e:\Coding_Notes\Faunari\data\raw\github_indian_snakes\Venomous\Spectacled Cobra\6O4A0417.jpg,github_indian_snakes,Spectacled Cobra,venomous,,4702,3135,2921,True,train
e:\Coding_Notes\Faunari\data\raw\github_indian_snakes\Venomous\Spectacled Cobra\7666611262_9559ea4f02_b.jpg,github_indian_snakes,Spectacled Cobra,venomous,,1024,823,2922,True,train
e:\Coding_Notes\Faunari\data\raw\github_indian_snakes\Venomous\Spectacled Cobra\8007030158_2c1c6f468d_b.jpg,github_indian_snakes,Spectacled Cobra,venomous,,1024,908,2923,True,train
e:\Coding_Notes\Faunari\data\raw\github_indian_snakes\Venomous\Spectacled Cobra\80098531.jpg,github_indian_snakes,Spectacled Cobra,venomous,,700,467,2924,True,train
e:\Coding_Notes\Faunari\data\raw\github_indian_snakes\Venomous\Spectacled Cobra\8043872884_7c772f915a_b.jpg,github_indian_snakes,Spectacled Cobra,venomous,,1024,683,2925,True,train
e:\Coding_Notes\Faunari\data\raw\github_indian_snakes\Venomous\Spectacled Cobra\817-21250.jpg,github_indian_snakes,Spectacled Cobra,venomous,,652,1000,2926,True,train
e:\Coding_Notes\Faunari\data\raw\github_indian_snakes\Venomous\Spectacled Cobra\817-21362.jpg,github_indian_snakes,Spectacled Cobra,venomous,,646,1000,2927,True,train
e:\Coding_Notes\Faunari\data\raw\github_indian_snakes\Venomous\Spectacled Cobra\867036109_877165ada8_b.jpg,github_indian_snakes,Spectacled Cobra,venomous,,1024,766,2928,True,train
e:\Coding_Notes\Faunari\data\raw\github_indian_snakes\Venomous\Spectacled Cobra\90202668.jpg,github_indian_snakes,Spectacled Cobra,venomous,,700,447,2929,True,train
e:\Coding_Notes\Faunari\data\raw\github_indian_snakes\Venomous\Spectacled Cobra\90215640.jpg,github_indian_snakes,Spectacled Cobra,venomous,,463,700,2930,True,train
e:\Coding_Notes\Faunari\data\raw\github_indian_snakes\Venomous\Spectacled Cobra\92.jpg,github_indian_snakes,Spectacled Cobra,venomous,,562,850,2931,True,train
e:\Coding_Notes\Faunari\data\raw\github_indian_snakes\Venomous\Spectacled Cobra\9289038011_1a31a0cac1_b.jpg,github_indian_snakes,Spectacled Cobra,venomous,,1024,688,2932,True,train
e:\Coding_Notes\Faunari\data\raw\github_indian_snakes\Venomous\Spectacled Cobra\9616250823_d6766e1c31_b.jpg,github_indian_snakes,Spectacled Cobra,venomous,,684,1024,2933,True,train
e:\Coding_Notes\Faunari\data\raw\github_indian_snakes\Venomous\Spectacled Cobra\9619492326_56aa145611_b.jpg,github_indian_snakes,Spectacled Cobra,venomous,,1024,340,2934,True,val
e:\Coding_Notes\Faunari\data\raw\github_indian_snakes\Venomous\Spectacled Cobra\a28044f3db3d514d2fad5316904626c8_giant.jpg,github_indian_snakes,Spectacled Cobra,venomous,,649,1000,2935,True,train
e:\Coding_Notes\Faunari\data\raw\github_indian_snakes\Venomous\Spectacled Cobra\adbfb6aa535e12ed6f14345bfa878456.jpg,github_indian_snakes,Spectacled Cobra,venomous,,1024,768,2936,True,test
e:\Coding_Notes\Faunari\data\raw\github_indian_snakes\Venomous\Spectacled Cobra\Amazing pictures animals photos Nature exotic incredible funny Zoo danger pics Indian cobra Naja naja Asian cobra spectacled cobra 4.jpg,github_indian_snakes,Spectacled Cobra,venomous,,800,610,2937,True,test
e:\Coding_Notes\Faunari\data\raw\github_indian_snakes\Venomous\Spectacled Cobra\Amazing pictures animals photos Nature exotic incredible funny Zoo danger pics Indian cobra Naja naja Asian cobra spectacled cobra 5.jpg,github_indian_snakes,Spectacled Cobra,venomous,,560,420,2938,True,train
e:\Coding_Notes\Faunari\data\raw\github_indian_snakes\Venomous\Spectacled Cobra\Amazing pictures animals photos Nature exotic incredible funny Zoo danger pics Indian cobra Naja naja Asian cobra spectacled cobra 7.jpeg,github_indian_snakes,Spectacled Cobra,venomous,,768,1024,2939,True,train
e:\Coding_Notes\Faunari\data\raw\github_indian_snakes\Venomous\Spectacled Cobra\an-alert-indian-or-spectacled-cobra-naja-naja-c2an7a.jpg,github_indian_snakes,Spectacled Cobra,venomous,,402,540,2940,True,test
e:\Coding_Notes\Faunari\data\raw\github_indian_snakes\Venomous\Spectacled Cobra\an-indian-or-spectacled-cobra-naja-naja-hooding-details-of-the-back-a2c9e6.jpg,github_indian_snakes,Spectacled Cobra,venomous,,297,470,2941,False,val
e:\Coding_Notes\Faunari\data\raw\github_indian_snakes\Venomous\Spectacled Cobra\article-0-187EE811000005DC-242_634x594.jpg,github_indian_snakes,Spectacled Cobra,venomous,,634,594,2942,True,train
e:\Coding_Notes\Faunari\data\raw\github_indian_snakes\Venomous\Spectacled Cobra\cape-fear-serpentarium.jpg,github_indian_snakes,Spectacled Cobra,venomous,,550,411,2943,True,train
e:\Coding_Notes\Faunari\data\raw\github_indian_snakes\Venomous\Spectacled Cobra\Cobra 2.jpg,github_indian_snakes,Spectacled Cobra,venomous,,755,1127,2944,True,train
e:\Coding_Notes\Faunari\data\raw\github_indian_snakes\Venomous\Spectacled Cobra\cobra-00.jpg,github_indian_snakes,Spectacled Cobra,venomous,,550,367,2945,True,train
e:\Coding_Notes\Faunari\data\raw\github_indian_snakes\Venomous\Spectacled Cobra\cobra-07.jpg,github_indian_snakes,Spectacled Cobra,venomous,,3818,2636,2946,True,train
e:\Coding_Notes\Faunari\data\raw\github_indian_snakes\Venomous\Spectacled Cobra\cobra-18-300x200.jpg,github_indian_snakes,Spectacled Cobra,venomous,,300,200,2947,False,train
e:\Coding_Notes\Faunari\data\raw\github_indian_snakes\Venomous\Spectacled Cobra\cobra-22.jpg,github_indian_snakes,Spectacled Cobra,venomous,,550,367,2948,True,train
e:\Coding_Notes\Faunari\data\raw\github_indian_snakes\Venomous\Spectacled Cobra\cobra-23.jpg,github_indian_snakes,Spectacled Cobra,venomous,,550,550,2949,True,val
e:\Coding_Notes\Faunari\data\raw\github_indian_snakes\Venomous\Spectacled Cobra\cobra-24.jpg,github_indian_snakes,Spectacled Cobra,venomous,,550,367,2950,True,train
e:\Coding_Notes\Faunari\data\raw\github_indian_snakes\Venomous\Spectacled Cobra\cobra-28.jpg,github_indian_snakes,Spectacled Cobra,venomous,,413,550,2951,True,train
e:\Coding_Notes\Faunari\data\raw\github_indian_snakes\Venomous\Spectacled Cobra\Cobra-3-412x550.jpg,github_indian_snakes,Spectacled Cobra,venomous,,412,550,2952,True,val
e:\Coding_Notes\Faunari\data\raw\github_indian_snakes\Venomous\Spectacled Cobra\cobra-close-up.jpg,github_indian_snakes,Spectacled Cobra,venomous,,491,486,2953,True,val
e:\Coding_Notes\Faunari\data\raw\github_indian_snakes\Venomous\Spectacled Cobra\Cobra-Hood.jpg,github_indian_snakes,Spectacled Cobra,venomous,,341,512,2954,True,train
e:\Coding_Notes\Faunari\data\raw\github_indian_snakes\Venomous\Spectacled Cobra\cobra-india.jpg,github_indian_snakes,Spectacled Cobra,venomous,,189,160,2955,False,train
e:\Coding_Notes\Faunari\data\raw\github_indian_snakes\Venomous\Spectacled Cobra\cobra-snake-in-a-basket-with-money-rajasthan-india-et0tpk.jpg,github_indian_snakes,Spectacled Cobra,venomous,,640,447,2956,True,test
e:\Coding_Notes\Faunari\data\raw\github_indian_snakes\Venomous\Spectacled Cobra\cobra.jpg,github_indian_snakes,Spectacled Cobra,venomous,,621,466,2957,True,test
e:\Coding_Notes\Faunari\data\raw\github_indian_snakes\Venomous\Spectacled Cobra\cobra2.jpg,github_indian_snakes,Spectacled Cobra,venomous,,320,187,2958,False,train
e:\Coding_Notes\Faunari\data\raw\github_indian_snakes\Venomous\Spectacled Cobra\cobra_001.jpg,github_indian_snakes,Spectacled Cobra,venomous,,400,427,2959,True,train
e:\Coding_Notes\Faunari\data\raw\github_indian_snakes\Venomous\Spectacled Cobra\cobra_042611-10.jpg,github_indian_snakes,Spectacled Cobra,venomous,,550,367,2960,True,train
e:\Coding_Notes\Faunari\data\raw\github_indian_snakes\Venomous\Spectacled Cobra\cobra_042611-11.jpg,github_indian_snakes,Spectacled Cobra,venomous,,550,370,2961,True,train
e:\Coding_Notes\Faunari\data\raw\github_indian_snakes\Venomous\Spectacled Cobra\cobra_042611-12.jpg,github_indian_snakes,Spectacled Cobra,venomous,,550,367,2962,True,train
e:\Coding_Notes\Faunari\data\raw\github_indian_snakes\Venomous\Spectacled Cobra\cobra_042611-13.jpg,github_indian_snakes,Spectacled Cobra,venomous,,550,318,2963,True,train
e:\Coding_Notes\Faunari\data\raw\github_indian_snakes\Venomous\Spectacled Cobra\cobra_042611-2.jpg,github_indian_snakes,Spectacled Cobra,venomous,,550,367,2964,True,test
e:\Coding_Notes\Faunari\data\raw\github_indian_snakes\Venomous\Spectacled Cobra\cobra_042611-8.jpg,github_indian_snakes,Spectacled Cobra,venomous,,550,265,2965,False,train
e:\Coding_Notes\Faunari\data\raw\github_indian_snakes\Venomous\Spectacled Cobra\Cobra_False 9700_fcw.jpg,github_indian_snakes,Spectacled Cobra,venomous,,700,504,2966,True,val
e:\Coding_Notes\Faunari\data\raw\github_indian_snakes\Venomous\Spectacled Cobra\Cobra_Spectacled 4589_fcw.jpg,github_indian_snakes,Spectacled Cobra,venomous,,640,503,2967,True,test
e:\Coding_Notes\Faunari\data\raw\github_indian_snakes\Venomous\Spectacled Cobra\DSC00829.gif,github_indian_snakes,Spectacled Cobra,venomous,,500,333,2968,True,train
e:\Coding_Notes\Faunari\data\raw\github_indian_snakes\Venomous\Spectacled Cobra\dscn2969.jpg,github_indian_snakes,Spectacled Cobra,venomous,,4608,3456,2969,True,train
e:\Coding_Notes\Faunari\data\raw\github_indian_snakes\Venomous\Spectacled Cobra\ee3e9db881e4fbdde1e5cd3568b7aaa1.jpg,github_indian_snakes,Spectacled Cobra,venomous,,435,580,2970,True,train
e:\Coding_Notes\Faunari\data\raw\github_indian_snakes\Venomous\Spectacled Cobra\Events-4313-1024x577.jpg,github_indian_snakes,Spectacled Cobra,venomous,,1024,577,2971,True,val
e:\Coding_Notes\Faunari\data\raw\github_indian_snakes\Venomous\Spectacled Cobra\f12e57eaac8a1ef7c70ae60dbfa2a8ca--king-cobra-snakes.jpg,github_indian_snakes,Spectacled Cobra,venomous,,236,314,2972,True,train
e:\Coding_Notes\Faunari\data\raw\github_indian_snakes\Venomous\Spectacled Cobra\f5f5410cbb701105a26085bc85090b0a--pretty-animals-reptiles-and-amphibians.jpg,github_indian_snakes,Spectacled Cobra,venomous,,736,1108,2973,True,train
"e:\Coding_Notes\Faunari\data\raw\github_indian_snakes\Venomous\Spectacled Cobra\flat,1000x1000,075,f.jpg",github_indian_snakes,Spectacled Cobra,venomous,,667,1000,2974,True,train
e:\Coding_Notes\Faunari\data\raw\github_indian_snakes\Venomous\Spectacled Cobra\hqdefault.jpg,github_indian_snakes,Spectacled Cobra,venomous,,480,360,2975,True,train
e:\Coding_Notes\Faunari\data\raw\github_indian_snakes\Venomous\Spectacled Cobra\hqdefault_001.jpg,github_indian_snakes,Spectacled Cobra,venomous,,480,360,2976,True,val
e:\Coding_Notes\Faunari\data\raw\github_indian_snakes\Venomous\Spectacled Cobra\hqdefault_003.jpg,github_indian_snakes,Spectacled Cobra,venomous,,480,360,2977,True,train
e:\Coding_Notes\Faunari\data\raw\github_indian_snakes\Venomous\Spectacled Cobra\hqdefault_004.jpg,github_indian_snakes,Spectacled Cobra,venomous,,480,360,2978,True,val
e:\Coding_Notes\Faunari\data\raw\github_indian_snakes\Venomous\Spectacled Cobra\hqdefault_005.jpg,github_indian_snakes,Spectacled Cobra,venomous,,480,360,2979,True,train
e:\Coding_Notes\Faunari\data\raw\github_indian_snakes\Venomous\Spectacled Cobra\ika-80438-reptiles-snakes-cobra-indian-spectacled-cobra-naja-naja-CE8PWP.jpg,github_indian_snakes,Spectacled Cobra,venomous,,875,1390,2980,True,val
e:\Coding_Notes\Faunari\data\raw\github_indian_snakes\Venomous\Spectacled Cobra\image306.jpg,github_indian_snakes,Spectacled Cobra,venomous,,437,328,2981,False,train
e:\Coding_Notes\Faunari\data\raw\github_indian_snakes\Venomous\Spectacled Cobra\IMG_1494.jpg,github_indian_snakes,Spectacled Cobra,venomous,,1448,1600,2982,True,train
e:\Coding_Notes\Faunari\data\raw\github_indian_snakes\Venomous\Spectacled Cobra\IMG_3067_1-5.jpg,github_indian_snakes,Spectacled Cobra,venomous,,1200,800,2983,True,train
e:\Coding_Notes\Faunari\data\raw\github_indian_snakes\Venomous\Spectacled Cobra\IMG_3074_1.jpg,github_indian_snakes,Spectacled Cobra,venomous,,800,1200,2984,True,train
e:\Coding_Notes\Faunari\data\raw\github_indian_snakes\Venomous\Spectacled Cobra\IMG_3863-2.jpg,github_indian_snakes,Spectacled Cobra,venomous,,4080,2623,2985,True,train
e:\Coding_Notes\Faunari\data\raw\github_indian_snakes\Venomous\Spectacled Cobra\IMG_5785.jpg,github_indian_snakes,Spectacled Cobra,venomous,,1600,1067,2986,True,train
e:\Coding_Notes\Faunari\data\raw\github_indian_snakes\Venomous\Spectacled Cobra\IMG_5793.preview.jpg,github_indian_snakes,Spectacled Cobra,venomous,,640,426,2987,True,train
e:\Coding_Notes\Faunari\data\raw\github_indian_snakes\Venomous\Spectacled Cobra\IMG_5971-2.jpg,github_indian_snakes,Spectacled Cobra,venomous,,4396,2995,2988,True,train
e:\Coding_Notes\Faunari\data\raw\github_indian_snakes\Venomous\Spectacled Cobra\img_7982.jpg,github_indian_snakes,Spectacled Cobra,venomous,,3240,4320,2989,True,train
e:\Coding_Notes\Faunari\data\raw\github_indian_snakes\Venomous\Spectacled Cobra\Indian Spectacled Cobra.jpg,github_indian_snakes,Spectacled Cobra,venomous,,500,377,2990,True,train
e:\Coding_Notes\Faunari\data\raw\github_indian_snakes\Venomous\Spectacled Cobra\indian-cobra-20569186.jpg,github_indian_snakes,Spectacled Cobra,venomous,,299,450,2991,False,train
e:\Coding_Notes\Faunari\data\raw\github_indian_snakes\Venomous\Spectacled Cobra\indian-cobra-asian-cobra-or-spectacled-cobra-naja-naja-in-a-snake-EB2R58.jpg,github_indian_snakes,Spectacled Cobra,venomous,,865,1390,2992,True,train
e:\Coding_Notes\Faunari\data\raw\github_indian_snakes\Venomous\Spectacled Cobra\indian-cobra-asian-cobra-or-spectacled-cobra-naja-naja-in-a-snake-eb2r58_001.jpg,github_indian_snakes,Spectacled Cobra,venomous,,346,540,2993,True,train
e:\Coding_Notes\Faunari\data\raw\github_indian_snakes\Venomous\Spectacled Cobra\indian-cobra-asian-cobra-or-spectacled-cobra-naja-naja-in-a-snake-EB2T9E.jpg,github_indian_snakes,Spectacled Cobra,venomous,,865,1390,2994,True,val
e:\Coding_Notes\Faunari\data\raw\github_indian_snakes\Venomous\Spectacled Cobra\indian-cobra-asian-cobra-or-spectacled-cobra-naja-naja-pettigalawatta-DWNMJ8.jpg,github_indian_snakes,Spectacled Cobra,venomous,,866,1390,2995,True,train
e:\Coding_Notes\Faunari\data\raw\github_indian_snakes\Venomous\Spectacled Cobra\indian-cobra-back-hood.jpg,github_indian_snakes,Spectacled Cobra,venomous,,355,555,2996,True,train
e:\Coding_Notes\Faunari\data\raw\github_indian_snakes\Venomous\Spectacled Cobra\Indian-cobra-defending-eggs.jpg,github_indian_snakes,Spectacled Cobra,venomous,,650,432,2997,True,train
e:\Coding_Notes\Faunari\data\raw\github_indian_snakes\Venomous\Spectacled Cobra\Indian-cobra-defensive-posture.jpg,github_indian_snakes,Spectacled Cobra,venomous,,650,424,2998,True,train
e:\Coding_Notes\Faunari\data\raw\github_indian_snakes\Venomous\Spectacled Cobra\indian-cobra-front_2.jpg,github_indian_snakes,Spectacled Cobra,venomous,,620,313,2999,True,train
e:\Coding_Notes\Faunari\data\raw\github_indian_snakes\Venomous\Spectacled Cobra\Indian-Cobra-Hood.jpg,github_indian_snakes,Spectacled Cobra,venomous,,341,512,3000,True,test
e:\Coding_Notes\Faunari\data\raw\github_indian_snakes\Venomous\Spectacled Cobra\indian-cobra-or-spectacled-cobra-naja-naja-naja-asia-DXG9K2.jpg,github_indian_snakes,Spectacled Cobra,venomous,,1300,956,3001,True,train
e:\Coding_Notes\Faunari\data\raw\github_indian_snakes\Venomous\Spectacled Cobra\indian-cobra-or-spectacled-cobra-naja-naja-sri-lanka-hnb77m.jpg,github_indian_snakes,Spectacled Cobra,venomous,,347,540,3002,True,train
e:\Coding_Notes\Faunari\data\raw\github_indian_snakes\Venomous\Spectacled Cobra\indian-cobra-or-spectacled-cobra-naja-naja-sri-lanka-hnb77x.jpg,github_indian_snakes,Spectacled Cobra,venomous,,347,540,3003,True,train
e:\Coding_Notes\Faunari\data\raw\github_indian_snakes\Venomous\Spectacled Cobra\indian-cobra-or-spectacled-cobra-naja-naja-sri-lanka-hnb78b.jpg,github_indian_snakes,Spectacled Cobra,venomous,,450,320,3004,False,train
e:\Coding_Notes\Faunari\data\raw\github_indian_snakes\Venomous\Spectacled Cobra\indian-cobra-or-spectacled-cobra-naja-naja-sri-lanka-hnb78w.jpg,github_indian_snakes,Spectacled Cobra,venomous,,347,540,3005,True,val
e:\Coding_Notes\Faunari\data\raw\github_indian_snakes\Venomous\Spectacled Cobra\indian-cobra-or-spectacled-cobra-naja-naja-sri-lanka-hnb799.jpg,github_indian_snakes,Spectacled Cobra,venomous,,640,447,3006,True,train
e:\Coding_Notes\Faunari\data\raw\github_indian_snakes\Venomous\Spectacled Cobra\indian-cobra-or-spectacled-cobra-naja-naja-sri-lanka-hnb79m.jpg,github_indian_snakes,Spectacled Cobra,venomous,,640,447,3007,True,train
e:\Coding_Notes\Faunari\data\raw\github_indian_snakes\Venomous\Spectacled Cobra\indian-cobra-or-spectacled-cobra-naja-naja-sri-lanka-hnb79y.jpg,github_indian_snakes,Spectacled Cobra,venomous,,640,447,3008,True,val
e:\Coding_Notes\Faunari\data\raw\github_indian_snakes\Venomous\Spectacled Cobra\Indian-Cobra-Photo.jpg,github_indian_snakes,Spectacled Cobra,venomous,,341,512,3009,True,val
e:\Coding_Notes\Faunari\data\raw\github_indian_snakes\Venomous\Spectacled Cobra\indian-cobra-spectacled-cobra-asian-cobra-binocellate-cobra-naja-naja-E154DT.jpg,github_indian_snakes,Spectacled Cobra,venomous,,1300,955,3010,True,train
e:\Coding_Notes\Faunari\data\raw\github_indian_snakes\Venomous\Spectacled Cobra\indian-cobra-spectacled-cobra-naja-naja-hpwewd.jpg,github_indian_snakes,Spectacled Cobra,venomous,,592,540,3011,True,test
e:\Coding_Notes\Faunari\data\raw\github_indian_snakes\Venomous\Spectacled Cobra\indian-cobra-spectacled-cobra-naja-naja-hpweww.jpg,github_indian_snakes,Spectacled Cobra,venomous,,300,470,3012,False,train
e:\Coding_Notes\Faunari\data\raw\github_indian_snakes\Venomous\Spectacled Cobra\indian-cobra-spectacled-cobra-naja-naja-hpwexf.jpg,github_indian_snakes,Spectacled Cobra,venomous,,347,540,3013,True,train
e:\Coding_Notes\Faunari\data\raw\github_indian_snakes\Venomous\Spectacled Cobra\indian-cobra-spectacled-cobra-naja-naja-hpwexk.jpg,github_indian_snakes,Spectacled Cobra,venomous,,347,540,3014,True,val
e:\Coding_Notes\Faunari\data\raw\github_indian_snakes\Venomous\Spectacled Cobra\indian-cobra-spectacled-cobra-naja-naja-in-aggressive-posture-with-hpyagt.jpg,github_indian_snakes,Spectacled Cobra,venomous,,391,320,3015,False,val
e:\Coding_Notes\Faunari\data\raw\github_indian_snakes\Venomous\Spectacled Cobra\Indian-cobra-with-head-raised-in-habitat.jpg,github_indian_snakes,Spectacled Cobra,venomous,,650,507,3016,True,train
e:\Coding_Notes\Faunari\data\raw\github_indian_snakes\Venomous\Spectacled Cobra\Indian-cobra-with-head-raised-ventral-view.jpg,github_indian_snakes,Spectacled Cobra,venomous,,345,520,3017,True,test
e:\Coding_Notes\Faunari\data\raw\github_indian_snakes\Venomous\Spectacled Cobra\Indian-cobra-young-hatching.jpg,github_indian_snakes,Spectacled Cobra,venomous,,650,444,3018,True,train
e:\Coding_Notes\Faunari\data\raw\github_indian_snakes\Venomous\Spectacled Cobra\indian-cobra.jpg,github_indian_snakes,Spectacled Cobra,venomous,,214,286,3019,False,test
e:\Coding_Notes\Faunari\data\raw\github_indian_snakes\Venomous\Spectacled Cobra\Indian-Cobra_001.jpg,github_indian_snakes,Spectacled Cobra,venomous,,512,342,3020,True,test
e:\Coding_Notes\Faunari\data\raw\github_indian_snakes\Venomous\Spectacled Cobra\indian-cobra_002.jpg,github_indian_snakes,Spectacled Cobra,venomous,,530,254,3021,False,val
e:\Coding_Notes\Faunari\data\raw\github_indian_snakes\Venomous\Spectacled Cobra\indian-cobra_003.jpg,github_indian_snakes,Spectacled Cobra,venomous,,205,155,3022,False,train
e:\Coding_Notes\Faunari\data\raw\github_indian_snakes\Venomous\Spectacled Cobra\INDIAN-COBRA_004.jpg,github_indian_snakes,Spectacled Cobra,venomous,,503,750,3023,True,train
e:\Coding_Notes\Faunari\data\raw\github_indian_snakes\Venomous\Spectacled Cobra\indian-snake-spectacled-cobra-naja-naja-hood-open-rear-back-rearview-ce8pwr.jpg,github_indian_snakes,Spectacled Cobra,venomous,,640,445,3024,True,test
e:\Coding_Notes\Faunari\data\raw\github_indian_snakes\Venomous\Spectacled Cobra\indian-spectacled-cobra-close-up-c568dh.jpg,github_indian_snakes,Spectacled Cobra,venomous,,448,320,3025,False,val
e:\Coding_Notes\Faunari\data\raw\github_indian_snakes\Venomous\Spectacled Cobra\Indiancobra.jpg,github_indian_snakes,Spectacled Cobra,venomous,,500,358,3026,True,train
e:\Coding_Notes\Faunari\data\raw\github_indian_snakes\Venomous\Spectacled Cobra\Indian_cobra.jpg,github_indian_snakes,Spectacled Cobra,venomous,,510,768,3027,True,train
e:\Coding_Notes\Faunari\data\raw\github_indian_snakes\Venomous\Spectacled Cobra\jrr-80436-reptiles-snakes-cobra-indian-spectacled-cobra-naja-naja-CE8PX4.jpg,github_indian_snakes,Spectacled Cobra,venomous,,1300,967,3028,True,train
e:\Coding_Notes\Faunari\data\raw\github_indian_snakes\Venomous\Spectacled Cobra\Kanha-426_Spectacled-Cobra.jpg,github_indian_snakes,Spectacled Cobra,venomous,,1000,600,3029,True,train
e:\Coding_Notes\Faunari\data\raw\github_indian_snakes\Venomous\Spectacled Cobra\king-cobra-catching-and-feeding-on-indian-cobra.jpg,github_indian_snakes,Spectacled Cobra,venomous,,220,147,3030,False,train
e:\Coding_Notes\Faunari\data\raw\github_indian_snakes\Venomous\Spectacled Cobra\L0017_3.jpg,github_indian_snakes,Spectacled Cobra,venomous,,776,519,3031,True,train
e:\Coding_Notes\Faunari\data\raw\github_indian_snakes\Venomous\Spectacled Cobra\maxresdefault.jpg,github_indian_snakes,Spectacled Cobra,venomous,,1432,1074,3032,True,val
e:\Coding_Notes\Faunari\data\raw\github_indian_snakes\Venomous\Spectacled Cobra\maxresdefault_004.jpg,github_indian_snakes,Spectacled Cobra,venomous,,1280,720,3033,True,train
e:\Coding_Notes\Faunari\data\raw\github_indian_snakes\Venomous\Spectacled Cobra\maxresdefault_006.jpg,github_indian_snakes,Spectacled Cobra,venomous,,1920,1080,3034,True,val
e:\Coding_Notes\Faunari\data\raw\github_indian_snakes\Venomous\Spectacled Cobra\maxresdefault_007.jpg,github_indian_snakes,Spectacled Cobra,venomous,,1280,720,3035,True,train
e:\Coding_Notes\Faunari\data\raw\github_indian_snakes\Venomous\Spectacled Cobra\Naja naja1.jpg,github_indian_snakes,Spectacled Cobra,venomous,,320,214,3036,False,train
e:\Coding_Notes\Faunari\data\raw\github_indian_snakes\Venomous\Spectacled Cobra\Naja-naja-03000026811_01.jpg,github_indian_snakes,Spectacled Cobra,venomous,,560,538,3037,True,train
e:\Coding_Notes\Faunari\data\raw\github_indian_snakes\Venomous\Spectacled Cobra\Naja-naja-03000033195_01.jpg,github_indian_snakes,Spectacled Cobra,venomous,,468,560,3038,True,val
e:\Coding_Notes\Faunari\data\raw\github_indian_snakes\Venomous\Spectacled Cobra\Naja-naja-1-Spectacled-cobra.jpg,github_indian_snakes,Spectacled Cobra,venomous,,1858,2965,3039,True,train
e:\Coding_Notes\Faunari\data\raw\github_indian_snakes\Venomous\Spectacled Cobra\Naja-naja-2-Spectacled-cobra-Copy.jpg,github_indian_snakes,Spectacled Cobra,venomous,,811,1265,3040,True,val
e:\Coding_Notes\Faunari\data\raw\github_indian_snakes\Venomous\Spectacled Cobra\Naja-naja-3-Spectacled-cobra-1170x455.jpg,github_indian_snakes,Spectacled Cobra,venomous,,1170,455,3041,True,train
e:\Coding_Notes\Faunari\data\raw\github_indian_snakes\Venomous\Spectacled Cobra\Naja-naja-4-Spectacled-cobra.jpg,github_indian_snakes,Spectacled Cobra,venomous,,2438,3657,3042,True,train
e:\Coding_Notes\Faunari\data\raw\github_indian_snakes\Venomous\Spectacled Cobra\Naja-naja-5-Spectacled-cobra.jpg,github_indian_snakes,Spectacled Cobra,venomous,,2219,3640,3043,True,train
e:\Coding_Notes\Faunari\data\raw\github_indian_snakes\Venomous\Spectacled Cobra\Naja-naja-Saleem-Hameed-e1442201686504.jpg,github_indian_snakes,Spectacled Cobra,venomous,,253,481,3044,False,train
e:\Coding_Notes\Faunari\data\raw\github_indian_snakes\Venomous\Spectacled Cobra\naja1-e1480951267722.png,github_indian_snakes,Spectacled Cobra,venomous,,208,140,3045,True,train
e:\Coding_Notes\Faunari\data\raw\github_indian_snakes\Venomous\Spectacled Cobra\naja2-523x600.png,github_indian_snakes,Spectacled Cobra,venomous,,523,600,3046,True,train
e:\Coding_Notes\Faunari\data\raw\github_indian_snakes\Venomous\Spectacled Cobra\Najacobra.jpeg.jpeg,github_indian_snakes,Spectacled Cobra,venomous,,220,282,3047,True,hardcase
e:\Coding_Notes\Faunari\data\raw\github_indian_snakes\Venomous\Spectacled Cobra\Najanaja5.jpg,github_indian_snakes,Spectacled Cobra,venomous,,240,320,3048,False,hardcase
e:\Coding_Notes\Faunari\data\raw\github_indian_snakes\Venomous\Spectacled Cobra\Naja_naja2.jpg,github_indian_snakes,Spectacled Cobra,venomous,,463,306,3049,True,train
e:\Coding_Notes\Faunari\data\raw\github_indian_snakes\Venomous\Spectacled Cobra\Naja_naja3.jpg,github_indian_snakes,Spectacled Cobra,venomous,,525,347,3050,True,train
e:\Coding_Notes\Faunari\data\raw\github_indian_snakes\Venomous\Spectacled Cobra\naja_naja_2.jpg,github_indian_snakes,Spectacled Cobra,venomous,,320,226,3051,False,train
e:\Coding_Notes\Faunari\data\raw\github_indian_snakes\Venomous\Spectacled Cobra\ni_2015_63_3_300_158155_f8.jpg,github_indian_snakes,Spectacled Cobra,venomous,,454,587,3052,True,train
e:\Coding_Notes\Faunari\data\raw\github_indian_snakes\Venomous\Spectacled Cobra\poor-lower-caste-indian-boy-begging-with-spectacled-cobra-on-an-india-bxxhx3.jpg,github_indian_snakes,Spectacled Cobra,venomous,,346,540,3053,True,test
e:\Coding_Notes\Faunari\data\raw\github_indian_snakes\Venomous\Spectacled Cobra\poor-lower-caste-indian-girl-begging-with-spectacled-cobra-on-an-india-bxxhxd.jpg,github_indian_snakes,Spectacled Cobra,venomous,,346,540,3054,True,train
e:\Coding_Notes\Faunari\data\raw\github_indian_snakes\Venomous\Spectacled Cobra\rsz_rare_indian_spectacled_cobra_caught_with_vestigial_‘legs’_in_telangana__video_3.jpg,github_indian_snakes,Spectacled Cobra,venomous,,540,360,3055,True,test
e:\Coding_Notes\Faunari\data\raw\github_indian_snakes\Venomous\Spectacled Cobra\snake-book-with-cover-WM.jpg,github_indian_snakes,Spectacled Cobra,venomous,,556,817,3056,True,train
e:\Coding_Notes\Faunari\data\raw\github_indian_snakes\Venomous\Spectacled Cobra\snake-cobra-indian-spectacled-cobra-naja-naja-with-open-hood-india-CE8R0T.jpg,github_indian_snakes,Spectacled Cobra,venomous,,867,1390,3057,True,train
e:\Coding_Notes\Faunari\data\raw\github_indian_snakes\Venomous\Spectacled Cobra\snake-indian-spectacled-cobra-naja-naja-naja-et0cm2.jpg,github_indian_snakes,Spectacled Cobra,venomous,,640,445,3058,True,train
e:\Coding_Notes\Faunari\data\raw\github_indian_snakes\Venomous\Spectacled Cobra\snake36l.jpg,github_indian_snakes,Spectacled Cobra,venomous,,400,600,3059,True,test
e:\Coding_Notes\Faunari\data\raw\github_indian_snakes\Venomous\Spectacled Cobra\snake_7n.jpg,github_indian_snakes,Spectacled Cobra,venomous,,305,461,3060,False,train
e:\Coding_Notes\Faunari\data\raw\github_indian_snakes\Venomous\Spectacled Cobra\SNP00413.jpg,github_indian_snakes,Spectacled Cobra,venomous,,300,239,3061,False,val
e:\Coding_Notes\Faunari\data\raw\github_indian_snakes\Venomous\Spectacled Cobra\Spectacle-Pattern-On-Hood-of-Cobra.jpg,github_indian_snakes,Spectacled Cobra,venomous,,267,400,3062,False,train
e:\Coding_Notes\Faunari\data\raw\github_indian_snakes\Venomous\Spectacled Cobra\Spectacled cobra.jpg,github_indian_snakes,Spectacled Cobra,venomous,,4928,2927,3063,True,train
e:\Coding_Notes\Faunari\data\raw\github_indian_snakes\Venomous\Spectacled Cobra\spectacled-cobra-highly-poisonous-elapine-indian-snake-indian-naja-naja-also-known-as-asian-binocellate-57558361.jpg,github_indian_snakes,Spectacled Cobra,venomous,,960,1300,3064,True,train
e:\Coding_Notes\Faunari\data\raw\github_indian_snakes\Venomous\Spectacled Cobra\Spectacled-Cobra-Hood-Photo.jpg,github_indian_snakes,Spectacled Cobra,venomous,,341,512,3065,True,train
e:\Coding_Notes\Faunari\data\raw\github_indian_snakes\Venomous\Spectacled Cobra\spectacled-cobra-in-basket-of-snake-charmer-new-delhi-india-naja-naja-DTRX7M.jpg,github_indian_snakes,Spectacled Cobra,venomous,,865,1390,3066,True,train
e:\Coding_Notes\Faunari\data\raw\github_indian_snakes\Venomous\Spectacled Cobra\spectacled-cobra-naja-naja-bangalore-karnataka-theindian-cobrais-one-HNWT1W.jpg,github_indian_snakes,Spectacled Cobra,venomous,,1300,956,3067,True,train
e:\Coding_Notes\Faunari\data\raw\github_indian_snakes\Venomous\Spectacled Cobra\spectacled-cobra-naja-naja-bangalore-karnataka-theindian-cobrais-one-hnww7b.jpg,github_indian_snakes,Spectacled Cobra,venomous,,300,470,3068,False,train
e:\Coding_Notes\Faunari\data\raw\github_indian_snakes\Venomous\Spectacled Cobra\spectacled-cobra-naja-naja-bangalore-karnataka-theindian-cobrais-one-hnww7k.jpg,github_indian_snakes,Spectacled Cobra,venomous,,300,470,3069,False,train
e:\Coding_Notes\Faunari\data\raw\github_indian_snakes\Venomous\Spectacled Cobra\spectacled-cobra-naja-naja-family-elaphidae-aarey-milk-colony-mumbai-ECK328.jpg,github_indian_snakes,Spectacled Cobra,venomous,,1300,956,3070,True,test
e:\Coding_Notes\Faunari\data\raw\github_indian_snakes\Venomous\Spectacled Cobra\spectacled-cobra-naja-naja-family-elaphidae-aarey-milk-colony-mumbai-eck40e.jpg,github_indian_snakes,Spectacled Cobra,venomous,,300,470,3071,False,val
e:\Coding_Notes\Faunari\data\raw\github_indian_snakes\Venomous\Spectacled Cobra\spectacled-cobra-naja-naja-family-elaphidae-aarey-milk-colony-mumbai-ECK40G.jpg,github_indian_snakes,Spectacled Cobra,venomous,,866,1390,3072,True,val
e:\Coding_Notes\Faunari\data\raw\github_indian_snakes\Venomous\Spectacled Cobra\spectacled-cobra-naja-naja-family-elaphidae-aarey-milk-colony-mumbai-eck40j.jpg,github_indian_snakes,Spectacled Cobra,venomous,,450,320,3073,False,test
e:\Coding_Notes\Faunari\data\raw\github_indian_snakes\Venomous\Spectacled Cobra\spectacled-cobra-naja-naja-family-elaphidae-aarey-milk-colony-mumbai-eck40m.jpg,github_indian_snakes,Spectacled Cobra,venomous,,450,320,3074,False,val
e:\Coding_Notes\Faunari\data\raw\github_indian_snakes\Venomous\Spectacled Cobra\spectacled-cobra-naja-naja-family-elaphidae-aarey-milk-colony-mumbai-eck40r.jpg,github_indian_snakes,Spectacled Cobra,venomous,,640,447,3075,True,train
e:\Coding_Notes\Faunari\data\raw\github_indian_snakes\Venomous\Spectacled Cobra\spectacled-cobra-naja-naja-family-elaphidae-aarey-milk-colony-mumbai-eck40t.jpg,github_indian_snakes,Spectacled Cobra,venomous,,450,320,3076,False,train
e:\Coding_Notes\Faunari\data\raw\github_indian_snakes\Venomous\Spectacled Cobra\spectacled-cobra-naja-naja-ncbs-bangalore-india-fajac6.jpg,github_indian_snakes,Spectacled Cobra,venomous,,300,470,3077,False,train
e:\Coding_Notes\Faunari\data\raw\github_indian_snakes\Venomous\Spectacled Cobra\spectacled-cobra-naja-naja-ncbs-bangalore-india-fajaca.jpg,github_indian_snakes,Spectacled Cobra,venomous,,450,320,3078,False,val
e:\Coding_Notes\Faunari\data\raw\github_indian_snakes\Venomous\Spectacled Cobra\spectacled-cobra-naja-naja-venomous-common-aarey-milk-colony-mumbai-b87kda.jpg,github_indian_snakes,Spectacled Cobra,venomous,,347,540,3079,True,test
e:\Coding_Notes\Faunari\data\raw\github_indian_snakes\Venomous\Spectacled Cobra\spectacled-cobra-naja-naja-venomous-common-bn519e.jpg,github_indian_snakes,Spectacled Cobra,venomous,,640,446,3080,True,train
e:\Coding_Notes\Faunari\data\raw\github_indian_snakes\Venomous\Spectacled Cobra\spectacled-cobra-naja-naja-venomous-common-c690gp.jpg,github_indian_snakes,Spectacled Cobra,venomous,,347,540,3081,True,train
e:\Coding_Notes\Faunari\data\raw\github_indian_snakes\Venomous\Spectacled Cobra\spectacled-cobra-naja-naja-venomous-common-cc0bp0.jpg,github_indian_snakes,Spectacled Cobra,venomous,,300,468,3082,False,train
e:\Coding_Notes\Faunari\data\raw\github_indian_snakes\Venomous\Spectacled Cobra\spectacled-cobra-naja-naja-venomous-common-dive-ghat-maharasthra-india-AA2KAR.jpg,github_indian_snakes,Spectacled Cobra,venomous,,975,1390,3083,True,train
e:\Coding_Notes\Faunari\data\raw\github_indian_snakes\Venomous\Spectacled Cobra\spectacled-cobra-naja-naja-venomous-common-elapidae-ajivali-devrai-BY1010.jpg,github_indian_snakes,Spectacled Cobra,venomous,,866,1390,3084,True,train
e:\Coding_Notes\Faunari\data\raw\github_indian_snakes\Venomous\Spectacled Cobra\spectacled-cobra-naja-naja-venomous-common-elapidae-pune-en6afd.jpg,github_indian_snakes,Spectacled Cobra,venomous,,640,447,3085,True,val
e:\Coding_Notes\Faunari\data\raw\github_indian_snakes\Venomous\Spectacled Cobra\spectacled-cobra-naja-naja-venomous-common-elapidae-pune-en6afe.jpg,github_indian_snakes,Spectacled Cobra,venomous,,300,470,3086,False,test
e:\Coding_Notes\Faunari\data\raw\github_indian_snakes\Venomous\Spectacled Cobra\spectacled-cobra-naja-naja-venomous-common-elapidae-pune-en6afg.jpg,github_indian_snakes,Spectacled Cobra,venomous,,640,447,3087,True,val
e:\Coding_Notes\Faunari\data\raw\github_indian_snakes\Venomous\Spectacled Cobra\spectacled-cobra-naja-naja-venomous-common-elapidae-pune-en6afj.jpg,github_indian_snakes,Spectacled Cobra,venomous,,450,320,3088,False,val
e:\Coding_Notes\Faunari\data\raw\github_indian_snakes\Venomous\Spectacled Cobra\spectacled-cobra-naja-naja-venomous-common-film-city-mumbai-b87jh0.jpg,github_indian_snakes,Spectacled Cobra,venomous,,347,540,3089,True,test
e:\Coding_Notes\Faunari\data\raw\github_indian_snakes\Venomous\Spectacled Cobra\spectacled-cobra-naja-naja-venomous-common-genus-of-venomous-elapid-AX06FY.jpg,github_indian_snakes,Spectacled Cobra,venomous,,870,1390,3090,True,val
e:\Coding_Notes\Faunari\data\raw\github_indian_snakes\Venomous\Spectacled Cobra\spectacled-cobra-naja-naja-venomous-common-genus-of-venomous-elapid-AX079W.jpg,github_indian_snakes,Spectacled Cobra,venomous,,1300,960,3091,True,val
e:\Coding_Notes\Faunari\data\raw\github_indian_snakes\Venomous\Spectacled Cobra\spectacled-cobra-naja-naja-venomous-common-genus-of-venomous-elapid-ax07kw.jpg,github_indian_snakes,Spectacled Cobra,venomous,,640,448,3092,True,train
e:\Coding_Notes\Faunari\data\raw\github_indian_snakes\Venomous\Spectacled Cobra\spectacled-cobra-naja-naja-venomous-common-genus-of-venomous-elapid-ax07tg.jpg,github_indian_snakes,Spectacled Cobra,venomous,,640,448,3093,True,train
e:\Coding_Notes\Faunari\data\raw\github_indian_snakes\Venomous\Spectacled Cobra\spectacled-cobra-naja-naja-venomous-common-genus-of-venomous-elapid-AX08MW.jpg,github_indian_snakes,Spectacled Cobra,venomous,,1300,960,3094,True,train
e:\Coding_Notes\Faunari\data\raw\github_indian_snakes\Venomous\Spectacled Cobra\spectacled-cobra-naja-naja-venomous-common-genus-of-venomous-elapid-ax2f1m.jpg,github_indian_snakes,Spectacled Cobra,venomous,,348,540,3095,True,train
e:\Coding_Notes\Faunari\data\raw\github_indian_snakes\Venomous\Spectacled Cobra\spectacled-cobra-naja-naja-venomous-common-golaghat-district-assam-DABB5W.jpg,github_indian_snakes,Spectacled Cobra,venomous,,866,1390,3096,True,train
e:\Coding_Notes\Faunari\data\raw\github_indian_snakes\Venomous\Spectacled Cobra\spectacled-cobra-naja-naja-venomous-common-golaghat-district-assam-dabb6c.jpg,github_indian_snakes,Spectacled Cobra,venomous,,450,320,3097,False,train
e:\Coding_Notes\Faunari\data\raw\github_indian_snakes\Venomous\Spectacled Cobra\spectacled-cobra-naja-naja-venomous-common-indian-cobra-seen-in-gorai-ae6mrw.jpg,github_indian_snakes,Spectacled Cobra,venomous,,342,540,3098,True,val
e:\Coding_Notes\Faunari\data\raw\github_indian_snakes\Venomous\Spectacled Cobra\spectacled-cobra-naja-naja-venomous-common-marol-police-camp-andheri-b87jen.jpg,github_indian_snakes,Spectacled Cobra,venomous,,347,540,3099,True,train
e:\Coding_Notes\Faunari\data\raw\github_indian_snakes\Venomous\Spectacled Cobra\Spectacled-Cobra-Picture.jpg,github_indian_snakes,Spectacled Cobra,venomous,,341,512,3100,True,val
e:\Coding_Notes\Faunari\data\raw\github_indian_snakes\Venomous\Spectacled Cobra\Spectacled-cobra-skins-seized-due-to-illegal-trade.jpg,github_indian_snakes,Spectacled Cobra,venomous,,650,434,3101,True,train
e:\Coding_Notes\Faunari\data\raw\github_indian_snakes\Venomous\Spectacled Cobra\spectacled-cobra-slide-1-1024x682.jpg,github_indian_snakes,Spectacled Cobra,venomous,,1024,682,3102,True,train
e:\Coding_Notes\Faunari\data\raw\github_indian_snakes\Venomous\Spectacled Cobra\Spectacled-Cobra.jpg,github_indian_snakes,Spectacled Cobra,venomous,,512,342,3103,True,train
e:\Coding_Notes\Faunari\data\raw\github_indian_snakes\Venomous\Spectacled Cobra\Spectacled-Cobra31.jpg,github_indian_snakes,Spectacled Cobra,venomous,,600,350,3104,True,test
e:\Coding_Notes\Faunari\data\raw\github_indian_snakes\Venomous\Spectacled Cobra\spectacled-cobra_001.jpg,github_indian_snakes,Spectacled Cobra,venomous,,550,412,3105,True,test
e:\Coding_Notes\Faunari\data\raw\github_indian_snakes\Venomous\Spectacled Cobra\Spectacled-Cobra_003.jpg,github_indian_snakes,Spectacled Cobra,venomous,,960,720,3106,True,train
e:\Coding_Notes\Faunari\data\raw\github_indian_snakes\Venomous\Spectacled Cobra\Spectacled_Cobra_and_Stripe-necked_Mongoose_DHobcorft.jpg,github_indian_snakes,Spectacled Cobra,venomous,,425,277,3107,False,train
e:\Coding_Notes\Faunari\data\raw\github_indian_snakes\Venomous\Spectacled Cobra\stock-photo-indian-cobra-170225447.jpg,github_indian_snakes,Spectacled Cobra,venomous,,450,320,3108,False,train
e:\Coding_Notes\Faunari\data\raw\github_indian_snakes\Venomous\Spectacled Cobra\the-indian-cobra-naja-naja-also-known-as-the-spectacled-cobra-asian-FW7360.jpg,github_indian_snakes,Spectacled Cobra,venomous,,1300,953,3109,True,train
e:\Coding_Notes\Faunari\data\raw\github_indian_snakes\Venomous\Spectacled Cobra\The_Common_Indian_Cobra_or_Spectacled_Cobra_02.JPG,github_indian_snakes,Spectacled Cobra,venomous,,3648,2736,3110,True,train
e:\Coding_Notes\Faunari\data\raw\github_indian_snakes\Venomous\Spectacled Cobra\The_Common_Indian_Cobra_or_Spectacled_Cobra_04.JPG,github_indian_snakes,Spectacled Cobra,venomous,,3648,2736,3111,True,train
e:\Coding_Notes\Faunari\data\raw\github_indian_snakes\Venomous\Spectacled Cobra\The_Common_Indian_Cobra_or_Spectacled_Cobra_07.JPG,github_indian_snakes,Spectacled Cobra,venomous,,3648,2736,3112,True,train
e:\Coding_Notes\Faunari\data\raw\github_indian_snakes\Venomous\Spectacled Cobra\The_Common_Indian_Cobra_or_Spectacled_Cobra_08.JPG,github_indian_snakes,Spectacled Cobra,venomous,,3648,2736,3113,True,train
e:\Coding_Notes\Faunari\data\raw\github_indian_snakes\Venomous\Spectacled Cobra\The_Common_Indian_Cobra_or_Spectacled_Cobra_13.JPG,github_indian_snakes,Spectacled Cobra,venomous,,3648,2736,3114,True,val
e:\Coding_Notes\Faunari\data\raw\github_indian_snakes\Venomous\Spectacled Cobra\The_Common_Indian_Cobra_or_Spectacled_Cobra_14.JPG,github_indian_snakes,Spectacled Cobra,venomous,,3648,2736,3115,True,train
e:\Coding_Notes\Faunari\data\raw\github_indian_snakes\Venomous\Spectacled Cobra\The_Common_Indian_Cobra_or_Spectacled_Cobra_21.JPG,github_indian_snakes,Spectacled Cobra,venomous,,3648,2736,3116,True,train
e:\Coding_Notes\Faunari\data\raw\github_indian_snakes\Venomous\Spectacled Cobra\The_Common_Indian_Cobra_or_Spectacled_Cobra_23.JPG,github_indian_snakes,Spectacled Cobra,venomous,,3648,2736,3117,True,test
e:\Coding_Notes\Faunari\data\raw\github_indian_snakes\Venomous\Spectacled Cobra\The_Common_Indian_Cobra_or_Spectacled_Cobra_29.JPG,github_indian_snakes,Spectacled Cobra,venomous,,3648,2048,3118,True,test
e:\Coding_Notes\Faunari\data\raw\github_indian_snakes\Venomous\Spectacled Cobra\The_Common_Indian_Cobra_or_Spectacled_Cobra_30.JPG,github_indian_snakes,Spectacled Cobra,venomous,,3648,2736,3119,True,train
e:\Coding_Notes\Faunari\data\raw\github_indian_snakes\Venomous\Spectacled Cobra\The_Common_Indian_Cobra_or_Spectacled_Cobra_34.JPG,github_indian_snakes,Spectacled Cobra,venomous,,3648,2736,3120,True,train
e:\Coding_Notes\Faunari\data\raw\github_indian_snakes\Venomous\Spectacled Cobra\The_Common_Indian_Cobra_or_Spectacled_Cobra_35.JPG,github_indian_snakes,Spectacled Cobra,venomous,,3648,2736,3121,True,train
e:\Coding_Notes\Faunari\data\raw\github_indian_snakes\Venomous\Spectacled Cobra\tumblr_o07hjtgxd71r6bovho1_500.jpg,github_indian_snakes,Spectacled Cobra,venomous,,500,692,2286,True,train
e:\Coding_Notes\Faunari\data\raw\github_indian_snakes\Venomous\Spectacled Cobra\tumblr_oe91zzenDc1uckwggo1_500.jpg,github_indian_snakes,Spectacled Cobra,venomous,,500,333,3122,True,train
e:\Coding_Notes\Faunari\data\raw\github_indian_snakes\Venomous\Spectacled Cobra\tumblr_os3eju0XZY1vraiwyo1_500.jpg,github_indian_snakes,Spectacled Cobra,venomous,,500,366,3123,True,train
e:\Coding_Notes\Faunari\data\raw\github_indian_snakes\Venomous\Spectacled Cobra\x12185425.jpg,github_indian_snakes,Spectacled Cobra,venomous,,271,194,3124,False,hardcase
e:\Coding_Notes\Faunari\data\raw\github_indian_snakes\Venomous\Spectacled Cobra\X5B3538.jpg,github_indian_snakes,Spectacled Cobra,venomous,,900,600,3125,True,train
e:\Coding_Notes\Faunari\data\raw\github_indian_snakes\Venomous\Spectacled Cobra\Young-Indian-cobra.jpg,github_indian_snakes,Spectacled Cobra,venomous,,650,433,3126,True,train
e:\Coding_Notes\Faunari\data\raw\github_indian_snakes\Venomous\Spectacled Cobra\zoology-animals-reptiles-snakes-indian-cobra-naja-naja-two-snakes-b408gx.jpg,github_indian_snakes,Spectacled Cobra,venomous,,640,454,3127,True,train
e:\Coding_Notes\Faunari\data\raw\github_indian_snakes\Venomous\Spectacled Cobra\_RAM2084_Indian_Spectacled_Cobra.jpg,github_indian_snakes,Spectacled Cobra,venomous,,900,585,3128,True,train
e:\Coding_Notes\Faunari\data\raw\github_indian_snakes\Non-Venomous\Banded Racer\03000025388_01_f.jpg,github_indian_snakes,Banded Racer,non_venomous,,1024,683,3129,True,train
e:\Coding_Notes\Faunari\data\raw\github_indian_snakes\Non-Venomous\Banded Racer\03000026774_01_f.jpg,github_indian_snakes,Banded Racer,non_venomous,,1024,768,3130,True,train
e:\Coding_Notes\Faunari\data\raw\github_indian_snakes\Non-Venomous\Banded Racer\0835.jpeg,github_indian_snakes,Banded Racer,non_venomous,,432,288,3131,False,test
e:\Coding_Notes\Faunari\data\raw\github_indian_snakes\Non-Venomous\Banded Racer\1274635783_6d04848eae.jpg,github_indian_snakes,Banded Racer,non_venomous,,500,271,3132,False,train
e:\Coding_Notes\Faunari\data\raw\github_indian_snakes\Non-Venomous\Banded Racer\1474639691IMG_9870.JPG,github_indian_snakes,Banded Racer,non_venomous,,600,400,3133,True,train
e:\Coding_Notes\Faunari\data\raw\github_indian_snakes\Non-Venomous\Banded Racer\1886.jpeg,github_indian_snakes,Banded Racer,non_venomous,,750,527,3134,True,val
e:\Coding_Notes\Faunari\data\raw\github_indian_snakes\Non-Venomous\Banded Racer\1887.jpeg,github_indian_snakes,Banded Racer,non_venomous,,750,534,3135,True,train
e:\Coding_Notes\Faunari\data\raw\github_indian_snakes\Non-Venomous\Banded Racer\3bbddef038d00a1492014b195f259104--colorful-snakes-nerd.jpg,github_indian_snakes,Banded Racer,non_venomous,,236,198,3136,False,train
e:\Coding_Notes\Faunari\data\raw\github_indian_snakes\Non-Venomous\Banded Racer\5489314689_0dc82a6515_z.jpg,github_indian_snakes,Banded Racer,non_venomous,,558,434,3137,True,val
e:\Coding_Notes\Faunari\data\raw\github_indian_snakes\Non-Venomous\Banded Racer\5489908162_098edd6fd0_z.jpg,github_indian_snakes,Banded Racer,non_venomous,,624,386,3138,True,train
e:\Coding_Notes\Faunari\data\raw\github_indian_snakes\Non-Venomous\Banded Racer\5489908744_1c627cc25f.jpg,github_indian_snakes,Banded Racer,non_venomous,,495,480,3139,True,train
e:\Coding_Notes\Faunari\data\raw\github_indian_snakes\Non-Venomous\Banded Racer\9678299431_e1027b9b6c_b.jpg,github_indian_snakes,Banded Racer,non_venomous,,1024,602,3140,True,train
e:\Coding_Notes\Faunari\data\raw\github_indian_snakes\Non-Venomous\Banded Racer\9678299431_e1027b9b6c_m.jpg,github_indian_snakes,Banded Racer,non_venomous,,240,141,3140,False,train
e:\Coding_Notes\Faunari\data\raw\github_indian_snakes\Non-Venomous\Banded Racer\Argyrogena-fasciolata-03000032230_01.jpg,github_indian_snakes,Banded Racer,non_venomous,,560,420,3141,True,val
e:\Coding_Notes\Faunari\data\raw\github_indian_snakes\Non-Venomous\Banded Racer\banded racer blog.JPG,github_indian_snakes,Banded Racer,non_venomous,,1024,757,3142,True,train
e:\Coding_Notes\Faunari\data\raw\github_indian_snakes\Non-Venomous\Banded Racer\Banded Racer Juvenile.jpg,github_indian_snakes,Banded Racer,non_venomous,,250,178,3143,False,train
e:\Coding_Notes\Faunari\data\raw\github_indian_snakes\Non-Venomous\Banded Racer\Banded Racer.jpg,github_indian_snakes,Banded Racer,non_venomous,,640,338,3144,True,val
e:\Coding_Notes\Faunari\data\raw\github_indian_snakes\Non-Venomous\Banded Racer\banded Racer_001.jpg,github_indian_snakes,Banded Racer,non_venomous,,800,535,3145,True,train
e:\Coding_Notes\Faunari\data\raw\github_indian_snakes\Non-Venomous\Banded Racer\Banded Racer_1105.jpg,github_indian_snakes,Banded Racer,non_venomous,,1024,768,3146,True,train
e:\Coding_Notes\Faunari\data\raw\github_indian_snakes\Non-Venomous\Banded Racer\Banded-Racer-1-700x489.jpg,github_indian_snakes,Banded Racer,non_venomous,,700,489,3147,True,train
e:\Coding_Notes\Faunari\data\raw\github_indian_snakes\Non-Venomous\Banded Racer\Banded-Racer-3-700x417.jpg,github_indian_snakes,Banded Racer,non_venomous,,700,417,3148,True,train
e:\Coding_Notes\Faunari\data\raw\github_indian_snakes\Non-Venomous\Banded Racer\banded-racer-argyrogena-fasciolata-juvenile-non-venomous-locality-DCDHTP.jpg,github_indian_snakes,Banded Racer,non_venomous,,1300,952,3149,True,train
e:\Coding_Notes\Faunari\data\raw\github_indian_snakes\Non-Venomous\Banded Racer\banded-racer-argyrogena-fasciolata-juvenile-non-venomous-locality-h9et85.jpg,github_indian_snakes,Banded Racer,non_venomous,,640,445,3150,True,train
e:\Coding_Notes\Faunari\data\raw\github_indian_snakes\Non-Venomous\Banded Racer\banded-racer-argyrogena-fasciolata-ncbs-bangalore-india-f7n70b.jpg,github_indian_snakes,Banded Racer,non_venomous,,640,447,3151,True,train
e:\Coding_Notes\Faunari\data\raw\github_indian_snakes\Non-Venomous\Banded Racer\banded-racer-argyrogena-fasciolata-non-venomous-not-common-biting-ac6488.jpg,github_indian_snakes,Banded Racer,non_venomous,,640,452,3152,True,train
e:\Coding_Notes\Faunari\data\raw\github_indian_snakes\Non-Venomous\Banded Racer\banded-racer-argyrogena-fasciolata-non-venomous-not-common-juvenile-A6TT4N.jpg,github_indian_snakes,Banded Racer,non_venomous,,1300,952,3153,True,train
e:\Coding_Notes\Faunari\data\raw\github_indian_snakes\Non-Venomous\Banded Racer\banded-racer-argyrogena-fasciolata-non-venomous-not-common-juvenile-A6TT4T.jpg,github_indian_snakes,Banded Racer,non_venomous,,1300,952,3154,True,train
e:\Coding_Notes\Faunari\data\raw\github_indian_snakes\Non-Venomous\Banded Racer\banded-racer-argyrogena-fasciolata-non-venomous-not-common-kalbeliya-AT2BHP.jpg,github_indian_snakes,Banded Racer,non_venomous,,841,1390,3155,True,train
e:\Coding_Notes\Faunari\data\raw\github_indian_snakes\Non-Venomous\Banded Racer\banded-racerargyrogena-fasciolata-ncbs-bangalore-india-f7n6yr.jpg,github_indian_snakes,Banded Racer,non_venomous,,640,447,3156,True,train
e:\Coding_Notes\Faunari\data\raw\github_indian_snakes\Non-Venomous\Banded Racer\banded_racer2.JPG,github_indian_snakes,Banded Racer,non_venomous,,320,306,3157,False,val
e:\Coding_Notes\Faunari\data\raw\github_indian_snakes\Non-Venomous\Banded Racer\Banded_Racer_Argyrogena_fasciolata_by_Ashahar_alias_Krishna_Khan.jpg,github_indian_snakes,Banded Racer,non_venomous,,1200,800,3158,True,test
e:\Coding_Notes\Faunari\data\raw\github_indian_snakes\Non-Venomous\Banded Racer\flagellum_19mar11_1b.jpg,github_indian_snakes,Banded Racer,non_venomous,,750,500,3159,True,train
e:\Coding_Notes\Faunari\data\raw\github_indian_snakes\Non-Venomous\Banded Racer\img6.jpg,github_indian_snakes,Banded Racer,non_venomous,,600,393,3160,True,train
e:\Coding_Notes\Faunari\data\raw\github_indian_snakes\Non-Venomous\Banded Racer\medium.JPG,github_indian_snakes,Banded Racer,non_venomous,,500,283,3161,False,test
e:\Coding_Notes\Faunari\data\raw\github_indian_snakes\Non-Venomous\Banded Racer\snake.JPG,github_indian_snakes,Banded Racer,non_venomous,,1600,987,3162,True,train
e:\Coding_Notes\Faunari\data\raw\github_indian_snakes\Non-Venomous\Banded Racer\wildclicks.jpg,github_indian_snakes,Banded Racer,non_venomous,,620,407,3163,True,train
e:\Coding_Notes\Faunari\data\raw\github_indian_snakes\Non-Venomous\Checkered Keelback\03.jpg,github_indian_snakes,Checkered Keelback,non_venomous,,640,432,3164,True,train
e:\Coding_Notes\Faunari\data\raw\github_indian_snakes\Non-Venomous\Checkered Keelback\1170695.jpg,github_indian_snakes,Checkered Keelback,non_venomous,,250,165,3165,False,train
e:\Coding_Notes\Faunari\data\raw\github_indian_snakes\Non-Venomous\Checkered Keelback\1274637963_d73bd842e0.jpg,github_indian_snakes,Checkered Keelback,non_venomous,,500,340,3166,True,test
e:\Coding_Notes\Faunari\data\raw\github_indian_snakes\Non-Venomous\Checkered Keelback\12783453_954980014598589_967027178_n.jpg,github_indian_snakes,Checkered Keelback,non_venomous,,1080,1080,3167,True,train
e:\Coding_Notes\Faunari\data\raw\github_indian_snakes\Non-Venomous\Checkered Keelback\14587184738_dc5b7b3054_b.jpg,github_indian_snakes,Checkered Keelback,non_venomous,,1024,683,3168,True,test
e:\Coding_Notes\Faunari\data\raw\github_indian_snakes\Non-Venomous\Checkered Keelback\1474640693Checkered Keelback ( Samanya dhoria sanp).JPG,github_indian_snakes,Checkered Keelback,non_venomous,,600,397,3169,True,test
e:\Coding_Notes\Faunari\data\raw\github_indian_snakes\Non-Venomous\Checkered Keelback\1474640697main-2.JPG,github_indian_snakes,Checkered Keelback,non_venomous,,600,400,3170,True,train
e:\Coding_Notes\Faunari\data\raw\github_indian_snakes\Non-Venomous\Checkered Keelback\15563108480_e836a296f0_b.jpg,github_indian_snakes,Checkered Keelback,non_venomous,,1024,683,3171,True,train
e:\Coding_Notes\Faunari\data\raw\github_indian_snakes\Non-Venomous\Checkered Keelback\174_gall.jpg,github_indian_snakes,Checkered Keelback,non_venomous,,420,300,3172,False,train
e:\Coding_Notes\Faunari\data\raw\github_indian_snakes\Non-Venomous\Checkered Keelback\2.jpg,github_indian_snakes,Checkered Keelback,non_venomous,,960,551,3173,True,train
e:\Coding_Notes\Faunari\data\raw\github_indian_snakes\Non-Venomous\Checkered Keelback\20256325489_07fa92c4e6_b.jpg,github_indian_snakes,Checkered Keelback,non_venomous,,1024,744,3174,True,train
e:\Coding_Notes\Faunari\data\raw\github_indian_snakes\Non-Venomous\Checkered Keelback\20390939692_0c4df08d01_k.jpg,github_indian_snakes,Checkered Keelback,non_venomous,,2048,1365,3175,True,test
e:\Coding_Notes\Faunari\data\raw\github_indian_snakes\Non-Venomous\Checkered Keelback\20656965795_eb050dd6c5.jpg,github_indian_snakes,Checkered Keelback,non_venomous,,500,343,3176,True,train
e:\Coding_Notes\Faunari\data\raw\github_indian_snakes\Non-Venomous\Checkered Keelback\20833697950_fa473f7660_b.jpg,github_indian_snakes,Checkered Keelback,non_venomous,,1024,768,3177,True,val
e:\Coding_Notes\Faunari\data\raw\github_indian_snakes\Non-Venomous\Checkered Keelback\2171758814_f5686d0104.jpg,github_indian_snakes,Checkered Keelback,non_venomous,,500,358,3178,True,train
e:\Coding_Notes\Faunari\data\raw\github_indian_snakes\Non-Venomous\Checkered Keelback\220px-AB031_buff_striped_char2.JPG,github_indian_snakes,Checkered Keelback,non_venomous,,220,188,3179,False,train
e:\Coding_Notes\Faunari\data\raw\github_indian_snakes\Non-Venomous\Checkered Keelback\233_s.jpg,github_indian_snakes,Checkered Keelback,non_venomous,,1201,800,3180,True,train
e:\Coding_Notes\Faunari\data\raw\github_indian_snakes\Non-Venomous\Checkered Keelback\24897900911_7d2ee1ecff_b.jpg,github_indian_snakes,Checkered Keelback,non_venomous,,1024,586,3181,True,train
e:\Coding_Notes\Faunari\data\raw\github_indian_snakes\Non-Venomous\Checkered Keelback\27059896011_9809401f01.jpg,github_indian_snakes,Checkered Keelback,non_venomous,,500,375,3182,True,train
e:\Coding_Notes\Faunari\data\raw\github_indian_snakes\Non-Venomous\Checkered Keelback\27095118816_d9248d0b2a.jpg,github_indian_snakes,Checkered Keelback,non_venomous,,500,375,3183,True,train
e:\Coding_Notes\Faunari\data\raw\github_indian_snakes\Non-Venomous\Checkered Keelback\28338459702_4ec8e72d4b_b.jpg,github_indian_snakes,Checkered Keelback,non_venomous,,1024,768,3184,True,train
e:\Coding_Notes\Faunari\data\raw\github_indian_snakes\Non-Venomous\Checkered Keelback\3127695936_95cf55577b.jpg,github_indian_snakes,Checkered Keelback,non_venomous,,500,377,3185,True,train
e:\Coding_Notes\Faunari\data\raw\github_indian_snakes\Non-Venomous\Checkered Keelback\3225992238_8e9d60ce0e.jpg,github_indian_snakes,Checkered Keelback,non_venomous,,500,327,3186,True,train
e:\Coding_Notes\Faunari\data\raw\github_indian_snakes\Non-Venomous\Checkered Keelback\32687581990_c21854f8d1_b.jpg,github_indian_snakes,Checkered Keelback,non_venomous,,1024,694,3187,True,test
e:\Coding_Notes\Faunari\data\raw\github_indian_snakes\Non-Venomous\Checkered Keelback\3344089792_507b20d221.jpg,github_indian_snakes,Checkered Keelback,non_venomous,,500,382,3188,True,train
e:\Coding_Notes\Faunari\data\raw\github_indian_snakes\Non-Venomous\Checkered Keelback\3458289635_0a26c79263.jpg,github_indian_snakes,Checkered Keelback,non_venomous,,364,500,3189,True,test
e:\Coding_Notes\Faunari\data\raw\github_indian_snakes\Non-Venomous\Checkered Keelback\3458294653_a8b87fc769.jpg,github_indian_snakes,Checkered Keelback,non_venomous,,500,424,3190,True,test
e:\Coding_Notes\Faunari\data\raw\github_indian_snakes\Non-Venomous\Checkered Keelback\3459109170_e6448377cd.jpg,github_indian_snakes,Checkered Keelback,non_venomous,,500,396,3191,True,test
e:\Coding_Notes\Faunari\data\raw\github_indian_snakes\Non-Venomous\Checkered Keelback\350_e_s_500.jpg,github_indian_snakes,Checkered Keelback,non_venomous,,1493,993,3192,True,train
e:\Coding_Notes\Faunari\data\raw\github_indian_snakes\Non-Venomous\Checkered Keelback\4094409490_7b474a5030.jpg,github_indian_snakes,Checkered Keelback,non_venomous,,500,342,3193,True,test
e:\Coding_Notes\Faunari\data\raw\github_indian_snakes\Non-Venomous\Checkered Keelback\45009f00bb38a1754edbdffde787a5b6--amphibians-reptiles.jpg,github_indian_snakes,Checkered Keelback,non_venomous,,236,353,3194,False,train
e:\Coding_Notes\Faunari\data\raw\github_indian_snakes\Non-Venomous\Checkered Keelback\483d1b4810b93241b433267681151497--snakes-animals.jpg,github_indian_snakes,Checkered Keelback,non_venomous,,736,551,3195,True,val
e:\Coding_Notes\Faunari\data\raw\github_indian_snakes\Non-Venomous\Checkered Keelback\4884945878_999a15707b_o.jpg,github_indian_snakes,Checkered Keelback,non_venomous,,800,535,3196,True,test
e:\Coding_Notes\Faunari\data\raw\github_indian_snakes\Non-Venomous\Checkered Keelback\491121-checkered-keeeled-back.jpg,github_indian_snakes,Checkered Keelback,non_venomous,,3265,2449,3197,True,train
e:\Coding_Notes\Faunari\data\raw\github_indian_snakes\Non-Venomous\Checkered Keelback\5132438158_7853cbf717.jpg,github_indian_snakes,Checkered Keelback,non_venomous,,500,313,3198,False,train
e:\Coding_Notes\Faunari\data\raw\github_indian_snakes\Non-Venomous\Checkered Keelback\5389390663_3fee7a07d3_o.jpg,github_indian_snakes,Checkered Keelback,non_venomous,,773,516,3199,True,test
e:\Coding_Notes\Faunari\data\raw\github_indian_snakes\Non-Venomous\Checkered Keelback\6.jpg,github_indian_snakes,Checkered Keelback,non_venomous,,960,455,3200,True,train
e:\Coding_Notes\Faunari\data\raw\github_indian_snakes\Non-Venomous\Checkered Keelback\6040463084_f23655f730.jpg,github_indian_snakes,Checkered Keelback,non_venomous,,500,333,3201,True,val
e:\Coding_Notes\Faunari\data\raw\github_indian_snakes\Non-Venomous\Checkered Keelback\6069690177_f5cd0dbe69_o.jpg,github_indian_snakes,Checkered Keelback,non_venomous,,800,533,3202,True,train
e:\Coding_Notes\Faunari\data\raw\github_indian_snakes\Non-Venomous\Checkered Keelback\6888018080_51ce929728.jpg,github_indian_snakes,Checkered Keelback,non_venomous,,500,333,3203,True,train
e:\Coding_Notes\Faunari\data\raw\github_indian_snakes\Non-Venomous\Checkered Keelback\7170810054_1373b1b24f_b.jpg,github_indian_snakes,Checkered Keelback,non_venomous,,1024,547,3204,True,train
e:\Coding_Notes\Faunari\data\raw\github_indian_snakes\Non-Venomous\Checkered Keelback\7170812976_3a35bbdba2_b.jpg,github_indian_snakes,Checkered Keelback,non_venomous,,1024,717,3205,True,test
e:\Coding_Notes\Faunari\data\raw\github_indian_snakes\Non-Venomous\Checkered Keelback\8499894995_0bb1f2a772_m.jpg,github_indian_snakes,Checkered Keelback,non_venomous,,240,180,3206,False,val
e:\Coding_Notes\Faunari\data\raw\github_indian_snakes\Non-Venomous\Checkered Keelback\8500953244_9c4fde2dc2_m.jpg,github_indian_snakes,Checkered Keelback,non_venomous,,240,180,3207,False,train
e:\Coding_Notes\Faunari\data\raw\github_indian_snakes\Non-Venomous\Checkered Keelback\8934339313_505460cf04.jpg,github_indian_snakes,Checkered Keelback,non_venomous,,500,375,3208,True,train
e:\Coding_Notes\Faunari\data\raw\github_indian_snakes\Non-Venomous\Checkered Keelback\9181975166_5a8900bcb4_b.jpg,github_indian_snakes,Checkered Keelback,non_venomous,,1024,576,3209,True,train
e:\Coding_Notes\Faunari\data\raw\github_indian_snakes\Non-Venomous\Checkered Keelback\9258449401_fee23ab38e.jpg,github_indian_snakes,Checkered Keelback,non_venomous,,500,327,3210,True,train
e:\Coding_Notes\Faunari\data\raw\github_indian_snakes\Non-Venomous\Checkered Keelback\amphiesma-stolatum_gerrut2.jpg,github_indian_snakes,Checkered Keelback,non_venomous,,800,535,3211,True,test
e:\Coding_Notes\Faunari\data\raw\github_indian_snakes\Non-Venomous\Checkered Keelback\Amphiesma_stolata (2).jpg,github_indian_snakes,Checkered Keelback,non_venomous,,320,223,3212,False,train
e:\Coding_Notes\Faunari\data\raw\github_indian_snakes\Non-Venomous\Checkered Keelback\Amphiesma_stolata.jpg,github_indian_snakes,Checkered Keelback,non_venomous,,320,234,3213,False,train
e:\Coding_Notes\Faunari\data\raw\github_indian_snakes\Non-Venomous\Checkered Keelback\AmpMai2.jpg,github_indian_snakes,Checkered Keelback,non_venomous,,443,293,3214,False,train
e:\Coding_Notes\Faunari\data\raw\github_indian_snakes\Non-Venomous\Checkered Keelback\BOM 12Dec11 Checkered Keelback Watersnake 03.jpg,github_indian_snakes,Checkered Keelback,non_venomous,,580,385,3215,True,test
e:\Coding_Notes\Faunari\data\raw\github_indian_snakes\Non-Venomous\Checkered Keelback\Buff-Striped-Keelback.jpg,github_indian_snakes,Checkered Keelback,non_venomous,,500,375,3216,True,train
e:\Coding_Notes\Faunari\data\raw\github_indian_snakes\Non-Venomous\Checkered Keelback\C1TZ9PQVEAAUSUZ.jpg,github_indian_snakes,Checkered Keelback,non_venomous,,850,850,3217,True,train
e:\Coding_Notes\Faunari\data\raw\github_indian_snakes\Non-Venomous\Checkered Keelback\C4hS1IoVUAASDWp.jpg,github_indian_snakes,Checkered Keelback,non_venomous,,309,432,3218,False,train
e:\Coding_Notes\Faunari\data\raw\github_indian_snakes\Non-Venomous\Checkered Keelback\Char8_Small_tail.JPG,github_indian_snakes,Checkered Keelback,non_venomous,,449,337,3219,False,test
e:\Coding_Notes\Faunari\data\raw\github_indian_snakes\Non-Venomous\Checkered Keelback\checked keelback watersnake.jpg,github_indian_snakes,Checkered Keelback,non_venomous,,400,266,3220,False,train
e:\Coding_Notes\Faunari\data\raw\github_indian_snakes\Non-Venomous\Checkered Keelback\checked keelback.jpg,github_indian_snakes,Checkered Keelback,non_venomous,,500,335,3221,True,val
e:\Coding_Notes\Faunari\data\raw\github_indian_snakes\Non-Venomous\Checkered Keelback\checkered keelback blog.JPG,github_indian_snakes,Checkered Keelback,non_venomous,,832,768,3222,True,val
e:\Coding_Notes\Faunari\data\raw\github_indian_snakes\Non-Venomous\Checkered Keelback\checkered keelback blog2.JPG,github_indian_snakes,Checkered Keelback,non_venomous,,1600,1369,3223,True,test
e:\Coding_Notes\Faunari\data\raw\github_indian_snakes\Non-Venomous\Checkered Keelback\Checkered Keelback.jpg,github_indian_snakes,Checkered Keelback,non_venomous,,902,668,3224,True,train
e:\Coding_Notes\Faunari\data\raw\github_indian_snakes\Non-Venomous\Checkered Keelback\Checkered keelback_001.JPG,github_indian_snakes,Checkered Keelback,non_venomous,,1600,1539,3225,True,test
e:\Coding_Notes\Faunari\data\raw\github_indian_snakes\Non-Venomous\Checkered Keelback\checkered keelback_002.jpg,github_indian_snakes,Checkered Keelback,non_venomous,,1600,1063,3226,True,test
e:\Coding_Notes\Faunari\data\raw\github_indian_snakes\Non-Venomous\Checkered Keelback\Checkered Keelback_003.jpg,github_indian_snakes,Checkered Keelback,non_venomous,,1000,651,3227,True,train
e:\Coding_Notes\Faunari\data\raw\github_indian_snakes\Non-Venomous\Checkered Keelback\checkered keelback_004.jpg,github_indian_snakes,Checkered Keelback,non_venomous,,440,320,3228,False,train
e:\Coding_Notes\Faunari\data\raw\github_indian_snakes\Non-Venomous\Checkered Keelback\checkered-keel-back-water-snake-xenochropis-piscator-et0cmb.jpg,github_indian_snakes,Checkered Keelback,non_venomous,,640,447,3229,True,val
e:\Coding_Notes\Faunari\data\raw\github_indian_snakes\Non-Venomous\Checkered Keelback\Checkered-Keelback-.jpg,github_indian_snakes,Checkered Keelback,non_venomous,,960,640,3230,True,val
e:\Coding_Notes\Faunari\data\raw\github_indian_snakes\Non-Venomous\Checkered Keelback\Checkered-Keelback-1.jpg,github_indian_snakes,Checkered Keelback,non_venomous,,640,480,3231,True,train
e:\Coding_Notes\Faunari\data\raw\github_indian_snakes\Non-Venomous\Checkered Keelback\Checkered-Keelback-2.jpg,github_indian_snakes,Checkered Keelback,non_venomous,,640,480,3232,True,train
e:\Coding_Notes\Faunari\data\raw\github_indian_snakes\Non-Venomous\Checkered Keelback\checkered-keelback-or-Asiatic-water-snake-Xenochrophis-piscator-11-2015-Toon1.jpg,github_indian_snakes,Checkered Keelback,non_venomous,,400,281,3233,False,train
e:\Coding_Notes\Faunari\data\raw\github_indian_snakes\Non-Venomous\Checkered Keelback\checkered-keelback-or-Asiatic-water-snake-Xenochrophis-piscator-11-2015-Toon2.jpg,github_indian_snakes,Checkered Keelback,non_venomous,,400,267,3234,False,train
e:\Coding_Notes\Faunari\data\raw\github_indian_snakes\Non-Venomous\Checkered Keelback\checkered-keelback-snake.jpg,github_indian_snakes,Checkered Keelback,non_venomous,,600,400,3235,True,train
e:\Coding_Notes\Faunari\data\raw\github_indian_snakes\Non-Venomous\Checkered Keelback\checkered-keelback-water-snake-xenochrophis-piscator-keoladeo-ghana-EYJX7F.jpg,github_indian_snakes,Checkered Keelback,non_venomous,,1300,953,3236,True,train
e:\Coding_Notes\Faunari\data\raw\github_indian_snakes\Non-Venomous\Checkered Keelback\checkered-keelback-water-snake-xenochrophis-piscator-keoladeo-ghana-eyjx7x.jpg,github_indian_snakes,Checkered Keelback,non_venomous,,450,319,3237,False,train
e:\Coding_Notes\Faunari\data\raw\github_indian_snakes\Non-Venomous\Checkered Keelback\checkered-keelback-water-snake-xenochrophis-piscator-keoladeo-ghana-EYJX8X.jpg,github_indian_snakes,Checkered Keelback,non_venomous,,1300,953,3238,True,test
e:\Coding_Notes\Faunari\data\raw\github_indian_snakes\Non-Venomous\Checkered Keelback\checkered-keelback-xenochrophis-piscator-non-venomous-common-checkered-a0jd7j.jpg,github_indian_snakes,Checkered Keelback,non_venomous,,640,445,3239,True,train
e:\Coding_Notes\Faunari\data\raw\github_indian_snakes\Non-Venomous\Checkered Keelback\checkered-keelback-xenochrophis-piscator-non-venomous-common-checkered-BB81D9.jpg,github_indian_snakes,Checkered Keelback,non_venomous,,1300,956,3240,True,train
e:\Coding_Notes\Faunari\data\raw\github_indian_snakes\Non-Venomous\Checkered Keelback\checkered-keelback-xenochrophis-piscator-non-venomous-common-checkered-C68YTX.jpg,github_indian_snakes,Checkered Keelback,non_venomous,,1300,956,3241,True,test
e:\Coding_Notes\Faunari\data\raw\github_indian_snakes\Non-Venomous\Checkered Keelback\checkered-keelback-xenochrophis-piscator-non-venomous-common-paniwala-AX0A6G.jpg,github_indian_snakes,Checkered Keelback,non_venomous,,1300,960,3242,True,val
e:\Coding_Notes\Faunari\data\raw\github_indian_snakes\Non-Venomous\Checkered Keelback\checkered-keelback-xenochrophis-piscator-non-venomous-common-scavenging-b31r66.jpg,github_indian_snakes,Checkered Keelback,non_venomous,,640,446,3243,True,train
e:\Coding_Notes\Faunari\data\raw\github_indian_snakes\Non-Venomous\Checkered Keelback\checkered-keelback-xenochrophis-piscator-ranthambhore-national-park-ajyt7g.jpg,github_indian_snakes,Checkered Keelback,non_venomous,,640,445,3244,True,train
e:\Coding_Notes\Faunari\data\raw\github_indian_snakes\Non-Venomous\Checkered Keelback\Checkered-Keelbacks-2.jpg,github_indian_snakes,Checkered Keelback,non_venomous,,1024,456,3245,True,train
e:\Coding_Notes\Faunari\data\raw\github_indian_snakes\Non-Venomous\Checkered Keelback\Checkered-Keelbacks-4.jpg,github_indian_snakes,Checkered Keelback,non_venomous,,1024,483,3246,True,val
e:\Coding_Notes\Faunari\data\raw\github_indian_snakes\Non-Venomous\Checkered Keelback\Checkered-Keelbacks-6.jpg,github_indian_snakes,Checkered Keelback,non_venomous,,1024,511,3247,True,train
e:\Coding_Notes\Faunari\data\raw\github_indian_snakes\Non-Venomous\Checkered Keelback\Checkered-Keelback_001.jpg,github_indian_snakes,Checkered Keelback,non_venomous,,800,264,3248,True,train
e:\Coding_Notes\Faunari\data\raw\github_indian_snakes\Non-Venomous\Checkered Keelback\checkered-keelback_002.jpg,github_indian_snakes,Checkered Keelback,non_venomous,,599,356,3249,True,test
e:\Coding_Notes\Faunari\data\raw\github_indian_snakes\Non-Venomous\Checkered Keelback\Checkered-Keelback_003.jpg,github_indian_snakes,Checkered Keelback,non_venomous,,3000,1995,3250,True,test
e:\Coding_Notes\Faunari\data\raw\github_indian_snakes\Non-Venomous\Checkered Keelback\Checkered-keelback_004.jpg,github_indian_snakes,Checkered Keelback,non_venomous,,494,347,3251,True,train
e:\Coding_Notes\Faunari\data\raw\github_indian_snakes\Non-Venomous\Checkered Keelback\Checkered-keelback_in_IIT_Bombay.JPG,github_indian_snakes,Checkered Keelback,non_venomous,,1000,750,3252,True,train
e:\Coding_Notes\Faunari\data\raw\github_indian_snakes\Non-Venomous\Checkered Keelback\checkeredkeelback.jpg,github_indian_snakes,Checkered Keelback,non_venomous,,621,462,3253,True,val
e:\Coding_Notes\Faunari\data\raw\github_indian_snakes\Non-Venomous\Checkered Keelback\Checkered_Keelback.jpg,github_indian_snakes,Checkered Keelback,non_venomous,,800,533,3254,True,train
e:\Coding_Notes\Faunari\data\raw\github_indian_snakes\Non-Venomous\Checkered Keelback\Checkered_Keelback_(Xenochrophis_piscator)_漁游蛇.jpg,github_indian_snakes,Checkered Keelback,non_venomous,,1024,681,3255,True,val
e:\Coding_Notes\Faunari\data\raw\github_indian_snakes\Non-Venomous\Checkered Keelback\Checkered_Keelback_(Xenochrophis_piscator)_漁游蛇2.jpg,github_indian_snakes,Checkered Keelback,non_venomous,,1024,684,3256,True,test
e:\Coding_Notes\Faunari\data\raw\github_indian_snakes\Non-Venomous\Checkered Keelback\Checkered_Keelback_(Xenochrophis_piscator)_漁游蛇5.jpg,github_indian_snakes,Checkered Keelback,non_venomous,,1024,683,3257,True,train
e:\Coding_Notes\Faunari\data\raw\github_indian_snakes\Non-Venomous\Checkered Keelback\checkered_keelback_water_snake.jpg,github_indian_snakes,Checkered Keelback,non_venomous,,632,328,3258,True,train
"e:\Coding_Notes\Faunari\data\raw\github_indian_snakes\Non-Venomous\Checkered Keelback\Checkered_Keelback_Xenochrophis_piscator_Schneider,_1799_Assam_by_Dr_Raju_Kasambe_DSC_0477_(2).JPG",github_indian_snakes,Checkered Keelback,non_venomous,,220,133,3259,False,train
e:\Coding_Notes\Faunari\data\raw\github_indian_snakes\Non-Venomous\Checkered Keelback\Chekkered Keel Back.jpg,github_indian_snakes,Checkered Keelback,non_venomous,,800,600,3260,True,train
e:\Coding_Notes\Faunari\data\raw\github_indian_snakes\Non-Venomous\Checkered Keelback\chequred keelback.jpg,github_indian_snakes,Checkered Keelback,non_venomous,,504,336,3261,True,train
e:\Coding_Notes\Faunari\data\raw\github_indian_snakes\Non-Venomous\Checkered Keelback\ckb full3.jpg,github_indian_snakes,Checkered Keelback,non_venomous,,1024,505,3262,True,val
e:\Coding_Notes\Faunari\data\raw\github_indian_snakes\Non-Venomous\Checkered Keelback\ckb.jpg,github_indian_snakes,Checkered Keelback,non_venomous,,1024,655,3263,True,train
e:\Coding_Notes\Faunari\data\raw\github_indian_snakes\Non-Venomous\Checkered Keelback\Cm9GKVuUMAAoh1K.jpg,github_indian_snakes,Checkered Keelback,non_venomous,,1200,675,3264,True,train
e:\Coding_Notes\Faunari\data\raw\github_indian_snakes\Non-Venomous\Checkered Keelback\CxDP8_ZUoAQhwy3.jpg,github_indian_snakes,Checkered Keelback,non_venomous,,800,1200,3265,True,train
e:\Coding_Notes\Faunari\data\raw\github_indian_snakes\Non-Venomous\Checkered Keelback\DSC00369.JPG,github_indian_snakes,Checkered Keelback,non_venomous,,345,299,3266,True,train
e:\Coding_Notes\Faunari\data\raw\github_indian_snakes\Non-Venomous\Checkered Keelback\DSC00813.JPG,github_indian_snakes,Checkered Keelback,non_venomous,,1600,1200,3267,True,train
e:\Coding_Notes\Faunari\data\raw\github_indian_snakes\Non-Venomous\Checkered Keelback\DSC4977.jpg,github_indian_snakes,Checkered Keelback,non_venomous,,1024,582,3268,True,train
e:\Coding_Notes\Faunari\data\raw\github_indian_snakes\Non-Venomous\Checkered Keelback\DSC_3798-1.jpg,github_indian_snakes,Checkered Keelback,non_venomous,,1600,1062,3269,True,train
e:\Coding_Notes\Faunari\data\raw\github_indian_snakes\Non-Venomous\Checkered Keelback\dyabayack.jpg,github_indian_snakes,Checkered Keelback,non_venomous,,200,200,3270,False,train
e:\Coding_Notes\Faunari\data\raw\github_indian_snakes\Non-Venomous\Checkered Keelback\entomology-ornithology-herpetology-Xenochorpis-piscator-4-136-g003.png,github_indian_snakes,Checkered Keelback,non_venomous,,477,355,3271,True,train
e:\Coding_Notes\Faunari\data\raw\github_indian_snakes\Non-Venomous\Checkered Keelback\Fauna-6.jpg,github_indian_snakes,Checkered Keelback,non_venomous,,800,600,3272,True,train
e:\Coding_Notes\Faunari\data\raw\github_indian_snakes\Non-Venomous\Checkered Keelback\hqdefault.jpg,github_indian_snakes,Checkered Keelback,non_venomous,,480,360,3273,True,val
e:\Coding_Notes\Faunari\data\raw\github_indian_snakes\Non-Venomous\Checkered Keelback\hqdefault_002.jpg,github_indian_snakes,Checkered Keelback,non_venomous,,480,360,3274,True,test
e:\Coding_Notes\Faunari\data\raw\github_indian_snakes\Non-Venomous\Checkered Keelback\hqdefault_005.jpg,github_indian_snakes,Checkered Keelback,non_venomous,,480,360,3275,True,val
e:\Coding_Notes\Faunari\data\raw\github_indian_snakes\Non-Venomous\Checkered Keelback\hqdefault_007.jpg,github_indian_snakes,Checkered Keelback,non_venomous,,480,360,3276,True,train
e:\Coding_Notes\Faunari\data\raw\github_indian_snakes\Non-Venomous\Checkered Keelback\img_0498.jpg,github_indian_snakes,Checkered Keelback,non_venomous,,800,533,3277,True,train
e:\Coding_Notes\Faunari\data\raw\github_indian_snakes\Non-Venomous\Checkered Keelback\img_0563-copy.jpg,github_indian_snakes,Checkered Keelback,non_venomous,,1106,738,3278,True,train
e:\Coding_Notes\Faunari\data\raw\github_indian_snakes\Non-Venomous\Checkered Keelback\img_2570-001.jpg,github_indian_snakes,Checkered Keelback,non_venomous,,1000,669,3279,True,train
e:\Coding_Notes\Faunari\data\raw\github_indian_snakes\Non-Venomous\Checkered Keelback\IMG_4798.JPG,github_indian_snakes,Checkered Keelback,non_venomous,,700,224,3280,False,hardcase
e:\Coding_Notes\Faunari\data\raw\github_indian_snakes\Non-Venomous\Checkered Keelback\IMG_5300.JPG,github_indian_snakes,Checkered Keelback,non_venomous,,1200,1600,3281,True,train
e:\Coding_Notes\Faunari\data\raw\github_indian_snakes\Non-Venomous\Checkered Keelback\img_5554.jpg,github_indian_snakes,Checkered Keelback,non_venomous,,2935,2005,3282,True,test
e:\Coding_Notes\Faunari\data\raw\github_indian_snakes\Non-Venomous\Checkered Keelback\img_6516.jpg,github_indian_snakes,Checkered Keelback,non_venomous,,4000,3000,3283,True,val
e:\Coding_Notes\Faunari\data\raw\github_indian_snakes\Non-Venomous\Checkered Keelback\IMG_7087.JPG,github_indian_snakes,Checkered Keelback,non_venomous,,800,612,3284,True,val
e:\Coding_Notes\Faunari\data\raw\github_indian_snakes\Non-Venomous\Checkered Keelback\img_7098.jpg,github_indian_snakes,Checkered Keelback,non_venomous,,800,534,3285,True,train
e:\Coding_Notes\Faunari\data\raw\github_indian_snakes\Non-Venomous\Checkered Keelback\keelback1.jpg,github_indian_snakes,Checkered Keelback,non_venomous,,660,417,3286,True,train
e:\Coding_Notes\Faunari\data\raw\github_indian_snakes\Non-Venomous\Checkered Keelback\keelback_fish (5)_s.jpg,github_indian_snakes,Checkered Keelback,non_venomous,,1201,800,3287,True,train
e:\Coding_Notes\Faunari\data\raw\github_indian_snakes\Non-Venomous\Checkered Keelback\maxresdefault.jpg,github_indian_snakes,Checkered Keelback,non_venomous,,697,1014,3288,True,train
e:\Coding_Notes\Faunari\data\raw\github_indian_snakes\Non-Venomous\Checkered Keelback\maxresdefault_003.jpg,github_indian_snakes,Checkered Keelback,non_venomous,,1280,720,3289,True,train
e:\Coding_Notes\Faunari\data\raw\github_indian_snakes\Non-Venomous\Checkered Keelback\maxresdefault_004.jpg,github_indian_snakes,Checkered Keelback,non_venomous,,1280,720,3290,True,test
e:\Coding_Notes\Faunari\data\raw\github_indian_snakes\Non-Venomous\Checkered Keelback\maxresdefault_006.jpg,github_indian_snakes,Checkered Keelback,non_venomous,,1280,720,3291,True,train
e:\Coding_Notes\Faunari\data\raw\github_indian_snakes\Non-Venomous\Checkered Keelback\maxresdefault_009.jpg,github_indian_snakes,Checkered Keelback,non_venomous,,1280,720,3292,True,train
e:\Coding_Notes\Faunari\data\raw\github_indian_snakes\Non-Venomous\Checkered Keelback\maxresdefault_011.jpg,github_indian_snakes,Checkered Keelback,non_venomous,,1280,720,3293,True,train
e:\Coding_Notes\Faunari\data\raw\github_indian_snakes\Non-Venomous\Checkered Keelback\Natrix piscator.jpg,github_indian_snakes,Checkered Keelback,non_venomous,,240,180,3294,False,train
e:\Coding_Notes\Faunari\data\raw\github_indian_snakes\Non-Venomous\Checkered Keelback\PICT6251_fcw.jpg,github_indian_snakes,Checkered Keelback,non_venomous,,518,640,3295,True,train
e:\Coding_Notes\Faunari\data\raw\github_indian_snakes\Non-Venomous\Checkered Keelback\red-necked-keelback-800x600.jpg,github_indian_snakes,Checkered Keelback,non_venomous,,800,534,3296,True,train
e:\Coding_Notes\Faunari\data\raw\github_indian_snakes\Non-Venomous\Checkered Keelback\stock-photo-green-snake-checkered-keelback-xenochrophis-piscator-621348263.jpg,github_indian_snakes,Checkered Keelback,non_venomous,,450,270,3297,False,train
e:\Coding_Notes\Faunari\data\raw\github_indian_snakes\Non-Venomous\Checkered Keelback\stock-photo-green-snake-checkered-keelback-xenochrophis-piscator-621348284.jpg,github_indian_snakes,Checkered Keelback,non_venomous,,450,270,3298,False,train
e:\Coding_Notes\Faunari\data\raw\github_indian_snakes\Non-Venomous\Checkered Keelback\stock-photo-green-snake-checkered-keelback-xenochrophis-piscator-621348332.jpg,github_indian_snakes,Checkered Keelback,non_venomous,,450,270,3299,False,test
e:\Coding_Notes\Faunari\data\raw\github_indian_snakes\Non-Venomous\Checkered Keelback\stock-photo-green-snake-checkered-keelback-xenochrophis-piscator-621348356.jpg,github_indian_snakes,Checkered Keelback,non_venomous,,450,270,3300,False,train
e:\Coding_Notes\Faunari\data\raw\github_indian_snakes\Non-Venomous\Checkered Keelback\stunningly-beautiful-snake-with-clear-checkered-marks.jpg,github_indian_snakes,Checkered Keelback,non_venomous,,3906,2602,3301,True,val
e:\Coding_Notes\Faunari\data\raw\github_indian_snakes\Non-Venomous\Checkered Keelback\xenochrophis-piscator-checkered-keelback-non-venomous-arunachal-pradesh-h9erhb.jpg,github_indian_snakes,Checkered Keelback,non_venomous,,640,447,3302,True,train
e:\Coding_Notes\Faunari\data\raw\github_indian_snakes\Non-Venomous\Checkered Keelback\xenochrophis-piscator-checkered-keelback-water-snake-close-up-non-h9erxp.jpg,github_indian_snakes,Checkered Keelback,non_venomous,,640,450,3303,True,train
e:\Coding_Notes\Faunari\data\raw\github_indian_snakes\Non-Venomous\Checkered Keelback\xenochrophis-piscator-checkered-keelback-water-snake-non-venomous-DFBH00.jpg,github_indian_snakes,Checkered Keelback,non_venomous,,975,1390,3304,True,train
e:\Coding_Notes\Faunari\data\raw\github_indian_snakes\Non-Venomous\Checkered Keelback\xenochrophis-piscator-checkered-keelback-water-snake-non-venomous-h9ertg.jpg,github_indian_snakes,Checkered Keelback,non_venomous,,450,315,3305,False,train
e:\Coding_Notes\Faunari\data\raw\github_indian_snakes\Non-Venomous\Checkered Keelback\xenochrophis-piscator-checkered-keelback-water-snake-non-venomous-H9ERXF.jpg,github_indian_snakes,Checkered Keelback,non_venomous,,1300,957,3306,True,train
e:\Coding_Notes\Faunari\data\raw\github_indian_snakes\Non-Venomous\Checkered Keelback\xenochrophis-piscator-checkered-keelback-water-snake-non-venomous-h9erxh.jpg,github_indian_snakes,Checkered Keelback,non_venomous,,640,448,3307,True,test
e:\Coding_Notes\Faunari\data\raw\github_indian_snakes\Non-Venomous\Checkered Keelback\xenochrophis-piscator-checkered-keelback-water-snake-non-venomous-h9erxk.jpg,github_indian_snakes,Checkered Keelback,non_venomous,,640,450,3308,True,train
e:\Coding_Notes\Faunari\data\raw\github_indian_snakes\Non-Venomous\Checkered Keelback\Xenochrophis_piscator_at_Kadavoor.jpg,github_indian_snakes,Checkered Keelback,non_venomous,,220,293,3309,False,val
e:\Coding_Notes\Faunari\data\raw\github_indian_snakes\Non-Venomous\Checkered Keelback\yellow-spotted-keelback-11-26-10-in-payao-province-31.jpg,github_indian_snakes,Checkered Keelback,non_venomous,,2512,1669,3310,True,test
e:\Coding_Notes\Faunari\data\raw\github_indian_snakes\Non-Venomous\Checkered Keelback\yellow-spotted-keelback-11-26-10-in-payao-province1.jpg,github_indian_snakes,Checkered Keelback,non_venomous,,3648,2436,3311,True,train
e:\Coding_Notes\Faunari\data\raw\github_indian_snakes\Non-Venomous\Checkered Keelback\yellow-spotted-keelback-3-17-11-in-ramkhamhaeng.jpg,github_indian_snakes,Checkered Keelback,non_venomous,,1693,1132,3312,True,train
e:\Coding_Notes\Faunari\data\raw\github_indian_snakes\Non-Venomous\Checkered Keelback\yellow-spotted-keelback-xenocropis-flavipunctus-vietnam-alex-krohn-21.jpg,github_indian_snakes,Checkered Keelback,non_venomous,,600,400,3313,True,test
e:\Coding_Notes\Faunari\data\raw\github_indian_snakes\Non-Venomous\Checkered Keelback\yellowspottedkeelback.jpg,github_indian_snakes,Checkered Keelback,non_venomous,,289,339,3314,False,train
e:\Coding_Notes\Faunari\data\raw\github_indian_snakes\Non-Venomous\Checkered Keelback\_9068dce4-3ca7-11e7-99bd-b9a47f5fadca.jpg,github_indian_snakes,Checkered Keelback,non_venomous,,960,538,3315,True,train
e:\Coding_Notes\Faunari\data\raw\github_indian_snakes\Non-Venomous\Checkered Keelback\_DSC0413.jpg,github_indian_snakes,Checkered Keelback,non_venomous,,1407,850,3316,True,train
e:\Coding_Notes\Faunari\data\raw\github_indian_snakes\Non-Venomous\Checkered Keelback\_DSC0418.jpg,github_indian_snakes,Checkered Keelback,non_venomous,,1300,850,3317,True,train
e:\Coding_Notes\Faunari\data\raw\github_indian_snakes\Non-Venomous\Common Rat Snake\0763.jpeg,github_indian_snakes,Common Rat Snake,non_venomous,,768,501,3318,True,test
e:\Coding_Notes\Faunari\data\raw\github_indian_snakes\Non-Venomous\Common Rat Snake\0e07f0ba188cf87784d3c48f54e91ce3.jpg,github_indian_snakes,Common Rat Snake,non_venomous,,609,467,3319,True,train
e:\Coding_Notes\Faunari\data\raw\github_indian_snakes\Non-Venomous\Common Rat Snake\1.jpg,github_indian_snakes,Common Rat Snake,non_venomous,,500,334,3320,True,train
e:\Coding_Notes\Faunari\data\raw\github_indian_snakes\Non-Venomous\Common Rat Snake\11225995516_f9288eb60a_b.jpg,github_indian_snakes,Common Rat Snake,non_venomous,,1024,768,3321,True,test
e:\Coding_Notes\Faunari\data\raw\github_indian_snakes\Non-Venomous\Common Rat Snake\112282-850x565-Yellow_Rat_Snake.jpg,github_indian_snakes,Common Rat Snake,non_venomous,,850,565,3322,True,train
e:\Coding_Notes\Faunari\data\raw\github_indian_snakes\Non-Venomous\Common Rat Snake\126763-004-312A729C.jpg,github_indian_snakes,Common Rat Snake,non_venomous,,550,413,3323,True,train
e:\Coding_Notes\Faunari\data\raw\github_indian_snakes\Non-Venomous\Common Rat Snake\130108132044_1_900x600.jpg,github_indian_snakes,Common Rat Snake,non_venomous,,798,600,3324,True,train
e:\Coding_Notes\Faunari\data\raw\github_indian_snakes\Non-Venomous\Common Rat Snake\143197P3112612.JPG,github_indian_snakes,Common Rat Snake,non_venomous,,640,480,3325,True,train
e:\Coding_Notes\Faunari\data\raw\github_indian_snakes\Non-Venomous\Common Rat Snake\1463253_178992368962946_371907696_n.jpg,github_indian_snakes,Common Rat Snake,non_venomous,,960,614,3326,True,train
e:\Coding_Notes\Faunari\data\raw\github_indian_snakes\Non-Venomous\Common Rat Snake\15443305748_4134d9051d.jpg,github_indian_snakes,Common Rat Snake,non_venomous,,500,333,3327,True,train
e:\Coding_Notes\Faunari\data\raw\github_indian_snakes\Non-Venomous\Common Rat Snake\16668569-Close-up-of-Indo-Chinese-Rat-snake-Thailand--Stock-Photo.jpg,github_indian_snakes,Common Rat Snake,non_venomous,,1300,861,3328,True,train
e:\Coding_Notes\Faunari\data\raw\github_indian_snakes\Non-Venomous\Common Rat Snake\175a2372jpg-35eda8314988c49d.jpg,github_indian_snakes,Common Rat Snake,non_venomous,,1209,1280,3329,True,train
e:\Coding_Notes\Faunari\data\raw\github_indian_snakes\Non-Venomous\Common Rat Snake\178737411_XS.jpg,github_indian_snakes,Common Rat Snake,non_venomous,,640,423,3330,True,train
e:\Coding_Notes\Faunari\data\raw\github_indian_snakes\Non-Venomous\Common Rat Snake\1YEL.jpg,github_indian_snakes,Common Rat Snake,non_venomous,,425,566,3331,True,train
e:\Coding_Notes\Faunari\data\raw\github_indian_snakes\Non-Venomous\Common Rat Snake\200907260821-radnor-lake-gray-rat-snake-500.jpg,github_indian_snakes,Common Rat Snake,non_venomous,,500,920,3332,True,val
e:\Coding_Notes\Faunari\data\raw\github_indian_snakes\Non-Venomous\Common Rat Snake\20929802866_00f8b18b33.jpg,github_indian_snakes,Common Rat Snake,non_venomous,,500,333,3333,True,val
e:\Coding_Notes\Faunari\data\raw\github_indian_snakes\Non-Venomous\Common Rat Snake\220px-Rat_Snake.JPG,github_indian_snakes,Common Rat Snake,non_venomous,,220,147,3334,True,hardcase
e:\Coding_Notes\Faunari\data\raw\github_indian_snakes\Non-Venomous\Common Rat Snake\22988615802_7b2d139387_b.jpg,github_indian_snakes,Common Rat Snake,non_venomous,,1024,622,3335,True,train
e:\Coding_Notes\Faunari\data\raw\github_indian_snakes\Non-Venomous\Common Rat Snake\22cdfe6495d034308305a00eeee78be8.jpg,github_indian_snakes,Common Rat Snake,non_venomous,,332,268,3336,False,train
e:\Coding_Notes\Faunari\data\raw\github_indian_snakes\Non-Venomous\Common Rat Snake\23acc8022303e373f72893f094dcd22f--snake-photos-corn-snake.jpg,github_indian_snakes,Common Rat Snake,non_venomous,,516,600,3337,True,train
e:\Coding_Notes\Faunari\data\raw\github_indian_snakes\Non-Venomous\Common Rat Snake\25563616774_184364c614.jpg,github_indian_snakes,Common Rat Snake,non_venomous,,500,333,3338,True,test
e:\Coding_Notes\Faunari\data\raw\github_indian_snakes\Non-Venomous\Common Rat Snake\2953885821_2921103913.jpg,github_indian_snakes,Common Rat Snake,non_venomous,,500,415,3339,True,train
e:\Coding_Notes\Faunari\data\raw\github_indian_snakes\Non-Venomous\Common Rat Snake\2973845429_d9d5ce06a3_b.jpg,github_indian_snakes,Common Rat Snake,non_venomous,,1024,587,3340,True,train
e:\Coding_Notes\Faunari\data\raw\github_indian_snakes\Non-Venomous\Common Rat Snake\2e98fb26a3748cf7be50b02d89c91836.jpg,github_indian_snakes,Common Rat Snake,non_venomous,,368,276,3341,False,train
e:\Coding_Notes\Faunari\data\raw\github_indian_snakes\Non-Venomous\Common Rat Snake\33326151560_f9888f9e35_b.jpg,github_indian_snakes,Common Rat Snake,non_venomous,,1024,536,3342,True,train
e:\Coding_Notes\Faunari\data\raw\github_indian_snakes\Non-Venomous\Common Rat Snake\38AC2D51-1DD8-B71C-077A00C10D49AA3C-large.JPG,github_indian_snakes,Common Rat Snake,non_venomous,,800,600,3343,True,train
e:\Coding_Notes\Faunari\data\raw\github_indian_snakes\Non-Venomous\Common Rat Snake\4108235465_d0b32976cc_b.jpg,github_indian_snakes,Common Rat Snake,non_venomous,,1024,768,3344,True,val
e:\Coding_Notes\Faunari\data\raw\github_indian_snakes\Non-Venomous\Common Rat Snake\464685_469785913108783_1755378000_o.jpg,github_indian_snakes,Common Rat Snake,non_venomous,,1500,774,3345,True,train
e:\Coding_Notes\Faunari\data\raw\github_indian_snakes\Non-Venomous\Common Rat Snake\5078041194_1f8a6af122_b.jpg,github_indian_snakes,Common Rat Snake,non_venomous,,1024,654,3346,True,train
e:\Coding_Notes\Faunari\data\raw\github_indian_snakes\Non-Venomous\Common Rat Snake\5c3dd3dc91c4283c73c5992e0a62b28f.jpg,github_indian_snakes,Common Rat Snake,non_venomous,,1260,945,3347,True,train
e:\Coding_Notes\Faunari\data\raw\github_indian_snakes\Non-Venomous\Common Rat Snake\6003828805_550b0fbd1a_b.jpg,github_indian_snakes,Common Rat Snake,non_venomous,,1024,657,3348,True,test
e:\Coding_Notes\Faunari\data\raw\github_indian_snakes\Non-Venomous\Common Rat Snake\6004373992_e68bbf6a83_b.jpg,github_indian_snakes,Common Rat Snake,non_venomous,,1024,683,3349,True,train
e:\Coding_Notes\Faunari\data\raw\github_indian_snakes\Non-Venomous\Common Rat Snake\6010585911_bb89b7d3b4_b.jpg,github_indian_snakes,Common Rat Snake,non_venomous,,1024,786,3350,True,train
e:\Coding_Notes\Faunari\data\raw\github_indian_snakes\Non-Venomous\Common Rat Snake\62b8a1.jpg,github_indian_snakes,Common Rat Snake,non_venomous,,327,382,3351,False,val
e:\Coding_Notes\Faunari\data\raw\github_indian_snakes\Non-Venomous\Common Rat Snake\7053016215_6bd318e3ff_b.jpg,github_indian_snakes,Common Rat Snake,non_venomous,,1024,685,3352,True,test
e:\Coding_Notes\Faunari\data\raw\github_indian_snakes\Non-Venomous\Common Rat Snake\7801682640_00b2183a0a_b-bernard-dupont.jpg,github_indian_snakes,Common Rat Snake,non_venomous,,1000,752,3353,True,train
e:\Coding_Notes\Faunari\data\raw\github_indian_snakes\Non-Venomous\Common Rat Snake\800px-Common_Rat_Snake_(Ptyas_mucosa)_水律5.jpg,github_indian_snakes,Common Rat Snake,non_venomous,,800,534,3354,True,train
e:\Coding_Notes\Faunari\data\raw\github_indian_snakes\Non-Venomous\Common Rat Snake\83612cc4c22f4694c89577510d3c9bdf.jpg,github_indian_snakes,Common Rat Snake,non_venomous,,650,490,3355,True,train
e:\Coding_Notes\Faunari\data\raw\github_indian_snakes\Non-Venomous\Common Rat Snake\87679859_XS.jpg,github_indian_snakes,Common Rat Snake,non_venomous,,400,267,3356,False,train
e:\Coding_Notes\Faunari\data\raw\github_indian_snakes\Non-Venomous\Common Rat Snake\9862346-Close-up-of-Common-Rat-Snake-Thailand--Stock-Photo-snake.jpg,github_indian_snakes,Common Rat Snake,non_venomous,,1300,863,3357,True,train
e:\Coding_Notes\Faunari\data\raw\github_indian_snakes\Non-Venomous\Common Rat Snake\9geraniyade.jpg,github_indian_snakes,Common Rat Snake,non_venomous,,468,330,3358,False,train
e:\Coding_Notes\Faunari\data\raw\github_indian_snakes\Non-Venomous\Common Rat Snake\AB083_Ptyas_mucosos.JPG,github_indian_snakes,Common Rat Snake,non_venomous,,405,321,3359,False,train
e:\Coding_Notes\Faunari\data\raw\github_indian_snakes\Non-Venomous\Common Rat Snake\AesculapianSnake30C_JasonSteel_950.jpg,github_indian_snakes,Common Rat Snake,non_venomous,,950,635,3360,True,train
e:\Coding_Notes\Faunari\data\raw\github_indian_snakes\Non-Venomous\Common Rat Snake\artmax_267.jpg,github_indian_snakes,Common Rat Snake,non_venomous,,535,358,3361,True,train
e:\Coding_Notes\Faunari\data\raw\github_indian_snakes\Non-Venomous\Common Rat Snake\Black Rat  Adult.jpg,github_indian_snakes,Common Rat Snake,non_venomous,,400,276,3362,False,train
e:\Coding_Notes\Faunari\data\raw\github_indian_snakes\Non-Venomous\Common Rat Snake\black ratsnake 1.jpg,github_indian_snakes,Common Rat Snake,non_venomous,,640,480,3363,True,train
e:\Coding_Notes\Faunari\data\raw\github_indian_snakes\Non-Venomous\Common Rat Snake\black-rat-snake.jpg,github_indian_snakes,Common Rat Snake,non_venomous,,800,493,3364,True,test
e:\Coding_Notes\Faunari\data\raw\github_indian_snakes\Non-Venomous\Common Rat Snake\Black-Ratsnake-300x214.jpg,github_indian_snakes,Common Rat Snake,non_venomous,,300,214,3365,False,train
e:\Coding_Notes\Faunari\data\raw\github_indian_snakes\Non-Venomous\Common Rat Snake\blackrat.jpg,github_indian_snakes,Common Rat Snake,non_venomous,,657,468,3366,True,train
e:\Coding_Notes\Faunari\data\raw\github_indian_snakes\Non-Venomous\Common Rat Snake\blackrat40.jpg,github_indian_snakes,Common Rat Snake,non_venomous,,1200,900,3367,True,train
e:\Coding_Notes\Faunari\data\raw\github_indian_snakes\Non-Venomous\Common Rat Snake\blackRatSnake-300x225.jpg,github_indian_snakes,Common Rat Snake,non_venomous,,300,225,3368,False,hardcase
e:\Coding_Notes\Faunari\data\raw\github_indian_snakes\Non-Venomous\Common Rat Snake\blackratsnake.jpg,github_indian_snakes,Common Rat Snake,non_venomous,,654,449,3369,True,test
e:\Coding_Notes\Faunari\data\raw\github_indian_snakes\Non-Venomous\Common Rat Snake\blackratsnake080529-4397facez.jpg,github_indian_snakes,Common Rat Snake,non_venomous,,700,467,3370,True,val
e:\Coding_Notes\Faunari\data\raw\github_indian_snakes\Non-Venomous\Common Rat Snake\blackratsnake2.jpg,github_indian_snakes,Common Rat Snake,non_venomous,,832,200,3371,True,val
e:\Coding_Notes\Faunari\data\raw\github_indian_snakes\Non-Venomous\Common Rat Snake\blackratsnake_001.jpg,github_indian_snakes,Common Rat Snake,non_venomous,,250,193,3372,False,train
e:\Coding_Notes\Faunari\data\raw\github_indian_snakes\Non-Venomous\Common Rat Snake\BlackRatSnake_353692_7.jpg,github_indian_snakes,Common Rat Snake,non_venomous,,720,482,3373,True,train
e:\Coding_Notes\Faunari\data\raw\github_indian_snakes\Non-Venomous\Common Rat Snake\blackratwrinkle.jpg,github_indian_snakes,Common Rat Snake,non_venomous,,1200,900,3374,True,train
e:\Coding_Notes\Faunari\data\raw\github_indian_snakes\Non-Venomous\Common Rat Snake\Black_Rat_Snake-.JPG,github_indian_snakes,Common Rat Snake,non_venomous,,220,165,3375,False,train
"e:\Coding_Notes\Faunari\data\raw\github_indian_snakes\Non-Venomous\Common Rat Snake\Black_Rat_Snake_-_Elaphe_obsoleta_obsoleta,_Merrimac_Farm_Wildlife_Management_Area,_Virginia.jpg",github_indian_snakes,Common Rat Snake,non_venomous,,1200,800,3376,True,train
e:\Coding_Notes\Faunari\data\raw\github_indian_snakes\Non-Venomous\Common Rat Snake\Black_Rat_Snake_001.jpg,github_indian_snakes,Common Rat Snake,non_venomous,,996,662,3377,True,train
e:\Coding_Notes\Faunari\data\raw\github_indian_snakes\Non-Venomous\Common Rat Snake\black_rat_snake_101499_7.jpg,github_indian_snakes,Common Rat Snake,non_venomous,,300,203,3378,False,train
e:\Coding_Notes\Faunari\data\raw\github_indian_snakes\Non-Venomous\Common Rat Snake\black_rat_snake_6140.jpg,github_indian_snakes,Common Rat Snake,non_venomous,,500,333,3379,True,test
e:\Coding_Notes\Faunari\data\raw\github_indian_snakes\Non-Venomous\Common Rat Snake\Black_Rat_Snake_page_image.jpg,github_indian_snakes,Common Rat Snake,non_venomous,,500,300,3380,False,train
e:\Coding_Notes\Faunari\data\raw\github_indian_snakes\Non-Venomous\Common Rat Snake\bluerat.jpg,github_indian_snakes,Common Rat Snake,non_venomous,,640,446,3381,True,train
e:\Coding_Notes\Faunari\data\raw\github_indian_snakes\Non-Venomous\Common Rat Snake\brnrat2.jpg,github_indian_snakes,Common Rat Snake,non_venomous,,590,401,3382,True,train
e:\Coding_Notes\Faunari\data\raw\github_indian_snakes\Non-Venomous\Common Rat Snake\coluber-nigromarginatus-green-rat-snake-non-venomous-rarely-available-h9ere2.jpg,github_indian_snakes,Common Rat Snake,non_venomous,,640,450,3383,True,train
e:\Coding_Notes\Faunari\data\raw\github_indian_snakes\Non-Venomous\Common Rat Snake\commom-rat-snake-ptyas-mucosa-non-venomous-common-B345KD.jpg,github_indian_snakes,Common Rat Snake,non_venomous,,1300,956,3384,True,train
e:\Coding_Notes\Faunari\data\raw\github_indian_snakes\Non-Venomous\Common Rat Snake\common-rat-snake-6-1024x682.jpg,github_indian_snakes,Common Rat Snake,non_venomous,,761,509,3385,True,val
e:\Coding_Notes\Faunari\data\raw\github_indian_snakes\Non-Venomous\Common Rat Snake\common-rat-snake-7929502.jpg,github_indian_snakes,Common Rat Snake,non_venomous,,1300,953,3386,True,train
e:\Coding_Notes\Faunari\data\raw\github_indian_snakes\Non-Venomous\Common Rat Snake\common-rat-snake-8294082.jpg,github_indian_snakes,Common Rat Snake,non_venomous,,854,1300,3387,True,train
e:\Coding_Notes\Faunari\data\raw\github_indian_snakes\Non-Venomous\Common Rat Snake\common-rat-snake-keoladeo-national-park-rajesthan-bharatpur-76368190.jpg,github_indian_snakes,Common Rat Snake,non_venomous,,1300,1105,3388,True,train
e:\Coding_Notes\Faunari\data\raw\github_indian_snakes\Non-Venomous\Common Rat Snake\Common-Ratsnake-Credit_Kevin-Messenger-e1494993731520.jpg,github_indian_snakes,Common Rat Snake,non_venomous,,600,400,3389,True,train
e:\Coding_Notes\Faunari\data\raw\github_indian_snakes\Non-Venomous\Common Rat Snake\Common_India_Rat_Snake.jpg,github_indian_snakes,Common Rat Snake,non_venomous,,220,147,3390,False,hardcase
e:\Coding_Notes\Faunari\data\raw\github_indian_snakes\Non-Venomous\Common Rat Snake\Common_Rat_Snake.jpg,github_indian_snakes,Common Rat Snake,non_venomous,,900,1200,3391,True,train
e:\Coding_Notes\Faunari\data\raw\github_indian_snakes\Non-Venomous\Common Rat Snake\Common_Rat_Snake_(Ptyas_mucosa)_水律.jpg,github_indian_snakes,Common Rat Snake,non_venomous,,1024,682,3392,True,train
e:\Coding_Notes\Faunari\data\raw\github_indian_snakes\Non-Venomous\Common Rat Snake\Common_Rat_Snake_(Ptyas_mucosa)_水律10.jpg,github_indian_snakes,Common Rat Snake,non_venomous,,1024,683,3393,True,train
e:\Coding_Notes\Faunari\data\raw\github_indian_snakes\Non-Venomous\Common Rat Snake\Common_Rat_Snake_(Ptyas_mucosa)_水律3.jpg,github_indian_snakes,Common Rat Snake,non_venomous,,1024,683,3394,True,train
e:\Coding_Notes\Faunari\data\raw\github_indian_snakes\Non-Venomous\Common Rat Snake\Common_Rat_Snake_(Ptyas_mucosa)_水律4.jpg,github_indian_snakes,Common Rat Snake,non_venomous,,1024,684,3395,True,train
e:\Coding_Notes\Faunari\data\raw\github_indian_snakes\Non-Venomous\Common Rat Snake\Common_Rat_Snake_(Ptyas_mucosa)_水律6.jpg,github_indian_snakes,Common Rat Snake,non_venomous,,1024,683,3396,True,train
e:\Coding_Notes\Faunari\data\raw\github_indian_snakes\Non-Venomous\Common Rat Snake\Common_Rat_Snake_(Ptyas_mucosa)_水律7.jpg,github_indian_snakes,Common Rat Snake,non_venomous,,1024,682,3397,True,train
e:\Coding_Notes\Faunari\data\raw\github_indian_snakes\Non-Venomous\Common Rat Snake\Common_Rat_Snake_(Ptyas_mucosa)_水律8.jpg,github_indian_snakes,Common Rat Snake,non_venomous,,1024,683,3398,True,train
e:\Coding_Notes\Faunari\data\raw\github_indian_snakes\Non-Venomous\Common Rat Snake\Common_Rat_Snake_(Ptyas_mucosa)_水律9.jpg,github_indian_snakes,Common Rat Snake,non_venomous,,1024,683,3399,True,test
e:\Coding_Notes\Faunari\data\raw\github_indian_snakes\Non-Venomous\Common Rat Snake\Common_Rat_Snake_(Ptyas_mucosa)_水律_(6027287191).jpg,github_indian_snakes,Common Rat Snake,non_venomous,,1024,683,3400,True,train
e:\Coding_Notes\Faunari\data\raw\github_indian_snakes\Non-Venomous\Common Rat Snake\Common_Rat_Snake_(Ptyas_mucosa)_水律_(6027830696).jpg,github_indian_snakes,Common Rat Snake,non_venomous,,1024,683,3401,True,train
e:\Coding_Notes\Faunari\data\raw\github_indian_snakes\Non-Venomous\Common Rat Snake\Common_Rat_Snake_(Ptyas_mucosa)_水律_(6027841570).jpg,github_indian_snakes,Common Rat Snake,non_venomous,,1024,683,3402,True,train
e:\Coding_Notes\Faunari\data\raw\github_indian_snakes\Non-Venomous\Common Rat Snake\dhaman-rat-snake-coluber-mucosus-non-venomous-common-bhimashankar-A0BB66.jpg,github_indian_snakes,Common Rat Snake,non_venomous,,1300,939,3403,True,train
e:\Coding_Notes\Faunari\data\raw\github_indian_snakes\Non-Venomous\Common Rat Snake\DSC00806.JPG,github_indian_snakes,Common Rat Snake,non_venomous,,500,285,3404,False,train
e:\Coding_Notes\Faunari\data\raw\github_indian_snakes\Non-Venomous\Common Rat Snake\DSCF0265.JPG,github_indian_snakes,Common Rat Snake,non_venomous,,1600,1200,3405,True,train
e:\Coding_Notes\Faunari\data\raw\github_indian_snakes\Non-Venomous\Common Rat Snake\eastern-rat-snake-large.jpg,github_indian_snakes,Common Rat Snake,non_venomous,,600,353,3406,True,val
e:\Coding_Notes\Faunari\data\raw\github_indian_snakes\Non-Venomous\Common Rat Snake\eastern-ratsnake-striped01.jpg,github_indian_snakes,Common Rat Snake,non_venomous,,1024,682,3407,True,train
e:\Coding_Notes\Faunari\data\raw\github_indian_snakes\Non-Venomous\Common Rat Snake\easternratsnake2.jpg,github_indian_snakes,Common Rat Snake,non_venomous,,4288,2848,3408,True,train
e:\Coding_Notes\Faunari\data\raw\github_indian_snakes\Non-Venomous\Common Rat Snake\erat4-id.jpg,github_indian_snakes,Common Rat Snake,non_venomous,,773,504,3409,True,train
e:\Coding_Notes\Faunari\data\raw\github_indian_snakes\Non-Venomous\Common Rat Snake\free_9287297.jpg,github_indian_snakes,Common Rat Snake,non_venomous,,480,339,3410,True,train
e:\Coding_Notes\Faunari\data\raw\github_indian_snakes\Non-Venomous\Common Rat Snake\Glorioso _rat2.jpg,github_indian_snakes,Common Rat Snake,non_venomous,,512,384,3411,True,train
e:\Coding_Notes\Faunari\data\raw\github_indian_snakes\Non-Venomous\Common Rat Snake\gprs.jpg,github_indian_snakes,Common Rat Snake,non_venomous,,415,278,3412,False,train
e:\Coding_Notes\Faunari\data\raw\github_indian_snakes\Non-Venomous\Common Rat Snake\gray-rat-snake-blending-sugar-sand-33013422.jpg,github_indian_snakes,Common Rat Snake,non_venomous,,1300,957,3413,True,val
e:\Coding_Notes\Faunari\data\raw\github_indian_snakes\Non-Venomous\Common Rat Snake\grayrat2.jpg,github_indian_snakes,Common Rat Snake,non_venomous,,450,323,3414,True,train
e:\Coding_Notes\Faunari\data\raw\github_indian_snakes\Non-Venomous\Common Rat Snake\grayratsnake461.jpg,github_indian_snakes,Common Rat Snake,non_venomous,,461,346,3415,False,val
e:\Coding_Notes\Faunari\data\raw\github_indian_snakes\Non-Venomous\Common Rat Snake\Gray_Ratsnake_25.jpg,github_indian_snakes,Common Rat Snake,non_venomous,,1200,1800,3416,True,train
e:\Coding_Notes\Faunari\data\raw\github_indian_snakes\Non-Venomous\Common Rat Snake\great-plains-rat-snake-04.jpg,github_indian_snakes,Common Rat Snake,non_venomous,,470,303,3417,False,val
e:\Coding_Notes\Faunari\data\raw\github_indian_snakes\Non-Venomous\Common Rat Snake\great-plains-rat-snake-pantherophis-emoryi-21065207.jpg,github_indian_snakes,Common Rat Snake,non_venomous,,1300,1019,3418,True,train
e:\Coding_Notes\Faunari\data\raw\github_indian_snakes\Non-Venomous\Common Rat Snake\great-plains-rat-snake.jpg,github_indian_snakes,Common Rat Snake,non_venomous,,650,430,3419,True,train
e:\Coding_Notes\Faunari\data\raw\github_indian_snakes\Non-Venomous\Common Rat Snake\greatplainsratsnake.jpg,github_indian_snakes,Common Rat Snake,non_venomous,,600,356,3420,True,train
e:\Coding_Notes\Faunari\data\raw\github_indian_snakes\Non-Venomous\Common Rat Snake\GulfHammockRat_female1_web.jpg,github_indian_snakes,Common Rat Snake,non_venomous,,640,427,3421,True,train
e:\Coding_Notes\Faunari\data\raw\github_indian_snakes\Non-Venomous\Common Rat Snake\hans-indo-chinese-rat-snake-young.jpg,github_indian_snakes,Common Rat Snake,non_venomous,,579,387,3422,True,train
e:\Coding_Notes\Faunari\data\raw\github_indian_snakes\Non-Venomous\Common Rat Snake\hans-indo-chinese-rat-snake.jpg,github_indian_snakes,Common Rat Snake,non_venomous,,660,434,3423,True,val
e:\Coding_Notes\Faunari\data\raw\github_indian_snakes\Non-Venomous\Common Rat Snake\hans-oriental-rat-snake-head.jpg,github_indian_snakes,Common Rat Snake,non_venomous,,880,589,3424,True,train
e:\Coding_Notes\Faunari\data\raw\github_indian_snakes\Non-Venomous\Common Rat Snake\IMG_7256-2.jpg,github_indian_snakes,Common Rat Snake,non_venomous,,2822,2033,3425,True,train
e:\Coding_Notes\Faunari\data\raw\github_indian_snakes\Non-Venomous\Common Rat Snake\indian-rat-snake-ptyas-mucosa-rolled-up-on-a-root-sri-lanka-sinharaja-EBNR90.jpg,github_indian_snakes,Common Rat Snake,non_venomous,,1300,955,3426,True,val
e:\Coding_Notes\Faunari\data\raw\github_indian_snakes\Non-Venomous\Common Rat Snake\Indian-Rat-Snake.jpg,github_indian_snakes,Common Rat Snake,non_venomous,,220,147,3427,False,test
e:\Coding_Notes\Faunari\data\raw\github_indian_snakes\Non-Venomous\Common Rat Snake\indianratsnake.jpg,github_indian_snakes,Common Rat Snake,non_venomous,,621,463,3428,True,train
e:\Coding_Notes\Faunari\data\raw\github_indian_snakes\Non-Venomous\Common Rat Snake\indo-chinese-rat-snake-ptyas-coluber-korros-adult-from-papum-pare-h9et4j.jpg,github_indian_snakes,Common Rat Snake,non_venomous,,450,318,3429,False,test
e:\Coding_Notes\Faunari\data\raw\github_indian_snakes\Non-Venomous\Common Rat Snake\indo-chinese-rat-snake-ptyas-korros-gdcca8.jpg,github_indian_snakes,Common Rat Snake,non_venomous,,450,320,3430,False,val
e:\Coding_Notes\Faunari\data\raw\github_indian_snakes\Non-Venomous\Common Rat Snake\indo-chinese-rat-snake-ptyas-korros-non-venomous-common-arunachal-A0BB61.jpg,github_indian_snakes,Common Rat Snake,non_venomous,,1300,953,3431,True,train
e:\Coding_Notes\Faunari\data\raw\github_indian_snakes\Non-Venomous\Common Rat Snake\indo-chinese-rat-snake_3012.jpg,github_indian_snakes,Common Rat Snake,non_venomous,,400,300,3432,False,train
e:\Coding_Notes\Faunari\data\raw\github_indian_snakes\Non-Venomous\Common Rat Snake\indochinese-rat-snake-grey.jpg,github_indian_snakes,Common Rat Snake,non_venomous,,540,229,3433,False,train
e:\Coding_Notes\Faunari\data\raw\github_indian_snakes\Non-Venomous\Common Rat Snake\indochinese-rat-snake-grey2.jpg,github_indian_snakes,Common Rat Snake,non_venomous,,540,144,3434,False,train
e:\Coding_Notes\Faunari\data\raw\github_indian_snakes\Non-Venomous\Common Rat Snake\indochinese-rat-snake-nick-baker-malaysia.jpg,github_indian_snakes,Common Rat Snake,non_venomous,,600,400,3435,True,train
e:\Coding_Notes\Faunari\data\raw\github_indian_snakes\Non-Venomous\Common Rat Snake\indochinese-rat-snake3-brown.jpg,github_indian_snakes,Common Rat Snake,non_venomous,,355,238,3436,False,train
e:\Coding_Notes\Faunari\data\raw\github_indian_snakes\Non-Venomous\Common Rat Snake\kevin-messenger-hong-kong-ptyas-mucosus.jpg,github_indian_snakes,Common Rat Snake,non_venomous,,800,533,3437,True,train
e:\Coding_Notes\Faunari\data\raw\github_indian_snakes\Non-Venomous\Common Rat Snake\King-ratsnake.jpg,github_indian_snakes,Common Rat Snake,non_venomous,,650,421,3438,True,val
e:\Coding_Notes\Faunari\data\raw\github_indian_snakes\Non-Venomous\Common Rat Snake\maryland-black-rat-snake-2.jpg,github_indian_snakes,Common Rat Snake,non_venomous,,1936,1936,3439,True,test
e:\Coding_Notes\Faunari\data\raw\github_indian_snakes\Non-Venomous\Common Rat Snake\maxresdefault.jpg,github_indian_snakes,Common Rat Snake,non_venomous,,1280,720,3440,True,val
e:\Coding_Notes\Faunari\data\raw\github_indian_snakes\Non-Venomous\Common Rat Snake\maxresdefault_001.jpg,github_indian_snakes,Common Rat Snake,non_venomous,,1280,720,3441,True,val
e:\Coding_Notes\Faunari\data\raw\github_indian_snakes\Non-Venomous\Common Rat Snake\Pantherophis alleghaniensis b WOM WMA 3 April 2010 Pittsylvania Co 537.jpg,github_indian_snakes,Common Rat Snake,non_venomous,,1024,680,3442,True,train
e:\Coding_Notes\Faunari\data\raw\github_indian_snakes\Non-Venomous\Common Rat Snake\ptyas-carinatus-keeled-rat-snake9.jpg,github_indian_snakes,Common Rat Snake,non_venomous,,550,284,3443,False,train
e:\Coding_Notes\Faunari\data\raw\github_indian_snakes\Non-Venomous\Common Rat Snake\Ptyas-korros-Krabi.jpg,github_indian_snakes,Common Rat Snake,non_venomous,,1200,425,3444,True,val
e:\Coding_Notes\Faunari\data\raw\github_indian_snakes\Non-Venomous\Common Rat Snake\ptyas.jpg,github_indian_snakes,Common Rat Snake,non_venomous,,500,356,3445,True,val
e:\Coding_Notes\Faunari\data\raw\github_indian_snakes\Non-Venomous\Common Rat Snake\Ptyas_mucosus_03.JPG,github_indian_snakes,Common Rat Snake,non_venomous,,640,480,3446,True,test
e:\Coding_Notes\Faunari\data\raw\github_indian_snakes\Non-Venomous\Common Rat Snake\Ptyas_mucosus_04.JPG,github_indian_snakes,Common Rat Snake,non_venomous,,640,480,3447,True,test
e:\Coding_Notes\Faunari\data\raw\github_indian_snakes\Non-Venomous\Common Rat Snake\Ptyas_mucosus_05.JPG,github_indian_snakes,Common Rat Snake,non_venomous,,640,480,3448,True,val
e:\Coding_Notes\Faunari\data\raw\github_indian_snakes\Non-Venomous\Common Rat Snake\Pytas-mucosus-Bob-Burgess-permissioned.jpg,github_indian_snakes,Common Rat Snake,non_venomous,,1000,380,3449,True,test
e:\Coding_Notes\Faunari\data\raw\github_indian_snakes\Non-Venomous\Common Rat Snake\ratsnake-basking-on-forest_med_hr.jpeg,github_indian_snakes,Common Rat Snake,non_venomous,,400,266,3450,True,val
e:\Coding_Notes\Faunari\data\raw\github_indian_snakes\Non-Venomous\Common Rat Snake\ratsnake.jpg,github_indian_snakes,Common Rat Snake,non_venomous,,450,600,3451,True,test
e:\Coding_Notes\Faunari\data\raw\github_indian_snakes\Non-Venomous\Common Rat Snake\ratsnake3.jpg,github_indian_snakes,Common Rat Snake,non_venomous,,480,320,3452,False,train
e:\Coding_Notes\Faunari\data\raw\github_indian_snakes\Non-Venomous\Common Rat Snake\ratsnake4734.jpg,github_indian_snakes,Common Rat Snake,non_venomous,,450,338,3453,False,train
e:\Coding_Notes\Faunari\data\raw\github_indian_snakes\Non-Venomous\Common Rat Snake\rat_8jul07_1a.jpg,github_indian_snakes,Common Rat Snake,non_venomous,,800,536,3454,True,train
e:\Coding_Notes\Faunari\data\raw\github_indian_snakes\Non-Venomous\Common Rat Snake\Rat_snake.jpg,github_indian_snakes,Common Rat Snake,non_venomous,,320,213,3455,False,val
e:\Coding_Notes\Faunari\data\raw\github_indian_snakes\Non-Venomous\Common Rat Snake\rat_snake_800_Richmond_fs_fs.jpg,github_indian_snakes,Common Rat Snake,non_venomous,,500,335,3456,True,train
e:\Coding_Notes\Faunari\data\raw\github_indian_snakes\Non-Venomous\Common Rat Snake\snake-rat-snake.jpg,github_indian_snakes,Common Rat Snake,non_venomous,,400,300,3457,False,train
e:\Coding_Notes\Faunari\data\raw\github_indian_snakes\Non-Venomous\Common Rat Snake\snake-removal-athens-ga.jpg,github_indian_snakes,Common Rat Snake,non_venomous,,600,450,3458,True,train
e:\Coding_Notes\Faunari\data\raw\github_indian_snakes\Non-Venomous\Common Rat Snake\Snake.jpg,github_indian_snakes,Common Rat Snake,non_venomous,,640,397,3459,True,val
e:\Coding_Notes\Faunari\data\raw\github_indian_snakes\Non-Venomous\Common Rat Snake\snake020.jpg,github_indian_snakes,Common Rat Snake,non_venomous,,1000,750,3460,True,test
e:\Coding_Notes\Faunari\data\raw\github_indian_snakes\Non-Venomous\Common Rat Snake\snake6-25-13b.jpg,github_indian_snakes,Common Rat Snake,non_venomous,,275,217,3461,False,val
e:\Coding_Notes\Faunari\data\raw\github_indian_snakes\Non-Venomous\Common Rat Snake\snake_black_rat.jpg,github_indian_snakes,Common Rat Snake,non_venomous,,432,324,3462,False,train
e:\Coding_Notes\Faunari\data\raw\github_indian_snakes\Non-Venomous\Common Rat Snake\top-ptyas-mucosa-indian-rat-snake-bottom-naja-naja-common-indian-cobra-AT1H2X.jpg,github_indian_snakes,Common Rat Snake,non_venomous,,1300,961,3463,True,train
e:\Coding_Notes\Faunari\data\raw\github_indian_snakes\Non-Venomous\Common Rat Snake\unnamed.png,github_indian_snakes,Common Rat Snake,non_venomous,,512,339,3464,True,test
e:\Coding_Notes\Faunari\data\raw\github_indian_snakes\Non-Venomous\Common Rat Snake\western-rat-snake-texas-ratsnake-black-rat-snake-pilot-black-snake-ebnm1g.jpg,github_indian_snakes,Common Rat Snake,non_venomous,,450,320,3465,False,train
e:\Coding_Notes\Faunari\data\raw\github_indian_snakes\Non-Venomous\Common Rat Snake\white-bellied-rat-snake_0115.jpg,github_indian_snakes,Common Rat Snake,non_venomous,,400,300,3466,False,test
e:\Coding_Notes\Faunari\data\raw\github_indian_snakes\Non-Venomous\Common Sand Boa\03000026807_01_f.jpg,github_indian_snakes,Common Sand Boa,non_venomous,,1024,768,3467,True,val
e:\Coding_Notes\Faunari\data\raw\github_indian_snakes\Non-Venomous\Common Sand Boa\0604.jpeg,github_indian_snakes,Common Sand Boa,non_venomous,,1024,768,3468,True,test
e:\Coding_Notes\Faunari\data\raw\github_indian_snakes\Non-Venomous\Common Sand Boa\0844.jpeg,github_indian_snakes,Common Sand Boa,non_venomous,,432,288,3469,False,test
e:\Coding_Notes\Faunari\data\raw\github_indian_snakes\Non-Venomous\Common Sand Boa\1157751.jpg,github_indian_snakes,Common Sand Boa,non_venomous,,502,337,3470,True,train
e:\Coding_Notes\Faunari\data\raw\github_indian_snakes\Non-Venomous\Common Sand Boa\1200px-Eryx_jaculus.jpg,github_indian_snakes,Common Sand Boa,non_venomous,,1200,788,3471,True,train
e:\Coding_Notes\Faunari\data\raw\github_indian_snakes\Non-Venomous\Common Sand Boa\20141005_190516.jpg,github_indian_snakes,Common Sand Boa,non_venomous,,3264,2448,3472,True,train
e:\Coding_Notes\Faunari\data\raw\github_indian_snakes\Non-Venomous\Common Sand Boa\300px-Boa.jpg,github_indian_snakes,Common Sand Boa,non_venomous,,300,187,3473,False,train
e:\Coding_Notes\Faunari\data\raw\github_indian_snakes\Non-Venomous\Common Sand Boa\3121447067_f9ce8f7a98_b.jpg,github_indian_snakes,Common Sand Boa,non_venomous,,1024,768,3474,True,train
e:\Coding_Notes\Faunari\data\raw\github_indian_snakes\Non-Venomous\Common Sand Boa\450-27504292-common-sand-boa-snake.jpg,github_indian_snakes,Common Sand Boa,non_venomous,,450,308,3475,False,train
e:\Coding_Notes\Faunari\data\raw\github_indian_snakes\Non-Venomous\Common Sand Boa\50300131.jpg,github_indian_snakes,Common Sand Boa,non_venomous,,500,333,3476,True,train
e:\Coding_Notes\Faunari\data\raw\github_indian_snakes\Non-Venomous\Common Sand Boa\71cca88c06df3d66ba9bbc5c79ec7bc7.jpg,github_indian_snakes,Common Sand Boa,non_venomous,,800,800,3477,True,train
e:\Coding_Notes\Faunari\data\raw\github_indian_snakes\Non-Venomous\Common Sand Boa\87.jpg,github_indian_snakes,Common Sand Boa,non_venomous,,828,540,3478,True,val
e:\Coding_Notes\Faunari\data\raw\github_indian_snakes\Non-Venomous\Common Sand Boa\a57b14f8130c77339a33b5f7c40a0952--beautiful-snakes-sands.jpg,github_indian_snakes,Common Sand Boa,non_venomous,,640,479,3479,True,train
e:\Coding_Notes\Faunari\data\raw\github_indian_snakes\Non-Venomous\Common Sand Boa\Arabian-sand-boa-hatching.jpg,github_indian_snakes,Common Sand Boa,non_venomous,,650,493,3480,True,val
e:\Coding_Notes\Faunari\data\raw\github_indian_snakes\Non-Venomous\Common Sand Boa\Arabian-sand-boa-head-detail.jpg,github_indian_snakes,Common Sand Boa,non_venomous,,650,435,3481,True,val
e:\Coding_Notes\Faunari\data\raw\github_indian_snakes\Non-Venomous\Common Sand Boa\Arabian-sand-boa-on-top-of-sand.jpg,github_indian_snakes,Common Sand Boa,non_venomous,,650,435,3482,True,train
e:\Coding_Notes\Faunari\data\raw\github_indian_snakes\Non-Venomous\Common Sand Boa\arabian-sand-boa-pattern.jpg,github_indian_snakes,Common Sand Boa,non_venomous,,650,495,3483,True,train
e:\Coding_Notes\Faunari\data\raw\github_indian_snakes\Non-Venomous\Common Sand Boa\Arabian-sand-boa.jpg,github_indian_snakes,Common Sand Boa,non_venomous,,650,435,3484,True,train
e:\Coding_Notes\Faunari\data\raw\github_indian_snakes\Non-Venomous\Common Sand Boa\common-sand-boa-gongylophis-conicus-non-venomous-common-BXKTGW.jpg,github_indian_snakes,Common Sand Boa,non_venomous,,1300,956,3485,True,train
e:\Coding_Notes\Faunari\data\raw\github_indian_snakes\Non-Venomous\Common Sand Boa\common-sand-boa-gongylophis-conicus-non-venomous-common-C68YX7.jpg,github_indian_snakes,Common Sand Boa,non_venomous,,1300,956,3486,True,train
e:\Coding_Notes\Faunari\data\raw\github_indian_snakes\Non-Venomous\Common Sand Boa\common-sand-boa-gongylophis-conicus-non-venomous-common-c68yx7_001.jpg,github_indian_snakes,Common Sand Boa,non_venomous,,450,320,3487,False,test
e:\Coding_Notes\Faunari\data\raw\github_indian_snakes\Non-Venomous\Common Sand Boa\common-sand-boa-gongylophis-conicus-non-venomous-common-c68yy3.jpg,github_indian_snakes,Common Sand Boa,non_venomous,,640,446,3488,True,train
e:\Coding_Notes\Faunari\data\raw\github_indian_snakes\Non-Venomous\Common Sand Boa\common-sand-boa-gongylophis-conicus-non-venomous-common-C68YY3_001.jpg,github_indian_snakes,Common Sand Boa,non_venomous,,1300,956,3489,True,train
e:\Coding_Notes\Faunari\data\raw\github_indian_snakes\Non-Venomous\Common Sand Boa\common-sand-boa-gongylophis-conicus-non-venomous-common-CC0C30.jpg,github_indian_snakes,Common Sand Boa,non_venomous,,1300,960,3490,True,train
e:\Coding_Notes\Faunari\data\raw\github_indian_snakes\Non-Venomous\Common Sand Boa\common-sand-boa-gongylophis-conicus-non-venomous-common-marol-andheri-b8em6g.jpg,github_indian_snakes,Common Sand Boa,non_venomous,,300,470,3491,False,train
e:\Coding_Notes\Faunari\data\raw\github_indian_snakes\Non-Venomous\Common Sand Boa\common-sand-boa-gongylophis-conicus-non-venomous-common-marol-andheri-B8EM8G.jpg,github_indian_snakes,Common Sand Boa,non_venomous,,1300,956,3492,True,train
e:\Coding_Notes\Faunari\data\raw\github_indian_snakes\Non-Venomous\Common Sand Boa\common-sand-boa-gongylophis-conicus-non-venomous-kept-in-basket-for-AT2BGJ.jpg,github_indian_snakes,Common Sand Boa,non_venomous,,1300,935,3493,True,train
e:\Coding_Notes\Faunari\data\raw\github_indian_snakes\Non-Venomous\Common Sand Boa\common-sand-boa-mumbai-india-F7NF7T.jpg,github_indian_snakes,Common Sand Boa,non_venomous,,1300,956,3494,True,train
e:\Coding_Notes\Faunari\data\raw\github_indian_snakes\Non-Venomous\Common Sand Boa\common_sand_boa_by_sippyphotography-d68ltcg.jpg,github_indian_snakes,Common Sand Boa,non_venomous,,1024,683,3495,True,train
e:\Coding_Notes\Faunari\data\raw\github_indian_snakes\Non-Venomous\Common Sand Boa\DSC_0002r_(2).jpg,github_indian_snakes,Common Sand Boa,non_venomous,,602,400,3496,True,train
e:\Coding_Notes\Faunari\data\raw\github_indian_snakes\Non-Venomous\Common Sand Boa\DSC_0023r.jpg,github_indian_snakes,Common Sand Boa,non_venomous,,602,400,3497,True,train
e:\Coding_Notes\Faunari\data\raw\github_indian_snakes\Non-Venomous\Common Sand Boa\econf.jpg,github_indian_snakes,Common Sand Boa,non_venomous,,449,240,3498,False,hardcase
e:\Coding_Notes\Faunari\data\raw\github_indian_snakes\Non-Venomous\Common Sand Boa\econmfj.jpg,github_indian_snakes,Common Sand Boa,non_venomous,,372,288,3499,False,val
e:\Coding_Notes\Faunari\data\raw\github_indian_snakes\Non-Venomous\Common Sand Boa\ejpersic.jpg,github_indian_snakes,Common Sand Boa,non_venomous,,400,330,3500,True,val
e:\Coding_Notes\Faunari\data\raw\github_indian_snakes\Non-Venomous\Common Sand Boa\emm_m1.jpg,github_indian_snakes,Common Sand Boa,non_venomous,,570,288,3501,True,train
e:\Coding_Notes\Faunari\data\raw\github_indian_snakes\Non-Venomous\Common Sand Boa\Eryx conicus.jpg,github_indian_snakes,Common Sand Boa,non_venomous,,320,240,3502,False,train
e:\Coding_Notes\Faunari\data\raw\github_indian_snakes\Non-Venomous\Common Sand Boa\eryx_jayakari.jpg,github_indian_snakes,Common Sand Boa,non_venomous,,700,500,3503,True,train
e:\Coding_Notes\Faunari\data\raw\github_indian_snakes\Non-Venomous\Common Sand Boa\Eryx_jayakari_by_Omid_Mozaffari.jpg,github_indian_snakes,Common Sand Boa,non_venomous,,700,446,3504,True,train
e:\Coding_Notes\Faunari\data\raw\github_indian_snakes\Non-Venomous\Common Sand Boa\etatarf.jpg,github_indian_snakes,Common Sand Boa,non_venomous,,459,288,3505,False,test
e:\Coding_Notes\Faunari\data\raw\github_indian_snakes\Non-Venomous\Common Sand Boa\etatarm.jpg,github_indian_snakes,Common Sand Boa,non_venomous,,447,288,3506,False,train
e:\Coding_Notes\Faunari\data\raw\github_indian_snakes\Non-Venomous\Common Sand Boa\gongylophis_conicusl.jpg,github_indian_snakes,Common Sand Boa,non_venomous,,600,400,3507,True,test
e:\Coding_Notes\Faunari\data\raw\github_indian_snakes\Non-Venomous\Common Sand Boa\hqdefault.jpg,github_indian_snakes,Common Sand Boa,non_venomous,,480,360,3508,True,train
e:\Coding_Notes\Faunari\data\raw\github_indian_snakes\Non-Venomous\Common Sand Boa\ika-60455-reptiles-snake-eating-mouse-common-sand-boa-eryx-conicus-bfnr2f.jpg,github_indian_snakes,Common Sand Boa,non_venomous,,640,446,3509,True,train
e:\Coding_Notes\Faunari\data\raw\github_indian_snakes\Non-Venomous\Common Sand Boa\img2.jpg,github_indian_snakes,Common Sand Boa,non_venomous,,601,417,3510,True,train
e:\Coding_Notes\Faunari\data\raw\github_indian_snakes\Non-Venomous\Common Sand Boa\IMG_0860 copy.jpg,github_indian_snakes,Common Sand Boa,non_venomous,,1000,740,3511,True,train
e:\Coding_Notes\Faunari\data\raw\github_indian_snakes\Non-Venomous\Common Sand Boa\img_4608.jpg,github_indian_snakes,Common Sand Boa,non_venomous,,1200,1600,3512,True,val
e:\Coding_Notes\Faunari\data\raw\github_indian_snakes\Non-Venomous\Common Sand Boa\Javelin-sand-boa-dorsal-view.jpg,github_indian_snakes,Common Sand Boa,non_venomous,,650,433,3513,True,train
e:\Coding_Notes\Faunari\data\raw\github_indian_snakes\Non-Venomous\Common Sand Boa\javelin-sand-boa.jpg,github_indian_snakes,Common Sand Boa,non_venomous,,650,411,3514,True,train
e:\Coding_Notes\Faunari\data\raw\github_indian_snakes\Non-Venomous\Common Sand Boa\kenyan-sand-boa-burrowing.jpg,github_indian_snakes,Common Sand Boa,non_venomous,,650,449,3515,True,train
e:\Coding_Notes\Faunari\data\raw\github_indian_snakes\Non-Venomous\Common Sand Boa\kenyan-sand-boa-subspecies-loveridgei.jpg,github_indian_snakes,Common Sand Boa,non_venomous,,650,433,3516,True,train
e:\Coding_Notes\Faunari\data\raw\github_indian_snakes\Non-Venomous\Common Sand Boa\kenyan-sand-boa-subspecies-loveridgei_001.jpg,github_indian_snakes,Common Sand Boa,non_venomous,,650,433,3517,True,train
e:\Coding_Notes\Faunari\data\raw\github_indian_snakes\Non-Venomous\Common Sand Boa\kenyan-sand-boa.jpg,github_indian_snakes,Common Sand Boa,non_venomous,,518,288,3518,False,train
e:\Coding_Notes\Faunari\data\raw\github_indian_snakes\Non-Venomous\Common Sand Boa\kenyan.jpg,github_indian_snakes,Common Sand Boa,non_venomous,,412,288,3519,False,train
e:\Coding_Notes\Faunari\data\raw\github_indian_snakes\Non-Venomous\Common Sand Boa\Photo-0187.jpg,github_indian_snakes,Common Sand Boa,non_venomous,,636,338,3520,True,test
e:\Coding_Notes\Faunari\data\raw\github_indian_snakes\Non-Venomous\Common Sand Boa\Red sand Boa.png,github_indian_snakes,Common Sand Boa,non_venomous,,1094,882,3521,True,train
e:\Coding_Notes\Faunari\data\raw\github_indian_snakes\Non-Venomous\Common Sand Boa\red-sand-boa-eryx-johnii-non-venomous-common-c690b1.jpg,github_indian_snakes,Common Sand Boa,non_venomous,,450,320,3522,False,val
e:\Coding_Notes\Faunari\data\raw\github_indian_snakes\Non-Venomous\Common Sand Boa\red-sand-boa-eryx-johnii-non-venomous-common-C690BE.jpg,github_indian_snakes,Common Sand Boa,non_venomous,,1300,956,3523,True,train
e:\Coding_Notes\Faunari\data\raw\github_indian_snakes\Non-Venomous\Common Sand Boa\red-sand-boa-eryx-johnii-non-venomous-common-c6915g.jpg,github_indian_snakes,Common Sand Boa,non_venomous,,450,320,3524,False,val
e:\Coding_Notes\Faunari\data\raw\github_indian_snakes\Non-Venomous\Common Sand Boa\red-sand-boa-eryx-johnii-non-venomous-common-saswad-maharashtra-india-G2A95R.jpg,github_indian_snakes,Common Sand Boa,non_venomous,,1300,1064,3525,True,train
e:\Coding_Notes\Faunari\data\raw\github_indian_snakes\Non-Venomous\Common Sand Boa\red-sand-boa.jpg,github_indian_snakes,Common Sand Boa,non_venomous,,556,417,3526,True,train
e:\Coding_Notes\Faunari\data\raw\github_indian_snakes\Non-Venomous\Common Sand Boa\Red_Sand_Boa_Eryx_johnii_by_Ashahar_alias_Krishna_Khan.jpg,github_indian_snakes,Common Sand Boa,non_venomous,,1200,900,3527,True,train
e:\Coding_Notes\Faunari\data\raw\github_indian_snakes\Non-Venomous\Common Sand Boa\rsf7-01.jpg,github_indian_snakes,Common Sand Boa,non_venomous,,1600,1200,3528,True,train
e:\Coding_Notes\Faunari\data\raw\github_indian_snakes\Non-Venomous\Common Sand Boa\Russells_Boa.jpg,github_indian_snakes,Common Sand Boa,non_venomous,,568,426,3529,True,test
e:\Coding_Notes\Faunari\data\raw\github_indian_snakes\Non-Venomous\Common Sand Boa\sandboa1.jpg,github_indian_snakes,Common Sand Boa,non_venomous,,855,642,3530,True,train
e:\Coding_Notes\Faunari\data\raw\github_indian_snakes\Non-Venomous\Common Sand Boa\sandboa2.jpg,github_indian_snakes,Common Sand Boa,non_venomous,,855,642,3531,True,val
e:\Coding_Notes\Faunari\data\raw\github_indian_snakes\Non-Venomous\Common Sand Boa\Sand_Boa.jpg,github_indian_snakes,Common Sand Boa,non_venomous,,300,249,3532,False,test
e:\Coding_Notes\Faunari\data\raw\github_indian_snakes\Non-Venomous\Common Sand Boa\snake-common-sand-boa-eryx-conicus-ET0CMG.jpg,github_indian_snakes,Common Sand Boa,non_venomous,,1300,956,3533,True,val
e:\Coding_Notes\Faunari\data\raw\github_indian_snakes\Non-Venomous\Common Sand Boa\unnamed.png,github_indian_snakes,Common Sand Boa,non_venomous,,512,257,3534,False,train
e:\Coding_Notes\Faunari\data\raw\github_indian_snakes\Non-Venomous\Common Sand Boa\whitakers-sandboa-eryx-whitakeri-non-venomous-common-a-medium-sized-AX2GTX.jpg,github_indian_snakes,Common Sand Boa,non_venomous,,1300,960,3535,True,train
e:\Coding_Notes\Faunari\data\raw\github_indian_snakes\Non-Venomous\Common Trinket\0431.jpeg,github_indian_snakes,Common Trinket,non_venomous,,179,128,3536,True,train
e:\Coding_Notes\Faunari\data\raw\github_indian_snakes\Non-Venomous\Common Trinket\0582.jpeg,github_indian_snakes,Common Trinket,non_venomous,,1000,708,3537,True,train
e:\Coding_Notes\Faunari\data\raw\github_indian_snakes\Non-Venomous\Common Trinket\0821.jpeg,github_indian_snakes,Common Trinket,non_venomous,,192,128,3538,True,val
e:\Coding_Notes\Faunari\data\raw\github_indian_snakes\Non-Venomous\Common Trinket\1200px-Elaphe_quadrivirgata.JPG,github_indian_snakes,Common Trinket,non_venomous,,1200,1200,3539,True,train
e:\Coding_Notes\Faunari\data\raw\github_indian_snakes\Non-Venomous\Common Trinket\14388445958.JPG,github_indian_snakes,Common Trinket,non_venomous,,600,337,3540,True,test
e:\Coding_Notes\Faunari\data\raw\github_indian_snakes\Non-Venomous\Common Trinket\1438844596IMG_0396.JPG,github_indian_snakes,Common Trinket,non_venomous,,600,337,3541,True,val
e:\Coding_Notes\Faunari\data\raw\github_indian_snakes\Non-Venomous\Common Trinket\1438844598IMG_0412.JPG,github_indian_snakes,Common Trinket,non_venomous,,600,337,3542,True,train
e:\Coding_Notes\Faunari\data\raw\github_indian_snakes\Non-Venomous\Common Trinket\15021341824_55f46f452d_m.jpg,github_indian_snakes,Common Trinket,non_venomous,,240,145,3543,False,train
e:\Coding_Notes\Faunari\data\raw\github_indian_snakes\Non-Venomous\Common Trinket\15053871203_517c7e024f_b.jpg,github_indian_snakes,Common Trinket,non_venomous,,1024,627,3544,True,train
e:\Coding_Notes\Faunari\data\raw\github_indian_snakes\Non-Venomous\Common Trinket\15649513156_3ac7281119_b.jpg,github_indian_snakes,Common Trinket,non_venomous,,1024,581,3545,True,train
e:\Coding_Notes\Faunari\data\raw\github_indian_snakes\Non-Venomous\Common Trinket\15673251455_665b455109_b.jpg,github_indian_snakes,Common Trinket,non_venomous,,1024,660,3546,True,train
e:\Coding_Notes\Faunari\data\raw\github_indian_snakes\Non-Venomous\Common Trinket\1922.jpeg,github_indian_snakes,Common Trinket,non_venomous,,640,480,3547,True,val
e:\Coding_Notes\Faunari\data\raw\github_indian_snakes\Non-Venomous\Common Trinket\2037.jpeg,github_indian_snakes,Common Trinket,non_venomous,,768,512,3548,True,test
e:\Coding_Notes\Faunari\data\raw\github_indian_snakes\Non-Venomous\Common Trinket\23687915030_1d79eb768b.jpg,github_indian_snakes,Common Trinket,non_venomous,,500,321,3549,True,test
e:\Coding_Notes\Faunari\data\raw\github_indian_snakes\Non-Venomous\Common Trinket\4.jpg,github_indian_snakes,Common Trinket,non_venomous,,450,336,3550,False,train
e:\Coding_Notes\Faunari\data\raw\github_indian_snakes\Non-Venomous\Common Trinket\6123216202_563c31e3eb.jpg,github_indian_snakes,Common Trinket,non_venomous,,500,347,3551,True,train
e:\Coding_Notes\Faunari\data\raw\github_indian_snakes\Non-Venomous\Common Trinket\7207338458_12efc7a0c8_b.jpg,github_indian_snakes,Common Trinket,non_venomous,,1024,699,3552,True,train
e:\Coding_Notes\Faunari\data\raw\github_indian_snakes\Non-Venomous\Common Trinket\7413599378_03c9197f81.jpg,github_indian_snakes,Common Trinket,non_venomous,,500,333,3553,True,train
e:\Coding_Notes\Faunari\data\raw\github_indian_snakes\Non-Venomous\Common Trinket\7528802344_7b2d630b51.jpg,github_indian_snakes,Common Trinket,non_venomous,,500,333,3554,True,train
e:\Coding_Notes\Faunari\data\raw\github_indian_snakes\Non-Venomous\Common Trinket\7667965192_6ebcdd85d8_b.jpg,github_indian_snakes,Common Trinket,non_venomous,,1024,768,3555,True,test
e:\Coding_Notes\Faunari\data\raw\github_indian_snakes\Non-Venomous\Common Trinket\85a4f893f43a26c9257f2e4ab5e42eff.jpg,github_indian_snakes,Common Trinket,non_venomous,,800,600,3556,True,train
e:\Coding_Notes\Faunari\data\raw\github_indian_snakes\Non-Venomous\Common Trinket\Close_Up_of_A_Common_Trinket.JPG,github_indian_snakes,Common Trinket,non_venomous,,1200,800,3557,True,train
e:\Coding_Notes\Faunari\data\raw\github_indian_snakes\Non-Venomous\Common Trinket\Coelognathus-helena-03000033350_01.jpg,github_indian_snakes,Common Trinket,non_venomous,,560,342,3558,True,train
e:\Coding_Notes\Faunari\data\raw\github_indian_snakes\Non-Venomous\Common Trinket\common-indian-trinket-coelognathus-helena-ncbs-bangalore-india-f7n7nc.jpg,github_indian_snakes,Common Trinket,non_venomous,,450,320,3559,False,train
e:\Coding_Notes\Faunari\data\raw\github_indian_snakes\Non-Venomous\Common Trinket\common-indian-trinket-coelognathus-helena-ncbs-bangalore-india-f7n7nw.jpg,github_indian_snakes,Common Trinket,non_venomous,,640,447,3560,True,train
e:\Coding_Notes\Faunari\data\raw\github_indian_snakes\Non-Venomous\Common Trinket\common-indian-trinket-coelognathus-helena-ncbs-bangalore-india-f7n7pg.jpg,github_indian_snakes,Common Trinket,non_venomous,,450,320,3561,False,test
e:\Coding_Notes\Faunari\data\raw\github_indian_snakes\Non-Venomous\Common Trinket\Common-Trinket-Snake-300x225.jpg,github_indian_snakes,Common Trinket,non_venomous,,300,225,3562,False,hardcase
e:\Coding_Notes\Faunari\data\raw\github_indian_snakes\Non-Venomous\Common Trinket\common-trinket-snake-coelognathus-helena-helena-non-venomous-common-aa2k4m.jpg,github_indian_snakes,Common Trinket,non_venomous,,640,433,3563,True,train
e:\Coding_Notes\Faunari\data\raw\github_indian_snakes\Non-Venomous\Common Trinket\common-trinket-snake-coelognathus-helena-helena-non-venomous-common-BY0Y0B.jpg,github_indian_snakes,Common Trinket,non_venomous,,1300,956,3564,True,train
e:\Coding_Notes\Faunari\data\raw\github_indian_snakes\Non-Venomous\Common Trinket\common-trinket-snake-D4NP90.jpg,github_indian_snakes,Common Trinket,non_venomous,,1300,956,3565,True,train
e:\Coding_Notes\Faunari\data\raw\github_indian_snakes\Non-Venomous\Common Trinket\common-trinket-snake-elaphe-helena-akfw8a.jpg,github_indian_snakes,Common Trinket,non_venomous,,450,313,3566,False,train
e:\Coding_Notes\Faunari\data\raw\github_indian_snakes\Non-Venomous\Common Trinket\common-trinket-snake-elaphe-helena-two-individuals-a3ypkp.jpg,github_indian_snakes,Common Trinket,non_venomous,,447,320,3567,False,train
e:\Coding_Notes\Faunari\data\raw\github_indian_snakes\Non-Venomous\Common Trinket\Common_Trinket.jpg,github_indian_snakes,Common Trinket,non_venomous,,1632,916,3568,True,train
e:\Coding_Notes\Faunari\data\raw\github_indian_snakes\Non-Venomous\Common Trinket\common_trinket_001.jpg,github_indian_snakes,Common Trinket,non_venomous,,800,600,3569,True,test
e:\Coding_Notes\Faunari\data\raw\github_indian_snakes\Non-Venomous\Common Trinket\common_trinket_snake_5_foot_long_approx.jpg,github_indian_snakes,Common Trinket,non_venomous,,700,355,3570,True,val
e:\Coding_Notes\Faunari\data\raw\github_indian_snakes\Non-Venomous\Common Trinket\Copper-headed Trinket Snake.jpg,github_indian_snakes,Common Trinket,non_venomous,,259,194,3571,False,train
e:\Coding_Notes\Faunari\data\raw\github_indian_snakes\Non-Venomous\Common Trinket\copper-headed-trinket-snake-coelognathus-radiatus-efrtgt.jpg,github_indian_snakes,Common Trinket,non_venomous,,347,540,3572,True,train
e:\Coding_Notes\Faunari\data\raw\github_indian_snakes\Non-Venomous\Common Trinket\copper-headed-trinket-snake-coelognathus-radiatus-non-venomous-common-BN1WY8.jpg,github_indian_snakes,Common Trinket,non_venomous,,1300,960,3573,True,val
e:\Coding_Notes\Faunari\data\raw\github_indian_snakes\Non-Venomous\Common Trinket\d2563876349b5563a3d4d98f79f4ea77.jpg,github_indian_snakes,Common Trinket,non_venomous,,2048,1070,3574,True,train
e:\Coding_Notes\Faunari\data\raw\github_indian_snakes\Non-Venomous\Common Trinket\DSC01535-Edit0.jpg,github_indian_snakes,Common Trinket,non_venomous,,5390,3492,3575,True,train
e:\Coding_Notes\Faunari\data\raw\github_indian_snakes\Non-Venomous\Common Trinket\dsc_0011.jpg,github_indian_snakes,Common Trinket,non_venomous,,6016,4000,3576,True,train
e:\Coding_Notes\Faunari\data\raw\github_indian_snakes\Non-Venomous\Common Trinket\habaraliya.jpg,github_indian_snakes,Common Trinket,non_venomous,,1600,1024,3577,True,train
e:\Coding_Notes\Faunari\data\raw\github_indian_snakes\Non-Venomous\Common Trinket\img8.jpg,github_indian_snakes,Common Trinket,non_venomous,,613,437,3578,True,val
e:\Coding_Notes\Faunari\data\raw\github_indian_snakes\Non-Venomous\Common Trinket\IMG_0001 (1).JPG,github_indian_snakes,Common Trinket,non_venomous,,1199,1600,3579,True,train
e:\Coding_Notes\Faunari\data\raw\github_indian_snakes\Non-Venomous\Common Trinket\IMG_0023.jpg,github_indian_snakes,Common Trinket,non_venomous,,640,426,3580,True,train
e:\Coding_Notes\Faunari\data\raw\github_indian_snakes\Non-Venomous\Common Trinket\img_2194.jpg,github_indian_snakes,Common Trinket,non_venomous,,1600,1200,3581,True,val
e:\Coding_Notes\Faunari\data\raw\github_indian_snakes\Non-Venomous\Common Trinket\montane-trinket-snake-coelognathus-helena-monticollaris-non-venomous-a23fcd.jpg,github_indian_snakes,Common Trinket,non_venomous,,640,440,3582,True,test
e:\Coding_Notes\Faunari\data\raw\github_indian_snakes\Non-Venomous\Common Trinket\montane-trinket-snake-coelognathus-helena-monticollaris-non-venomous-AX0CWP.jpg,github_indian_snakes,Common Trinket,non_venomous,,1300,960,3583,True,train
e:\Coding_Notes\Faunari\data\raw\github_indian_snakes\Non-Venomous\Common Trinket\orthriophis-taeniurus-striped-racer-striped-trinket-snake-non-venomous-H9EPPH.jpg,github_indian_snakes,Common Trinket,non_venomous,,1300,963,3584,True,val
e:\Coding_Notes\Faunari\data\raw\github_indian_snakes\Non-Venomous\Common Trinket\Snake-Common-Trinket.jpg,github_indian_snakes,Common Trinket,non_venomous,,800,600,3585,True,train
e:\Coding_Notes\Faunari\data\raw\github_indian_snakes\Non-Venomous\Common Trinket\snake-snakes-leopard-snake-zamenis-situla-trinket-snake-reptile-reptiles-BNJR3J.jpg,github_indian_snakes,Common Trinket,non_venomous,,1300,960,3586,True,train
e:\Coding_Notes\Faunari\data\raw\github_indian_snakes\Non-Venomous\Common Trinket\trinket2.jpg,github_indian_snakes,Common Trinket,non_venomous,,900,675,3587,True,val
e:\Coding_Notes\Faunari\data\raw\github_indian_snakes\Non-Venomous\Common Trinket\trinketsnake.jpg,github_indian_snakes,Common Trinket,non_venomous,,620,463,3588,True,test
e:\Coding_Notes\Faunari\data\raw\github_indian_snakes\Non-Venomous\Green Tree Vine\1.jpg,github_indian_snakes,Green Tree Vine,non_venomous,,852,480,3589,True,val
e:\Coding_Notes\Faunari\data\raw\github_indian_snakes\Non-Venomous\Green Tree Vine\110298e9e9d6d2fdba1357f8ce37cb3b.jpg,github_indian_snakes,Green Tree Vine,non_venomous,,500,594,3590,True,train
e:\Coding_Notes\Faunari\data\raw\github_indian_snakes\Non-Venomous\Green Tree Vine\3fa413c2da7fc530e62d96dcf738304f.jpg,github_indian_snakes,Green Tree Vine,non_venomous,,1600,1200,3591,True,val
e:\Coding_Notes\Faunari\data\raw\github_indian_snakes\Non-Venomous\Green Tree Vine\480a15852ea1541e979834fabee27363--blue-green-green-trees.jpg,github_indian_snakes,Green Tree Vine,non_venomous,,236,355,3592,False,val
e:\Coding_Notes\Faunari\data\raw\github_indian_snakes\Non-Venomous\Green Tree Vine\4a9881dd567ca571c0874b158a72b9ec.jpg,github_indian_snakes,Green Tree Vine,non_venomous,,640,480,3593,True,train
e:\Coding_Notes\Faunari\data\raw\github_indian_snakes\Non-Venomous\Green Tree Vine\541d920462f53a965ce8d6fd7a1f7476.jpg,github_indian_snakes,Green Tree Vine,non_venomous,,720,537,3594,True,train
e:\Coding_Notes\Faunari\data\raw\github_indian_snakes\Non-Venomous\Green Tree Vine\dbc07269d811693c59231e23ed0e404d.jpg,github_indian_snakes,Green Tree Vine,non_venomous,,841,412,3595,True,train
e:\Coding_Notes\Faunari\data\raw\github_indian_snakes\Non-Venomous\Green Tree Vine\ec508f46cb681431964d45926a4ade84.jpg,github_indian_snakes,Green Tree Vine,non_venomous,,699,671,3596,True,val
e:\Coding_Notes\Faunari\data\raw\github_indian_snakes\Non-Venomous\Green Tree Vine\GreenVineSnakeSinharajaGR.jpg,github_indian_snakes,Green Tree Vine,non_venomous,,800,533,3597,True,train
e:\Coding_Notes\Faunari\data\raw\github_indian_snakes\Non-Venomous\Green Tree Vine\long-nosed-tree-snake-green-vine-snake-long-nosed-whip-snake-or-asian-FFHA8W.jpg,github_indian_snakes,Green Tree Vine,non_venomous,,1300,954,3598,True,train
e:\Coding_Notes\Faunari\data\raw\github_indian_snakes\Non-Venomous\Green Tree Vine\march-3-2016-long-nosed-tree-snake-green-vine-snake-long-nosed-whip-FFHC11.jpg,github_indian_snakes,Green Tree Vine,non_venomous,,1300,954,3599,True,train
e:\Coding_Notes\Faunari\data\raw\github_indian_snakes\Non-Venomous\Green Tree Vine\snake7-1024x768.jpg,github_indian_snakes,Green Tree Vine,non_venomous,,1024,768,3600,True,train
e:\Coding_Notes\Faunari\data\raw\github_indian_snakes\Non-Venomous\Green Tree Vine\the-common-vine-snake-ahaetulla-nasuta-is-a-slender-green-tree-snake-F947R9.jpg,github_indian_snakes,Green Tree Vine,non_venomous,,1300,956,3601,True,train
e:\Coding_Notes\Faunari\data\raw\github_indian_snakes\Non-Venomous\Green Tree Vine\the-common-vine-snake-ahaetulla-nasuta-is-a-slender-green-tree-snake-F947RB.jpg,github_indian_snakes,Green Tree Vine,non_venomous,,1300,956,3602,True,train
e:\Coding_Notes\Faunari\data\raw\github_indian_snakes\Non-Venomous\Green Tree Vine\the-common-vine-snake-ahaetulla-nasuta-is-a-slender-green-tree-snake-F947RF.jpg,github_indian_snakes,Green Tree Vine,non_venomous,,1300,956,3603,True,test
e:\Coding_Notes\Faunari\data\raw\github_indian_snakes\Non-Venomous\Green Tree Vine\the-common-vine-snake-ahaetulla-nasuta-is-a-slender-green-tree-snake-F947RJ.jpg,github_indian_snakes,Green Tree Vine,non_venomous,,1300,956,3604,True,val
e:\Coding_Notes\Faunari\data\raw\github_indian_snakes\Non-Venomous\Green Tree Vine\the-common-vine-snake-ahaetulla-nasuta-is-a-slender-green-tree-snake-F947RM.jpg,github_indian_snakes,Green Tree Vine,non_venomous,,1300,956,3605,True,val
e:\Coding_Notes\Faunari\data\raw\github_indian_snakes\Non-Venomous\Green Tree Vine\the-common-vine-snake-ahaetulla-nasuta-is-a-slender-green-tree-snake-f947rt.jpg,github_indian_snakes,Green Tree Vine,non_venomous,,450,320,3606,False,test
e:\Coding_Notes\Faunari\data\raw\github_indian_snakes\Non-Venomous\Green Tree Vine\the-common-vine-snake-ahaetulla-nasuta-is-a-slender-green-tree-snake-F947RY.jpg,github_indian_snakes,Green Tree Vine,non_venomous,,1300,956,3607,True,train
e:\Coding_Notes\Faunari\data\raw\github_indian_snakes\Non-Venomous\Green Tree Vine\the-common-vine-snake-ahaetulla-nasuta-is-a-slender-green-tree-snake-F947T3.jpg,github_indian_snakes,Green Tree Vine,non_venomous,,1300,956,3608,True,train
e:\Coding_Notes\Faunari\data\raw\github_indian_snakes\Non-Venomous\Green Tree Vine\the-common-vine-snake-ahaetulla-nasuta-is-a-slender-green-tree-snake-f947t3_001.jpg,github_indian_snakes,Green Tree Vine,non_venomous,,450,320,3609,False,train
e:\Coding_Notes\Faunari\data\raw\github_indian_snakes\Non-Venomous\Green Tree Vine\tumblr_n9q4ra2NrW1sgxjc6o2_1280.jpg,github_indian_snakes,Green Tree Vine,non_venomous,,568,423,3610,True,test
e:\Coding_Notes\Faunari\data\raw\github_indian_snakes\Non-Venomous\Indian Rock Python\0.jpg,github_indian_snakes,Indian Rock Python,non_venomous,,480,360,3611,True,train
e:\Coding_Notes\Faunari\data\raw\github_indian_snakes\Non-Venomous\Indian Rock Python\1.jpg,github_indian_snakes,Indian Rock Python,non_venomous,,300,196,3612,False,train
e:\Coding_Notes\Faunari\data\raw\github_indian_snakes\Non-Venomous\Indian Rock Python\1024px-Heller_Tigerpython_Python_molurus_molurus.jpg,github_indian_snakes,Indian Rock Python,non_venomous,,1024,654,3613,True,train
e:\Coding_Notes\Faunari\data\raw\github_indian_snakes\Non-Venomous\Indian Rock Python\1166420045-m.jpg,github_indian_snakes,Indian Rock Python,non_venomous,,800,862,3614,True,train
e:\Coding_Notes\Faunari\data\raw\github_indian_snakes\Non-Venomous\Indian Rock Python\1280px-Indian_rock_python_pratik.JPG,github_indian_snakes,Indian Rock Python,non_venomous,,1280,904,3615,True,train
e:\Coding_Notes\Faunari\data\raw\github_indian_snakes\Non-Venomous\Indian Rock Python\131942656.vigSlaNz.jpg,github_indian_snakes,Indian Rock Python,non_venomous,,641,800,3616,True,train
e:\Coding_Notes\Faunari\data\raw\github_indian_snakes\Non-Venomous\Indian Rock Python\1406194043645_wps_2_EXCLUSIVE_GUJARAT_INDIA_U.jpg,github_indian_snakes,Indian Rock Python,non_venomous,,634,423,3617,True,train
e:\Coding_Notes\Faunari\data\raw\github_indian_snakes\Non-Venomous\Indian Rock Python\1406194171937_wps_8_EXCLUSIVE_GUJARAT_INDIA_U.jpg,github_indian_snakes,Indian Rock Python,non_venomous,,634,423,3618,True,train
e:\Coding_Notes\Faunari\data\raw\github_indian_snakes\Non-Venomous\Indian Rock Python\1406194211496_wps_10_EXCLUSIVE_GUJARAT_INDIA_U.jpg,github_indian_snakes,Indian Rock Python,non_venomous,,634,423,3619,True,train
e:\Coding_Notes\Faunari\data\raw\github_indian_snakes\Non-Venomous\Indian Rock Python\1406194312764_wps_11_EXCLUSIVE_GUJARAT_INDIA_U.jpg,github_indian_snakes,Indian Rock Python,non_venomous,,634,423,3620,True,val
e:\Coding_Notes\Faunari\data\raw\github_indian_snakes\Non-Venomous\Indian Rock Python\1438853319IMG-20141006-WA0017.jpg,github_indian_snakes,Indian Rock Python,non_venomous,,600,400,3621,True,train
e:\Coding_Notes\Faunari\data\raw\github_indian_snakes\Non-Venomous\Indian Rock Python\1438853319main -1.jpg,github_indian_snakes,Indian Rock Python,non_venomous,,600,428,3622,True,train
e:\Coding_Notes\Faunari\data\raw\github_indian_snakes\Non-Venomous\Indian Rock Python\1438853320sub headed shot-1.jpg,github_indian_snakes,Indian Rock Python,non_venomous,,600,453,3623,True,train
e:\Coding_Notes\Faunari\data\raw\github_indian_snakes\Non-Venomous\Indian Rock Python\1753.jpeg,github_indian_snakes,Indian Rock Python,non_venomous,,750,484,3624,True,train
e:\Coding_Notes\Faunari\data\raw\github_indian_snakes\Non-Venomous\Indian Rock Python\240_F_57387590_X4C1GVMXiircJ9WijCsTxXmP3l08Pk2m.jpg,github_indian_snakes,Indian Rock Python,non_venomous,,392,240,3625,False,train
e:\Coding_Notes\Faunari\data\raw\github_indian_snakes\Non-Venomous\Indian Rock Python\240_F_81777996_fXFZAxx4plJEMzc4ndaqAcPqLi5VB87h.jpg,github_indian_snakes,Indian Rock Python,non_venomous,,360,240,3626,False,train
e:\Coding_Notes\Faunari\data\raw\github_indian_snakes\Non-Venomous\Indian Rock Python\240_F_81778671_6lV4W2Ea4sy1uxVPZTpyyDUN8B0tDMi9.jpg,github_indian_snakes,Indian Rock Python,non_venomous,,360,240,3627,False,train
e:\Coding_Notes\Faunari\data\raw\github_indian_snakes\Non-Venomous\Indian Rock Python\249701_149478348456813_100001839476094_326585_731191_n.jpg,github_indian_snakes,Indian Rock Python,non_venomous,,720,540,3628,True,train
e:\Coding_Notes\Faunari\data\raw\github_indian_snakes\Non-Venomous\Indian Rock Python\5 blog.jpg,github_indian_snakes,Indian Rock Python,non_venomous,,800,600,3629,True,train
e:\Coding_Notes\Faunari\data\raw\github_indian_snakes\Non-Venomous\Indian Rock Python\5521393421453897450.jpg,github_indian_snakes,Indian Rock Python,non_venomous,,625,469,3630,True,val
e:\Coding_Notes\Faunari\data\raw\github_indian_snakes\Non-Venomous\Indian Rock Python\61571838_4ea666d98a_b.jpg,github_indian_snakes,Indian Rock Python,non_venomous,,1024,761,3631,True,val
e:\Coding_Notes\Faunari\data\raw\github_indian_snakes\Non-Venomous\Indian Rock Python\6341106gveli179.jpg,github_indian_snakes,Indian Rock Python,non_venomous,,550,412,3632,True,val
e:\Coding_Notes\Faunari\data\raw\github_indian_snakes\Non-Venomous\Indian Rock Python\6O4A4956.jpg,github_indian_snakes,Indian Rock Python,non_venomous,,4268,2845,3633,True,test
e:\Coding_Notes\Faunari\data\raw\github_indian_snakes\Non-Venomous\Indian Rock Python\6O4A7830.jpg,github_indian_snakes,Indian Rock Python,non_venomous,,4583,3055,3634,True,train
e:\Coding_Notes\Faunari\data\raw\github_indian_snakes\Non-Venomous\Indian Rock Python\6O4A7844.jpg,github_indian_snakes,Indian Rock Python,non_venomous,,3648,5472,3635,True,train
e:\Coding_Notes\Faunari\data\raw\github_indian_snakes\Non-Venomous\Indian Rock Python\6O4A7885.jpg,github_indian_snakes,Indian Rock Python,non_venomous,,4254,2836,3636,True,train
e:\Coding_Notes\Faunari\data\raw\github_indian_snakes\Non-Venomous\Indian Rock Python\7044762725_5e3e754c31.jpg,github_indian_snakes,Indian Rock Python,non_venomous,,500,340,3637,True,val
e:\Coding_Notes\Faunari\data\raw\github_indian_snakes\Non-Venomous\Indian Rock Python\7696c19d1eb4846d81269ecb4c77f5a5.jpg,github_indian_snakes,Indian Rock Python,non_venomous,,530,800,3638,True,test
e:\Coding_Notes\Faunari\data\raw\github_indian_snakes\Non-Venomous\Indian Rock Python\87457288_XS.jpg,github_indian_snakes,Indian Rock Python,non_venomous,,750,428,3639,True,train
e:\Coding_Notes\Faunari\data\raw\github_indian_snakes\Non-Venomous\Indian Rock Python\a0a6db8a29a4a474703855fd466ed3dd--indian-animals-mammals.jpg,github_indian_snakes,Indian Rock Python,non_venomous,,736,425,3640,True,val
e:\Coding_Notes\Faunari\data\raw\github_indian_snakes\Non-Venomous\Indian Rock Python\afe2.jpg,github_indian_snakes,Indian Rock Python,non_venomous,,950,405,3641,True,train
e:\Coding_Notes\Faunari\data\raw\github_indian_snakes\Non-Venomous\Indian Rock Python\African-rock-python-on-rocky-ground.jpg,github_indian_snakes,Indian Rock Python,non_venomous,,345,520,3642,True,val
e:\Coding_Notes\Faunari\data\raw\github_indian_snakes\Non-Venomous\Indian Rock Python\An-Indian-rock-python-drinks-water-inside-its-enclosure-in-a-zoo-during-a-hot-day-in-Lucknow..jpg,github_indian_snakes,Indian Rock Python,non_venomous,,976,634,3643,True,val
e:\Coding_Notes\Faunari\data\raw\github_indian_snakes\Non-Venomous\Indian Rock Python\An-Indian-Rock-Python.jpg,github_indian_snakes,Indian Rock Python,non_venomous,,615,410,3644,True,train
e:\Coding_Notes\Faunari\data\raw\github_indian_snakes\Non-Venomous\Indian Rock Python\An-Indian-Rock-Python3-_unz3.jpg,github_indian_snakes,Indian Rock Python,non_venomous,,660,440,3645,True,train
e:\Coding_Notes\Faunari\data\raw\github_indian_snakes\Non-Venomous\Indian Rock Python\Asiatic-rock-python-coiled-around-branch.jpg,github_indian_snakes,Indian Rock Python,non_venomous,,650,459,3646,True,train
e:\Coding_Notes\Faunari\data\raw\github_indian_snakes\Non-Venomous\Indian Rock Python\asiatic-rock-python-hatchling.jpg,github_indian_snakes,Indian Rock Python,non_venomous,,650,436,3647,True,val
e:\Coding_Notes\Faunari\data\raw\github_indian_snakes\Non-Venomous\Indian Rock Python\Big-Python.jpg,github_indian_snakes,Indian Rock Python,non_venomous,,213,320,3648,False,train
e:\Coding_Notes\Faunari\data\raw\github_indian_snakes\Non-Venomous\Indian Rock Python\Brown_Streaks_seen_from_Lateral_View_of_Head_of_Indian_Rock_Python_(_P_molurus).JPG,github_indian_snakes,Indian Rock Python,non_venomous,,3648,2736,3649,True,train
e:\Coding_Notes\Faunari\data\raw\github_indian_snakes\Non-Venomous\Indian Rock Python\burmpython1l.jpg,github_indian_snakes,Indian Rock Python,non_venomous,,600,400,3650,True,test
e:\Coding_Notes\Faunari\data\raw\github_indian_snakes\Non-Venomous\Indian Rock Python\burmpython2l.jpg,github_indian_snakes,Indian Rock Python,non_venomous,,600,424,3651,True,val
e:\Coding_Notes\Faunari\data\raw\github_indian_snakes\Non-Venomous\Indian Rock Python\dc-Cover-bh58nkvuepsd83sgu14h9ieqn5-20160609032640.Medi.jpeg,github_indian_snakes,Indian Rock Python,non_venomous,,800,448,3652,True,train
e:\Coding_Notes\Faunari\data\raw\github_indian_snakes\Non-Venomous\Indian Rock Python\filename-img-0537-jpg.jpg,github_indian_snakes,Indian Rock Python,non_venomous,,337,450,3653,False,val
e:\Coding_Notes\Faunari\data\raw\github_indian_snakes\Non-Venomous\Indian Rock Python\hqdefault.jpg,github_indian_snakes,Indian Rock Python,non_venomous,,480,360,3654,True,train
e:\Coding_Notes\Faunari\data\raw\github_indian_snakes\Non-Venomous\Indian Rock Python\hqdefault_002.jpg,github_indian_snakes,Indian Rock Python,non_venomous,,480,360,3655,True,test
e:\Coding_Notes\Faunari\data\raw\github_indian_snakes\Non-Venomous\Indian Rock Python\hqdefault_004.jpg,github_indian_snakes,Indian Rock Python,non_venomous,,480,360,3656,True,test
e:\Coding_Notes\Faunari\data\raw\github_indian_snakes\Non-Venomous\Indian Rock Python\hqdefault_006.jpg,github_indian_snakes,Indian Rock Python,non_venomous,,480,360,3657,True,val
e:\Coding_Notes\Faunari\data\raw\github_indian_snakes\Non-Venomous\Indian Rock Python\hqdefault_007.jpg,github_indian_snakes,Indian Rock Python,non_venomous,,480,360,3658,True,train
e:\Coding_Notes\Faunari\data\raw\github_indian_snakes\Non-Venomous\Indian Rock Python\Image003.jpg,github_indian_snakes,Indian Rock Python,non_venomous,,380,285,3659,False,train
e:\Coding_Notes\Faunari\data\raw\github_indian_snakes\Non-Venomous\Indian Rock Python\Image010.jpg,github_indian_snakes,Indian Rock Python,non_venomous,,380,285,3660,False,train
e:\Coding_Notes\Faunari\data\raw\github_indian_snakes\Non-Venomous\Indian Rock Python\image[1].jpg,github_indian_snakes,Indian Rock Python,non_venomous,,1295,967,3661,True,train
e:\Coding_Notes\Faunari\data\raw\github_indian_snakes\Non-Venomous\Indian Rock Python\img58.jpg,github_indian_snakes,Indian Rock Python,non_venomous,,1024,683,3662,True,train
e:\Coding_Notes\Faunari\data\raw\github_indian_snakes\Non-Venomous\Indian Rock Python\IMG_0057.jpg,github_indian_snakes,Indian Rock Python,non_venomous,,640,426,3663,True,train
e:\Coding_Notes\Faunari\data\raw\github_indian_snakes\Non-Venomous\Indian Rock Python\Indian rock python imprisoned in Gujarat after it swallows blue bull.jpg,github_indian_snakes,Indian Rock Python,non_venomous,,626,336,3664,True,train
e:\Coding_Notes\Faunari\data\raw\github_indian_snakes\Non-Venomous\Indian Rock Python\Indian Rock Python.jpg,github_indian_snakes,Indian Rock Python,non_venomous,,240,320,3665,False,train
e:\Coding_Notes\Faunari\data\raw\github_indian_snakes\Non-Venomous\Indian Rock Python\Indian Rock Python.preview.jpg,github_indian_snakes,Indian Rock Python,non_venomous,,640,426,3666,True,train
e:\Coding_Notes\Faunari\data\raw\github_indian_snakes\Non-Venomous\Indian Rock Python\Indian Rock Python_001.jpg,github_indian_snakes,Indian Rock Python,non_venomous,,259,194,3667,False,hardcase
e:\Coding_Notes\Faunari\data\raw\github_indian_snakes\Non-Venomous\Indian Rock Python\indian-python-python-molurus-adult-on-rock-gdcc2f.jpg,github_indian_snakes,Indian Rock Python,non_venomous,,450,316,3668,False,val
e:\Coding_Notes\Faunari\data\raw\github_indian_snakes\Non-Venomous\Indian Rock Python\indian-rock-python-10073419.jpg,github_indian_snakes,Indian Rock Python,non_venomous,,800,533,3669,True,train
e:\Coding_Notes\Faunari\data\raw\github_indian_snakes\Non-Venomous\Indian Rock Python\Indian-Rock-Python-9884.jpg,github_indian_snakes,Indian Rock Python,non_venomous,,312,250,3670,False,val
e:\Coding_Notes\Faunari\data\raw\github_indian_snakes\Non-Venomous\Indian Rock Python\indian-rock-python-BINNS-IMG_9026-copy.jpg,github_indian_snakes,Indian Rock Python,non_venomous,,600,404,3671,True,val
e:\Coding_Notes\Faunari\data\raw\github_indian_snakes\Non-Venomous\Indian Rock Python\Indian-Rock-Python-by-Keih-Valentine.jpg,github_indian_snakes,Indian Rock Python,non_venomous,,1200,800,3672,True,test
e:\Coding_Notes\Faunari\data\raw\github_indian_snakes\Non-Venomous\Indian Rock Python\indian-rock-python-closeup-canon-d-f-iso-mmnnindian-sighted-forest-floor-western-ghats-india-n-47751635.jpg,github_indian_snakes,Indian Rock Python,non_venomous,,1300,957,3673,True,train
e:\Coding_Notes\Faunari\data\raw\github_indian_snakes\Non-Venomous\Indian Rock Python\indian-rock-python-habitat-canon-d-f-iso-mmnnindian-sighted-forest-floor-western-ghats-india-n-47751466.jpg,github_indian_snakes,Indian Rock Python,non_venomous,,800,533,3674,True,val
e:\Coding_Notes\Faunari\data\raw\github_indian_snakes\Non-Venomous\Indian Rock Python\indian-rock-python-in-ranthambhore-tiger-reserve-en8p6y.jpg,github_indian_snakes,Indian Rock Python,non_venomous,,640,446,3675,True,train
e:\Coding_Notes\Faunari\data\raw\github_indian_snakes\Non-Venomous\Indian Rock Python\indian-rock-python-in-ranthambhore-tiger-reserve-en8p71.jpg,github_indian_snakes,Indian Rock Python,non_venomous,,640,446,3676,True,test
e:\Coding_Notes\Faunari\data\raw\github_indian_snakes\Non-Venomous\Indian Rock Python\indian-rock-python-in-western-ghats-awd4p9.jpg,github_indian_snakes,Indian Rock Python,non_venomous,,450,315,3677,False,test
e:\Coding_Notes\Faunari\data\raw\github_indian_snakes\Non-Venomous\Indian Rock Python\indian-rock-python-in-western-ghats-awd4pc.jpg,github_indian_snakes,Indian Rock Python,non_venomous,,450,311,3678,False,val
e:\Coding_Notes\Faunari\data\raw\github_indian_snakes\Non-Venomous\Indian Rock Python\indian-rock-python-in-western-ghats-AWD4PE.jpg,github_indian_snakes,Indian Rock Python,non_venomous,,1300,947,3679,True,train
e:\Coding_Notes\Faunari\data\raw\github_indian_snakes\Non-Venomous\Indian Rock Python\indian-rock-python-in-western-ghats-awd4r9.jpg,github_indian_snakes,Indian Rock Python,non_venomous,,450,314,3680,True,train
e:\Coding_Notes\Faunari\data\raw\github_indian_snakes\Non-Venomous\Indian Rock Python\indian-rock-python-in-western-ghats-AWD4T0.jpg,github_indian_snakes,Indian Rock Python,non_venomous,,1300,936,3681,True,train
e:\Coding_Notes\Faunari\data\raw\github_indian_snakes\Non-Venomous\Indian Rock Python\indian-rock-python-in-western-ghats-awd4t4.jpg,github_indian_snakes,Indian Rock Python,non_venomous,,450,314,3682,False,train
e:\Coding_Notes\Faunari\data\raw\github_indian_snakes\Non-Venomous\Indian Rock Python\Indian-Rock-Python-Langur-kill-1.jpg,github_indian_snakes,Indian Rock Python,non_venomous,,1024,682,3683,True,train
e:\Coding_Notes\Faunari\data\raw\github_indian_snakes\Non-Venomous\Indian Rock Python\Indian-Rock-Python-Langur-kill-2.jpg,github_indian_snakes,Indian Rock Python,non_venomous,,1024,683,3684,True,train
e:\Coding_Notes\Faunari\data\raw\github_indian_snakes\Non-Venomous\Indian Rock Python\Indian-Rock-Python-Langur-kill-3.jpg,github_indian_snakes,Indian Rock Python,non_venomous,,1024,683,3685,True,train
e:\Coding_Notes\Faunari\data\raw\github_indian_snakes\Non-Venomous\Indian Rock Python\Indian-Rock-Python-Langur-kill-4.jpg,github_indian_snakes,Indian Rock Python,non_venomous,,1024,683,3686,True,train
e:\Coding_Notes\Faunari\data\raw\github_indian_snakes\Non-Venomous\Indian Rock Python\Indian-Rock-Python-Langur-kill-5.jpg,github_indian_snakes,Indian Rock Python,non_venomous,,1024,683,3687,True,val
e:\Coding_Notes\Faunari\data\raw\github_indian_snakes\Non-Venomous\Indian Rock Python\indian-rock-python-on-the-road--nagarhole.jpg,github_indian_snakes,Indian Rock Python,non_venomous,,800,600,3688,True,train
e:\Coding_Notes\Faunari\data\raw\github_indian_snakes\Non-Venomous\Indian Rock Python\indian-rock-python-or-indian-python-python-molurus-in-ranthambhore-FXYGTF.jpg,github_indian_snakes,Indian Rock Python,non_venomous,,1300,804,3689,True,train
e:\Coding_Notes\Faunari\data\raw\github_indian_snakes\Non-Venomous\Indian Rock Python\indian-rock-python-python-molurus-aarey-milk-colony-india-J21E53.jpg,github_indian_snakes,Indian Rock Python,non_venomous,,1300,956,3690,True,train
e:\Coding_Notes\Faunari\data\raw\github_indian_snakes\Non-Venomous\Indian Rock Python\indian-rock-python-python-molurus-aarey-milk-colony-india-j21e53_001.jpg,github_indian_snakes,Indian Rock Python,non_venomous,,450,320,3691,False,train
e:\Coding_Notes\Faunari\data\raw\github_indian_snakes\Non-Venomous\Indian Rock Python\indian-rock-python-python-molurus-aka-indian-python-rock-python-black-F2JD6R.jpg,github_indian_snakes,Indian Rock Python,non_venomous,,1300,956,3692,True,train
e:\Coding_Notes\Faunari\data\raw\github_indian_snakes\Non-Venomous\Indian Rock Python\indian-rock-python-python-molurus-barnawapara-wls-chhattisgarh-hnwtn1.jpg,github_indian_snakes,Indian Rock Python,non_venomous,,450,320,3693,False,val
e:\Coding_Notes\Faunari\data\raw\github_indian_snakes\Non-Venomous\Indian Rock Python\indian-rock-python-python-molurus-molurus-from-maharashtra-india-H9ET4W.jpg,github_indian_snakes,Indian Rock Python,non_venomous,,1300,961,3694,True,train
e:\Coding_Notes\Faunari\data\raw\github_indian_snakes\Non-Venomous\Indian Rock Python\indian-rock-python-python-molurus-molurus-non-venomous-rare-C691AR.jpg,github_indian_snakes,Indian Rock Python,non_venomous,,1300,956,3695,True,train
e:\Coding_Notes\Faunari\data\raw\github_indian_snakes\Non-Venomous\Indian Rock Python\indian-rock-python-python-molurus-molurus-non-venomous-rare-called-B325DN.jpg,github_indian_snakes,Indian Rock Python,non_venomous,,1300,956,3696,True,train
e:\Coding_Notes\Faunari\data\raw\github_indian_snakes\Non-Venomous\Indian Rock Python\indian-rock-python-python-molurus-molurus-non-venomous-rare-called-B325FG.jpg,github_indian_snakes,Indian Rock Python,non_venomous,,1300,956,3697,True,train
e:\Coding_Notes\Faunari\data\raw\github_indian_snakes\Non-Venomous\Indian Rock Python\indian-rock-python-python-molurus-molurus-non-venomous-rare-kanha-BN1N7E.jpg,github_indian_snakes,Indian Rock Python,non_venomous,,1300,960,3698,True,val
e:\Coding_Notes\Faunari\data\raw\github_indian_snakes\Non-Venomous\Indian Rock Python\indian-rock-python-python-molurus-molurus-non-venomous-rare-katraj-A0BD86.jpg,github_indian_snakes,Indian Rock Python,non_venomous,,1300,964,3699,True,train
e:\Coding_Notes\Faunari\data\raw\github_indian_snakes\Non-Venomous\Indian Rock Python\indian-rock-python-python-molurus-molurus-non-venomous-rare-panvel-B8718K.jpg,github_indian_snakes,Indian Rock Python,non_venomous,,1300,956,3700,True,train
e:\Coding_Notes\Faunari\data\raw\github_indian_snakes\Non-Venomous\Indian Rock Python\indian-rock-python-with-a-full-belly-in-a-stream-in-ranthambhore-tiger-D2H4CR.jpg,github_indian_snakes,Indian Rock Python,non_venomous,,865,1390,3701,True,train
e:\Coding_Notes\Faunari\data\raw\github_indian_snakes\Non-Venomous\Indian Rock Python\Indian-Rock-Python.jpg,github_indian_snakes,Indian Rock Python,non_venomous,,640,480,3702,True,train
e:\Coding_Notes\Faunari\data\raw\github_indian_snakes\Non-Venomous\Indian Rock Python\Indian-Rock-Python_001.jpg,github_indian_snakes,Indian Rock Python,non_venomous,,932,451,3703,True,train
e:\Coding_Notes\Faunari\data\raw\github_indian_snakes\Non-Venomous\Indian Rock Python\indian-rock-python_002.jpg,github_indian_snakes,Indian Rock Python,non_venomous,,550,367,3704,True,train
e:\Coding_Notes\Faunari\data\raw\github_indian_snakes\Non-Venomous\Indian Rock Python\indian-rock-python_003.jpg,github_indian_snakes,Indian Rock Python,non_venomous,,1600,1163,3705,True,train
e:\Coding_Notes\Faunari\data\raw\github_indian_snakes\Non-Venomous\Indian Rock Python\indian-rock-python_1030440_DH.jpg,github_indian_snakes,Indian Rock Python,non_venomous,,400,533,3706,True,val
e:\Coding_Notes\Faunari\data\raw\github_indian_snakes\Non-Venomous\Indian Rock Python\indianrockpython.jpg,github_indian_snakes,Indian Rock Python,non_venomous,,621,463,3707,True,test
e:\Coding_Notes\Faunari\data\raw\github_indian_snakes\Non-Venomous\Indian Rock Python\indianrockpython_001.jpg,github_indian_snakes,Indian Rock Python,non_venomous,,480,336,3708,True,val
e:\Coding_Notes\Faunari\data\raw\github_indian_snakes\Non-Venomous\Indian Rock Python\indian_python_2011.jpg,github_indian_snakes,Indian Rock Python,non_venomous,,555,305,3709,True,train
e:\Coding_Notes\Faunari\data\raw\github_indian_snakes\Non-Venomous\Indian Rock Python\indian_rockey_python.jpg,github_indian_snakes,Indian Rock Python,non_venomous,,899,600,3710,True,train
e:\Coding_Notes\Faunari\data\raw\github_indian_snakes\Non-Venomous\Indian Rock Python\Indian_rock_python.jpg,github_indian_snakes,Indian Rock Python,non_venomous,,4608,3072,3711,True,train
e:\Coding_Notes\Faunari\data\raw\github_indian_snakes\Non-Venomous\Indian Rock Python\Indian_rock_python_(Python_molurus)_at_mysore_zoo.jpg,github_indian_snakes,Indian Rock Python,non_venomous,,1024,494,3712,True,train
e:\Coding_Notes\Faunari\data\raw\github_indian_snakes\Non-Venomous\Indian Rock Python\Indian_Rock_Python_(_P_molurus)_rolled_up_into_a_ball.JPG,github_indian_snakes,Indian Rock Python,non_venomous,,3648,2736,3713,True,train
e:\Coding_Notes\Faunari\data\raw\github_indian_snakes\Non-Venomous\Indian Rock Python\Indian_rock_python_from_Nehru_Zoological_park_Hyderabad_4428.JPG,github_indian_snakes,Indian Rock Python,non_venomous,,2592,1440,3714,True,train
e:\Coding_Notes\Faunari\data\raw\github_indian_snakes\Non-Venomous\Indian Rock Python\Indian_rock_python_from_Nehru_Zoological_park_Hyderabad_4430.JPG,github_indian_snakes,Indian Rock Python,non_venomous,,2592,1440,3715,True,test
e:\Coding_Notes\Faunari\data\raw\github_indian_snakes\Non-Venomous\Indian Rock Python\Indian_rock_python_pratik_dahod.JPG,github_indian_snakes,Indian Rock Python,non_venomous,,2305,1534,3716,True,test
e:\Coding_Notes\Faunari\data\raw\github_indian_snakes\Non-Venomous\Indian Rock Python\indian_rock_python_pt4_by_sameerprehistorica-d5tsv6y.jpg,github_indian_snakes,Indian Rock Python,non_venomous,,1024,768,3717,True,test
e:\Coding_Notes\Faunari\data\raw\github_indian_snakes\Non-Venomous\Indian Rock Python\indpython1l.jpg,github_indian_snakes,Indian Rock Python,non_venomous,,600,400,3718,True,val
e:\Coding_Notes\Faunari\data\raw\github_indian_snakes\Non-Venomous\Indian Rock Python\indpython2l.jpg,github_indian_snakes,Indian Rock Python,non_venomous,,600,424,3719,True,train
e:\Coding_Notes\Faunari\data\raw\github_indian_snakes\Non-Venomous\Indian Rock Python\Juvenile_Indian_Rock_Python_(_P_molurus)_in_a_pensive_moment.JPG,github_indian_snakes,Indian Rock Python,non_venomous,,3648,2736,3720,True,test
e:\Coding_Notes\Faunari\data\raw\github_indian_snakes\Non-Venomous\Indian Rock Python\Juvenilke_Indian_Rock_Python_(_P_molurus)_in_my_palm.JPG,github_indian_snakes,Indian Rock Python,non_venomous,,3648,2736,3721,True,val
e:\Coding_Notes\Faunari\data\raw\github_indian_snakes\Non-Venomous\Indian Rock Python\kaa.jpg,github_indian_snakes,Indian Rock Python,non_venomous,,770,513,3722,True,test
e:\Coding_Notes\Faunari\data\raw\github_indian_snakes\Non-Venomous\Indian Rock Python\Keoladeo 1587 Indian rock python.JPG,github_indian_snakes,Indian Rock Python,non_venomous,,800,600,3723,True,train
e:\Coding_Notes\Faunari\data\raw\github_indian_snakes\Non-Venomous\Indian Rock Python\maa-60451-reptiles-python-indian-rock-python-molurus-snake-on-tree-BFNR5E.jpg,github_indian_snakes,Indian Rock Python,non_venomous,,854,1390,3724,True,train
e:\Coding_Notes\Faunari\data\raw\github_indian_snakes\Non-Venomous\Indian Rock Python\maxresdefault.jpg,github_indian_snakes,Indian Rock Python,non_venomous,,1280,720,3725,True,train
e:\Coding_Notes\Faunari\data\raw\github_indian_snakes\Non-Venomous\Indian Rock Python\maxresdefault_001.jpg,github_indian_snakes,Indian Rock Python,non_venomous,,1280,720,3726,True,train
e:\Coding_Notes\Faunari\data\raw\github_indian_snakes\Non-Venomous\Indian Rock Python\maxresdefault_002.jpg,github_indian_snakes,Indian Rock Python,non_venomous,,1920,1080,3727,True,train
e:\Coding_Notes\Faunari\data\raw\github_indian_snakes\Non-Venomous\Indian Rock Python\maxresdefault_003.jpg,github_indian_snakes,Indian Rock Python,non_venomous,,1920,1080,3728,True,train
e:\Coding_Notes\Faunari\data\raw\github_indian_snakes\Non-Venomous\Indian Rock Python\maxresdefault_004.jpg,github_indian_snakes,Indian Rock Python,non_venomous,,2567,1005,3729,True,train
e:\Coding_Notes\Faunari\data\raw\github_indian_snakes\Non-Venomous\Indian Rock Python\maxresdefault_006.jpg,github_indian_snakes,Indian Rock Python,non_venomous,,1280,720,3730,True,val
e:\Coding_Notes\Faunari\data\raw\github_indian_snakes\Non-Venomous\Indian Rock Python\maxresdefault_007.jpg,github_indian_snakes,Indian Rock Python,non_venomous,,1280,720,3731,True,train
e:\Coding_Notes\Faunari\data\raw\github_indian_snakes\Non-Venomous\Indian Rock Python\maxresdefault_008.jpg,github_indian_snakes,Indian Rock Python,non_venomous,,1280,720,3732,True,train
e:\Coding_Notes\Faunari\data\raw\github_indian_snakes\Non-Venomous\Indian Rock Python\maxresdefault_010.jpg,github_indian_snakes,Indian Rock Python,non_venomous,,1280,720,3733,True,test
e:\Coding_Notes\Faunari\data\raw\github_indian_snakes\Non-Venomous\Indian Rock Python\p12.jpg,github_indian_snakes,Indian Rock Python,non_venomous,,640,503,3734,True,train
e:\Coding_Notes\Faunari\data\raw\github_indian_snakes\Non-Venomous\Indian Rock Python\pmolurus209.jpg,github_indian_snakes,Indian Rock Python,non_venomous,,900,600,3735,True,test
e:\Coding_Notes\Faunari\data\raw\github_indian_snakes\Non-Venomous\Indian Rock Python\pmolurus2092.jpg,github_indian_snakes,Indian Rock Python,non_venomous,,900,600,3736,True,test
e:\Coding_Notes\Faunari\data\raw\github_indian_snakes\Non-Venomous\Indian Rock Python\Pratik_jain_dahod_python.JPG,github_indian_snakes,Indian Rock Python,non_venomous,,1200,803,3737,True,train
e:\Coding_Notes\Faunari\data\raw\github_indian_snakes\Non-Venomous\Indian Rock Python\Python  molurus2.jpg,github_indian_snakes,Indian Rock Python,non_venomous,,1400,846,3738,True,train
e:\Coding_Notes\Faunari\data\raw\github_indian_snakes\Non-Venomous\Indian Rock Python\Python  molurus3.jpg,github_indian_snakes,Indian Rock Python,non_venomous,,1400,846,3739,True,train
e:\Coding_Notes\Faunari\data\raw\github_indian_snakes\Non-Venomous\Indian Rock Python\Python  molurus4.jpg,github_indian_snakes,Indian Rock Python,non_venomous,,1400,846,3740,True,train
e:\Coding_Notes\Faunari\data\raw\github_indian_snakes\Non-Venomous\Indian Rock Python\python-generic_650x400_81472483726.jpg,github_indian_snakes,Indian Rock Python,non_venomous,,650,400,3741,True,train
e:\Coding_Notes\Faunari\data\raw\github_indian_snakes\Non-Venomous\Indian Rock Python\python1.jpg,github_indian_snakes,Indian Rock Python,non_venomous,,510,431,3742,True,train
e:\Coding_Notes\Faunari\data\raw\github_indian_snakes\Non-Venomous\Indian Rock Python\python10l.jpg,github_indian_snakes,Indian Rock Python,non_venomous,,600,400,3743,True,train
e:\Coding_Notes\Faunari\data\raw\github_indian_snakes\Non-Venomous\Indian Rock Python\python_big_12.jpg,github_indian_snakes,Indian Rock Python,non_venomous,,666,338,3744,True,train
e:\Coding_Notes\Faunari\data\raw\github_indian_snakes\Non-Venomous\Indian Rock Python\python_molurus_1.jpg,github_indian_snakes,Indian Rock Python,non_venomous,,640,395,3745,True,train
e:\Coding_Notes\Faunari\data\raw\github_indian_snakes\Non-Venomous\Indian Rock Python\rivertern.3.jpg,github_indian_snakes,Indian Rock Python,non_venomous,,526,392,3746,True,train
e:\Coding_Notes\Faunari\data\raw\github_indian_snakes\Non-Venomous\Indian Rock Python\rock-python-sun-basking-indian-forest-41115121.jpg,github_indian_snakes,Indian Rock Python,non_venomous,,222,160,3747,False,hardcase
e:\Coding_Notes\Faunari\data\raw\github_indian_snakes\Non-Venomous\Indian Rock Python\RockPython0.png,github_indian_snakes,Indian Rock Python,non_venomous,,240,320,3748,True,train
e:\Coding_Notes\Faunari\data\raw\github_indian_snakes\Non-Venomous\Indian Rock Python\rock_python.jpg,github_indian_snakes,Indian Rock Python,non_venomous,,800,546,3749,True,train
e:\Coding_Notes\Faunari\data\raw\github_indian_snakes\Non-Venomous\Indian Rock Python\SachinRockPython.jpg,github_indian_snakes,Indian Rock Python,non_venomous,,1216,815,3750,True,train
e:\Coding_Notes\Faunari\data\raw\github_indian_snakes\Non-Venomous\Indian Rock Python\stock-photo-detail-of-the-head-of-a-indian-rock-python-python-molurus-426925648.jpg,github_indian_snakes,Indian Rock Python,non_venomous,,450,320,3751,False,train
e:\Coding_Notes\Faunari\data\raw\github_indian_snakes\Non-Venomous\Indian Rock Python\stock-photo-indian-rock-python-python-molurus-isolated-on-white-background-33295459.jpg,github_indian_snakes,Indian Rock Python,non_venomous,,1500,1101,3752,True,train
e:\Coding_Notes\Faunari\data\raw\github_indian_snakes\Non-Venomous\Indian Rock Python\stock-photo-snake-named-indian-python-in-a-tree-seen-in-india-354574682.jpg,github_indian_snakes,Indian Rock Python,non_venomous,,450,346,3753,False,train
e:\Coding_Notes\Faunari\data\raw\github_indian_snakes\Non-Venomous\Indian Rock Python\tumblr_mjkqc0Rogs1qhb1elo1_500.jpg,github_indian_snakes,Indian Rock Python,non_venomous,,500,667,3754,True,train
e:\Coding_Notes\Faunari\data\raw\github_indian_snakes\Non-Venomous\Indian Rock Python\udaipurtimes-6_1437804595.jpg,github_indian_snakes,Indian Rock Python,non_venomous,,600,325,3755,True,train
e:\Coding_Notes\Faunari\data\raw\github_indian_snakes\Non-Venomous\Indian Rock Python\y3ofIndian Rock Python.jpg,github_indian_snakes,Indian Rock Python,non_venomous,,500,594,3756,True,test
e:\Coding_Notes\Faunari\data\raw\kaggle_india\Snake Images\train\Non Venomous\0 (2).jpg,kaggle_india,,non_venomous,,400,400,3557,False,train
e:\Coding_Notes\Faunari\data\raw\kaggle_india\Snake Images\train\Non Venomous\0 (3).jpg,kaggle_india,,non_venomous,,400,400,3757,True,train
e:\Coding_Notes\Faunari\data\raw\kaggle_india\Snake Images\train\Non Venomous\0 (4).jpg,kaggle_india,,non_venomous,,400,400,3611,False,train
e:\Coding_Notes\Faunari\data\raw\kaggle_india\Snake Images\train\Non Venomous\0.jpg,kaggle_india,,non_venomous,,400,400,3158,False,test
e:\Coding_Notes\Faunari\data\raw\kaggle_india\Snake Images\train\Non Venomous\03.jpg,kaggle_india,,non_venomous,,400,400,3758,True,train
e:\Coding_Notes\Faunari\data\raw\kaggle_india\Snake Images\train\Non Venomous\03000025388_01_f.jpg,kaggle_india,,non_venomous,,400,400,3129,False,train
e:\Coding_Notes\Faunari\data\raw\kaggle_india\Snake Images\train\Non Venomous\03000026774_01_f.jpg,kaggle_india,,non_venomous,,400,400,3130,False,train
e:\Coding_Notes\Faunari\data\raw\kaggle_india\Snake Images\train\Non Venomous\03000026807_01_f.jpg,kaggle_india,,non_venomous,,400,400,3467,False,val
e:\Coding_Notes\Faunari\data\raw\kaggle_india\Snake Images\train\Non Venomous\0431.jpg,kaggle_india,,non_venomous,,400,400,3759,True,train
e:\Coding_Notes\Faunari\data\raw\kaggle_india\Snake Images\train\Non Venomous\0582.jpg,kaggle_india,,non_venomous,,400,400,3760,True,train
e:\Coding_Notes\Faunari\data\raw\kaggle_india\Snake Images\train\Non Venomous\0604.jpg,kaggle_india,,non_venomous,,400,400,3469,True,test
e:\Coding_Notes\Faunari\data\raw\kaggle_india\Snake Images\train\Non Venomous\0821.jpg,kaggle_india,,non_venomous,,400,400,3761,True,train
e:\Coding_Notes\Faunari\data\raw\kaggle_india\Snake Images\train\Non Venomous\0835.jpg,kaggle_india,,non_venomous,,400,400,3131,True,test
e:\Coding_Notes\Faunari\data\raw\kaggle_india\Snake Images\train\Non Venomous\0e07f0ba188cf87784d3c48f54e91ce3.jpg,kaggle_india,,non_venomous,,400,400,3319,False,train
e:\Coding_Notes\Faunari\data\raw\kaggle_india\Snake Images\train\Non Venomous\1 (2).jpg,kaggle_india,,non_venomous,,400,400,3762,True,val
e:\Coding_Notes\Faunari\data\raw\kaggle_india\Snake Images\train\Non Venomous\1 (3).jpg,kaggle_india,,non_venomous,,400,400,3763,True,train
e:\Coding_Notes\Faunari\data\raw\kaggle_india\Snake Images\train\Non Venomous\1.jpg,kaggle_india,,non_venomous,,400,400,3148,False,train
e:\Coding_Notes\Faunari\data\raw\kaggle_india\Snake Images\train\Non Venomous\10 (2).jpg,kaggle_india,,non_venomous,,400,400,3764,True,train
e:\Coding_Notes\Faunari\data\raw\kaggle_india\Snake Images\train\Non Venomous\10 (3).jpg,kaggle_india,,non_venomous,,400,400,3765,True,train
e:\Coding_Notes\Faunari\data\raw\kaggle_india\Snake Images\train\Non Venomous\10.jpg,kaggle_india,,non_venomous,,400,400,3766,True,train
e:\Coding_Notes\Faunari\data\raw\kaggle_india\Snake Images\train\Non Venomous\100.jpg,kaggle_india,,non_venomous,,400,400,3767,True,val
e:\Coding_Notes\Faunari\data\raw\kaggle_india\Snake Images\train\Non Venomous\101.jpg,kaggle_india,,non_venomous,,400,400,3768,True,test
e:\Coding_Notes\Faunari\data\raw\kaggle_india\Snake Images\train\Non Venomous\102.jpg,kaggle_india,,non_venomous,,400,400,3769,True,train
e:\Coding_Notes\Faunari\data\raw\kaggle_india\Snake Images\train\Non Venomous\11 (2).jpg,kaggle_india,,non_venomous,,400,400,3770,True,train
e:\Coding_Notes\Faunari\data\raw\kaggle_india\Snake Images\train\Non Venomous\11.jpg,kaggle_india,,non_venomous,,400,400,3771,True,val
e:\Coding_Notes\Faunari\data\raw\kaggle_india\Snake Images\train\Non Venomous\110298e9e9d6d2fdba1357f8ce37cb3b.jpg,kaggle_india,,non_venomous,,400,400,3765,False,train
e:\Coding_Notes\Faunari\data\raw\kaggle_india\Snake Images\train\Non Venomous\11225995516_f9288eb60a_b.jpg,kaggle_india,,non_venomous,,400,400,3321,False,test
e:\Coding_Notes\Faunari\data\raw\kaggle_india\Snake Images\train\Non Venomous\1170695.jpg,kaggle_india,,non_venomous,,400,400,3165,True,train
e:\Coding_Notes\Faunari\data\raw\kaggle_india\Snake Images\train\Non Venomous\12 (2).jpg,kaggle_india,,non_venomous,,400,400,3772,True,train
e:\Coding_Notes\Faunari\data\raw\kaggle_india\Snake Images\train\Non Venomous\12.jpg,kaggle_india,,non_venomous,,400,400,3140,False,train
e:\Coding_Notes\Faunari\data\raw\kaggle_india\Snake Images\train\Non Venomous\1200px-Elaphe_quadrivirgata.JPG,kaggle_india,,non_venomous,,400,400,3539,False,train
e:\Coding_Notes\Faunari\data\raw\kaggle_india\Snake Images\train\Non Venomous\1274635783_6d04848eae.jpg,kaggle_india,,non_venomous,,400,400,3132,True,train
e:\Coding_Notes\Faunari\data\raw\kaggle_india\Snake Images\train\Non Venomous\1274637963_d73bd842e0.jpg,kaggle_india,,non_venomous,,400,400,3166,False,test
e:\Coding_Notes\Faunari\data\raw\kaggle_india\Snake Images\train\Non Venomous\12783453_954980014598589_967027178_n.jpg,kaggle_india,,non_venomous,,400,400,3167,False,train
e:\Coding_Notes\Faunari\data\raw\kaggle_india\Snake Images\train\Non Venomous\13 (2).jpg,kaggle_india,,non_venomous,,400,400,3605,False,val
e:\Coding_Notes\Faunari\data\raw\kaggle_india\Snake Images\train\Non Venomous\13.jpg,kaggle_india,,non_venomous,,400,400,3773,True,train
e:\Coding_Notes\Faunari\data\raw\kaggle_india\Snake Images\train\Non Venomous\130108132044_1_900x600.jpg,kaggle_india,,non_venomous,,400,400,3324,False,train
e:\Coding_Notes\Faunari\data\raw\kaggle_india\Snake Images\train\Non Venomous\14 (2).jpg,kaggle_india,,non_venomous,,400,400,3774,True,train
e:\Coding_Notes\Faunari\data\raw\kaggle_india\Snake Images\train\Non Venomous\14.jpg,kaggle_india,,non_venomous,,400,400,3775,True,train
e:\Coding_Notes\Faunari\data\raw\kaggle_india\Snake Images\train\Non Venomous\1406194171937_wps_8_EXCLUSIVE_GUJARAT_INDIA_U.jpg,kaggle_india,,non_venomous,,400,400,3618,False,train
e:\Coding_Notes\Faunari\data\raw\kaggle_india\Snake Images\train\Non Venomous\1406194211496_wps_10_EXCLUSIVE_GUJARAT_INDIA_U.jpg,kaggle_india,,non_venomous,,400,400,3619,False,train
e:\Coding_Notes\Faunari\data\raw\kaggle_india\Snake Images\train\Non Venomous\1406194312764_wps_11_EXCLUSIVE_GUJARAT_INDIA_U.jpg,kaggle_india,,non_venomous,,400,400,3620,False,val
e:\Coding_Notes\Faunari\data\raw\kaggle_india\Snake Images\train\Non Venomous\14388445958.JPG,kaggle_india,,non_venomous,,400,400,3776,True,test
e:\Coding_Notes\Faunari\data\raw\kaggle_india\Snake Images\train\Non Venomous\1438844596IMG_0396.JPG,kaggle_india,,non_venomous,,400,400,3777,True,train
e:\Coding_Notes\Faunari\data\raw\kaggle_india\Snake Images\train\Non Venomous\1438844598IMG_0412.JPG,kaggle_india,,non_venomous,,400,400,3778,True,val
e:\Coding_Notes\Faunari\data\raw\kaggle_india\Snake Images\train\Non Venomous\14587184738_dc5b7b3054_b.jpg,kaggle_india,,non_venomous,,400,400,3779,True,train
e:\Coding_Notes\Faunari\data\raw\kaggle_india\Snake Images\train\Non Venomous\1463253_178992368962946_371907696_n.jpg,kaggle_india,,non_venomous,,400,400,3326,False,train
e:\Coding_Notes\Faunari\data\raw\kaggle_india\Snake Images\train\Non Venomous\1474639691IMG_9870.JPG,kaggle_india,,non_venomous,,400,400,3133,False,train
e:\Coding_Notes\Faunari\data\raw\kaggle_india\Snake Images\train\Non Venomous\1474640693Checkered Keelback ( Samanya dhoria sanp).JPG,kaggle_india,,non_venomous,,400,400,3780,True,test
e:\Coding_Notes\Faunari\data\raw\kaggle_india\Snake Images\train\Non Venomous\1474640697main-2.JPG,kaggle_india,,non_venomous,,400,400,3170,False,train
e:\Coding_Notes\Faunari\data\raw\kaggle_india\Snake Images\train\Non Venomous\15 (2).jpg,kaggle_india,,non_venomous,,400,400,3599,False,train
e:\Coding_Notes\Faunari\data\raw\kaggle_india\Snake Images\train\Non Venomous\15.jpg,kaggle_india,,non_venomous,,400,400,3781,True,train
e:\Coding_Notes\Faunari\data\raw\kaggle_india\Snake Images\train\Non Venomous\15021341824_55f46f452d_m.jpg,kaggle_india,,non_venomous,,400,400,3543,True,train
e:\Coding_Notes\Faunari\data\raw\kaggle_india\Snake Images\train\Non Venomous\15053871203_517c7e024f_b.jpg,kaggle_india,,non_venomous,,400,400,3544,False,train
e:\Coding_Notes\Faunari\data\raw\kaggle_india\Snake Images\train\Non Venomous\15443305748_4134d9051d.jpg,kaggle_india,,non_venomous,,400,400,3327,False,train
e:\Coding_Notes\Faunari\data\raw\kaggle_india\Snake Images\train\Non Venomous\15563108480_e836a296f0_b.jpg,kaggle_india,,non_venomous,,400,400,3171,False,train
e:\Coding_Notes\Faunari\data\raw\kaggle_india\Snake Images\train\Non Venomous\15649513156_3ac7281119_b.jpg,kaggle_india,,non_venomous,,400,400,3545,False,train
e:\Coding_Notes\Faunari\data\raw\kaggle_india\Snake Images\train\Non Venomous\15673251455_665b455109_b.jpg,kaggle_india,,non_venomous,,400,400,3546,False,train
e:\Coding_Notes\Faunari\data\raw\kaggle_india\Snake Images\train\Non Venomous\16 (2).jpg,kaggle_india,,non_venomous,,400,400,3782,True,train
e:\Coding_Notes\Faunari\data\raw\kaggle_india\Snake Images\train\Non Venomous\16 (3).jpg,kaggle_india,,non_venomous,,400,400,3783,True,train
e:\Coding_Notes\Faunari\data\raw\kaggle_india\Snake Images\train\Non Venomous\16.jpg,kaggle_india,,non_venomous,,400,400,3784,True,train
e:\Coding_Notes\Faunari\data\raw\kaggle_india\Snake Images\train\Non Venomous\17 (2).jpg,kaggle_india,,non_venomous,,400,400,3785,True,train
e:\Coding_Notes\Faunari\data\raw\kaggle_india\Snake Images\train\Non Venomous\17.jpg,kaggle_india,,non_venomous,,400,400,3130,False,train
e:\Coding_Notes\Faunari\data\raw\kaggle_india\Snake Images\train\Non Venomous\174_gall.jpg,kaggle_india,,non_venomous,,400,400,3172,True,train
e:\Coding_Notes\Faunari\data\raw\kaggle_india\Snake Images\train\Non Venomous\1753.jpg,kaggle_india,,non_venomous,,400,400,3786,True,train
e:\Coding_Notes\Faunari\data\raw\kaggle_india\Snake Images\train\Non Venomous\18.jpg,kaggle_india,,non_venomous,,400,400,3787,True,train
e:\Coding_Notes\Faunari\data\raw\kaggle_india\Snake Images\train\Non Venomous\1886.jpg,kaggle_india,,non_venomous,,400,400,3134,False,val
e:\Coding_Notes\Faunari\data\raw\kaggle_india\Snake Images\train\Non Venomous\1887.jpg,kaggle_india,,non_venomous,,400,400,3788,True,train
e:\Coding_Notes\Faunari\data\raw\kaggle_india\Snake Images\train\Non Venomous\19 (2).jpg,kaggle_india,,non_venomous,,400,400,3789,True,train
e:\Coding_Notes\Faunari\data\raw\kaggle_india\Snake Images\train\Non Venomous\19 (3).jpg,kaggle_india,,non_venomous,,400,400,3790,True,train
e:\Coding_Notes\Faunari\data\raw\kaggle_india\Snake Images\train\Non Venomous\19.jpg,kaggle_india,,non_venomous,,400,400,3791,True,train
e:\Coding_Notes\Faunari\data\raw\kaggle_india\Snake Images\train\Non Venomous\1922.jpg,kaggle_india,,non_venomous,,400,400,3792,True,train
e:\Coding_Notes\Faunari\data\raw\kaggle_india\Snake Images\train\Non Venomous\2 (2).jpg,kaggle_india,,non_venomous,,400,400,3793,True,train
e:\Coding_Notes\Faunari\data\raw\kaggle_india\Snake Images\train\Non Venomous\2 (3).jpg,kaggle_india,,non_venomous,,400,400,3794,True,train
e:\Coding_Notes\Faunari\data\raw\kaggle_india\Snake Images\train\Non Venomous\2.jpg,kaggle_india,,non_venomous,,400,400,3173,False,train
e:\Coding_Notes\Faunari\data\raw\kaggle_india\Snake Images\train\Non Venomous\20.jpg,kaggle_india,,non_venomous,,400,400,3795,True,train
e:\Coding_Notes\Faunari\data\raw\kaggle_india\Snake Images\train\Non Venomous\200907260821-radnor-lake-gray-rat-snake-500.jpg,kaggle_india,,non_venomous,,400,400,3332,False,val
e:\Coding_Notes\Faunari\data\raw\kaggle_india\Snake Images\train\Non Venomous\20141005_190516.jpg,kaggle_india,,non_venomous,,400,400,3472,False,train
e:\Coding_Notes\Faunari\data\raw\kaggle_india\Snake Images\train\Non Venomous\20256325489_07fa92c4e6_b.jpg,kaggle_india,,non_venomous,,400,400,3174,False,train
e:\Coding_Notes\Faunari\data\raw\kaggle_india\Snake Images\train\Non Venomous\2037.jpg,kaggle_india,,non_venomous,,400,400,3796,True,train
e:\Coding_Notes\Faunari\data\raw\kaggle_india\Snake Images\train\Non Venomous\20390939692_0c4df08d01_k.jpg,kaggle_india,,non_venomous,,400,400,3797,True,train
e:\Coding_Notes\Faunari\data\raw\kaggle_india\Snake Images\train\Non Venomous\20656965795_eb050dd6c5.jpg,kaggle_india,,non_venomous,,400,400,3176,False,train
e:\Coding_Notes\Faunari\data\raw\kaggle_india\Snake Images\train\Non Venomous\20833697950_fa473f7660_b.jpg,kaggle_india,,non_venomous,,400,400,3177,False,val
e:\Coding_Notes\Faunari\data\raw\kaggle_india\Snake Images\train\Non Venomous\20929802866_00f8b18b33.jpg,kaggle_india,,non_venomous,,400,400,3333,False,val
e:\Coding_Notes\Faunari\data\raw\kaggle_india\Snake Images\train\Non Venomous\21 (2).jpg,kaggle_india,,non_venomous,,400,400,3798,True,test
e:\Coding_Notes\Faunari\data\raw\kaggle_india\Snake Images\train\Non Venomous\21.jpg,kaggle_india,,non_venomous,,400,400,3799,True,val
e:\Coding_Notes\Faunari\data\raw\kaggle_india\Snake Images\train\Non Venomous\2171758814_f5686d0104.jpg,kaggle_india,,non_venomous,,400,400,3178,False,train
e:\Coding_Notes\Faunari\data\raw\kaggle_india\Snake Images\train\Non Venomous\22 (2).jpg,kaggle_india,,non_venomous,,400,400,3800,True,train
e:\Coding_Notes\Faunari\data\raw\kaggle_india\Snake Images\train\Non Venomous\22 (3).jpg,kaggle_india,,non_venomous,,400,400,3801,True,train
e:\Coding_Notes\Faunari\data\raw\kaggle_india\Snake Images\train\Non Venomous\22.jpg,kaggle_india,,non_venomous,,400,400,3802,True,train
e:\Coding_Notes\Faunari\data\raw\kaggle_india\Snake Images\train\Non Venomous\220px-AB031_buff_striped_char2.JPG,kaggle_india,,non_venomous,,400,400,3179,True,train
e:\Coding_Notes\Faunari\data\raw\kaggle_india\Snake Images\train\Non Venomous\220px-Rat_Snake.JPG,kaggle_india,,non_venomous,,400,400,3803,True,train
e:\Coding_Notes\Faunari\data\raw\kaggle_india\Snake Images\train\Non Venomous\22988615802_7b2d139387_b.jpg,kaggle_india,,non_venomous,,400,400,3335,False,train
e:\Coding_Notes\Faunari\data\raw\kaggle_india\Snake Images\train\Non Venomous\23 (2).jpg,kaggle_india,,non_venomous,,400,400,3804,True,test
e:\Coding_Notes\Faunari\data\raw\kaggle_india\Snake Images\train\Non Venomous\23.jpg,kaggle_india,,non_venomous,,400,400,3805,True,val
e:\Coding_Notes\Faunari\data\raw\kaggle_india\Snake Images\train\Non Venomous\23687915030_1d79eb768b.jpg,kaggle_india,,non_venomous,,400,400,3549,False,test
e:\Coding_Notes\Faunari\data\raw\kaggle_india\Snake Images\train\Non Venomous\24 (2).jpg,kaggle_india,,non_venomous,,400,400,3806,True,test
e:\Coding_Notes\Faunari\data\raw\kaggle_india\Snake Images\train\Non Venomous\24.jpg,kaggle_india,,non_venomous,,400,400,3807,True,train
e:\Coding_Notes\Faunari\data\raw\kaggle_india\Snake Images\train\Non Venomous\240_F_81778671_6lV4W2Ea4sy1uxVPZTpyyDUN8B0tDMi9.jpg,kaggle_india,,non_venomous,,400,400,3627,True,train
e:\Coding_Notes\Faunari\data\raw\kaggle_india\Snake Images\train\Non Venomous\24897900911_7d2ee1ecff_b.jpg,kaggle_india,,non_venomous,,400,400,3181,False,train
e:\Coding_Notes\Faunari\data\raw\kaggle_india\Snake Images\train\Non Venomous\25 (2).jpg,kaggle_india,,non_venomous,,400,400,3808,True,train
e:\Coding_Notes\Faunari\data\raw\kaggle_india\Snake Images\train\Non Venomous\25 (3).jpg,kaggle_india,,non_venomous,,400,400,3809,True,train
e:\Coding_Notes\Faunari\data\raw\kaggle_india\Snake Images\train\Non Venomous\25.jpg,kaggle_india,,non_venomous,,400,400,3810,True,train
e:\Coding_Notes\Faunari\data\raw\kaggle_india\Snake Images\train\Non Venomous\25563616774_184364c614.jpg,kaggle_india,,non_venomous,,400,400,3338,False,test
e:\Coding_Notes\Faunari\data\raw\kaggle_india\Snake Images\train\Non Venomous\26 (2).jpg,kaggle_india,,non_venomous,,400,400,3811,True,train
e:\Coding_Notes\Faunari\data\raw\kaggle_india\Snake Images\train\Non Venomous\26.jpg,kaggle_india,,non_venomous,,400,400,3141,False,val
e:\Coding_Notes\Faunari\data\raw\kaggle_india\Snake Images\train\Non Venomous\27 (2).jpg,kaggle_india,,non_venomous,,400,400,3812,True,train
e:\Coding_Notes\Faunari\data\raw\kaggle_india\Snake Images\train\Non Venomous\27.jpg,kaggle_india,,non_venomous,,400,400,3813,True,train
e:\Coding_Notes\Faunari\data\raw\kaggle_india\Snake Images\train\Non Venomous\27059896011_9809401f01.jpg,kaggle_india,,non_venomous,,400,400,3182,False,train
e:\Coding_Notes\Faunari\data\raw\kaggle_india\Snake Images\train\Non Venomous\27095118816_d9248d0b2a.jpg,kaggle_india,,non_venomous,,400,400,3183,False,train
e:\Coding_Notes\Faunari\data\raw\kaggle_india\Snake Images\train\Non Venomous\28 (2).jpg,kaggle_india,,non_venomous,,400,400,3814,True,train
e:\Coding_Notes\Faunari\data\raw\kaggle_india\Snake Images\train\Non Venomous\28 (3).jpg,kaggle_india,,non_venomous,,400,400,3815,True,val
e:\Coding_Notes\Faunari\data\raw\kaggle_india\Snake Images\train\Non Venomous\28.jpg,kaggle_india,,non_venomous,,400,400,3816,True,train
e:\Coding_Notes\Faunari\data\raw\kaggle_india\Snake Images\train\Non Venomous\28338459702_4ec8e72d4b_b.jpg,kaggle_india,,non_venomous,,400,400,3184,False,train
e:\Coding_Notes\Faunari\data\raw\kaggle_india\Snake Images\train\Non Venomous\29 (2).jpg,kaggle_india,,non_venomous,,400,400,3817,True,train
e:\Coding_Notes\Faunari\data\raw\kaggle_india\Snake Images\train\Non Venomous\29.jpg,kaggle_india,,non_venomous,,400,400,3818,True,train
e:\Coding_Notes\Faunari\data\raw\kaggle_india\Snake Images\train\Non Venomous\2973845429_d9d5ce06a3_b.jpg,kaggle_india,,non_venomous,,400,400,3340,False,train
e:\Coding_Notes\Faunari\data\raw\kaggle_india\Snake Images\train\Non Venomous\2e98fb26a3748cf7be50b02d89c91836.jpg,kaggle_india,,non_venomous,,400,400,3341,True,train
e:\Coding_Notes\Faunari\data\raw\kaggle_india\Snake Images\train\Non Venomous\2jhhjj.jpg,kaggle_india,,non_venomous,,400,400,3534,True,train
e:\Coding_Notes\Faunari\data\raw\kaggle_india\Snake Images\train\Non Venomous\3 (2).jpg,kaggle_india,,non_venomous,,400,400,3819,True,train
e:\Coding_Notes\Faunari\data\raw\kaggle_india\Snake Images\train\Non Venomous\3 (3).jpg,kaggle_india,,non_venomous,,400,400,3610,False,test
e:\Coding_Notes\Faunari\data\raw\kaggle_india\Snake Images\train\Non Venomous\3.jpg,kaggle_india,,non_venomous,,400,400,3820,True,test
e:\Coding_Notes\Faunari\data\raw\kaggle_india\Snake Images\train\Non Venomous\30 (2).jpg,kaggle_india,,non_venomous,,400,400,3821,True,train
e:\Coding_Notes\Faunari\data\raw\kaggle_india\Snake Images\train\Non Venomous\30.jpg,kaggle_india,,non_venomous,,400,400,3822,True,train
e:\Coding_Notes\Faunari\data\raw\kaggle_india\Snake Images\train\Non Venomous\31 (2).jpg,kaggle_india,,non_venomous,,400,400,3823,True,test
e:\Coding_Notes\Faunari\data\raw\kaggle_india\Snake Images\train\Non Venomous\31 (3).jpg,kaggle_india,,non_venomous,,400,400,3824,True,train
e:\Coding_Notes\Faunari\data\raw\kaggle_india\Snake Images\train\Non Venomous\31.jpg,kaggle_india,,non_venomous,,400,400,3825,True,train
e:\Coding_Notes\Faunari\data\raw\kaggle_india\Snake Images\train\Non Venomous\3121447067_f9ce8f7a98_b.jpg,kaggle_india,,non_venomous,,400,400,3474,False,train
e:\Coding_Notes\Faunari\data\raw\kaggle_india\Snake Images\train\Non Venomous\3127695936_95cf55577b.jpg,kaggle_india,,non_venomous,,400,400,3185,False,train
e:\Coding_Notes\Faunari\data\raw\kaggle_india\Snake Images\train\Non Venomous\32 (2).jpg,kaggle_india,,non_venomous,,400,400,3547,False,val
e:\Coding_Notes\Faunari\data\raw\kaggle_india\Snake Images\train\Non Venomous\32.jpg,kaggle_india,,non_venomous,,400,400,3826,True,test
e:\Coding_Notes\Faunari\data\raw\kaggle_india\Snake Images\train\Non Venomous\3225992238_8e9d60ce0e.jpg,kaggle_india,,non_venomous,,400,400,3186,False,train
e:\Coding_Notes\Faunari\data\raw\kaggle_india\Snake Images\train\Non Venomous\32687581990_c21854f8d1_b.jpg,kaggle_india,,non_venomous,,400,400,3187,False,test
e:\Coding_Notes\Faunari\data\raw\kaggle_india\Snake Images\train\Non Venomous\33 (2).jpg,kaggle_india,,non_venomous,,400,400,3827,True,train
e:\Coding_Notes\Faunari\data\raw\kaggle_india\Snake Images\train\Non Venomous\33.jpg,kaggle_india,,non_venomous,,400,400,3828,True,train
e:\Coding_Notes\Faunari\data\raw\kaggle_india\Snake Images\train\Non Venomous\33326151560_f9888f9e35_b.jpg,kaggle_india,,non_venomous,,400,400,3342,False,train
e:\Coding_Notes\Faunari\data\raw\kaggle_india\Snake Images\train\Non Venomous\3344089792_507b20d221.jpg,kaggle_india,,non_venomous,,400,400,3188,False,train
e:\Coding_Notes\Faunari\data\raw\kaggle_india\Snake Images\train\Non Venomous\34 (2).jpg,kaggle_india,,non_venomous,,400,400,3829,True,train
e:\Coding_Notes\Faunari\data\raw\kaggle_india\Snake Images\train\Non Venomous\34.jpg,kaggle_india,,non_venomous,,400,400,3830,True,train
e:\Coding_Notes\Faunari\data\raw\kaggle_india\Snake Images\train\Non Venomous\3458289635_0a26c79263.jpg,kaggle_india,,non_venomous,,400,400,3189,False,test
e:\Coding_Notes\Faunari\data\raw\kaggle_india\Snake Images\train\Non Venomous\3458294653_a8b87fc769.jpg,kaggle_india,,non_venomous,,400,400,3190,False,test
e:\Coding_Notes\Faunari\data\raw\kaggle_india\Snake Images\train\Non Venomous\3459109170_e6448377cd.jpg,kaggle_india,,non_venomous,,400,400,3191,False,test
e:\Coding_Notes\Faunari\data\raw\kaggle_india\Snake Images\train\Non Venomous\35 (2).jpg,kaggle_india,,non_venomous,,400,400,3831,True,val
e:\Coding_Notes\Faunari\data\raw\kaggle_india\Snake Images\train\Non Venomous\35 (3).jpg,kaggle_india,,non_venomous,,400,400,3832,True,train
e:\Coding_Notes\Faunari\data\raw\kaggle_india\Snake Images\train\Non Venomous\35.jpg,kaggle_india,,non_venomous,,400,400,3833,True,train
e:\Coding_Notes\Faunari\data\raw\kaggle_india\Snake Images\train\Non Venomous\350_e_s_500.jpg,kaggle_india,,non_venomous,,400,400,3192,False,train
e:\Coding_Notes\Faunari\data\raw\kaggle_india\Snake Images\train\Non Venomous\36 (2).jpg,kaggle_india,,non_venomous,,400,400,3834,True,test
e:\Coding_Notes\Faunari\data\raw\kaggle_india\Snake Images\train\Non Venomous\36.jpg,kaggle_india,,non_venomous,,400,400,3512,False,val
e:\Coding_Notes\Faunari\data\raw\kaggle_india\Snake Images\train\Non Venomous\37 (2).jpg,kaggle_india,,non_venomous,,400,400,3835,True,val
e:\Coding_Notes\Faunari\data\raw\kaggle_india\Snake Images\train\Non Venomous\37.jpg,kaggle_india,,non_venomous,,400,400,3836,True,train
e:\Coding_Notes\Faunari\data\raw\kaggle_india\Snake Images\train\Non Venomous\38 (2).jpg,kaggle_india,,non_venomous,,400,400,3837,True,train
e:\Coding_Notes\Faunari\data\raw\kaggle_india\Snake Images\train\Non Venomous\38 (3).jpg,kaggle_india,,non_venomous,,400,400,3838,True,val
e:\Coding_Notes\Faunari\data\raw\kaggle_india\Snake Images\train\Non Venomous\38.jpg,kaggle_india,,non_venomous,,400,400,3839,True,test
e:\Coding_Notes\Faunari\data\raw\kaggle_india\Snake Images\train\Non Venomous\39 (2).jpg,kaggle_india,,non_venomous,,400,400,3840,True,train
e:\Coding_Notes\Faunari\data\raw\kaggle_india\Snake Images\train\Non Venomous\39.jpg,kaggle_india,,non_venomous,,400,400,3841,True,test
e:\Coding_Notes\Faunari\data\raw\kaggle_india\Snake Images\train\Non Venomous\3bbddef038d00a1492014b195f259104--colorful-snakes-nerd.jpg,kaggle_india,,non_venomous,,400,400,3136,True,train
e:\Coding_Notes\Faunari\data\raw\kaggle_india\Snake Images\train\Non Venomous\3fa413c2da7fc530e62d96dcf738304f.jpg,kaggle_india,,non_venomous,,400,400,3591,False,val
e:\Coding_Notes\Faunari\data\raw\kaggle_india\Snake Images\train\Non Venomous\4 (2).jpg,kaggle_india,,non_venomous,,400,400,3550,True,train
e:\Coding_Notes\Faunari\data\raw\kaggle_india\Snake Images\train\Non Venomous\4 (3).jpg,kaggle_india,,non_venomous,,400,400,3593,False,train
e:\Coding_Notes\Faunari\data\raw\kaggle_india\Snake Images\train\Non Venomous\4.jpg,kaggle_india,,non_venomous,,400,400,3842,True,test
e:\Coding_Notes\Faunari\data\raw\kaggle_india\Snake Images\train\Non Venomous\40 (2).jpg,kaggle_india,,non_venomous,,400,400,3843,True,train
e:\Coding_Notes\Faunari\data\raw\kaggle_india\Snake Images\train\Non Venomous\40.jpg,kaggle_india,,non_venomous,,400,400,3844,True,test
e:\Coding_Notes\Faunari\data\raw\kaggle_india\Snake Images\train\Non Venomous\4094409490_7b474a5030.jpg,kaggle_india,,non_venomous,,400,400,3193,False,test
e:\Coding_Notes\Faunari\data\raw\kaggle_india\Snake Images\train\Non Venomous\41 (2).jpg,kaggle_india,,non_venomous,,400,400,3845,True,train
e:\Coding_Notes\Faunari\data\raw\kaggle_india\Snake Images\train\Non Venomous\41 (3).jpg,kaggle_india,,non_venomous,,400,400,3846,True,train
e:\Coding_Notes\Faunari\data\raw\kaggle_india\Snake Images\train\Non Venomous\41.jpg,kaggle_india,,non_venomous,,400,400,3847,True,train
e:\Coding_Notes\Faunari\data\raw\kaggle_india\Snake Images\train\Non Venomous\42 (2).jpg,kaggle_india,,non_venomous,,400,400,3848,True,train
e:\Coding_Notes\Faunari\data\raw\kaggle_india\Snake Images\train\Non Venomous\42.jpg,kaggle_india,,non_venomous,,400,400,3134,False,val
e:\Coding_Notes\Faunari\data\raw\kaggle_india\Snake Images\train\Non Venomous\43 (2).jpg,kaggle_india,,non_venomous,,400,400,3849,True,train
e:\Coding_Notes\Faunari\data\raw\kaggle_india\Snake Images\train\Non Venomous\43 (3).jpg,kaggle_india,,non_venomous,,400,400,3850,True,train
e:\Coding_Notes\Faunari\data\raw\kaggle_india\Snake Images\train\Non Venomous\43.jpg,kaggle_india,,non_venomous,,400,400,3851,True,train
e:\Coding_Notes\Faunari\data\raw\kaggle_india\Snake Images\train\Non Venomous\44 (2).jpg,kaggle_india,,non_venomous,,400,400,3852,True,val
e:\Coding_Notes\Faunari\data\raw\kaggle_india\Snake Images\train\Non Venomous\44.jpg,kaggle_india,,non_venomous,,400,400,3853,True,train
e:\Coding_Notes\Faunari\data\raw\kaggle_india\Snake Images\train\Non Venomous\45 (2).jpg,kaggle_india,,non_venomous,,400,400,3854,True,test
e:\Coding_Notes\Faunari\data\raw\kaggle_india\Snake Images\train\Non Venomous\45 (3).jpg,kaggle_india,,non_venomous,,400,400,3855,True,val
e:\Coding_Notes\Faunari\data\raw\kaggle_india\Snake Images\train\Non Venomous\45.jpg,kaggle_india,,non_venomous,,400,400,3856,True,val
e:\Coding_Notes\Faunari\data\raw\kaggle_india\Snake Images\train\Non Venomous\45009f00bb38a1754edbdffde787a5b6--amphibians-reptiles.jpg,kaggle_india,,non_venomous,,400,400,3194,True,train
e:\Coding_Notes\Faunari\data\raw\kaggle_india\Snake Images\train\Non Venomous\46 (2).jpg,kaggle_india,,non_venomous,,400,400,3857,True,test
e:\Coding_Notes\Faunari\data\raw\kaggle_india\Snake Images\train\Non Venomous\46 (3).jpg,kaggle_india,,non_venomous,,400,400,3858,True,train
e:\Coding_Notes\Faunari\data\raw\kaggle_india\Snake Images\train\Non Venomous\46.jpg,kaggle_india,,non_venomous,,400,400,3859,True,train
e:\Coding_Notes\Faunari\data\raw\kaggle_india\Snake Images\train\Non Venomous\46666.jpg,kaggle_india,,non_venomous,,400,400,3318,False,test
e:\Coding_Notes\Faunari\data\raw\kaggle_india\Snake Images\train\Non Venomous\47 (2).jpg,kaggle_india,,non_venomous,,400,400,3860,True,train
e:\Coding_Notes\Faunari\data\raw\kaggle_india\Snake Images\train\Non Venomous\47 (3).jpg,kaggle_india,,non_venomous,,400,400,3861,True,train
e:\Coding_Notes\Faunari\data\raw\kaggle_india\Snake Images\train\Non Venomous\47.jpg,kaggle_india,,non_venomous,,400,400,3862,True,val
e:\Coding_Notes\Faunari\data\raw\kaggle_india\Snake Images\train\Non Venomous\48 (2).jpg,kaggle_india,,non_venomous,,400,400,3585,False,train
e:\Coding_Notes\Faunari\data\raw\kaggle_india\Snake Images\train\Non Venomous\48 (3).jpg,kaggle_india,,non_venomous,,400,400,3863,True,train
e:\Coding_Notes\Faunari\data\raw\kaggle_india\Snake Images\train\Non Venomous\48.jpg,kaggle_india,,non_venomous,,400,400,3864,True,train
e:\Coding_Notes\Faunari\data\raw\kaggle_india\Snake Images\train\Non Venomous\480a15852ea1541e979834fabee27363--blue-green-green-trees.jpg,kaggle_india,,non_venomous,,400,400,3592,True,val
e:\Coding_Notes\Faunari\data\raw\kaggle_india\Snake Images\train\Non Venomous\4884945878_999a15707b_o.jpg,kaggle_india,,non_venomous,,400,400,3196,False,test
e:\Coding_Notes\Faunari\data\raw\kaggle_india\Snake Images\train\Non Venomous\49 (2).jpg,kaggle_india,,non_venomous,,400,400,3865,True,train
e:\Coding_Notes\Faunari\data\raw\kaggle_india\Snake Images\train\Non Venomous\49 (3).jpg,kaggle_india,,non_venomous,,400,400,3866,True,test
e:\Coding_Notes\Faunari\data\raw\kaggle_india\Snake Images\train\Non Venomous\49.jpg,kaggle_india,,non_venomous,,400,400,3867,True,test
e:\Coding_Notes\Faunari\data\raw\kaggle_india\Snake Images\train\Non Venomous\491121-checkered-keeeled-back.jpg,kaggle_india,,non_venomous,,400,400,3197,False,train
e:\Coding_Notes\Faunari\data\raw\kaggle_india\Snake Images\train\Non Venomous\4a9881dd567ca571c0874b158a72b9ec.jpg,kaggle_india,,non_venomous,,400,400,3593,False,train
e:\Coding_Notes\Faunari\data\raw\kaggle_india\Snake Images\train\Non Venomous\5 (2).jpg,kaggle_india,,non_venomous,,400,400,3591,False,val
e:\Coding_Notes\Faunari\data\raw\kaggle_india\Snake Images\train\Non Venomous\5.jpg,kaggle_india,,non_venomous,,400,400,3868,True,val
e:\Coding_Notes\Faunari\data\raw\kaggle_india\Snake Images\train\Non Venomous\50 (2).jpg,kaggle_india,,non_venomous,,400,400,3869,True,train
e:\Coding_Notes\Faunari\data\raw\kaggle_india\Snake Images\train\Non Venomous\50.jpg,kaggle_india,,non_venomous,,400,400,3144,False,val
e:\Coding_Notes\Faunari\data\raw\kaggle_india\Snake Images\train\Non Venomous\50300131.jpg,kaggle_india,,non_venomous,,400,400,3476,False,train
e:\Coding_Notes\Faunari\data\raw\kaggle_india\Snake Images\train\Non Venomous\51 (2).jpg,kaggle_india,,non_venomous,,400,400,3870,True,train
e:\Coding_Notes\Faunari\data\raw\kaggle_india\Snake Images\train\Non Venomous\51 (3).jpg,kaggle_india,,non_venomous,,400,400,3871,True,train
e:\Coding_Notes\Faunari\data\raw\kaggle_india\Snake Images\train\Non Venomous\51.jpg,kaggle_india,,non_venomous,,400,400,3872,True,train
e:\Coding_Notes\Faunari\data\raw\kaggle_india\Snake Images\train\Non Venomous\5132438158_7853cbf717.jpg,kaggle_india,,non_venomous,,400,400,3198,True,train
e:\Coding_Notes\Faunari\data\raw\kaggle_india\Snake Images\train\Non Venomous\52 (2).jpg,kaggle_india,,non_venomous,,400,400,3873,True,train
e:\Coding_Notes\Faunari\data\raw\kaggle_india\Snake Images\train\Non Venomous\52 (3).jpg,kaggle_india,,non_venomous,,400,400,3874,True,train
e:\Coding_Notes\Faunari\data\raw\kaggle_india\Snake Images\train\Non Venomous\52.jpg,kaggle_india,,non_venomous,,400,400,3875,True,test
e:\Coding_Notes\Faunari\data\raw\kaggle_india\Snake Images\train\Non Venomous\53 (2).jpg,kaggle_india,,non_venomous,,400,400,3876,True,train
e:\Coding_Notes\Faunari\data\raw\kaggle_india\Snake Images\train\Non Venomous\53 (3).jpg,kaggle_india,,non_venomous,,400,400,3877,True,train
e:\Coding_Notes\Faunari\data\raw\kaggle_india\Snake Images\train\Non Venomous\53.jpg,kaggle_india,,non_venomous,,400,400,3878,True,val
e:\Coding_Notes\Faunari\data\raw\kaggle_india\Snake Images\train\Non Venomous\5389390663_3fee7a07d3_o.jpg,kaggle_india,,non_venomous,,400,400,3199,False,test
e:\Coding_Notes\Faunari\data\raw\kaggle_india\Snake Images\train\Non Venomous\54 (2).jpg,kaggle_india,,non_venomous,,400,400,3553,False,train
e:\Coding_Notes\Faunari\data\raw\kaggle_india\Snake Images\train\Non Venomous\54 (3).jpg,kaggle_india,,non_venomous,,400,400,3879,True,train
e:\Coding_Notes\Faunari\data\raw\kaggle_india\Snake Images\train\Non Venomous\54.jpg,kaggle_india,,non_venomous,,400,400,3135,False,train
e:\Coding_Notes\Faunari\data\raw\kaggle_india\Snake Images\train\Non Venomous\541d920462f53a965ce8d6fd7a1f7476.jpg,kaggle_india,,non_venomous,,400,400,3880,True,train
e:\Coding_Notes\Faunari\data\raw\kaggle_india\Snake Images\train\Non Venomous\5489314689_0dc82a6515_z.jpg,kaggle_india,,non_venomous,,400,400,3137,False,val
e:\Coding_Notes\Faunari\data\raw\kaggle_india\Snake Images\train\Non Venomous\5489908162_098edd6fd0_z.jpg,kaggle_india,,non_venomous,,400,400,3138,False,train
e:\Coding_Notes\Faunari\data\raw\kaggle_india\Snake Images\train\Non Venomous\5489908744_1c627cc25f.jpg,kaggle_india,,non_venomous,,400,400,3139,False,train
e:\Coding_Notes\Faunari\data\raw\kaggle_india\Snake Images\train\Non Venomous\55 (2).jpg,kaggle_india,,non_venomous,,400,400,3881,True,train
e:\Coding_Notes\Faunari\data\raw\kaggle_india\Snake Images\train\Non Venomous\55 (3).jpg,kaggle_india,,non_venomous,,400,400,3882,True,train
e:\Coding_Notes\Faunari\data\raw\kaggle_india\Snake Images\train\Non Venomous\55.jpg,kaggle_india,,non_venomous,,400,400,3883,True,train
e:\Coding_Notes\Faunari\data\raw\kaggle_india\Snake Images\train\Non Venomous\5521393421453897450.jpg,kaggle_india,,non_venomous,,400,400,3630,False,val
e:\Coding_Notes\Faunari\data\raw\kaggle_india\Snake Images\train\Non Venomous\56 (2).jpg,kaggle_india,,non_venomous,,400,400,3884,True,train
e:\Coding_Notes\Faunari\data\raw\kaggle_india\Snake Images\train\Non Venomous\56 (3).jpg,kaggle_india,,non_venomous,,400,400,3885,True,train
e:\Coding_Notes\Faunari\data\raw\kaggle_india\Snake Images\train\Non Venomous\56.jpg,kaggle_india,,non_venomous,,400,400,3137,False,val
e:\Coding_Notes\Faunari\data\raw\kaggle_india\Snake Images\train\Non Venomous\57 (2).jpg,kaggle_india,,non_venomous,,400,400,3886,True,val
e:\Coding_Notes\Faunari\data\raw\kaggle_india\Snake Images\train\Non Venomous\57.jpg,kaggle_india,,non_venomous,,400,400,3887,True,train
e:\Coding_Notes\Faunari\data\raw\kaggle_india\Snake Images\train\Non Venomous\58 (2).jpg,kaggle_india,,non_venomous,,400,400,3888,True,train
e:\Coding_Notes\Faunari\data\raw\kaggle_india\Snake Images\train\Non Venomous\58.jpg,kaggle_india,,non_venomous,,400,400,3889,True,train
e:\Coding_Notes\Faunari\data\raw\kaggle_india\Snake Images\train\Non Venomous\59 (2).jpg,kaggle_india,,non_venomous,,400,400,3890,True,train
e:\Coding_Notes\Faunari\data\raw\kaggle_india\Snake Images\train\Non Venomous\59 (3).jpg,kaggle_india,,non_venomous,,400,400,3891,True,test
e:\Coding_Notes\Faunari\data\raw\kaggle_india\Snake Images\train\Non Venomous\59.jpg,kaggle_india,,non_venomous,,400,400,3892,True,train
e:\Coding_Notes\Faunari\data\raw\kaggle_india\Snake Images\train\Non Venomous\6.jpg,kaggle_india,,non_venomous,,400,400,3200,False,train
e:\Coding_Notes\Faunari\data\raw\kaggle_india\Snake Images\train\Non Venomous\60 (2).jpg,kaggle_india,,non_venomous,,400,400,3893,True,train
e:\Coding_Notes\Faunari\data\raw\kaggle_india\Snake Images\train\Non Venomous\60 (3).jpg,kaggle_india,,non_venomous,,400,400,3894,True,train
e:\Coding_Notes\Faunari\data\raw\kaggle_india\Snake Images\train\Non Venomous\60.jpg,kaggle_india,,non_venomous,,400,400,3895,True,train
e:\Coding_Notes\Faunari\data\raw\kaggle_india\Snake Images\train\Non Venomous\6003828805_550b0fbd1a_b.jpg,kaggle_india,,non_venomous,,400,400,3348,False,test
e:\Coding_Notes\Faunari\data\raw\kaggle_india\Snake Images\train\Non Venomous\6004373992_e68bbf6a83_b.jpg,kaggle_india,,non_venomous,,400,400,3349,False,train
e:\Coding_Notes\Faunari\data\raw\kaggle_india\Snake Images\train\Non Venomous\6010585911_bb89b7d3b4_b.jpg,kaggle_india,,non_venomous,,400,400,3350,False,train
e:\Coding_Notes\Faunari\data\raw\kaggle_india\Snake Images\train\Non Venomous\6040463084_f23655f730.jpg,kaggle_india,,non_venomous,,400,400,3201,False,val
e:\Coding_Notes\Faunari\data\raw\kaggle_india\Snake Images\train\Non Venomous\6069690177_f5cd0dbe69_o.jpg,kaggle_india,,non_venomous,,400,400,3896,True,train
e:\Coding_Notes\Faunari\data\raw\kaggle_india\Snake Images\train\Non Venomous\61 (2).jpg,kaggle_india,,non_venomous,,400,400,3897,True,train
e:\Coding_Notes\Faunari\data\raw\kaggle_india\Snake Images\train\Non Venomous\61.jpg,kaggle_india,,non_venomous,,400,400,3898,True,train
e:\Coding_Notes\Faunari\data\raw\kaggle_india\Snake Images\train\Non Venomous\6123216202_563c31e3eb.jpg,kaggle_india,,non_venomous,,400,400,3899,True,train
e:\Coding_Notes\Faunari\data\raw\kaggle_india\Snake Images\train\Non Venomous\62 (2).jpg,kaggle_india,,non_venomous,,400,400,3900,True,train
e:\Coding_Notes\Faunari\data\raw\kaggle_india\Snake Images\train\Non Venomous\62.jpg,kaggle_india,,non_venomous,,400,400,3901,True,train
e:\Coding_Notes\Faunari\data\raw\kaggle_india\Snake Images\train\Non Venomous\63 (2).jpg,kaggle_india,,non_venomous,,400,400,3902,True,val
e:\Coding_Notes\Faunari\data\raw\kaggle_india\Snake Images\train\Non Venomous\63.jpg,kaggle_india,,non_venomous,,400,400,3903,True,train
e:\Coding_Notes\Faunari\data\raw\kaggle_india\Snake Images\train\Non Venomous\6341106gveli179.jpg,kaggle_india,,non_venomous,,400,400,3632,False,val
e:\Coding_Notes\Faunari\data\raw\kaggle_india\Snake Images\train\Non Venomous\64.jpg,kaggle_india,,non_venomous,,400,400,3904,True,test
e:\Coding_Notes\Faunari\data\raw\kaggle_india\Snake Images\train\Non Venomous\65.jpg,kaggle_india,,non_venomous,,400,400,3905,True,test
e:\Coding_Notes\Faunari\data\raw\kaggle_india\Snake Images\train\Non Venomous\66.jpg,kaggle_india,,non_venomous,,400,400,3906,True,train
e:\Coding_Notes\Faunari\data\raw\kaggle_india\Snake Images\train\Non Venomous\67.jpg,kaggle_india,,non_venomous,,400,400,3907,True,train
e:\Coding_Notes\Faunari\data\raw\kaggle_india\Snake Images\train\Non Venomous\68.jpg,kaggle_india,,non_venomous,,400,400,3908,True,test
e:\Coding_Notes\Faunari\data\raw\kaggle_india\Snake Images\train\Non Venomous\6888018080_51ce929728.jpg,kaggle_india,,non_venomous,,400,400,3203,False,train
e:\Coding_Notes\Faunari\data\raw\kaggle_india\Snake Images\train\Non Venomous\69.jpg,kaggle_india,,non_venomous,,400,400,3909,True,test
e:\Coding_Notes\Faunari\data\raw\kaggle_india\Snake Images\train\Non Venomous\6O4A4956.jpg,kaggle_india,,non_venomous,,400,400,3633,False,test
e:\Coding_Notes\Faunari\data\raw\kaggle_india\Snake Images\train\Non Venomous\6O4A7885.jpg,kaggle_india,,non_venomous,,400,400,3636,False,train
e:\Coding_Notes\Faunari\data\raw\kaggle_india\Snake Images\train\Non Venomous\7 (2).jpg,kaggle_india,,non_venomous,,400,400,3910,True,train
e:\Coding_Notes\Faunari\data\raw\kaggle_india\Snake Images\train\Non Venomous\7 (3).jpg,kaggle_india,,non_venomous,,400,400,3911,True,test
e:\Coding_Notes\Faunari\data\raw\kaggle_india\Snake Images\train\Non Venomous\7.jpg,kaggle_india,,non_venomous,,400,400,3912,True,train
e:\Coding_Notes\Faunari\data\raw\kaggle_india\Snake Images\train\Non Venomous\70.jpg,kaggle_india,,non_venomous,,400,400,3913,True,val
e:\Coding_Notes\Faunari\data\raw\kaggle_india\Snake Images\train\Non Venomous\7053016215_6bd318e3ff_b.jpg,kaggle_india,,non_venomous,,400,400,3352,False,test
e:\Coding_Notes\Faunari\data\raw\kaggle_india\Snake Images\train\Non Venomous\7170810054_1373b1b24f_b.jpg,kaggle_india,,non_venomous,,400,400,3914,True,train
e:\Coding_Notes\Faunari\data\raw\kaggle_india\Snake Images\train\Non Venomous\7170812976_3a35bbdba2_b.jpg,kaggle_india,,non_venomous,,400,400,3915,True,train
e:\Coding_Notes\Faunari\data\raw\kaggle_india\Snake Images\train\Non Venomous\71cca88c06df3d66ba9bbc5c79ec7bc7.jpg,kaggle_india,,non_venomous,,400,400,3477,False,train
e:\Coding_Notes\Faunari\data\raw\kaggle_india\Snake Images\train\Non Venomous\72.jpg,kaggle_india,,non_venomous,,400,400,3916,True,train
e:\Coding_Notes\Faunari\data\raw\kaggle_india\Snake Images\train\Non Venomous\7207338458_12efc7a0c8_b.jpg,kaggle_india,,non_venomous,,400,400,3917,True,train
e:\Coding_Notes\Faunari\data\raw\kaggle_india\Snake Images\train\Non Venomous\73.jpg,kaggle_india,,non_venomous,,400,400,3918,True,train
e:\Coding_Notes\Faunari\data\raw\kaggle_india\Snake Images\train\Non Venomous\74.jpg,kaggle_india,,non_venomous,,400,400,3161,True,test
e:\Coding_Notes\Faunari\data\raw\kaggle_india\Snake Images\train\Non Venomous\7413599378_03c9197f81.jpg,kaggle_india,,non_venomous,,400,400,3553,False,train
e:\Coding_Notes\Faunari\data\raw\kaggle_india\Snake Images\train\Non Venomous\75.jpg,kaggle_india,,non_venomous,,400,400,3919,True,val
e:\Coding_Notes\Faunari\data\raw\kaggle_india\Snake Images\train\Non Venomous\7528802344_7b2d630b51.jpg,kaggle_india,,non_venomous,,400,400,3920,True,val
e:\Coding_Notes\Faunari\data\raw\kaggle_india\Snake Images\train\Non Venomous\76.jpg,kaggle_india,,non_venomous,,400,400,3921,True,val
e:\Coding_Notes\Faunari\data\raw\kaggle_india\Snake Images\train\Non Venomous\7667965192_6ebcdd85d8_b.jpg,kaggle_india,,non_venomous,,400,400,3922,True,train
e:\Coding_Notes\Faunari\data\raw\kaggle_india\Snake Images\train\Non Venomous\77.jpg,kaggle_india,,non_venomous,,400,400,3923,True,test
e:\Coding_Notes\Faunari\data\raw\kaggle_india\Snake Images\train\Non Venomous\78.jpg,kaggle_india,,non_venomous,,400,400,3924,True,train
e:\Coding_Notes\Faunari\data\raw\kaggle_india\Snake Images\train\Non Venomous\7801682640_00b2183a0a_b-bernard-dupont.jpg,kaggle_india,,non_venomous,,400,400,3353,False,train
e:\Coding_Notes\Faunari\data\raw\kaggle_india\Snake Images\train\Non Venomous\8 (2).jpg,kaggle_india,,non_venomous,,400,400,3597,False,train
e:\Coding_Notes\Faunari\data\raw\kaggle_india\Snake Images\train\Non Venomous\8.jpg,kaggle_india,,non_venomous,,400,400,3149,False,train
e:\Coding_Notes\Faunari\data\raw\kaggle_india\Snake Images\train\Non Venomous\80.jpg,kaggle_india,,non_venomous,,400,400,3925,True,train
e:\Coding_Notes\Faunari\data\raw\kaggle_india\Snake Images\train\Non Venomous\83.jpg,kaggle_india,,non_venomous,,400,400,3926,True,train
e:\Coding_Notes\Faunari\data\raw\kaggle_india\Snake Images\train\Non Venomous\84.jpg,kaggle_india,,non_venomous,,400,400,3927,True,train
e:\Coding_Notes\Faunari\data\raw\kaggle_india\Snake Images\train\Non Venomous\8499894995_0bb1f2a772_m.jpg,kaggle_india,,non_venomous,,400,400,3206,True,val
e:\Coding_Notes\Faunari\data\raw\kaggle_india\Snake Images\train\Non Venomous\85.jpg,kaggle_india,,non_venomous,,400,400,3928,True,train
e:\Coding_Notes\Faunari\data\raw\kaggle_india\Snake Images\train\Non Venomous\8500953244_9c4fde2dc2_m.jpg,kaggle_india,,non_venomous,,400,400,3207,True,train
e:\Coding_Notes\Faunari\data\raw\kaggle_india\Snake Images\train\Non Venomous\85a4f893f43a26c9257f2e4ab5e42eff.jpg,kaggle_india,,non_venomous,,400,400,3556,False,train
e:\Coding_Notes\Faunari\data\raw\kaggle_india\Snake Images\train\Non Venomous\86.jpg,kaggle_india,,non_venomous,,400,400,3929,True,train
e:\Coding_Notes\Faunari\data\raw\kaggle_india\Snake Images\train\Non Venomous\87.jpg,kaggle_india,,non_venomous,,400,400,3930,True,train
e:\Coding_Notes\Faunari\data\raw\kaggle_india\Snake Images\train\Non Venomous\87679859_XS.jpg,kaggle_india,,non_venomous,,400,400,3356,True,train
e:\Coding_Notes\Faunari\data\raw\kaggle_india\Snake Images\train\Non Venomous\88.jpg,kaggle_india,,non_venomous,,400,400,3931,True,val
e:\Coding_Notes\Faunari\data\raw\kaggle_india\Snake Images\train\Non Venomous\89.jpg,kaggle_india,,non_venomous,,400,400,3932,True,train
e:\Coding_Notes\Faunari\data\raw\kaggle_india\Snake Images\train\Non Venomous\8934339313_505460cf04.jpg,kaggle_india,,non_venomous,,400,400,3208,False,train
e:\Coding_Notes\Faunari\data\raw\kaggle_india\Snake Images\train\Non Venomous\9 (2).jpg,kaggle_india,,non_venomous,,400,400,3933,True,val
e:\Coding_Notes\Faunari\data\raw\kaggle_india\Snake Images\train\Non Venomous\9.jpg,kaggle_india,,non_venomous,,400,400,3934,True,train
e:\Coding_Notes\Faunari\data\raw\kaggle_india\Snake Images\train\Non Venomous\90.jpg,kaggle_india,,non_venomous,,400,400,3146,False,train
e:\Coding_Notes\Faunari\data\raw\kaggle_india\Snake Images\train\Non Venomous\91.jpg,kaggle_india,,non_venomous,,400,400,3935,True,val
e:\Coding_Notes\Faunari\data\raw\kaggle_india\Snake Images\train\Non Venomous\9181975166_5a8900bcb4_b.jpg,kaggle_india,,non_venomous,,400,400,3936,True,val
e:\Coding_Notes\Faunari\data\raw\kaggle_india\Snake Images\train\Non Venomous\9258449401_fee23ab38e.jpg,kaggle_india,,non_venomous,,400,400,3937,True,train
e:\Coding_Notes\Faunari\data\raw\kaggle_india\Snake Images\train\Non Venomous\93.jpg,kaggle_india,,non_venomous,,400,400,3938,True,val
e:\Coding_Notes\Faunari\data\raw\kaggle_india\Snake Images\train\Non Venomous\94.jpg,kaggle_india,,non_venomous,,400,400,3939,True,test
e:\Coding_Notes\Faunari\data\raw\kaggle_india\Snake Images\train\Non Venomous\95.jpg,kaggle_india,,non_venomous,,400,400,3940,True,train
e:\Coding_Notes\Faunari\data\raw\kaggle_india\Snake Images\train\Non Venomous\96.jpg,kaggle_india,,non_venomous,,400,400,3129,False,train
e:\Coding_Notes\Faunari\data\raw\kaggle_india\Snake Images\train\Non Venomous\9678299431_e1027b9b6c_b.jpg,kaggle_india,,non_venomous,,400,400,3140,False,train
e:\Coding_Notes\Faunari\data\raw\kaggle_india\Snake Images\train\Non Venomous\9678299431_e1027b9b6c_m.jpg,kaggle_india,,non_venomous,,400,400,3140,False,train
e:\Coding_Notes\Faunari\data\raw\kaggle_india\Snake Images\train\Non Venomous\97.jpg,kaggle_india,,non_venomous,,400,400,3142,False,train
e:\Coding_Notes\Faunari\data\raw\kaggle_india\Snake Images\train\Non Venomous\98.jpg,kaggle_india,,non_venomous,,400,400,3941,True,train
e:\Coding_Notes\Faunari\data\raw\kaggle_india\Snake Images\train\Non Venomous\99.jpg,kaggle_india,,non_venomous,,400,400,3942,True,train
e:\Coding_Notes\Faunari\data\raw\kaggle_india\Snake Images\train\Non Venomous\a0a6db8a29a4a474703855fd466ed3dd--indian-animals-mammals.jpg,kaggle_india,,non_venomous,,400,400,3640,False,val
e:\Coding_Notes\Faunari\data\raw\kaggle_india\Snake Images\train\Non Venomous\a57b14f8130c77339a33b5f7c40a0952--beautiful-snakes-sands.jpg,kaggle_india,,non_venomous,,400,400,3479,False,train
e:\Coding_Notes\Faunari\data\raw\kaggle_india\Snake Images\train\Non Venomous\AB083_Ptyas_mucosos.JPG,kaggle_india,,non_venomous,,400,400,3359,True,train
e:\Coding_Notes\Faunari\data\raw\kaggle_india\Snake Images\train\Non Venomous\AesculapianSnake30C_JasonSteel_950.jpg,kaggle_india,,non_venomous,,400,400,3360,False,train
e:\Coding_Notes\Faunari\data\raw\kaggle_india\Snake Images\train\Non Venomous\afe2.jpg,kaggle_india,,non_venomous,,400,400,3641,False,train
e:\Coding_Notes\Faunari\data\raw\kaggle_india\Snake Images\train\Non Venomous\African-rock-python-on-rocky-ground.jpg,kaggle_india,,non_venomous,,400,400,3642,False,val
e:\Coding_Notes\Faunari\data\raw\kaggle_india\Snake Images\train\Non Venomous\amphiesma-stolatum_gerrut2.jpg,kaggle_india,,non_venomous,,400,400,3211,False,test
e:\Coding_Notes\Faunari\data\raw\kaggle_india\Snake Images\train\Non Venomous\Amphiesma_stolata (2).jpg,kaggle_india,,non_venomous,,400,400,3212,True,train
e:\Coding_Notes\Faunari\data\raw\kaggle_india\Snake Images\train\Non Venomous\Amphiesma_stolata.jpg,kaggle_india,,non_venomous,,400,400,3213,True,train
e:\Coding_Notes\Faunari\data\raw\kaggle_india\Snake Images\train\Non Venomous\AmpMai2.jpg,kaggle_india,,non_venomous,,400,400,3214,True,train
e:\Coding_Notes\Faunari\data\raw\kaggle_india\Snake Images\train\Non Venomous\An-Indian-rock-python-drinks-water-inside-its-enclosure-in-a-zoo-during-a-hot-day-in-Lucknow..jpg,kaggle_india,,non_venomous,,400,400,3643,False,val
e:\Coding_Notes\Faunari\data\raw\kaggle_india\Snake Images\train\Non Venomous\An-Indian-Rock-Python.jpg,kaggle_india,,non_venomous,,400,400,3644,False,train
e:\Coding_Notes\Faunari\data\raw\kaggle_india\Snake Images\train\Non Venomous\An-Indian-Rock-Python3-_unz3.jpg,kaggle_india,,non_venomous,,400,400,3645,False,train
e:\Coding_Notes\Faunari\data\raw\kaggle_india\Snake Images\train\Non Venomous\Arabian-sand-boa-hatching.jpg,kaggle_india,,non_venomous,,400,400,3480,False,val
e:\Coding_Notes\Faunari\data\raw\kaggle_india\Snake Images\train\Non Venomous\Arabian-sand-boa-head-detail.jpg,kaggle_india,,non_venomous,,400,400,3481,False,val
e:\Coding_Notes\Faunari\data\raw\kaggle_india\Snake Images\train\Non Venomous\Arabian-sand-boa-on-top-of-sand.jpg,kaggle_india,,non_venomous,,400,400,3482,False,train
e:\Coding_Notes\Faunari\data\raw\kaggle_india\Snake Images\train\Non Venomous\arabian-sand-boa-pattern.jpg,kaggle_india,,non_venomous,,400,400,3483,False,train
e:\Coding_Notes\Faunari\data\raw\kaggle_india\Snake Images\train\Non Venomous\Arabian-sand-boa.jpg,kaggle_india,,non_venomous,,400,400,3484,False,train
e:\Coding_Notes\Faunari\data\raw\kaggle_india\Snake Images\train\Non Venomous\Argyrogena-fasciolata-03000032230_01.jpg,kaggle_india,,non_venomous,,400,400,3141,False,val
e:\Coding_Notes\Faunari\data\raw\kaggle_india\Snake Images\train\Non Venomous\artmax_267.jpg,kaggle_india,,non_venomous,,400,400,3361,False,train
e:\Coding_Notes\Faunari\data\raw\kaggle_india\Snake Images\train\Non Venomous\Asiatic-rock-python-coiled-around-branch.jpg,kaggle_india,,non_venomous,,400,400,3646,False,train
e:\Coding_Notes\Faunari\data\raw\kaggle_india\Snake Images\train\Non Venomous\asiatic-rock-python-hatchling.jpg,kaggle_india,,non_venomous,,400,400,3647,False,val
e:\Coding_Notes\Faunari\data\raw\kaggle_india\Snake Images\train\Non Venomous\banded racer blog.JPG,kaggle_india,,non_venomous,,400,400,3142,False,train
e:\Coding_Notes\Faunari\data\raw\kaggle_india\Snake Images\train\Non Venomous\Banded Racer Juvenile.jpg,kaggle_india,,non_venomous,,400,400,3143,True,train
e:\Coding_Notes\Faunari\data\raw\kaggle_india\Snake Images\train\Non Venomous\Big-Python.jpg,kaggle_india,,non_venomous,,400,400,3648,True,train
e:\Coding_Notes\Faunari\data\raw\kaggle_india\Snake Images\train\Non Venomous\Black Rat  Adult.jpg,kaggle_india,,non_venomous,,400,400,3362,True,train
e:\Coding_Notes\Faunari\data\raw\kaggle_india\Snake Images\train\Non Venomous\black ratsnake 1.jpg,kaggle_india,,non_venomous,,400,400,3363,False,train
e:\Coding_Notes\Faunari\data\raw\kaggle_india\Snake Images\train\Non Venomous\black-rat-snake.jpg,kaggle_india,,non_venomous,,400,400,3364,False,test
e:\Coding_Notes\Faunari\data\raw\kaggle_india\Snake Images\train\Non Venomous\Black-Ratsnake-300x214.jpg,kaggle_india,,non_venomous,,400,400,3365,True,train
e:\Coding_Notes\Faunari\data\raw\kaggle_india\Snake Images\train\Non Venomous\blackrat.jpg,kaggle_india,,non_venomous,,400,400,3366,False,train
e:\Coding_Notes\Faunari\data\raw\kaggle_india\Snake Images\train\Non Venomous\blackrat40.jpg,kaggle_india,,non_venomous,,400,400,3367,False,train
e:\Coding_Notes\Faunari\data\raw\kaggle_india\Snake Images\train\Non Venomous\blackRatSnake-300x225.jpg,kaggle_india,,non_venomous,,400,400,3368,True,hardcase
e:\Coding_Notes\Faunari\data\raw\kaggle_india\Snake Images\train\Non Venomous\blackratsnake.jpg,kaggle_india,,non_venomous,,400,400,3369,False,test
e:\Coding_Notes\Faunari\data\raw\kaggle_india\Snake Images\train\Non Venomous\blackratsnake080529-4397facez.jpg,kaggle_india,,non_venomous,,400,400,3370,False,val
e:\Coding_Notes\Faunari\data\raw\kaggle_india\Snake Images\train\Non Venomous\blackratsnake2.jpg,kaggle_india,,non_venomous,,400,400,3371,False,val
e:\Coding_Notes\Faunari\data\raw\kaggle_india\Snake Images\train\Non Venomous\blackratsnake_001.jpg,kaggle_india,,non_venomous,,400,400,3372,True,train
e:\Coding_Notes\Faunari\data\raw\kaggle_india\Snake Images\train\Non Venomous\BlackRatSnake_353692_7.jpg,kaggle_india,,non_venomous,,400,400,3373,False,train
e:\Coding_Notes\Faunari\data\raw\kaggle_india\Snake Images\train\Non Venomous\blackratwrinkle.jpg,kaggle_india,,non_venomous,,400,400,3374,False,train
e:\Coding_Notes\Faunari\data\raw\kaggle_india\Snake Images\train\Non Venomous\Black_Rat_Snake-.JPG,kaggle_india,,non_venomous,,400,400,3375,True,train
"e:\Coding_Notes\Faunari\data\raw\kaggle_india\Snake Images\train\Non Venomous\Black_Rat_Snake_-_Elaphe_obsoleta_obsoleta,_Merrimac_Farm_Wildlife_Management_Area,_Virginia.jpg",kaggle_india,,non_venomous,,400,400,3376,False,train
e:\Coding_Notes\Faunari\data\raw\kaggle_india\Snake Images\train\Non Venomous\Black_Rat_Snake_001.jpg,kaggle_india,,non_venomous,,400,400,3377,False,train
e:\Coding_Notes\Faunari\data\raw\kaggle_india\Snake Images\train\Non Venomous\black_rat_snake_101499_7.jpg,kaggle_india,,non_venomous,,400,400,3378,True,train
e:\Coding_Notes\Faunari\data\raw\kaggle_india\Snake Images\train\Non Venomous\black_rat_snake_6140.jpg,kaggle_india,,non_venomous,,400,400,3379,False,test
e:\Coding_Notes\Faunari\data\raw\kaggle_india\Snake Images\train\Non Venomous\Black_Rat_Snake_page_image.jpg,kaggle_india,,non_venomous,,400,400,3380,True,train
e:\Coding_Notes\Faunari\data\raw\kaggle_india\Snake Images\train\Non Venomous\bluerat.jpg,kaggle_india,,non_venomous,,400,400,3381,False,train
e:\Coding_Notes\Faunari\data\raw\kaggle_india\Snake Images\train\Non Venomous\BOM 12Dec11 Checkered Keelback Watersnake 03.jpg,kaggle_india,,non_venomous,,400,400,3215,False,test
e:\Coding_Notes\Faunari\data\raw\kaggle_india\Snake Images\train\Non Venomous\brnrat2.jpg,kaggle_india,,non_venomous,,400,400,3382,False,train
e:\Coding_Notes\Faunari\data\raw\kaggle_india\Snake Images\train\Non Venomous\Brown_Streaks_seen_from_Lateral_View_of_Head_of_Indian_Rock_Python_(_P_molurus).JPG,kaggle_india,,non_venomous,,400,400,3649,False,train
e:\Coding_Notes\Faunari\data\raw\kaggle_india\Snake Images\train\Non Venomous\Buff-Striped-Keelback.jpg,kaggle_india,,non_venomous,,400,400,3216,False,train
e:\Coding_Notes\Faunari\data\raw\kaggle_india\Snake Images\train\Non Venomous\burmpython1l.jpg,kaggle_india,,non_venomous,,400,400,3650,False,test
e:\Coding_Notes\Faunari\data\raw\kaggle_india\Snake Images\train\Non Venomous\burmpython2l.jpg,kaggle_india,,non_venomous,,400,400,3651,False,val
e:\Coding_Notes\Faunari\data\raw\kaggle_india\Snake Images\train\Non Venomous\C1TZ9PQVEAAUSUZ.jpg,kaggle_india,,non_venomous,,400,400,3217,False,train
e:\Coding_Notes\Faunari\data\raw\kaggle_india\Snake Images\train\Non Venomous\C4hS1IoVUAASDWp.jpg,kaggle_india,,non_venomous,,400,400,3218,True,train
e:\Coding_Notes\Faunari\data\raw\kaggle_india\Snake Images\train\Non Venomous\Char8_Small_tail.JPG,kaggle_india,,non_venomous,,400,400,3219,True,test
e:\Coding_Notes\Faunari\data\raw\kaggle_india\Snake Images\train\Non Venomous\checked keelback watersnake.jpg,kaggle_india,,non_venomous,,400,400,3220,True,train
e:\Coding_Notes\Faunari\data\raw\kaggle_india\Snake Images\train\Non Venomous\checked keelback.jpg,kaggle_india,,non_venomous,,400,400,3221,False,val
e:\Coding_Notes\Faunari\data\raw\kaggle_india\Snake Images\train\Non Venomous\checkered keelback blog.JPG,kaggle_india,,non_venomous,,400,400,3222,False,val
e:\Coding_Notes\Faunari\data\raw\kaggle_india\Snake Images\train\Non Venomous\checkered keelback blog2.JPG,kaggle_india,,non_venomous,,400,400,3223,False,test
e:\Coding_Notes\Faunari\data\raw\kaggle_india\Snake Images\train\Non Venomous\Checkered Keelback.jpg,kaggle_india,,non_venomous,,400,400,3224,False,train
e:\Coding_Notes\Faunari\data\raw\kaggle_india\Snake Images\train\Non Venomous\Checkered keelback_001.JPG,kaggle_india,,non_venomous,,400,400,3225,False,test
e:\Coding_Notes\Faunari\data\raw\kaggle_india\Snake Images\train\Non Venomous\checkered keelback_002.jpg,kaggle_india,,non_venomous,,400,400,3226,False,test
e:\Coding_Notes\Faunari\data\raw\kaggle_india\Snake Images\train\Non Venomous\Checkered Keelback_003.jpg,kaggle_india,,non_venomous,,400,400,3227,False,train
e:\Coding_Notes\Faunari\data\raw\kaggle_india\Snake Images\train\Non Venomous\checkered keelback_004.jpg,kaggle_india,,non_venomous,,400,400,3228,True,train
e:\Coding_Notes\Faunari\data\raw\kaggle_india\Snake Images\train\Non Venomous\checkered-keel-back-water-snake-xenochropis-piscator-et0cmb.jpg,kaggle_india,,non_venomous,,400,400,3943,True,train
e:\Coding_Notes\Faunari\data\raw\kaggle_india\Snake Images\train\Non Venomous\Checkered-Keelback-.jpg,kaggle_india,,non_venomous,,400,400,3944,True,train
e:\Coding_Notes\Faunari\data\raw\kaggle_india\Snake Images\train\Non Venomous\Checkered-Keelback-1.jpg,kaggle_india,,non_venomous,,400,400,3945,True,train
e:\Coding_Notes\Faunari\data\raw\kaggle_india\Snake Images\train\Non Venomous\Checkered-Keelback-2.jpg,kaggle_india,,non_venomous,,400,400,3946,True,val
e:\Coding_Notes\Faunari\data\raw\kaggle_india\Snake Images\train\Non Venomous\checkered-keelback-or-Asiatic-water-snake-Xenochrophis-piscator-11-2015-Toon1.jpg,kaggle_india,,non_venomous,,400,400,3233,True,train
e:\Coding_Notes\Faunari\data\raw\kaggle_india\Snake Images\train\Non Venomous\checkered-keelback-or-Asiatic-water-snake-Xenochrophis-piscator-11-2015-Toon2.jpg,kaggle_india,,non_venomous,,400,400,3234,True,train
e:\Coding_Notes\Faunari\data\raw\kaggle_india\Snake Images\train\Non Venomous\checkered-keelback-snake.jpg,kaggle_india,,non_venomous,,400,400,3235,False,train
e:\Coding_Notes\Faunari\data\raw\kaggle_india\Snake Images\train\Non Venomous\checkered-keelback-water-snake-xenochrophis-piscator-keoladeo-ghana-EYJX7F.jpg,kaggle_india,,non_venomous,,400,400,3236,False,train
e:\Coding_Notes\Faunari\data\raw\kaggle_india\Snake Images\train\Non Venomous\checkered-keelback-water-snake-xenochrophis-piscator-keoladeo-ghana-eyjx7x.jpg,kaggle_india,,non_venomous,,400,400,3237,True,train
e:\Coding_Notes\Faunari\data\raw\kaggle_india\Snake Images\train\Non Venomous\checkered-keelback-water-snake-xenochrophis-piscator-keoladeo-ghana-EYJX8X.jpg,kaggle_india,,non_venomous,,400,400,3238,False,test
e:\Coding_Notes\Faunari\data\raw\kaggle_india\Snake Images\train\Non Venomous\checkered-keelback-xenochrophis-piscator-non-venomous-common-checkered-a0jd7j.jpg,kaggle_india,,non_venomous,,400,400,3239,False,train
e:\Coding_Notes\Faunari\data\raw\kaggle_india\Snake Images\train\Non Venomous\checkered-keelback-xenochrophis-piscator-non-venomous-common-checkered-BB81D9.jpg,kaggle_india,,non_venomous,,400,400,3240,False,train
e:\Coding_Notes\Faunari\data\raw\kaggle_india\Snake Images\train\Non Venomous\checkered-keelback-xenochrophis-piscator-non-venomous-common-checkered-C68YTX.jpg,kaggle_india,,non_venomous,,400,400,3241,False,test
e:\Coding_Notes\Faunari\data\raw\kaggle_india\Snake Images\train\Non Venomous\checkered-keelback-xenochrophis-piscator-non-venomous-common-paniwala-AX0A6G.jpg,kaggle_india,,non_venomous,,400,400,3242,False,val
e:\Coding_Notes\Faunari\data\raw\kaggle_india\Snake Images\train\Non Venomous\checkered-keelback-xenochrophis-piscator-non-venomous-common-scavenging-b31r66.jpg,kaggle_india,,non_venomous,,400,400,3243,False,train
e:\Coding_Notes\Faunari\data\raw\kaggle_india\Snake Images\train\Non Venomous\checkered-keelback-xenochrophis-piscator-ranthambhore-national-park-ajyt7g.jpg,kaggle_india,,non_venomous,,400,400,3244,False,train
e:\Coding_Notes\Faunari\data\raw\kaggle_india\Snake Images\train\Non Venomous\Checkered-Keelbacks-2.jpg,kaggle_india,,non_venomous,,400,400,3245,False,train
e:\Coding_Notes\Faunari\data\raw\kaggle_india\Snake Images\train\Non Venomous\Checkered-Keelbacks-4.jpg,kaggle_india,,non_venomous,,400,400,3246,False,val
e:\Coding_Notes\Faunari\data\raw\kaggle_india\Snake Images\train\Non Venomous\Checkered-Keelbacks-6.jpg,kaggle_india,,non_venomous,,400,400,3247,False,train
e:\Coding_Notes\Faunari\data\raw\kaggle_india\Snake Images\train\Non Venomous\Checkered-Keelback_001.jpg,kaggle_india,,non_venomous,,400,400,3248,False,train
e:\Coding_Notes\Faunari\data\raw\kaggle_india\Snake Images\train\Non Venomous\checkered-keelback_002.jpg,kaggle_india,,non_venomous,,400,400,3249,False,test
e:\Coding_Notes\Faunari\data\raw\kaggle_india\Snake Images\train\Non Venomous\Checkered-Keelback_003.jpg,kaggle_india,,non_venomous,,400,400,3250,False,test
e:\Coding_Notes\Faunari\data\raw\kaggle_india\Snake Images\train\Non Venomous\Checkered-keelback_004.jpg,kaggle_india,,non_venomous,,400,400,3251,False,train
e:\Coding_Notes\Faunari\data\raw\kaggle_india\Snake Images\train\Non Venomous\Checkered-keelback_in_IIT_Bombay.JPG,kaggle_india,,non_venomous,,400,400,3252,False,train
e:\Coding_Notes\Faunari\data\raw\kaggle_india\Snake Images\train\Non Venomous\checkeredkeelback.jpg,kaggle_india,,non_venomous,,400,400,3947,True,train
e:\Coding_Notes\Faunari\data\raw\kaggle_india\Snake Images\train\Non Venomous\Checkered_Keelback.jpg,kaggle_india,,non_venomous,,400,400,3948,True,train
e:\Coding_Notes\Faunari\data\raw\kaggle_india\Snake Images\train\Non Venomous\Checkered_Keelback_(Xenochrophis_piscator)_µ╝üµ╕╕Φ¢ç.jpg,kaggle_india,,non_venomous,,400,400,3255,False,val
e:\Coding_Notes\Faunari\data\raw\kaggle_india\Snake Images\train\Non Venomous\Checkered_Keelback_(Xenochrophis_piscator)_µ╝üµ╕╕Φ¢ç2.jpg,kaggle_india,,non_venomous,,400,400,3949,True,val
e:\Coding_Notes\Faunari\data\raw\kaggle_india\Snake Images\train\Non Venomous\Checkered_Keelback_(Xenochrophis_piscator)_µ╝üµ╕╕Φ¢ç5.jpg,kaggle_india,,non_venomous,,400,400,3257,False,train
e:\Coding_Notes\Faunari\data\raw\kaggle_india\Snake Images\train\Non Venomous\checkered_keelback_water_snake.jpg,kaggle_india,,non_venomous,,400,400,3258,False,train
"e:\Coding_Notes\Faunari\data\raw\kaggle_india\Snake Images\train\Non Venomous\Checkered_Keelback_Xenochrophis_piscator_Schneider,_1799_Assam_by_Dr_Raju_Kasambe_DSC_0477_(2).JPG",kaggle_india,,non_venomous,,400,400,3259,True,train
e:\Coding_Notes\Faunari\data\raw\kaggle_india\Snake Images\train\Non Venomous\Chekkered Keel Back.jpg,kaggle_india,,non_venomous,,400,400,3260,False,train
e:\Coding_Notes\Faunari\data\raw\kaggle_india\Snake Images\train\Non Venomous\chequred keelback.jpg,kaggle_india,,non_venomous,,400,400,3261,False,train
e:\Coding_Notes\Faunari\data\raw\kaggle_india\Snake Images\train\Non Venomous\ckb full3.jpg,kaggle_india,,non_venomous,,400,400,3950,True,train
e:\Coding_Notes\Faunari\data\raw\kaggle_india\Snake Images\train\Non Venomous\ckb.jpg,kaggle_india,,non_venomous,,400,400,3263,False,train
e:\Coding_Notes\Faunari\data\raw\kaggle_india\Snake Images\train\Non Venomous\Cm9GKVuUMAAoh1K.jpg,kaggle_india,,non_venomous,,400,400,3264,False,train
e:\Coding_Notes\Faunari\data\raw\kaggle_india\Snake Images\train\Non Venomous\Coelognathus-helena-03000033350_01.jpg,kaggle_india,,non_venomous,,400,400,3558,False,train
e:\Coding_Notes\Faunari\data\raw\kaggle_india\Snake Images\train\Non Venomous\coluber-nigromarginatus-green-rat-snake-non-venomous-rarely-available-h9ere2.jpg,kaggle_india,,non_venomous,,400,400,3383,False,train
e:\Coding_Notes\Faunari\data\raw\kaggle_india\Snake Images\train\Non Venomous\commom-rat-snake-ptyas-mucosa-non-venomous-common-B345KD.jpg,kaggle_india,,non_venomous,,400,400,3384,False,train
e:\Coding_Notes\Faunari\data\raw\kaggle_india\Snake Images\train\Non Venomous\common-indian-trinket-coelognathus-helena-ncbs-bangalore-india-f7n7nc.jpg,kaggle_india,,non_venomous,,400,400,3559,True,train
e:\Coding_Notes\Faunari\data\raw\kaggle_india\Snake Images\train\Non Venomous\common-indian-trinket-coelognathus-helena-ncbs-bangalore-india-f7n7nw.jpg,kaggle_india,,non_venomous,,400,400,3951,True,train
e:\Coding_Notes\Faunari\data\raw\kaggle_india\Snake Images\train\Non Venomous\common-indian-trinket-coelognathus-helena-ncbs-bangalore-india-f7n7pg.jpg,kaggle_india,,non_venomous,,400,400,3561,True,test
e:\Coding_Notes\Faunari\data\raw\kaggle_india\Snake Images\train\Non Venomous\common-rat-snake-6-1024x682.jpg,kaggle_india,,non_venomous,,400,400,3385,False,val
e:\Coding_Notes\Faunari\data\raw\kaggle_india\Snake Images\train\Non Venomous\common-rat-snake-7929502.jpg,kaggle_india,,non_venomous,,400,400,3386,False,train
e:\Coding_Notes\Faunari\data\raw\kaggle_india\Snake Images\train\Non Venomous\common-rat-snake-8294082.jpg,kaggle_india,,non_venomous,,400,400,3387,False,train
e:\Coding_Notes\Faunari\data\raw\kaggle_india\Snake Images\train\Non Venomous\common-rat-snake-keoladeo-national-park-rajesthan-bharatpur-76368190.jpg,kaggle_india,,non_venomous,,400,400,3388,False,train
e:\Coding_Notes\Faunari\data\raw\kaggle_india\Snake Images\train\Non Venomous\Common-Ratsnake-Credit_Kevin-Messenger-e1494993731520.jpg,kaggle_india,,non_venomous,,400,400,3389,False,train
e:\Coding_Notes\Faunari\data\raw\kaggle_india\Snake Images\train\Non Venomous\common-sand-boa-gongylophis-conicus-non-venomous-common-BXKTGW.jpg,kaggle_india,,non_venomous,,400,400,3485,False,train
e:\Coding_Notes\Faunari\data\raw\kaggle_india\Snake Images\train\Non Venomous\common-sand-boa-gongylophis-conicus-non-venomous-common-C68YX7.jpg,kaggle_india,,non_venomous,,400,400,3486,False,train
e:\Coding_Notes\Faunari\data\raw\kaggle_india\Snake Images\train\Non Venomous\common-sand-boa-gongylophis-conicus-non-venomous-common-c68yx7_001.jpg,kaggle_india,,non_venomous,,400,400,3487,True,test
e:\Coding_Notes\Faunari\data\raw\kaggle_india\Snake Images\train\Non Venomous\common-sand-boa-gongylophis-conicus-non-venomous-common-c68yy3.jpg,kaggle_india,,non_venomous,,400,400,3488,False,train
e:\Coding_Notes\Faunari\data\raw\kaggle_india\Snake Images\train\Non Venomous\common-sand-boa-gongylophis-conicus-non-venomous-common-C68YY3_001.jpg,kaggle_india,,non_venomous,,400,400,3489,False,train
e:\Coding_Notes\Faunari\data\raw\kaggle_india\Snake Images\train\Non Venomous\common-sand-boa-gongylophis-conicus-non-venomous-common-CC0C30.jpg,kaggle_india,,non_venomous,,400,400,3490,False,train
e:\Coding_Notes\Faunari\data\raw\kaggle_india\Snake Images\train\Non Venomous\common-sand-boa-gongylophis-conicus-non-venomous-common-marol-andheri-b8em6g.jpg,kaggle_india,,non_venomous,,400,400,3491,True,train
e:\Coding_Notes\Faunari\data\raw\kaggle_india\Snake Images\train\Non Venomous\common-sand-boa-gongylophis-conicus-non-venomous-common-marol-andheri-B8EM8G.jpg,kaggle_india,,non_venomous,,400,400,3492,False,train
e:\Coding_Notes\Faunari\data\raw\kaggle_india\Snake Images\train\Non Venomous\common-sand-boa-gongylophis-conicus-non-venomous-kept-in-basket-for-AT2BGJ.jpg,kaggle_india,,non_venomous,,400,400,3493,False,train
e:\Coding_Notes\Faunari\data\raw\kaggle_india\Snake Images\train\Non Venomous\common-sand-boa-mumbai-india-F7NF7T.jpg,kaggle_india,,non_venomous,,400,400,3494,False,train
e:\Coding_Notes\Faunari\data\raw\kaggle_india\Snake Images\train\Non Venomous\Common-Trinket-Snake-300x225.jpg,kaggle_india,,non_venomous,,400,400,3562,True,hardcase
e:\Coding_Notes\Faunari\data\raw\kaggle_india\Snake Images\train\Non Venomous\common-trinket-snake-coelognathus-helena-helena-non-venomous-common-aa2k4m.jpg,kaggle_india,,non_venomous,,400,400,3563,False,train
e:\Coding_Notes\Faunari\data\raw\kaggle_india\Snake Images\train\Non Venomous\common-trinket-snake-coelognathus-helena-helena-non-venomous-common-BY0Y0B.jpg,kaggle_india,,non_venomous,,400,400,3952,True,train
e:\Coding_Notes\Faunari\data\raw\kaggle_india\Snake Images\train\Non Venomous\common-trinket-snake-D4NP90.jpg,kaggle_india,,non_venomous,,400,400,3953,True,train
e:\Coding_Notes\Faunari\data\raw\kaggle_india\Snake Images\train\Non Venomous\common-trinket-snake-elaphe-helena-akfw8a.jpg,kaggle_india,,non_venomous,,400,400,3566,True,train
e:\Coding_Notes\Faunari\data\raw\kaggle_india\Snake Images\train\Non Venomous\common-trinket-snake-elaphe-helena-two-individuals-a3ypkp.jpg,kaggle_india,,non_venomous,,400,400,3567,True,train
e:\Coding_Notes\Faunari\data\raw\kaggle_india\Snake Images\train\Non Venomous\Common_India_Rat_Snake.jpg,kaggle_india,,non_venomous,,400,400,3390,True,hardcase
e:\Coding_Notes\Faunari\data\raw\kaggle_india\Snake Images\train\Non Venomous\Common_Rat_Snake.jpg,kaggle_india,,non_venomous,,400,400,3391,False,train
e:\Coding_Notes\Faunari\data\raw\kaggle_india\Snake Images\train\Non Venomous\Common_Rat_Snake_(Ptyas_mucosa)_µ░┤σ╛ï.jpg,kaggle_india,,non_venomous,,400,400,3392,False,train
e:\Coding_Notes\Faunari\data\raw\kaggle_india\Snake Images\train\Non Venomous\Common_Rat_Snake_(Ptyas_mucosa)_µ░┤σ╛ï10.jpg,kaggle_india,,non_venomous,,400,400,3393,False,train
e:\Coding_Notes\Faunari\data\raw\kaggle_india\Snake Images\train\Non Venomous\Common_Rat_Snake_(Ptyas_mucosa)_µ░┤σ╛ï3.jpg,kaggle_india,,non_venomous,,400,400,3394,False,train
e:\Coding_Notes\Faunari\data\raw\kaggle_india\Snake Images\train\Non Venomous\Common_Rat_Snake_(Ptyas_mucosa)_µ░┤σ╛ï4.jpg,kaggle_india,,non_venomous,,400,400,3395,False,train
e:\Coding_Notes\Faunari\data\raw\kaggle_india\Snake Images\train\Non Venomous\Common_Rat_Snake_(Ptyas_mucosa)_µ░┤σ╛ï6.jpg,kaggle_india,,non_venomous,,400,400,3396,False,train
e:\Coding_Notes\Faunari\data\raw\kaggle_india\Snake Images\train\Non Venomous\Common_Rat_Snake_(Ptyas_mucosa)_µ░┤σ╛ï7.jpg,kaggle_india,,non_venomous,,400,400,3397,False,train
e:\Coding_Notes\Faunari\data\raw\kaggle_india\Snake Images\train\Non Venomous\Common_Rat_Snake_(Ptyas_mucosa)_µ░┤σ╛ï8.jpg,kaggle_india,,non_venomous,,400,400,3398,False,train
e:\Coding_Notes\Faunari\data\raw\kaggle_india\Snake Images\train\Non Venomous\Common_Rat_Snake_(Ptyas_mucosa)_µ░┤σ╛ï9.jpg,kaggle_india,,non_venomous,,400,400,3399,False,test
e:\Coding_Notes\Faunari\data\raw\kaggle_india\Snake Images\train\Non Venomous\Common_Rat_Snake_(Ptyas_mucosa)_µ░┤σ╛ï_(6027287191).jpg,kaggle_india,,non_venomous,,400,400,3400,False,train
e:\Coding_Notes\Faunari\data\raw\kaggle_india\Snake Images\train\Non Venomous\Common_Rat_Snake_(Ptyas_mucosa)_µ░┤σ╛ï_(6027830696).jpg,kaggle_india,,non_venomous,,400,400,3954,True,test
e:\Coding_Notes\Faunari\data\raw\kaggle_india\Snake Images\train\Non Venomous\Common_Rat_Snake_(Ptyas_mucosa)_µ░┤σ╛ï_(6027841570).jpg,kaggle_india,,non_venomous,,400,400,3402,False,train
e:\Coding_Notes\Faunari\data\raw\kaggle_india\Snake Images\train\Non Venomous\common_sand_boa_by_sippyphotography-d68ltcg.jpg,kaggle_india,,non_venomous,,400,400,3495,False,train
e:\Coding_Notes\Faunari\data\raw\kaggle_india\Snake Images\train\Non Venomous\Common_Trinket.jpg,kaggle_india,,non_venomous,,400,400,3955,True,train
e:\Coding_Notes\Faunari\data\raw\kaggle_india\Snake Images\train\Non Venomous\common_trinket_001.jpg,kaggle_india,,non_venomous,,400,400,3569,False,test
e:\Coding_Notes\Faunari\data\raw\kaggle_india\Snake Images\train\Non Venomous\common_trinket_snake_5_foot_long_approx.jpg,kaggle_india,,non_venomous,,400,400,3956,True,val
e:\Coding_Notes\Faunari\data\raw\kaggle_india\Snake Images\train\Non Venomous\Copper-headed Trinket Snake.jpg,kaggle_india,,non_venomous,,400,400,3571,True,train
e:\Coding_Notes\Faunari\data\raw\kaggle_india\Snake Images\train\Non Venomous\copper-headed-trinket-snake-coelognathus-radiatus-efrtgt.jpg,kaggle_india,,non_venomous,,400,400,3572,False,train
e:\Coding_Notes\Faunari\data\raw\kaggle_india\Snake Images\train\Non Venomous\copper-headed-trinket-snake-coelognathus-radiatus-non-venomous-common-BN1WY8.jpg,kaggle_india,,non_venomous,,400,400,3957,True,test
e:\Coding_Notes\Faunari\data\raw\kaggle_india\Snake Images\train\Non Venomous\CxDP8_ZUoAQhwy3.jpg,kaggle_india,,non_venomous,,400,400,3265,False,train
e:\Coding_Notes\Faunari\data\raw\kaggle_india\Snake Images\train\Non Venomous\d2563876349b5563a3d4d98f79f4ea77.jpg,kaggle_india,,non_venomous,,400,400,3958,True,val
e:\Coding_Notes\Faunari\data\raw\kaggle_india\Snake Images\train\Non Venomous\dbc07269d811693c59231e23ed0e404d.jpg,kaggle_india,,non_venomous,,400,400,3595,False,train
e:\Coding_Notes\Faunari\data\raw\kaggle_india\Snake Images\train\Non Venomous\dc-Cover-bh58nkvuepsd83sgu14h9ieqn5-20160609032640.Medi.jpg,kaggle_india,,non_venomous,,400,400,3652,False,train
e:\Coding_Notes\Faunari\data\raw\kaggle_india\Snake Images\train\Non Venomous\dhaman-rat-snake-coluber-mucosus-non-venomous-common-bhimashankar-A0BB66.jpg,kaggle_india,,non_venomous,,400,400,3403,False,train
e:\Coding_Notes\Faunari\data\raw\kaggle_india\Snake Images\train\Non Venomous\DSC00369.JPG,kaggle_india,,non_venomous,,400,400,3959,True,train
e:\Coding_Notes\Faunari\data\raw\kaggle_india\Snake Images\train\Non Venomous\DSC00806.JPG,kaggle_india,,non_venomous,,400,400,3404,True,train
e:\Coding_Notes\Faunari\data\raw\kaggle_india\Snake Images\train\Non Venomous\DSC00813.JPG,kaggle_india,,non_venomous,,400,400,3267,False,train
e:\Coding_Notes\Faunari\data\raw\kaggle_india\Snake Images\train\Non Venomous\DSC01535-Edit0.jpg,kaggle_india,,non_venomous,,400,400,3960,True,train
e:\Coding_Notes\Faunari\data\raw\kaggle_india\Snake Images\train\Non Venomous\DSC4977.jpg,kaggle_india,,non_venomous,,400,400,3268,False,train
e:\Coding_Notes\Faunari\data\raw\kaggle_india\Snake Images\train\Non Venomous\DSCF0265.JPG,kaggle_india,,non_venomous,,400,400,3405,False,train
e:\Coding_Notes\Faunari\data\raw\kaggle_india\Snake Images\train\Non Venomous\DSC_0002r_(2).jpg,kaggle_india,,non_venomous,,400,400,3496,False,train
e:\Coding_Notes\Faunari\data\raw\kaggle_india\Snake Images\train\Non Venomous\dsc_0011.jpg,kaggle_india,,non_venomous,,400,400,3961,True,train
e:\Coding_Notes\Faunari\data\raw\kaggle_india\Snake Images\train\Non Venomous\DSC_0023r.jpg,kaggle_india,,non_venomous,,400,400,3497,False,train
e:\Coding_Notes\Faunari\data\raw\kaggle_india\Snake Images\train\Non Venomous\DSC_3798-1.jpg,kaggle_india,,non_venomous,,400,400,3269,False,train
e:\Coding_Notes\Faunari\data\raw\kaggle_india\Snake Images\train\Non Venomous\dyabayack.jpg,kaggle_india,,non_venomous,,400,400,3270,True,train
e:\Coding_Notes\Faunari\data\raw\kaggle_india\Snake Images\train\Non Venomous\eastern-rat-snake-large.jpg,kaggle_india,,non_venomous,,400,400,3406,False,val
e:\Coding_Notes\Faunari\data\raw\kaggle_india\Snake Images\train\Non Venomous\eastern-ratsnake-striped01.jpg,kaggle_india,,non_venomous,,400,400,3407,False,train
e:\Coding_Notes\Faunari\data\raw\kaggle_india\Snake Images\train\Non Venomous\easternratsnake2.jpg,kaggle_india,,non_venomous,,400,400,3408,False,train
e:\Coding_Notes\Faunari\data\raw\kaggle_india\Snake Images\train\Non Venomous\ec508f46cb681431964d45926a4ade84.jpg,kaggle_india,,non_venomous,,400,400,3596,False,val
e:\Coding_Notes\Faunari\data\raw\kaggle_india\Snake Images\train\Non Venomous\econf.jpg,kaggle_india,,non_venomous,,400,400,3498,True,hardcase
e:\Coding_Notes\Faunari\data\raw\kaggle_india\Snake Images\train\Non Venomous\econmfj.jpg,kaggle_india,,non_venomous,,400,400,3499,True,val
e:\Coding_Notes\Faunari\data\raw\kaggle_india\Snake Images\train\Non Venomous\ejpersic.jpg,kaggle_india,,non_venomous,,400,400,3962,True,val
e:\Coding_Notes\Faunari\data\raw\kaggle_india\Snake Images\train\Non Venomous\emm_m1.jpg,kaggle_india,,non_venomous,,400,400,3501,False,train
e:\Coding_Notes\Faunari\data\raw\kaggle_india\Snake Images\train\Non Venomous\erat4-id.jpg,kaggle_india,,non_venomous,,400,400,3963,True,val
e:\Coding_Notes\Faunari\data\raw\kaggle_india\Snake Images\train\Non Venomous\Eryx conicus.jpg,kaggle_india,,non_venomous,,400,400,3502,True,train
e:\Coding_Notes\Faunari\data\raw\kaggle_india\Snake Images\train\Non Venomous\eryx_jayakari.jpg,kaggle_india,,non_venomous,,400,400,3503,False,train
e:\Coding_Notes\Faunari\data\raw\kaggle_india\Snake Images\train\Non Venomous\Eryx_jayakari_by_Omid_Mozaffari.jpg,kaggle_india,,non_venomous,,400,400,3504,False,train
e:\Coding_Notes\Faunari\data\raw\kaggle_india\Snake Images\train\Non Venomous\etatarf.jpg,kaggle_india,,non_venomous,,400,400,3505,True,test
e:\Coding_Notes\Faunari\data\raw\kaggle_india\Snake Images\train\Non Venomous\etatarm.jpg,kaggle_india,,non_venomous,,400,400,3506,True,train
e:\Coding_Notes\Faunari\data\raw\kaggle_india\Snake Images\train\Non Venomous\Fauna-6.jpg,kaggle_india,,non_venomous,,400,400,3272,False,train
e:\Coding_Notes\Faunari\data\raw\kaggle_india\Snake Images\train\Non Venomous\filename-img-0537-jpg.jpg,kaggle_india,,non_venomous,,400,400,3653,True,val
e:\Coding_Notes\Faunari\data\raw\kaggle_india\Snake Images\train\Non Venomous\free_9287297.jpg,kaggle_india,,non_venomous,,400,400,3410,False,train
e:\Coding_Notes\Faunari\data\raw\kaggle_india\Snake Images\train\Non Venomous\Glorioso _rat2.jpg,kaggle_india,,non_venomous,,400,400,3411,False,train
e:\Coding_Notes\Faunari\data\raw\kaggle_india\Snake Images\train\Non Venomous\gongylophis_conicusl.jpg,kaggle_india,,non_venomous,,400,400,3507,False,test
e:\Coding_Notes\Faunari\data\raw\kaggle_india\Snake Images\train\Non Venomous\gprs.jpg,kaggle_india,,non_venomous,,400,400,3412,True,train
e:\Coding_Notes\Faunari\data\raw\kaggle_india\Snake Images\train\Non Venomous\gray-rat-snake-blending-sugar-sand-33013422.jpg,kaggle_india,,non_venomous,,400,400,3964,True,train
e:\Coding_Notes\Faunari\data\raw\kaggle_india\Snake Images\train\Non Venomous\grayrat2.jpg,kaggle_india,,non_venomous,,400,400,3965,True,train
e:\Coding_Notes\Faunari\data\raw\kaggle_india\Snake Images\train\Non Venomous\grayratsnake461.jpg,kaggle_india,,non_venomous,,400,400,3415,True,val
e:\Coding_Notes\Faunari\data\raw\kaggle_india\Snake Images\train\Non Venomous\Gray_Ratsnake_25.jpg,kaggle_india,,non_venomous,,400,400,3966,True,train
e:\Coding_Notes\Faunari\data\raw\kaggle_india\Snake Images\train\Non Venomous\great-plains-rat-snake-04.jpg,kaggle_india,,non_venomous,,400,400,3417,True,val
e:\Coding_Notes\Faunari\data\raw\kaggle_india\Snake Images\train\Non Venomous\great-plains-rat-snake-pantherophis-emoryi-21065207.jpg,kaggle_india,,non_venomous,,400,400,3418,False,train
e:\Coding_Notes\Faunari\data\raw\kaggle_india\Snake Images\train\Non Venomous\great-plains-rat-snake.jpg,kaggle_india,,non_venomous,,400,400,3967,True,train
e:\Coding_Notes\Faunari\data\raw\kaggle_india\Snake Images\train\Non Venomous\greatplainsratsnake.jpg,kaggle_india,,non_venomous,,400,400,3420,False,train
e:\Coding_Notes\Faunari\data\raw\kaggle_india\Snake Images\train\Non Venomous\GreenVineSnakeSinharajaGR.jpg,kaggle_india,,non_venomous,,400,400,3968,True,train
e:\Coding_Notes\Faunari\data\raw\kaggle_india\Snake Images\train\Non Venomous\GulfHammockRat_female1_web.jpg,kaggle_india,,non_venomous,,400,400,3421,False,train
e:\Coding_Notes\Faunari\data\raw\kaggle_india\Snake Images\train\Non Venomous\habaraliya.jpg,kaggle_india,,non_venomous,,400,400,3577,False,train
e:\Coding_Notes\Faunari\data\raw\kaggle_india\Snake Images\train\Non Venomous\hans-indo-chinese-rat-snake-young.jpg,kaggle_india,,non_venomous,,400,400,3422,False,train
e:\Coding_Notes\Faunari\data\raw\kaggle_india\Snake Images\train\Non Venomous\hans-indo-chinese-rat-snake.jpg,kaggle_india,,non_venomous,,400,400,3423,False,val
e:\Coding_Notes\Faunari\data\raw\kaggle_india\Snake Images\train\Non Venomous\hans-oriental-rat-snake-head.jpg,kaggle_india,,non_venomous,,400,400,3424,False,train
e:\Coding_Notes\Faunari\data\raw\kaggle_india\Snake Images\train\Non Venomous\hqdefault (2).jpg,kaggle_india,,non_venomous,,400,400,3654,False,train
e:\Coding_Notes\Faunari\data\raw\kaggle_india\Snake Images\train\Non Venomous\hqdefault.jpg,kaggle_india,,non_venomous,,400,400,3273,False,val
e:\Coding_Notes\Faunari\data\raw\kaggle_india\Snake Images\train\Non Venomous\hqdefault_002.jpg,kaggle_india,,non_venomous,,400,400,3655,False,test
e:\Coding_Notes\Faunari\data\raw\kaggle_india\Snake Images\train\Non Venomous\hqdefault_004.jpg,kaggle_india,,non_venomous,,400,400,3969,True,test
e:\Coding_Notes\Faunari\data\raw\kaggle_india\Snake Images\train\Non Venomous\hqdefault_005.jpg,kaggle_india,,non_venomous,,400,400,3970,True,val
e:\Coding_Notes\Faunari\data\raw\kaggle_india\Snake Images\train\Non Venomous\hqdefault_006.jpg,kaggle_india,,non_venomous,,400,400,3657,False,val
e:\Coding_Notes\Faunari\data\raw\kaggle_india\Snake Images\train\Non Venomous\hqdefault_007 (2).jpg,kaggle_india,,non_venomous,,400,400,3658,False,train
e:\Coding_Notes\Faunari\data\raw\kaggle_india\Snake Images\train\Non Venomous\hqdefault_007.jpg,kaggle_india,,non_venomous,,400,400,3276,False,train
e:\Coding_Notes\Faunari\data\raw\kaggle_india\Snake Images\train\Non Venomous\ika-60455-reptiles-snake-eating-mouse-common-sand-boa-eryx-conicus-bfnr2f.jpg,kaggle_india,,non_venomous,,400,400,3509,False,train
e:\Coding_Notes\Faunari\data\raw\kaggle_india\Snake Images\train\Non Venomous\Image003.jpg,kaggle_india,,non_venomous,,400,400,3659,True,train
e:\Coding_Notes\Faunari\data\raw\kaggle_india\Snake Images\train\Non Venomous\Image010.jpg,kaggle_india,,non_venomous,,400,400,3660,True,train
e:\Coding_Notes\Faunari\data\raw\kaggle_india\Snake Images\train\Non Venomous\image[1].jpg,kaggle_india,,non_venomous,,400,400,3661,False,train
e:\Coding_Notes\Faunari\data\raw\kaggle_india\Snake Images\train\Non Venomous\img2.jpg,kaggle_india,,non_venomous,,400,400,3971,True,train
e:\Coding_Notes\Faunari\data\raw\kaggle_india\Snake Images\train\Non Venomous\img58.jpg,kaggle_india,,non_venomous,,400,400,3662,False,train
e:\Coding_Notes\Faunari\data\raw\kaggle_india\Snake Images\train\Non Venomous\img8.jpg,kaggle_india,,non_venomous,,400,400,3578,False,val
e:\Coding_Notes\Faunari\data\raw\kaggle_india\Snake Images\train\Non Venomous\IMG_0001 (1).JPG,kaggle_india,,non_venomous,,400,400,3972,True,train
e:\Coding_Notes\Faunari\data\raw\kaggle_india\Snake Images\train\Non Venomous\IMG_0023.jpg,kaggle_india,,non_venomous,,400,400,3580,False,train
e:\Coding_Notes\Faunari\data\raw\kaggle_india\Snake Images\train\Non Venomous\IMG_0057.jpg,kaggle_india,,non_venomous,,400,400,3663,False,train
e:\Coding_Notes\Faunari\data\raw\kaggle_india\Snake Images\train\Non Venomous\img_0498.jpg,kaggle_india,,non_venomous,,400,400,3277,False,train
e:\Coding_Notes\Faunari\data\raw\kaggle_india\Snake Images\train\Non Venomous\img_0563-copy.jpg,kaggle_india,,non_venomous,,400,400,3278,False,train
e:\Coding_Notes\Faunari\data\raw\kaggle_india\Snake Images\train\Non Venomous\IMG_0860 copy.jpg,kaggle_india,,non_venomous,,400,400,3511,False,train
e:\Coding_Notes\Faunari\data\raw\kaggle_india\Snake Images\train\Non Venomous\img_2194.jpg,kaggle_india,,non_venomous,,400,400,3973,True,train
e:\Coding_Notes\Faunari\data\raw\kaggle_india\Snake Images\train\Non Venomous\img_2570-001.jpg,kaggle_india,,non_venomous,,400,400,3279,False,train
e:\Coding_Notes\Faunari\data\raw\kaggle_india\Snake Images\train\Non Venomous\img_4608.jpg,kaggle_india,,non_venomous,,400,400,3974,True,train
e:\Coding_Notes\Faunari\data\raw\kaggle_india\Snake Images\train\Non Venomous\IMG_4798.JPG,kaggle_india,,non_venomous,,400,400,3280,True,hardcase
e:\Coding_Notes\Faunari\data\raw\kaggle_india\Snake Images\train\Non Venomous\IMG_5300.JPG,kaggle_india,,non_venomous,,400,400,3281,False,train
e:\Coding_Notes\Faunari\data\raw\kaggle_india\Snake Images\train\Non Venomous\img_5554.jpg,kaggle_india,,non_venomous,,400,400,3282,False,test
e:\Coding_Notes\Faunari\data\raw\kaggle_india\Snake Images\train\Non Venomous\img_6516.jpg,kaggle_india,,non_venomous,,400,400,3283,False,val
e:\Coding_Notes\Faunari\data\raw\kaggle_india\Snake Images\train\Non Venomous\IMG_7087.JPG,kaggle_india,,non_venomous,,400,400,3284,False,val
e:\Coding_Notes\Faunari\data\raw\kaggle_india\Snake Images\train\Non Venomous\img_7098.jpg,kaggle_india,,non_venomous,,400,400,3285,False,train
e:\Coding_Notes\Faunari\data\raw\kaggle_india\Snake Images\train\Non Venomous\IMG_7256-2.jpg,kaggle_india,,non_venomous,,400,400,3975,True,train
e:\Coding_Notes\Faunari\data\raw\kaggle_india\Snake Images\train\Non Venomous\Indian rock python imprisoned in Gujarat after it swallows blue bull.jpg,kaggle_india,,non_venomous,,400,400,3664,False,train
e:\Coding_Notes\Faunari\data\raw\kaggle_india\Snake Images\train\Non Venomous\Indian Rock Python.jpg,kaggle_india,,non_venomous,,400,400,3665,True,train
e:\Coding_Notes\Faunari\data\raw\kaggle_india\Snake Images\train\Non Venomous\Indian Rock Python.preview.jpg,kaggle_india,,non_venomous,,400,400,3666,False,train
e:\Coding_Notes\Faunari\data\raw\kaggle_india\Snake Images\train\Non Venomous\Indian Rock Python_001.jpg,kaggle_india,,non_venomous,,400,400,3667,True,hardcase
e:\Coding_Notes\Faunari\data\raw\kaggle_india\Snake Images\train\Non Venomous\indian-python-python-molurus-adult-on-rock-gdcc2f.jpg,kaggle_india,,non_venomous,,400,400,3668,True,val
e:\Coding_Notes\Faunari\data\raw\kaggle_india\Snake Images\train\Non Venomous\indian-rat-snake-ptyas-mucosa-rolled-up-on-a-root-sri-lanka-sinharaja-EBNR90.jpg,kaggle_india,,non_venomous,,400,400,3976,True,train
e:\Coding_Notes\Faunari\data\raw\kaggle_india\Snake Images\train\Non Venomous\Indian-Rat-Snake.jpg,kaggle_india,,non_venomous,,400,400,3427,True,test
e:\Coding_Notes\Faunari\data\raw\kaggle_india\Snake Images\train\Non Venomous\indian-rock-python-10073419.jpg,kaggle_india,,non_venomous,,400,400,3669,False,train
e:\Coding_Notes\Faunari\data\raw\kaggle_india\Snake Images\train\Non Venomous\Indian-Rock-Python-9884.jpg,kaggle_india,,non_venomous,,400,400,3670,True,val
e:\Coding_Notes\Faunari\data\raw\kaggle_india\Snake Images\train\Non Venomous\indian-rock-python-BINNS-IMG_9026-copy.jpg,kaggle_india,,non_venomous,,400,400,3671,False,val
e:\Coding_Notes\Faunari\data\raw\kaggle_india\Snake Images\train\Non Venomous\Indian-Rock-Python-by-Keih-Valentine.jpg,kaggle_india,,non_venomous,,400,400,3672,False,test
e:\Coding_Notes\Faunari\data\raw\kaggle_india\Snake Images\train\Non Venomous\indian-rock-python-closeup-canon-d-f-iso-mmnnindian-sighted-forest-floor-western-ghats-india-n-47751635.jpg,kaggle_india,,non_venomous,,400,400,3673,False,train
e:\Coding_Notes\Faunari\data\raw\kaggle_india\Snake Images\train\Non Venomous\indian-rock-python-habitat-canon-d-f-iso-mmnnindian-sighted-forest-floor-western-ghats-india-n-47751466.jpg,kaggle_india,,non_venomous,,400,400,3674,False,val
e:\Coding_Notes\Faunari\data\raw\kaggle_india\Snake Images\train\Non Venomous\indian-rock-python-in-ranthambhore-tiger-reserve-en8p6y.jpg,kaggle_india,,non_venomous,,400,400,3675,False,train
e:\Coding_Notes\Faunari\data\raw\kaggle_india\Snake Images\train\Non Venomous\indian-rock-python-in-ranthambhore-tiger-reserve-en8p71.jpg,kaggle_india,,non_venomous,,400,400,3676,False,test
e:\Coding_Notes\Faunari\data\raw\kaggle_india\Snake Images\train\Non Venomous\indian-rock-python-in-western-ghats-awd4p9.jpg,kaggle_india,,non_venomous,,400,400,3677,True,test
e:\Coding_Notes\Faunari\data\raw\kaggle_india\Snake Images\train\Non Venomous\indian-rock-python-in-western-ghats-awd4pc.jpg,kaggle_india,,non_venomous,,400,400,3678,True,val
e:\Coding_Notes\Faunari\data\raw\kaggle_india\Snake Images\train\Non Venomous\indian-rock-python-in-western-ghats-AWD4PE.jpg,kaggle_india,,non_venomous,,400,400,3679,False,train
e:\Coding_Notes\Faunari\data\raw\kaggle_india\Snake Images\train\Non Venomous\indian-rock-python-in-western-ghats-AWD4T0.jpg,kaggle_india,,non_venomous,,400,400,3681,False,train
e:\Coding_Notes\Faunari\data\raw\kaggle_india\Snake Images\train\Non Venomous\indian-rock-python-in-western-ghats-awd4t4.jpg,kaggle_india,,non_venomous,,400,400,3682,True,train
e:\Coding_Notes\Faunari\data\raw\kaggle_india\Snake Images\train\Non Venomous\Indian-Rock-Python-Langur-kill-1.jpg,kaggle_india,,non_venomous,,400,400,3683,False,train
e:\Coding_Notes\Faunari\data\raw\kaggle_india\Snake Images\train\Non Venomous\Indian-Rock-Python-Langur-kill-2.jpg,kaggle_india,,non_venomous,,400,400,3684,False,train
e:\Coding_Notes\Faunari\data\raw\kaggle_india\Snake Images\train\Non Venomous\Indian-Rock-Python-Langur-kill-3.jpg,kaggle_india,,non_venomous,,400,400,3685,False,train
e:\Coding_Notes\Faunari\data\raw\kaggle_india\Snake Images\train\Non Venomous\Indian-Rock-Python-Langur-kill-4.jpg,kaggle_india,,non_venomous,,400,400,3686,False,train
e:\Coding_Notes\Faunari\data\raw\kaggle_india\Snake Images\train\Non Venomous\Indian-Rock-Python-Langur-kill-5.jpg,kaggle_india,,non_venomous,,400,400,3687,False,val
e:\Coding_Notes\Faunari\data\raw\kaggle_india\Snake Images\train\Non Venomous\indian-rock-python-on-the-road--nagarhole.jpg,kaggle_india,,non_venomous,,400,400,3977,True,val
e:\Coding_Notes\Faunari\data\raw\kaggle_india\Snake Images\train\Non Venomous\indian-rock-python-or-indian-python-python-molurus-in-ranthambhore-FXYGTF.jpg,kaggle_india,,non_venomous,,400,400,3689,False,train
e:\Coding_Notes\Faunari\data\raw\kaggle_india\Snake Images\train\Non Venomous\indian-rock-python-python-molurus-aarey-milk-colony-india-J21E53.jpg,kaggle_india,,non_venomous,,400,400,3690,False,train
e:\Coding_Notes\Faunari\data\raw\kaggle_india\Snake Images\train\Non Venomous\indian-rock-python-python-molurus-aarey-milk-colony-india-j21e53_001.jpg,kaggle_india,,non_venomous,,400,400,3691,True,train
e:\Coding_Notes\Faunari\data\raw\kaggle_india\Snake Images\train\Non Venomous\indian-rock-python-python-molurus-aka-indian-python-rock-python-black-F2JD6R.jpg,kaggle_india,,non_venomous,,400,400,3978,True,train
e:\Coding_Notes\Faunari\data\raw\kaggle_india\Snake Images\train\Non Venomous\indian-rock-python-python-molurus-barnawapara-wls-chhattisgarh-hnwtn1.jpg,kaggle_india,,non_venomous,,400,400,3693,True,val
e:\Coding_Notes\Faunari\data\raw\kaggle_india\Snake Images\train\Non Venomous\indian-rock-python-python-molurus-molurus-from-maharashtra-india-H9ET4W.jpg,kaggle_india,,non_venomous,,400,400,3694,False,train
e:\Coding_Notes\Faunari\data\raw\kaggle_india\Snake Images\train\Non Venomous\indian-rock-python-python-molurus-molurus-non-venomous-rare-C691AR.jpg,kaggle_india,,non_venomous,,400,400,3979,True,train
e:\Coding_Notes\Faunari\data\raw\kaggle_india\Snake Images\train\Non Venomous\indian-rock-python-python-molurus-molurus-non-venomous-rare-called-B325DN.jpg,kaggle_india,,non_venomous,,400,400,3980,True,test
e:\Coding_Notes\Faunari\data\raw\kaggle_india\Snake Images\train\Non Venomous\indian-rock-python-python-molurus-molurus-non-venomous-rare-called-B325FG.jpg,kaggle_india,,non_venomous,,400,400,3981,True,train
e:\Coding_Notes\Faunari\data\raw\kaggle_india\Snake Images\train\Non Venomous\indian-rock-python-python-molurus-molurus-non-venomous-rare-kanha-BN1N7E.jpg,kaggle_india,,non_venomous,,400,400,3982,True,train
e:\Coding_Notes\Faunari\data\raw\kaggle_india\Snake Images\train\Non Venomous\indian-rock-python-python-molurus-molurus-non-venomous-rare-katraj-A0BD86.jpg,kaggle_india,,non_venomous,,400,400,3699,False,train
e:\Coding_Notes\Faunari\data\raw\kaggle_india\Snake Images\train\Non Venomous\indian-rock-python-python-molurus-molurus-non-venomous-rare-panvel-B8718K.jpg,kaggle_india,,non_venomous,,400,400,3700,False,train
e:\Coding_Notes\Faunari\data\raw\kaggle_india\Snake Images\train\Non Venomous\indian-rock-python-with-a-full-belly-in-a-stream-in-ranthambhore-tiger-D2H4CR.jpg,kaggle_india,,non_venomous,,400,400,3701,False,train
e:\Coding_Notes\Faunari\data\raw\kaggle_india\Snake Images\train\Non Venomous\Indian-Rock-Python.jpg,kaggle_india,,non_venomous,,400,400,3702,False,train
e:\Coding_Notes\Faunari\data\raw\kaggle_india\Snake Images\train\Non Venomous\Indian-Rock-Python_001.jpg,kaggle_india,,non_venomous,,400,400,3703,False,train
e:\Coding_Notes\Faunari\data\raw\kaggle_india\Snake Images\train\Non Venomous\indian-rock-python_002.jpg,kaggle_india,,non_venomous,,400,400,3704,False,train
e:\Coding_Notes\Faunari\data\raw\kaggle_india\Snake Images\train\Non Venomous\indian-rock-python_003.jpg,kaggle_india,,non_venomous,,400,400,3705,False,train
e:\Coding_Notes\Faunari\data\raw\kaggle_india\Snake Images\train\Non Venomous\indian-rock-python_1030440_DH.jpg,kaggle_india,,non_venomous,,400,400,3706,False,val
e:\Coding_Notes\Faunari\data\raw\kaggle_india\Snake Images\train\Non Venomous\indianratsnake.jpg,kaggle_india,,non_venomous,,400,400,3983,True,val
e:\Coding_Notes\Faunari\data\raw\kaggle_india\Snake Images\train\Non Venomous\indianrockpython_001.jpg,kaggle_india,,non_venomous,,400,400,3708,False,val
e:\Coding_Notes\Faunari\data\raw\kaggle_india\Snake Images\train\Non Venomous\indian_python_2011.jpg,kaggle_india,,non_venomous,,400,400,3709,False,train
e:\Coding_Notes\Faunari\data\raw\kaggle_india\Snake Images\train\Non Venomous\indian_rockey_python.jpg,kaggle_india,,non_venomous,,400,400,3710,False,train
e:\Coding_Notes\Faunari\data\raw\kaggle_india\Snake Images\train\Non Venomous\Indian_rock_python.jpg,kaggle_india,,non_venomous,,400,400,3711,False,train
e:\Coding_Notes\Faunari\data\raw\kaggle_india\Snake Images\train\Non Venomous\Indian_rock_python_(Python_molurus)_at_mysore_zoo.jpg,kaggle_india,,non_venomous,,400,400,3712,False,train
e:\Coding_Notes\Faunari\data\raw\kaggle_india\Snake Images\train\Non Venomous\Indian_Rock_Python_(_P_molurus)_rolled_up_into_a_ball.JPG,kaggle_india,,non_venomous,,400,400,3713,False,train
e:\Coding_Notes\Faunari\data\raw\kaggle_india\Snake Images\train\Non Venomous\Indian_rock_python_from_Nehru_Zoological_park_Hyderabad_4428.JPG,kaggle_india,,non_venomous,,400,400,3714,False,train
e:\Coding_Notes\Faunari\data\raw\kaggle_india\Snake Images\train\Non Venomous\Indian_rock_python_from_Nehru_Zoological_park_Hyderabad_4430.JPG,kaggle_india,,non_venomous,,400,400,3715,False,test
e:\Coding_Notes\Faunari\data\raw\kaggle_india\Snake Images\train\Non Venomous\Indian_rock_python_pratik_dahod.JPG,kaggle_india,,non_venomous,,400,400,3984,True,test
e:\Coding_Notes\Faunari\data\raw\kaggle_india\Snake Images\train\Non Venomous\indian_rock_python_pt4_by_sameerprehistorica-d5tsv6y.jpg,kaggle_india,,non_venomous,,400,400,3717,False,test
e:\Coding_Notes\Faunari\data\raw\kaggle_india\Snake Images\train\Non Venomous\indo-chinese-rat-snake-ptyas-coluber-korros-adult-from-papum-pare-h9et4j.jpg,kaggle_india,,non_venomous,,400,400,3429,True,test
e:\Coding_Notes\Faunari\data\raw\kaggle_india\Snake Images\train\Non Venomous\indo-chinese-rat-snake-ptyas-korros-gdcca8.jpg,kaggle_india,,non_venomous,,400,400,3430,True,val
e:\Coding_Notes\Faunari\data\raw\kaggle_india\Snake Images\train\Non Venomous\indo-chinese-rat-snake-ptyas-korros-non-venomous-common-arunachal-A0BB61.jpg,kaggle_india,,non_venomous,,400,400,3985,True,test
e:\Coding_Notes\Faunari\data\raw\kaggle_india\Snake Images\train\Non Venomous\indo-chinese-rat-snake_3012.jpg,kaggle_india,,non_venomous,,400,400,3432,True,train
e:\Coding_Notes\Faunari\data\raw\kaggle_india\Snake Images\train\Non Venomous\indochinese-rat-snake-grey.jpg,kaggle_india,,non_venomous,,400,400,3433,True,train
e:\Coding_Notes\Faunari\data\raw\kaggle_india\Snake Images\train\Non Venomous\indochinese-rat-snake-grey2.jpg,kaggle_india,,non_venomous,,400,400,3434,True,train
e:\Coding_Notes\Faunari\data\raw\kaggle_india\Snake Images\train\Non Venomous\indochinese-rat-snake-nick-baker-malaysia.jpg,kaggle_india,,non_venomous,,400,400,3986,True,test
e:\Coding_Notes\Faunari\data\raw\kaggle_india\Snake Images\train\Non Venomous\indochinese-rat-snake3-brown.jpg,kaggle_india,,non_venomous,,400,400,3436,True,train
e:\Coding_Notes\Faunari\data\raw\kaggle_india\Snake Images\train\Non Venomous\indpython1l.jpg,kaggle_india,,non_venomous,,400,400,3718,False,val
e:\Coding_Notes\Faunari\data\raw\kaggle_india\Snake Images\train\Non Venomous\indpython2l.jpg,kaggle_india,,non_venomous,,400,400,3719,False,train
e:\Coding_Notes\Faunari\data\raw\kaggle_india\Snake Images\train\Non Venomous\Javelin-sand-boa-dorsal-view.jpg,kaggle_india,,non_venomous,,400,400,3513,False,train
e:\Coding_Notes\Faunari\data\raw\kaggle_india\Snake Images\train\Non Venomous\javelin-sand-boa.jpg,kaggle_india,,non_venomous,,400,400,3514,False,train
e:\Coding_Notes\Faunari\data\raw\kaggle_india\Snake Images\train\Non Venomous\Juvenile_Indian_Rock_Python_(_P_molurus)_in_a_pensive_moment.JPG,kaggle_india,,non_venomous,,400,400,3720,False,test
e:\Coding_Notes\Faunari\data\raw\kaggle_india\Snake Images\train\Non Venomous\Juvenilke_Indian_Rock_Python_(_P_molurus)_in_my_palm.JPG,kaggle_india,,non_venomous,,400,400,3721,False,val
e:\Coding_Notes\Faunari\data\raw\kaggle_india\Snake Images\train\Non Venomous\kaa.jpg,kaggle_india,,non_venomous,,400,400,3722,False,test
e:\Coding_Notes\Faunari\data\raw\kaggle_india\Snake Images\train\Non Venomous\keelback1.jpg,kaggle_india,,non_venomous,,400,400,3286,False,train
e:\Coding_Notes\Faunari\data\raw\kaggle_india\Snake Images\train\Non Venomous\keelback_fish (5)_s.jpg,kaggle_india,,non_venomous,,400,400,3287,False,train
e:\Coding_Notes\Faunari\data\raw\kaggle_india\Snake Images\train\Non Venomous\kenyan-sand-boa-burrowing.jpg,kaggle_india,,non_venomous,,400,400,3515,False,train
e:\Coding_Notes\Faunari\data\raw\kaggle_india\Snake Images\train\Non Venomous\kenyan-sand-boa-subspecies-loveridgei.jpg,kaggle_india,,non_venomous,,400,400,3987,True,val
e:\Coding_Notes\Faunari\data\raw\kaggle_india\Snake Images\train\Non Venomous\kenyan-sand-boa-subspecies-loveridgei_001.jpg,kaggle_india,,non_venomous,,400,400,3517,False,train
e:\Coding_Notes\Faunari\data\raw\kaggle_india\Snake Images\train\Non Venomous\kenyan-sand-boa.jpg,kaggle_india,,non_venomous,,400,400,3518,True,train
e:\Coding_Notes\Faunari\data\raw\kaggle_india\Snake Images\train\Non Venomous\kenyan.jpg,kaggle_india,,non_venomous,,400,400,3519,True,train
e:\Coding_Notes\Faunari\data\raw\kaggle_india\Snake Images\train\Non Venomous\Keoladeo 1587 Indian rock python.JPG,kaggle_india,,non_venomous,,400,400,3723,False,train
e:\Coding_Notes\Faunari\data\raw\kaggle_india\Snake Images\train\Non Venomous\kevin-messenger-hong-kong-ptyas-mucosus.jpg,kaggle_india,,non_venomous,,400,400,3437,False,train
e:\Coding_Notes\Faunari\data\raw\kaggle_india\Snake Images\train\Non Venomous\King-ratsnake.jpg,kaggle_india,,non_venomous,,400,400,3988,True,train
e:\Coding_Notes\Faunari\data\raw\kaggle_india\Snake Images\train\Non Venomous\long-nosed-tree-snake-green-vine-snake-long-nosed-whip-snake-or-asian-FFHA8W.jpg,kaggle_india,,non_venomous,,400,400,3989,True,train
e:\Coding_Notes\Faunari\data\raw\kaggle_india\Snake Images\train\Non Venomous\maa-60451-reptiles-python-indian-rock-python-molurus-snake-on-tree-BFNR5E.jpg,kaggle_india,,non_venomous,,400,400,3990,True,train
e:\Coding_Notes\Faunari\data\raw\kaggle_india\Snake Images\train\Non Venomous\march-3-2016-long-nosed-tree-snake-green-vine-snake-long-nosed-whip-FFHC11.jpg,kaggle_india,,non_venomous,,400,400,3991,True,test
e:\Coding_Notes\Faunari\data\raw\kaggle_india\Snake Images\train\Non Venomous\maryland-black-rat-snake-2.jpg,kaggle_india,,non_venomous,,400,400,3992,True,test
e:\Coding_Notes\Faunari\data\raw\kaggle_india\Snake Images\train\Non Venomous\maxresdefault (2).jpg,kaggle_india,,non_venomous,,400,400,3440,False,val
e:\Coding_Notes\Faunari\data\raw\kaggle_india\Snake Images\train\Non Venomous\maxresdefault (3).jpg,kaggle_india,,non_venomous,,400,400,3725,False,train
e:\Coding_Notes\Faunari\data\raw\kaggle_india\Snake Images\train\Non Venomous\maxresdefault.jpg,kaggle_india,,non_venomous,,400,400,3440,False,val
e:\Coding_Notes\Faunari\data\raw\kaggle_india\Snake Images\train\Non Venomous\maxresdefault_001 (2).jpg,kaggle_india,,non_venomous,,400,400,3726,False,train
e:\Coding_Notes\Faunari\data\raw\kaggle_india\Snake Images\train\Non Venomous\maxresdefault_001.jpg,kaggle_india,,non_venomous,,400,400,3993,True,train
e:\Coding_Notes\Faunari\data\raw\kaggle_india\Snake Images\train\Non Venomous\maxresdefault_002.jpg,kaggle_india,,non_venomous,,400,400,3727,False,train
e:\Coding_Notes\Faunari\data\raw\kaggle_india\Snake Images\train\Non Venomous\maxresdefault_003 (2).jpg,kaggle_india,,non_venomous,,400,400,3728,False,train
e:\Coding_Notes\Faunari\data\raw\kaggle_india\Snake Images\train\Non Venomous\maxresdefault_003.jpg,kaggle_india,,non_venomous,,400,400,3289,False,train
e:\Coding_Notes\Faunari\data\raw\kaggle_india\Snake Images\train\Non Venomous\maxresdefault_004 (2).jpg,kaggle_india,,non_venomous,,400,400,3729,False,train
e:\Coding_Notes\Faunari\data\raw\kaggle_india\Snake Images\train\Non Venomous\maxresdefault_004.jpg,kaggle_india,,non_venomous,,400,400,3290,False,test
e:\Coding_Notes\Faunari\data\raw\kaggle_india\Snake Images\train\Non Venomous\maxresdefault_006.jpg,kaggle_india,,non_venomous,,400,400,3730,False,val
e:\Coding_Notes\Faunari\data\raw\kaggle_india\Snake Images\train\Non Venomous\maxresdefault_007.jpg,kaggle_india,,non_venomous,,400,400,3731,False,train
e:\Coding_Notes\Faunari\data\raw\kaggle_india\Snake Images\train\Non Venomous\maxresdefault_008.jpg,kaggle_india,,non_venomous,,400,400,3732,False,train
e:\Coding_Notes\Faunari\data\raw\kaggle_india\Snake Images\train\Non Venomous\maxresdefault_009.jpg,kaggle_india,,non_venomous,,400,400,3292,False,train
e:\Coding_Notes\Faunari\data\raw\kaggle_india\Snake Images\train\Non Venomous\maxresdefault_010.jpg,kaggle_india,,non_venomous,,400,400,3733,False,test
e:\Coding_Notes\Faunari\data\raw\kaggle_india\Snake Images\train\Non Venomous\maxresdefault_011.jpg,kaggle_india,,non_venomous,,400,400,3293,False,train
e:\Coding_Notes\Faunari\data\raw\kaggle_india\Snake Images\train\Non Venomous\montane-trinket-snake-coelognathus-helena-monticollaris-non-venomous-a23fcd.jpg,kaggle_india,,non_venomous,,400,400,3582,False,test
e:\Coding_Notes\Faunari\data\raw\kaggle_india\Snake Images\train\Non Venomous\montane-trinket-snake-coelognathus-helena-monticollaris-non-venomous-AX0CWP.jpg,kaggle_india,,non_venomous,,400,400,3583,False,train
e:\Coding_Notes\Faunari\data\raw\kaggle_india\Snake Images\train\Non Venomous\orthriophis-taeniurus-striped-racer-striped-trinket-snake-non-venomous-H9EPPH.jpg,kaggle_india,,non_venomous,,400,400,3584,False,val
e:\Coding_Notes\Faunari\data\raw\kaggle_india\Snake Images\train\Non Venomous\p12.jpg,kaggle_india,,non_venomous,,400,400,3734,False,train
e:\Coding_Notes\Faunari\data\raw\kaggle_india\Snake Images\train\Non Venomous\Pantherophis alleghaniensis b WOM WMA 3 April 2010 Pittsylvania Co 537.jpg,kaggle_india,,non_venomous,,400,400,3442,False,train
e:\Coding_Notes\Faunari\data\raw\kaggle_india\Snake Images\train\Non Venomous\Photo-0187.jpg,kaggle_india,,non_venomous,,400,400,3520,False,test
e:\Coding_Notes\Faunari\data\raw\kaggle_india\Snake Images\train\Non Venomous\pmolurus209.jpg,kaggle_india,,non_venomous,,400,400,3735,False,test
e:\Coding_Notes\Faunari\data\raw\kaggle_india\Snake Images\train\Non Venomous\pmolurus2092.jpg,kaggle_india,,non_venomous,,400,400,3736,False,test
e:\Coding_Notes\Faunari\data\raw\kaggle_india\Snake Images\train\Non Venomous\Pratik_jain_dahod_python.JPG,kaggle_india,,non_venomous,,400,400,3737,False,train
e:\Coding_Notes\Faunari\data\raw\kaggle_india\Snake Images\train\Non Venomous\ptyas-carinatus-keeled-rat-snake9.jpg,kaggle_india,,non_venomous,,400,400,3443,True,train
e:\Coding_Notes\Faunari\data\raw\kaggle_india\Snake Images\train\Non Venomous\Ptyas-korros-Krabi.jpg,kaggle_india,,non_venomous,,400,400,3444,False,val
e:\Coding_Notes\Faunari\data\raw\kaggle_india\Snake Images\train\Non Venomous\ptyas.jpg,kaggle_india,,non_venomous,,400,400,3445,False,val
e:\Coding_Notes\Faunari\data\raw\kaggle_india\Snake Images\train\Non Venomous\Ptyas_mucosus_03.JPG,kaggle_india,,non_venomous,,400,400,3446,False,test
e:\Coding_Notes\Faunari\data\raw\kaggle_india\Snake Images\train\Non Venomous\Ptyas_mucosus_05.JPG,kaggle_india,,non_venomous,,400,400,3448,False,val
e:\Coding_Notes\Faunari\data\raw\kaggle_india\Snake Images\train\Non Venomous\Pytas-mucosus-Bob-Burgess-permissioned.jpg,kaggle_india,,non_venomous,,400,400,3449,False,test
e:\Coding_Notes\Faunari\data\raw\kaggle_india\Snake Images\train\Non Venomous\Python  molurus2.jpg,kaggle_india,,non_venomous,,400,400,3738,False,train
e:\Coding_Notes\Faunari\data\raw\kaggle_india\Snake Images\train\Non Venomous\Python  molurus3.jpg,kaggle_india,,non_venomous,,400,400,3739,False,train
e:\Coding_Notes\Faunari\data\raw\kaggle_india\Snake Images\train\Non Venomous\Python  molurus4.jpg,kaggle_india,,non_venomous,,400,400,3994,True,train
e:\Coding_Notes\Faunari\data\raw\kaggle_india\Snake Images\train\Non Venomous\python-generic_650x400_81472483726.jpg,kaggle_india,,non_venomous,,400,400,3741,False,train
e:\Coding_Notes\Faunari\data\raw\kaggle_india\Snake Images\train\Non Venomous\python10l.jpg,kaggle_india,,non_venomous,,400,400,3743,False,train
e:\Coding_Notes\Faunari\data\raw\kaggle_india\Snake Images\train\Non Venomous\python_big_12.jpg,kaggle_india,,non_venomous,,400,400,3744,False,train
e:\Coding_Notes\Faunari\data\raw\kaggle_india\Snake Images\train\Non Venomous\python_molurus_1.jpg,kaggle_india,,non_venomous,,400,400,3745,False,train
e:\Coding_Notes\Faunari\data\raw\kaggle_india\Snake Images\train\Non Venomous\rat snake.jpg,kaggle_india,,non_venomous,,400,400,3464,False,test
e:\Coding_Notes\Faunari\data\raw\kaggle_india\Snake Images\train\Non Venomous\ratsnake.jpg,kaggle_india,,non_venomous,,400,400,3451,False,test
e:\Coding_Notes\Faunari\data\raw\kaggle_india\Snake Images\train\Non Venomous\ratsnake3.jpg,kaggle_india,,non_venomous,,400,400,3452,True,train
e:\Coding_Notes\Faunari\data\raw\kaggle_india\Snake Images\train\Non Venomous\ratsnake4734.jpg,kaggle_india,,non_venomous,,400,400,3453,True,train
e:\Coding_Notes\Faunari\data\raw\kaggle_india\Snake Images\train\Non Venomous\rat_8jul07_1a.jpg,kaggle_india,,non_venomous,,400,400,3454,False,train
e:\Coding_Notes\Faunari\data\raw\kaggle_india\Snake Images\train\Non Venomous\Rat_snake.jpg,kaggle_india,,non_venomous,,400,400,3455,True,val
e:\Coding_Notes\Faunari\data\raw\kaggle_india\Snake Images\train\Non Venomous\rat_snake_800_Richmond_fs_fs.jpg,kaggle_india,,non_venomous,,400,400,3456,False,train
e:\Coding_Notes\Faunari\data\raw\kaggle_india\Snake Images\train\Non Venomous\red-sand-boa-eryx-johnii-non-venomous-common-c690b1.jpg,kaggle_india,,non_venomous,,400,400,3522,True,val
e:\Coding_Notes\Faunari\data\raw\kaggle_india\Snake Images\train\Non Venomous\red-sand-boa-eryx-johnii-non-venomous-common-C690BE.jpg,kaggle_india,,non_venomous,,400,400,3523,False,train
e:\Coding_Notes\Faunari\data\raw\kaggle_india\Snake Images\train\Non Venomous\red-sand-boa-eryx-johnii-non-venomous-common-c6915g.jpg,kaggle_india,,non_venomous,,400,400,3524,True,val
e:\Coding_Notes\Faunari\data\raw\kaggle_india\Snake Images\train\Non Venomous\red-sand-boa-eryx-johnii-non-venomous-common-saswad-maharashtra-india-G2A95R.jpg,kaggle_india,,non_venomous,,400,400,3995,True,train
e:\Coding_Notes\Faunari\data\raw\kaggle_india\Snake Images\train\Non Venomous\red-sand-boa.jpg,kaggle_india,,non_venomous,,400,400,3996,True,train
e:\Coding_Notes\Faunari\data\raw\kaggle_india\Snake Images\train\Non Venomous\Red_Sand_Boa_Eryx_johnii_by_Ashahar_alias_Krishna_Khan.jpg,kaggle_india,,non_venomous,,400,400,3527,False,train
e:\Coding_Notes\Faunari\data\raw\kaggle_india\Snake Images\train\Non Venomous\rivertern.3.jpg,kaggle_india,,non_venomous,,400,400,3746,False,train
e:\Coding_Notes\Faunari\data\raw\kaggle_india\Snake Images\train\Non Venomous\rock-python-sun-basking-indian-forest-41115121.jpg,kaggle_india,,non_venomous,,400,400,3747,True,hardcase
e:\Coding_Notes\Faunari\data\raw\kaggle_india\Snake Images\train\Non Venomous\RockPython0.jpg,kaggle_india,,non_venomous,,400,400,3997,True,train
e:\Coding_Notes\Faunari\data\raw\kaggle_india\Snake Images\train\Non Venomous\rock_python.jpg,kaggle_india,,non_venomous,,400,400,3749,False,train
e:\Coding_Notes\Faunari\data\raw\kaggle_india\Snake Images\train\Non Venomous\rsf7-01.jpg,kaggle_india,,non_venomous,,400,400,3528,False,train
e:\Coding_Notes\Faunari\data\raw\kaggle_india\Snake Images\train\Non Venomous\Russells_Boa.jpg,kaggle_india,,non_venomous,,400,400,3529,False,test
e:\Coding_Notes\Faunari\data\raw\kaggle_india\Snake Images\train\Non Venomous\SachinRockPython.jpg,kaggle_india,,non_venomous,,400,400,3750,False,train
e:\Coding_Notes\Faunari\data\raw\kaggle_india\Snake Images\train\Non Venomous\sandboa1.jpg,kaggle_india,,non_venomous,,400,400,3530,False,train
e:\Coding_Notes\Faunari\data\raw\kaggle_india\Snake Images\train\Non Venomous\sandboa2.jpg,kaggle_india,,non_venomous,,400,400,3531,False,val
e:\Coding_Notes\Faunari\data\raw\kaggle_india\Snake Images\train\Non Venomous\Sand_Boa.jpg,kaggle_india,,non_venomous,,400,400,3532,True,test
e:\Coding_Notes\Faunari\data\raw\kaggle_india\Snake Images\train\Non Venomous\snake-common-sand-boa-eryx-conicus-ET0CMG.jpg,kaggle_india,,non_venomous,,400,400,3998,True,val
e:\Coding_Notes\Faunari\data\raw\kaggle_india\Snake Images\train\Non Venomous\Snake-Common-Trinket.jpg,kaggle_india,,non_venomous,,400,400,3585,False,train
e:\Coding_Notes\Faunari\data\raw\kaggle_india\Snake Images\train\Non Venomous\snake-rat-snake.jpg,kaggle_india,,non_venomous,,400,400,3457,True,train
e:\Coding_Notes\Faunari\data\raw\kaggle_india\Snake Images\train\Non Venomous\snake-removal-athens-ga.jpg,kaggle_india,,non_venomous,,400,400,3458,False,train
e:\Coding_Notes\Faunari\data\raw\kaggle_india\Snake Images\train\Non Venomous\snake-snakes-leopard-snake-zamenis-situla-trinket-snake-reptile-reptiles-BNJR3J.jpg,kaggle_india,,non_venomous,,400,400,3586,False,train
e:\Coding_Notes\Faunari\data\raw\kaggle_india\Snake Images\train\Non Venomous\Snake.jpg,kaggle_india,,non_venomous,,400,400,3459,False,val
e:\Coding_Notes\Faunari\data\raw\kaggle_india\Snake Images\train\Non Venomous\snake020.jpg,kaggle_india,,non_venomous,,400,400,3460,False,test
e:\Coding_Notes\Faunari\data\raw\kaggle_india\Snake Images\train\Non Venomous\snake6-25-13b.jpg,kaggle_india,,non_venomous,,400,400,3461,True,val
e:\Coding_Notes\Faunari\data\raw\kaggle_india\Snake Images\train\Non Venomous\snake7-1024x768.jpg,kaggle_india,,non_venomous,,400,400,3600,False,train
e:\Coding_Notes\Faunari\data\raw\kaggle_india\Snake Images\train\Non Venomous\snakec.jpg,kaggle_india,,non_venomous,,400,400,3999,True,test
e:\Coding_Notes\Faunari\data\raw\kaggle_india\Snake Images\train\Non Venomous\snake_black_rat.jpg,kaggle_india,,non_venomous,,400,400,3462,True,train
e:\Coding_Notes\Faunari\data\raw\kaggle_india\Snake Images\train\Non Venomous\stock-photo-detail-of-the-head-of-a-indian-rock-python-python-molurus-426925648.jpg,kaggle_india,,non_venomous,,400,400,3751,True,train
e:\Coding_Notes\Faunari\data\raw\kaggle_india\Snake Images\train\Non Venomous\stock-photo-indian-rock-python-python-molurus-isolated-on-white-background-33295459.jpg,kaggle_india,,non_venomous,,400,400,4000,True,train
e:\Coding_Notes\Faunari\data\raw\kaggle_india\Snake Images\train\Non Venomous\stock-photo-snake-named-indian-python-in-a-tree-seen-in-india-354574682.jpg,kaggle_india,,non_venomous,,400,400,3753,True,train
e:\Coding_Notes\Faunari\data\raw\kaggle_india\Snake Images\train\Non Venomous\the-common-vine-snake-ahaetulla-nasuta-is-a-slender-green-tree-snake-F947R9.jpg,kaggle_india,,non_venomous,,400,400,4001,True,train
e:\Coding_Notes\Faunari\data\raw\kaggle_india\Snake Images\train\Non Venomous\the-common-vine-snake-ahaetulla-nasuta-is-a-slender-green-tree-snake-F947RB.jpg,kaggle_india,,non_venomous,,400,400,3602,False,train
e:\Coding_Notes\Faunari\data\raw\kaggle_india\Snake Images\train\Non Venomous\the-common-vine-snake-ahaetulla-nasuta-is-a-slender-green-tree-snake-F947RF.jpg,kaggle_india,,non_venomous,,400,400,4002,True,train
e:\Coding_Notes\Faunari\data\raw\kaggle_india\Snake Images\train\Non Venomous\the-common-vine-snake-ahaetulla-nasuta-is-a-slender-green-tree-snake-F947RJ.jpg,kaggle_india,,non_venomous,,400,400,4003,True,train
e:\Coding_Notes\Faunari\data\raw\kaggle_india\Snake Images\train\Non Venomous\the-common-vine-snake-ahaetulla-nasuta-is-a-slender-green-tree-snake-F947RM.jpg,kaggle_india,,non_venomous,,400,400,3605,False,val
e:\Coding_Notes\Faunari\data\raw\kaggle_india\Snake Images\train\Non Venomous\the-common-vine-snake-ahaetulla-nasuta-is-a-slender-green-tree-snake-f947rt.jpg,kaggle_india,,non_venomous,,400,400,3606,True,test
e:\Coding_Notes\Faunari\data\raw\kaggle_india\Snake Images\train\Non Venomous\the-common-vine-snake-ahaetulla-nasuta-is-a-slender-green-tree-snake-F947RY.jpg,kaggle_india,,non_venomous,,400,400,4004,True,train
e:\Coding_Notes\Faunari\data\raw\kaggle_india\Snake Images\train\Non Venomous\the-common-vine-snake-ahaetulla-nasuta-is-a-slender-green-tree-snake-F947T3.jpg,kaggle_india,,non_venomous,,400,400,3608,False,train
e:\Coding_Notes\Faunari\data\raw\kaggle_india\Snake Images\train\Non Venomous\the-common-vine-snake-ahaetulla-nasuta-is-a-slender-green-tree-snake-f947t3_001.jpg,kaggle_india,,non_venomous,,400,400,3609,True,train
e:\Coding_Notes\Faunari\data\raw\kaggle_india\Snake Images\train\Non Venomous\top-ptyas-mucosa-indian-rat-snake-bottom-naja-naja-common-indian-cobra-AT1H2X.jpg,kaggle_india,,non_venomous,,400,400,3463,False,train
e:\Coding_Notes\Faunari\data\raw\kaggle_india\Snake Images\train\Non Venomous\trinket2.jpg,kaggle_india,,non_venomous,,400,400,4005,True,train
e:\Coding_Notes\Faunari\data\raw\kaggle_india\Snake Images\train\Non Venomous\trinketsnake.jpg,kaggle_india,,non_venomous,,400,400,4006,True,train
e:\Coding_Notes\Faunari\data\raw\kaggle_india\Snake Images\train\Non Venomous\tumblr_mjkqc0Rogs1qhb1elo1_500.jpg,kaggle_india,,non_venomous,,400,400,3754,False,train
e:\Coding_Notes\Faunari\data\raw\kaggle_india\Snake Images\train\Non Venomous\tumblr_n9q4ra2NrW1sgxjc6o2_1280.jpg,kaggle_india,,non_venomous,,400,400,3610,False,test
e:\Coding_Notes\Faunari\data\raw\kaggle_india\Snake Images\train\Non Venomous\udaipurtimes-6_1437804595.jpg,kaggle_india,,non_venomous,,400,400,3755,False,train
e:\Coding_Notes\Faunari\data\raw\kaggle_india\Snake Images\train\Non Venomous\western-rat-snake-texas-ratsnake-black-rat-snake-pilot-black-snake-ebnm1g.jpg,kaggle_india,,non_venomous,,400,400,3465,True,train
e:\Coding_Notes\Faunari\data\raw\kaggle_india\Snake Images\train\Non Venomous\whitakers-sandboa-eryx-whitakeri-non-venomous-common-a-medium-sized-AX2GTX.jpg,kaggle_india,,non_venomous,,400,400,3535,False,train
e:\Coding_Notes\Faunari\data\raw\kaggle_india\Snake Images\train\Non Venomous\white-bellied-rat-snake_0115.jpg,kaggle_india,,non_venomous,,400,400,3466,True,test
e:\Coding_Notes\Faunari\data\raw\kaggle_india\Snake Images\train\Non Venomous\y3ofIndian Rock Python.jpg,kaggle_india,,non_venomous,,400,400,3756,False,test
e:\Coding_Notes\Faunari\data\raw\kaggle_india\Snake Images\train\Non Venomous\_9068dce4-3ca7-11e7-99bd-b9a47f5fadca.jpg,kaggle_india,,non_venomous,,400,400,3315,False,train
e:\Coding_Notes\Faunari\data\raw\kaggle_india\Snake Images\train\Non Venomous\_DSC0413.jpg,kaggle_india,,non_venomous,,400,400,3316,False,train
e:\Coding_Notes\Faunari\data\raw\kaggle_india\Snake Images\train\Non Venomous\_DSC0418.jpg,kaggle_india,,non_venomous,,400,400,3317,False,train
e:\Coding_Notes\Faunari\data\raw\kaggle_india\Snake Images\train\Venomous\0.jpg,kaggle_india,,venomous,,400,400,2147,True,train
e:\Coding_Notes\Faunari\data\raw\kaggle_india\Snake Images\train\Venomous\0045.jpg,kaggle_india,,venomous,,400,400,1987,False,train
e:\Coding_Notes\Faunari\data\raw\kaggle_india\Snake Images\train\Venomous\00483026.jpg,kaggle_india,,venomous,,400,400,2407,False,val
e:\Coding_Notes\Faunari\data\raw\kaggle_india\Snake Images\train\Venomous\00550436.jpg,kaggle_india,,venomous,,400,400,2408,False,val
e:\Coding_Notes\Faunari\data\raw\kaggle_india\Snake Images\train\Venomous\00550437.jpg,kaggle_india,,venomous,,400,400,2409,False,val
e:\Coding_Notes\Faunari\data\raw\kaggle_india\Snake Images\train\Venomous\01300000201438122024366623037.jpg,kaggle_india,,venomous,,400,400,2115,True,train
e:\Coding_Notes\Faunari\data\raw\kaggle_india\Snake Images\train\Venomous\0194.jpg,kaggle_india,,venomous,,400,400,2642,False,val
e:\Coding_Notes\Faunari\data\raw\kaggle_india\Snake Images\train\Venomous\01AS-N31E.jpg,kaggle_india,,venomous,,400,400,2411,True,test
e:\Coding_Notes\Faunari\data\raw\kaggle_india\Snake Images\train\Venomous\01AS-N8UP.jpg,kaggle_india,,venomous,,400,400,2412,True,train
e:\Coding_Notes\Faunari\data\raw\kaggle_india\Snake Images\train\Venomous\01AS-N8UQ.jpg,kaggle_india,,venomous,,400,400,2413,True,val
e:\Coding_Notes\Faunari\data\raw\kaggle_india\Snake Images\train\Venomous\0240.jpg,kaggle_india,,venomous,,400,400,4007,True,test
e:\Coding_Notes\Faunari\data\raw\kaggle_india\Snake Images\train\Venomous\03000025421_01_f.jpg,kaggle_india,,venomous,,400,400,2644,False,train
e:\Coding_Notes\Faunari\data\raw\kaggle_india\Snake Images\train\Venomous\03000026775_01_f.jpg,kaggle_india,,venomous,,400,400,1990,False,train
e:\Coding_Notes\Faunari\data\raw\kaggle_india\Snake Images\train\Venomous\03000032484_01_f.jpg,kaggle_india,,venomous,,400,400,2645,False,val
e:\Coding_Notes\Faunari\data\raw\kaggle_india\Snake Images\train\Venomous\0353.jpg,kaggle_india,,venomous,,400,400,1991,False,train
e:\Coding_Notes\Faunari\data\raw\kaggle_india\Snake Images\train\Venomous\04337e4f3fda41e8d0d3121f8dc3cd8f--colorful-snakes-reptiles.jpg,kaggle_india,,venomous,,400,400,1992,True,train
e:\Coding_Notes\Faunari\data\raw\kaggle_india\Snake Images\train\Venomous\0446.jpg,kaggle_india,,venomous,,400,400,2646,False,train
e:\Coding_Notes\Faunari\data\raw\kaggle_india\Snake Images\train\Venomous\0450.jpg,kaggle_india,,venomous,,400,400,4008,True,val
e:\Coding_Notes\Faunari\data\raw\kaggle_india\Snake Images\train\Venomous\0636.jpg,kaggle_india,,venomous,,400,400,4009,True,val
e:\Coding_Notes\Faunari\data\raw\kaggle_india\Snake Images\train\Venomous\0804.jpg,kaggle_india,,venomous,,400,400,2650,False,train
e:\Coding_Notes\Faunari\data\raw\kaggle_india\Snake Images\train\Venomous\0820.jpg,kaggle_india,,venomous,,400,400,4010,True,train
e:\Coding_Notes\Faunari\data\raw\kaggle_india\Snake Images\train\Venomous\0829.jpg,kaggle_india,,venomous,,400,400,2255,False,train
e:\Coding_Notes\Faunari\data\raw\kaggle_india\Snake Images\train\Venomous\0977.jpg,kaggle_india,,venomous,,400,400,4011,True,val
e:\Coding_Notes\Faunari\data\raw\kaggle_india\Snake Images\train\Venomous\0efec3f98662a0bd0b21d3757cb72d3b--snake-facts-cobra-snake.jpg,kaggle_india,,venomous,,400,400,2256,True,train
e:\Coding_Notes\Faunari\data\raw\kaggle_india\Snake Images\train\Venomous\1 (2).jpg,kaggle_india,,venomous,,400,400,2257,False,train
e:\Coding_Notes\Faunari\data\raw\kaggle_india\Snake Images\train\Venomous\1.jpg,kaggle_india,,venomous,,400,400,4012,True,train
e:\Coding_Notes\Faunari\data\raw\kaggle_india\Snake Images\train\Venomous\10 (2).jpg,kaggle_india,,venomous,,400,400,4013,True,train
e:\Coding_Notes\Faunari\data\raw\kaggle_india\Snake Images\train\Venomous\10.jpg,kaggle_india,,venomous,,400,400,4014,True,train
e:\Coding_Notes\Faunari\data\raw\kaggle_india\Snake Images\train\Venomous\10412951893_9762368a13_b.jpg,kaggle_india,,venomous,,400,400,2882,False,train
e:\Coding_Notes\Faunari\data\raw\kaggle_india\Snake Images\train\Venomous\1046.jpg,kaggle_india,,venomous,,400,400,4015,True,train
e:\Coding_Notes\Faunari\data\raw\kaggle_india\Snake Images\train\Venomous\1056.jpg,kaggle_india,,venomous,,400,400,4016,True,test
e:\Coding_Notes\Faunari\data\raw\kaggle_india\Snake Images\train\Venomous\11 (2).jpg,kaggle_india,,venomous,,400,400,4017,True,val
e:\Coding_Notes\Faunari\data\raw\kaggle_india\Snake Images\train\Venomous\11.jpg,kaggle_india,,venomous,,400,400,4018,True,train
e:\Coding_Notes\Faunari\data\raw\kaggle_india\Snake Images\train\Venomous\1143.jpg,kaggle_india,,venomous,,400,400,1995,False,train
e:\Coding_Notes\Faunari\data\raw\kaggle_india\Snake Images\train\Venomous\1151193-VavaSuresh-1469709021-864-640x480.jpg,kaggle_india,,venomous,,400,400,2117,False,train
e:\Coding_Notes\Faunari\data\raw\kaggle_india\Snake Images\train\Venomous\12 (2).jpg,kaggle_india,,venomous,,400,400,4019,True,train
e:\Coding_Notes\Faunari\data\raw\kaggle_india\Snake Images\train\Venomous\12.jpg,kaggle_india,,venomous,,400,400,4020,True,val
e:\Coding_Notes\Faunari\data\raw\kaggle_india\Snake Images\train\Venomous\1209.jpg,kaggle_india,,venomous,,400,400,4021,True,val
e:\Coding_Notes\Faunari\data\raw\kaggle_india\Snake Images\train\Venomous\12185425.jpg,kaggle_india,,venomous,,400,400,3124,True,hardcase
e:\Coding_Notes\Faunari\data\raw\kaggle_india\Snake Images\train\Venomous\1232377184_b7561e0e4a_b.jpg,kaggle_india,,venomous,,400,400,2420,False,val
e:\Coding_Notes\Faunari\data\raw\kaggle_india\Snake Images\train\Venomous\12382341385_f5af5fc558_b.jpg,kaggle_india,,venomous,,400,400,1996,False,train
e:\Coding_Notes\Faunari\data\raw\kaggle_india\Snake Images\train\Venomous\12474945055_9b6d772f9d_b.jpg,kaggle_india,,venomous,,400,400,1998,False,train
e:\Coding_Notes\Faunari\data\raw\kaggle_india\Snake Images\train\Venomous\12474950295_b152cf0527_b.jpg,kaggle_india,,venomous,,400,400,1999,False,train
e:\Coding_Notes\Faunari\data\raw\kaggle_india\Snake Images\train\Venomous\12475101553_432da47bde_b.jpg,kaggle_india,,venomous,,400,400,4022,True,train
e:\Coding_Notes\Faunari\data\raw\kaggle_india\Snake Images\train\Venomous\125625-004-9F0A5C13.jpg,kaggle_india,,venomous,,400,400,2660,False,train
e:\Coding_Notes\Faunari\data\raw\kaggle_india\Snake Images\train\Venomous\12873_2012_Article_167_Fig1_HTML.jpg,kaggle_india,,venomous,,400,400,2661,False,test
e:\Coding_Notes\Faunari\data\raw\kaggle_india\Snake Images\train\Venomous\13 (2).jpg,kaggle_india,,venomous,,400,400,4023,True,train
e:\Coding_Notes\Faunari\data\raw\kaggle_india\Snake Images\train\Venomous\13.jpg,kaggle_india,,venomous,,400,400,4024,True,train
e:\Coding_Notes\Faunari\data\raw\kaggle_india\Snake Images\train\Venomous\131203090701-large.jpg,kaggle_india,,venomous,,400,400,2120,False,train
e:\Coding_Notes\Faunari\data\raw\kaggle_india\Snake Images\train\Venomous\1350361656KingCobraAttackingMonitorLizard.jpg,kaggle_india,,venomous,,400,400,2121,False,train
e:\Coding_Notes\Faunari\data\raw\kaggle_india\Snake Images\train\Venomous\13582558-king-cobra-Ophiophagus-hannah-poisonous-white-background-Stock-Photo.jpg,kaggle_india,,venomous,,400,400,2122,False,train
e:\Coding_Notes\Faunari\data\raw\kaggle_india\Snake Images\train\Venomous\13582621-king-cobra-Ophiophagus-hannah-poisonous-white-background-Stock-Photo.jpg,kaggle_india,,venomous,,400,400,2123,False,test
e:\Coding_Notes\Faunari\data\raw\kaggle_india\Snake Images\train\Venomous\13582750-king-cobra-Ophiophagus-hannah-poisonous-white-background-Stock-Photo.jpg,kaggle_india,,venomous,,400,400,2125,False,train
e:\Coding_Notes\Faunari\data\raw\kaggle_india\Snake Images\train\Venomous\1361.jpg,kaggle_india,,venomous,,400,400,2663,False,test
e:\Coding_Notes\Faunari\data\raw\kaggle_india\Snake Images\train\Venomous\1438850347common krait 2.jpg,kaggle_india,,venomous,,400,400,2001,False,val
e:\Coding_Notes\Faunari\data\raw\kaggle_india\Snake Images\train\Venomous\1438850347IMG_1543.jpg,kaggle_india,,venomous,,400,400,2002,False,train
e:\Coding_Notes\Faunari\data\raw\kaggle_india\Snake Images\train\Venomous\1438850349IMG_7477.JPG,kaggle_india,,venomous,,400,400,2003,False,test
e:\Coding_Notes\Faunari\data\raw\kaggle_india\Snake Images\train\Venomous\143885070018.JPG,kaggle_india,,venomous,,400,400,2664,False,train
e:\Coding_Notes\Faunari\data\raw\kaggle_india\Snake Images\train\Venomous\1438850877IMG_0479.JPG,kaggle_india,,venomous,,400,400,2421,False,train
e:\Coding_Notes\Faunari\data\raw\kaggle_india\Snake Images\train\Venomous\1438850878p-17.jpg,kaggle_india,,venomous,,400,400,2422,False,train
e:\Coding_Notes\Faunari\data\raw\kaggle_india\Snake Images\train\Venomous\1438852852IMG_4008.JPG,kaggle_india,,venomous,,400,400,2886,False,train
e:\Coding_Notes\Faunari\data\raw\kaggle_india\Snake Images\train\Venomous\1438852854main-2.JPG,kaggle_india,,venomous,,400,400,2887,False,train
e:\Coding_Notes\Faunari\data\raw\kaggle_india\Snake Images\train\Venomous\1438852857sub head shot-2.jpg,kaggle_india,,venomous,,400,400,2888,False,train
e:\Coding_Notes\Faunari\data\raw\kaggle_india\Snake Images\train\Venomous\1440.jpg,kaggle_india,,venomous,,400,400,4025,True,test
e:\Coding_Notes\Faunari\data\raw\kaggle_india\Snake Images\train\Venomous\14726606771_f1dda9c3b9_b.jpg,kaggle_india,,venomous,,400,400,4026,True,train
e:\Coding_Notes\Faunari\data\raw\kaggle_india\Snake Images\train\Venomous\147761-004-7C2BC212.jpg,kaggle_india,,venomous,,400,400,2126,True,test
e:\Coding_Notes\Faunari\data\raw\kaggle_india\Snake Images\train\Venomous\15 (2).jpg,kaggle_india,,venomous,,400,400,4027,True,train
e:\Coding_Notes\Faunari\data\raw\kaggle_india\Snake Images\train\Venomous\15.jpg,kaggle_india,,venomous,,400,400,4028,True,train
e:\Coding_Notes\Faunari\data\raw\kaggle_india\Snake Images\train\Venomous\150811-004-F71D4E4A.jpg,kaggle_india,,venomous,,400,400,2889,True,val
e:\Coding_Notes\Faunari\data\raw\kaggle_india\Snake Images\train\Venomous\150px-Naja.jpg,kaggle_india,,venomous,,400,400,2890,True,test
e:\Coding_Notes\Faunari\data\raw\kaggle_india\Snake Images\train\Venomous\15155896108_9c22ac4833_b.jpg,kaggle_india,,venomous,,400,400,2666,False,val
e:\Coding_Notes\Faunari\data\raw\kaggle_india\Snake Images\train\Venomous\15214744307_0f954327e5_b.jpg,kaggle_india,,venomous,,400,400,2423,False,train
e:\Coding_Notes\Faunari\data\raw\kaggle_india\Snake Images\train\Venomous\15330888-Closeup-of-pattern-on-saw-scaled-Viper-Echis-carinatus-Tamil-Nadu-South-India-Stock-Photo.jpg,kaggle_india,,venomous,,400,400,2667,False,val
e:\Coding_Notes\Faunari\data\raw\kaggle_india\Snake Images\train\Venomous\16 (2).JPG,kaggle_india,,venomous,,400,400,2891,False,train
e:\Coding_Notes\Faunari\data\raw\kaggle_india\Snake Images\train\Venomous\16.jpg,kaggle_india,,venomous,,400,400,4029,True,test
e:\Coding_Notes\Faunari\data\raw\kaggle_india\Snake Images\train\Venomous\16121579037_bd92bd8404_b.jpg,kaggle_india,,venomous,,400,400,2424,False,test
e:\Coding_Notes\Faunari\data\raw\kaggle_india\Snake Images\train\Venomous\16243436212_f1aa097020_b.jpg,kaggle_india,,venomous,,400,400,2262,False,train
e:\Coding_Notes\Faunari\data\raw\kaggle_india\Snake Images\train\Venomous\16666056390_e5f1682bd0.jpg,kaggle_india,,venomous,,400,400,2668,False,train
e:\Coding_Notes\Faunari\data\raw\kaggle_india\Snake Images\train\Venomous\16964068388_c1afa0ed14.jpg,kaggle_india,,venomous,,400,400,2425,False,train
e:\Coding_Notes\Faunari\data\raw\kaggle_india\Snake Images\train\Venomous\17 (2).jpg,kaggle_india,,venomous,,400,400,4030,True,train
e:\Coding_Notes\Faunari\data\raw\kaggle_india\Snake Images\train\Venomous\17.jpg,kaggle_india,,venomous,,400,400,4031,True,train
e:\Coding_Notes\Faunari\data\raw\kaggle_india\Snake Images\train\Venomous\170px-Elapidae_-_Ophiophagus_hannah.JPG,kaggle_india,,venomous,,400,400,2127,True,train
e:\Coding_Notes\Faunari\data\raw\kaggle_india\Snake Images\train\Venomous\17890231804cbb58e063ebe.JPG,kaggle_india,,venomous,,400,400,2263,False,train
e:\Coding_Notes\Faunari\data\raw\kaggle_india\Snake Images\train\Venomous\17c229b47df3696e20b34baee809f174--cobra-snake-king-cobra.jpg,kaggle_india,,venomous,,400,400,2128,False,train
e:\Coding_Notes\Faunari\data\raw\kaggle_india\Snake Images\train\Venomous\18.jpg,kaggle_india,,venomous,,400,400,2005,True,val
e:\Coding_Notes\Faunari\data\raw\kaggle_india\Snake Images\train\Venomous\18105089279_8214469ffa.jpg,kaggle_india,,venomous,,400,400,2264,False,train
e:\Coding_Notes\Faunari\data\raw\kaggle_india\Snake Images\train\Venomous\18955_340.jpg,kaggle_india,,venomous,,400,400,2669,False,val
e:\Coding_Notes\Faunari\data\raw\kaggle_india\Snake Images\train\Venomous\19 (2).jpg,kaggle_india,,venomous,,400,400,4032,True,train
e:\Coding_Notes\Faunari\data\raw\kaggle_india\Snake Images\train\Venomous\19.jpg,kaggle_india,,venomous,,400,400,4033,True,test
e:\Coding_Notes\Faunari\data\raw\kaggle_india\Snake Images\train\Venomous\1_001.jpg,kaggle_india,,venomous,,400,400,2265,False,train
e:\Coding_Notes\Faunari\data\raw\kaggle_india\Snake Images\train\Venomous\1_002.jpg,kaggle_india,,venomous,,400,400,2266,False,test
e:\Coding_Notes\Faunari\data\raw\kaggle_india\Snake Images\train\Venomous\1_010.jpg,kaggle_india,,venomous,,400,400,2267,False,train
e:\Coding_Notes\Faunari\data\raw\kaggle_india\Snake Images\train\Venomous\2.jpg,kaggle_india,,venomous,,400,400,4034,True,train
e:\Coding_Notes\Faunari\data\raw\kaggle_india\Snake Images\train\Venomous\20 (2).jpg,kaggle_india,,venomous,,400,400,4035,True,train
e:\Coding_Notes\Faunari\data\raw\kaggle_india\Snake Images\train\Venomous\20.jpg,kaggle_india,,venomous,,400,400,4036,True,train
e:\Coding_Notes\Faunari\data\raw\kaggle_india\Snake Images\train\Venomous\200352091-001.jpg,kaggle_india,,venomous,,400,400,2130,False,test
e:\Coding_Notes\Faunari\data\raw\kaggle_india\Snake Images\train\Venomous\200352095-001_XS.jpg,kaggle_india,,venomous,,400,400,2131,True,train
e:\Coding_Notes\Faunari\data\raw\kaggle_india\Snake Images\train\Venomous\2013-KINGCOBRA-28.jpg,kaggle_india,,venomous,,400,400,2133,False,train
e:\Coding_Notes\Faunari\data\raw\kaggle_india\Snake Images\train\Venomous\2013-KINGCOBRA-36.jpg,kaggle_india,,venomous,,400,400,2134,False,train
e:\Coding_Notes\Faunari\data\raw\kaggle_india\Snake Images\train\Venomous\2056.jpg,kaggle_india,,venomous,,400,400,4037,True,train
e:\Coding_Notes\Faunari\data\raw\kaggle_india\Snake Images\train\Venomous\20839492034_f052077617.jpg,kaggle_india,,venomous,,400,400,2428,False,train
e:\Coding_Notes\Faunari\data\raw\kaggle_india\Snake Images\train\Venomous\21 (2).jpg,kaggle_india,,venomous,,400,400,4038,True,val
e:\Coding_Notes\Faunari\data\raw\kaggle_india\Snake Images\train\Venomous\21.jpg,kaggle_india,,venomous,,400,400,4039,True,train
e:\Coding_Notes\Faunari\data\raw\kaggle_india\Snake Images\train\Venomous\2103365373_25acae0a08.jpg,kaggle_india,,venomous,,400,400,2431,False,train
e:\Coding_Notes\Faunari\data\raw\kaggle_india\Snake Images\train\Venomous\21505046724_1c0739e33c.jpg,kaggle_india,,venomous,,400,400,2670,False,train
e:\Coding_Notes\Faunari\data\raw\kaggle_india\Snake Images\train\Venomous\21506768173_3a57a2f595.jpg,kaggle_india,,venomous,,400,400,2671,False,train
e:\Coding_Notes\Faunari\data\raw\kaggle_india\Snake Images\train\Venomous\2171770524_a444df4f7d.jpg,kaggle_india,,venomous,,400,400,2893,False,train
e:\Coding_Notes\Faunari\data\raw\kaggle_india\Snake Images\train\Venomous\21939708950_b237f909c0.jpg,kaggle_india,,venomous,,400,400,2672,False,val
e:\Coding_Notes\Faunari\data\raw\kaggle_india\Snake Images\train\Venomous\22 (2).jpg,kaggle_india,,venomous,,400,400,4040,True,train
e:\Coding_Notes\Faunari\data\raw\kaggle_india\Snake Images\train\Venomous\22.jpg,kaggle_india,,venomous,,400,400,4041,True,test
e:\Coding_Notes\Faunari\data\raw\kaggle_india\Snake Images\train\Venomous\220px-Ophiophagus_hannah2.jpg,kaggle_india,,venomous,,400,400,2136,True,hardcase
e:\Coding_Notes\Faunari\data\raw\kaggle_india\Snake Images\train\Venomous\221163-russell-s-viper.jpg,kaggle_india,,venomous,,400,400,2433,False,train
e:\Coding_Notes\Faunari\data\raw\kaggle_india\Snake Images\train\Venomous\22127891045_d34db643e0_b.jpg,kaggle_india,,venomous,,400,400,2673,False,test
e:\Coding_Notes\Faunari\data\raw\kaggle_india\Snake Images\train\Venomous\22513154937_229434a62c_b.jpg,kaggle_india,,venomous,,400,400,2674,False,val
e:\Coding_Notes\Faunari\data\raw\kaggle_india\Snake Images\train\Venomous\23 (2).jpg,kaggle_india,,venomous,,400,400,4042,True,train
e:\Coding_Notes\Faunari\data\raw\kaggle_india\Snake Images\train\Venomous\23.jpg,kaggle_india,,venomous,,400,400,2088,False,train
e:\Coding_Notes\Faunari\data\raw\kaggle_india\Snake Images\train\Venomous\23360067593_23360067593_NLKS8443_Searching_for_King_Cobra.jpg,kaggle_india,,venomous,,400,400,2137,False,test
e:\Coding_Notes\Faunari\data\raw\kaggle_india\Snake Images\train\Venomous\23498842244_3e5d4cfab6.jpg,kaggle_india,,venomous,,400,400,2434,True,train
e:\Coding_Notes\Faunari\data\raw\kaggle_india\Snake Images\train\Venomous\2373029895_601e5c5ee6.jpg,kaggle_india,,venomous,,400,400,2897,True,val
e:\Coding_Notes\Faunari\data\raw\kaggle_india\Snake Images\train\Venomous\24.jpg,kaggle_india,,venomous,,400,400,4043,True,train
e:\Coding_Notes\Faunari\data\raw\kaggle_india\Snake Images\train\Venomous\240px-N.kaouthia.jpg,kaggle_india,,venomous,,400,400,2272,True,val
e:\Coding_Notes\Faunari\data\raw\kaggle_india\Snake Images\train\Venomous\24166458841_50d7cf228b_b.jpg,kaggle_india,,venomous,,400,400,2435,False,train
e:\Coding_Notes\Faunari\data\raw\kaggle_india\Snake Images\train\Venomous\245ae98383301ad48771fc3b60394c68.jpg,kaggle_india,,venomous,,400,400,2898,False,train
e:\Coding_Notes\Faunari\data\raw\kaggle_india\Snake Images\train\Venomous\247313107_37c9b05a88.jpg,kaggle_india,,venomous,,400,400,2007,False,train
e:\Coding_Notes\Faunari\data\raw\kaggle_india\Snake Images\train\Venomous\25 (2).jpg,kaggle_india,,venomous,,400,400,4044,True,train
e:\Coding_Notes\Faunari\data\raw\kaggle_india\Snake Images\train\Venomous\25.jpg,kaggle_india,,venomous,,400,400,2085,False,val
e:\Coding_Notes\Faunari\data\raw\kaggle_india\Snake Images\train\Venomous\26.jpg,kaggle_india,,venomous,,400,400,4045,True,train
e:\Coding_Notes\Faunari\data\raw\kaggle_india\Snake Images\train\Venomous\262666_10150346421063504_683593503_10295744_1154672_n.jpg,kaggle_india,,venomous,,400,400,2274,False,train
e:\Coding_Notes\Faunari\data\raw\kaggle_india\Snake Images\train\Venomous\26437-004-9C6C0E46.jpg,kaggle_india,,venomous,,400,400,2675,True,train
e:\Coding_Notes\Faunari\data\raw\kaggle_india\Snake Images\train\Venomous\26512735140_786a135518_b.jpg,kaggle_india,,venomous,,400,400,2899,False,train
e:\Coding_Notes\Faunari\data\raw\kaggle_india\Snake Images\train\Venomous\26creaturesspan-jumbo.jpg,kaggle_india,,venomous,,400,400,2138,False,train
e:\Coding_Notes\Faunari\data\raw\kaggle_india\Snake Images\train\Venomous\28 (2).jpg,kaggle_india,,venomous,,400,400,2200,False,train
e:\Coding_Notes\Faunari\data\raw\kaggle_india\Snake Images\train\Venomous\28.jpg,kaggle_india,,venomous,,400,400,4046,True,test
e:\Coding_Notes\Faunari\data\raw\kaggle_india\Snake Images\train\Venomous\2816621425_c2ac28297a_b.jpg,kaggle_india,,venomous,,400,400,2008,False,train
e:\Coding_Notes\Faunari\data\raw\kaggle_india\Snake Images\train\Venomous\2822295694_40311c360a.jpg,kaggle_india,,venomous,,400,400,2900,False,train
e:\Coding_Notes\Faunari\data\raw\kaggle_india\Snake Images\train\Venomous\2848633061_422445e453_o.jpg,kaggle_india,,venomous,,400,400,2009,False,test
e:\Coding_Notes\Faunari\data\raw\kaggle_india\Snake Images\train\Venomous\2b2983794172fea6bb6675b4d07de841--snake-wallpaper-wallpaper-in-hd.jpg,kaggle_india,,venomous,,400,400,2277,True,train
e:\Coding_Notes\Faunari\data\raw\kaggle_india\Snake Images\train\Venomous\2e80cfaab83df157b68d5204145da8f5.jpg,kaggle_india,,venomous,,400,400,2279,False,train
e:\Coding_Notes\Faunari\data\raw\kaggle_india\Snake Images\train\Venomous\3-Common-Indian-Krait-Bungarus-Caeruleus.jpg,kaggle_india,,venomous,,400,400,2010,False,test
e:\Coding_Notes\Faunari\data\raw\kaggle_india\Snake Images\train\Venomous\3.jpg,kaggle_india,,venomous,,400,400,4047,True,val
e:\Coding_Notes\Faunari\data\raw\kaggle_india\Snake Images\train\Venomous\3002331619_54b1f4eecb.jpg,kaggle_india,,venomous,,400,400,2139,False,train
e:\Coding_Notes\Faunari\data\raw\kaggle_india\Snake Images\train\Venomous\300px-SSviper.jpg,kaggle_india,,venomous,,400,400,2676,True,hardcase
e:\Coding_Notes\Faunari\data\raw\kaggle_india\Snake Images\train\Venomous\31.jpg,kaggle_india,,venomous,,400,400,4048,True,train
e:\Coding_Notes\Faunari\data\raw\kaggle_india\Snake Images\train\Venomous\3113739011_c17d8d5d75.jpg,kaggle_india,,venomous,,400,400,2281,False,train
e:\Coding_Notes\Faunari\data\raw\kaggle_india\Snake Images\train\Venomous\3121466143_73cc964a89_b.jpg,kaggle_india,,venomous,,400,400,2901,False,test
e:\Coding_Notes\Faunari\data\raw\kaggle_india\Snake Images\train\Venomous\3148428268_7a210a4715.jpg,kaggle_india,,venomous,,400,400,2282,False,test
e:\Coding_Notes\Faunari\data\raw\kaggle_india\Snake Images\train\Venomous\319A4819.preview.JPG,kaggle_india,,venomous,,400,400,2677,False,train
e:\Coding_Notes\Faunari\data\raw\kaggle_india\Snake Images\train\Venomous\31AFC95000000578-3469122-image-a-5_1456741674538.jpg,kaggle_india,,venomous,,400,400,2141,False,train
e:\Coding_Notes\Faunari\data\raw\kaggle_india\Snake Images\train\Venomous\32521345-King-Cobra-snake-is-the-world-s-longest-venomous-snake-in-the-Snake-farm-show-bangkok-thailand-Stock-Photo.jpg,kaggle_india,,venomous,,400,400,2142,False,test
e:\Coding_Notes\Faunari\data\raw\kaggle_india\Snake Images\train\Venomous\3258134501_359df8ffd2.jpg,kaggle_india,,venomous,,400,400,2902,False,train
e:\Coding_Notes\Faunari\data\raw\kaggle_india\Snake Images\train\Venomous\33 (2).jpg,kaggle_india,,venomous,,400,400,4049,True,train
e:\Coding_Notes\Faunari\data\raw\kaggle_india\Snake Images\train\Venomous\33.jpg,kaggle_india,,venomous,,400,400,2011,False,test
e:\Coding_Notes\Faunari\data\raw\kaggle_india\Snake Images\train\Venomous\33607.jpg,kaggle_india,,venomous,,400,400,2283,False,train
e:\Coding_Notes\Faunari\data\raw\kaggle_india\Snake Images\train\Venomous\3431973057_e3abbee776.jpg,kaggle_india,,venomous,,400,400,2284,False,train
e:\Coding_Notes\Faunari\data\raw\kaggle_india\Snake Images\train\Venomous\34446387315_b357fc4e8e_b.jpg,kaggle_india,,venomous,,400,400,2678,False,train
e:\Coding_Notes\Faunari\data\raw\kaggle_india\Snake Images\train\Venomous\36 (2).jpg,kaggle_india,,venomous,,400,400,4050,True,test
e:\Coding_Notes\Faunari\data\raw\kaggle_india\Snake Images\train\Venomous\36.jpg,kaggle_india,,venomous,,400,400,4051,True,train
e:\Coding_Notes\Faunari\data\raw\kaggle_india\Snake Images\train\Venomous\371843609_0ed582491a.jpg,kaggle_india,,venomous,,400,400,2439,False,train
e:\Coding_Notes\Faunari\data\raw\kaggle_india\Snake Images\train\Venomous\3816964289_a5ea57ccd4.jpg,kaggle_india,,venomous,,400,400,2285,False,val
e:\Coding_Notes\Faunari\data\raw\kaggle_india\Snake Images\train\Venomous\39.jpg,kaggle_india,,venomous,,400,400,4052,True,val
e:\Coding_Notes\Faunari\data\raw\kaggle_india\Snake Images\train\Venomous\3914435829_61a77296ef_b.jpg,kaggle_india,,venomous,,400,400,2903,False,train
e:\Coding_Notes\Faunari\data\raw\kaggle_india\Snake Images\train\Venomous\4-Common-Indian-Krait-Bungarus-Caeruleus.jpg,kaggle_india,,venomous,,400,400,2012,False,train
e:\Coding_Notes\Faunari\data\raw\kaggle_india\Snake Images\train\Venomous\4.jpg,kaggle_india,,venomous,,400,400,4053,True,train
e:\Coding_Notes\Faunari\data\raw\kaggle_india\Snake Images\train\Venomous\400px-12_-_The_Mystical_King_Cobra_and_Coffee_Forests.jpg,kaggle_india,,venomous,,400,400,2147,False,train
e:\Coding_Notes\Faunari\data\raw\kaggle_india\Snake Images\train\Venomous\41.jpg,kaggle_india,,venomous,,400,400,4054,True,train
e:\Coding_Notes\Faunari\data\raw\kaggle_india\Snake Images\train\Venomous\4398279168_d4b46620ed.jpg,kaggle_india,,venomous,,400,400,2013,False,train
e:\Coding_Notes\Faunari\data\raw\kaggle_india\Snake Images\train\Venomous\44.jpg,kaggle_india,,venomous,,400,400,2158,True,train
e:\Coding_Notes\Faunari\data\raw\kaggle_india\Snake Images\train\Venomous\4493565049_3d40dd0bc5_m.jpg,kaggle_india,,venomous,,400,400,2679,True,train
e:\Coding_Notes\Faunari\data\raw\kaggle_india\Snake Images\train\Venomous\45.jpg,kaggle_india,,venomous,,400,400,4055,True,train
e:\Coding_Notes\Faunari\data\raw\kaggle_india\Snake Images\train\Venomous\45066.jpg,kaggle_india,,venomous,,400,400,4056,True,train
e:\Coding_Notes\Faunari\data\raw\kaggle_india\Snake Images\train\Venomous\46.jpg,kaggle_india,,venomous,,400,400,4057,True,train
e:\Coding_Notes\Faunari\data\raw\kaggle_india\Snake Images\train\Venomous\4644015762_38b72c3cdc_b.jpg,kaggle_india,,venomous,,400,400,2288,False,train
e:\Coding_Notes\Faunari\data\raw\kaggle_india\Snake Images\train\Venomous\47.jpg,kaggle_india,,venomous,,400,400,4058,True,test
e:\Coding_Notes\Faunari\data\raw\kaggle_india\Snake Images\train\Venomous\48.jpg,kaggle_india,,venomous,,400,400,2106,True,train
e:\Coding_Notes\Faunari\data\raw\kaggle_india\Snake Images\train\Venomous\49.jpg,kaggle_india,,venomous,,400,400,4059,True,train
e:\Coding_Notes\Faunari\data\raw\kaggle_india\Snake Images\train\Venomous\4cb43071ca703cf4778dd7473d3dfab8.jpg,kaggle_india,,venomous,,400,400,2905,False,test
e:\Coding_Notes\Faunari\data\raw\kaggle_india\Snake Images\train\Venomous\5-Common-Indian-Krait-Bungarus-Caeruleus.jpg,kaggle_india,,venomous,,400,400,2014,False,train
e:\Coding_Notes\Faunari\data\raw\kaggle_india\Snake Images\train\Venomous\5.jpg,kaggle_india,,venomous,,400,400,4060,True,train
e:\Coding_Notes\Faunari\data\raw\kaggle_india\Snake Images\train\Venomous\50.jpg,kaggle_india,,venomous,,400,400,4061,True,test
e:\Coding_Notes\Faunari\data\raw\kaggle_india\Snake Images\train\Venomous\50654.jpg,kaggle_india,,venomous,,400,400,2442,False,train
e:\Coding_Notes\Faunari\data\raw\kaggle_india\Snake Images\train\Venomous\506552827-egyptian-saw-scaled-viper-wriggling-gecko-chad.jpg,kaggle_india,,venomous,,400,400,2681,True,train
e:\Coding_Notes\Faunari\data\raw\kaggle_india\Snake Images\train\Venomous\51.jpg,kaggle_india,,venomous,,400,400,4062,True,train
e:\Coding_Notes\Faunari\data\raw\kaggle_india\Snake Images\train\Venomous\5101695344_48fe2388e9_b.jpg,kaggle_india,,venomous,,400,400,2443,False,train
e:\Coding_Notes\Faunari\data\raw\kaggle_india\Snake Images\train\Venomous\51286_580_360.jpg,kaggle_india,,venomous,,400,400,2682,False,val
e:\Coding_Notes\Faunari\data\raw\kaggle_india\Snake Images\train\Venomous\5140650546_698c8b9dc9_b.jpg,kaggle_india,,venomous,,400,400,2444,False,val
e:\Coding_Notes\Faunari\data\raw\kaggle_india\Snake Images\train\Venomous\51523Bild_354.jpg,kaggle_india,,venomous,,400,400,2445,False,train
e:\Coding_Notes\Faunari\data\raw\kaggle_india\Snake Images\train\Venomous\5166803825_d79cf8246e_b.jpg,kaggle_india,,venomous,,400,400,2908,False,train
e:\Coding_Notes\Faunari\data\raw\kaggle_india\Snake Images\train\Venomous\52.jpg,kaggle_india,,venomous,,400,400,4063,True,train
e:\Coding_Notes\Faunari\data\raw\kaggle_india\Snake Images\train\Venomous\5207091.jpg,kaggle_india,,venomous,,400,400,2446,True,val
e:\Coding_Notes\Faunari\data\raw\kaggle_india\Snake Images\train\Venomous\52798683.jpg,kaggle_india,,venomous,,400,400,2015,True,train
e:\Coding_Notes\Faunari\data\raw\kaggle_india\Snake Images\train\Venomous\53.jpg,kaggle_india,,venomous,,400,400,4064,True,val
e:\Coding_Notes\Faunari\data\raw\kaggle_india\Snake Images\train\Venomous\53616048.jpg,kaggle_india,,venomous,,400,400,2016,True,train
e:\Coding_Notes\Faunari\data\raw\kaggle_india\Snake Images\train\Venomous\5384077d7fe23.jpg,kaggle_india,,venomous,,400,400,2447,True,train
e:\Coding_Notes\Faunari\data\raw\kaggle_india\Snake Images\train\Venomous\5384096c1c063.jpg,kaggle_india,,venomous,,400,400,2450,True,test
e:\Coding_Notes\Faunari\data\raw\kaggle_india\Snake Images\train\Venomous\54.jpg,kaggle_india,,venomous,,400,400,2037,False,train
e:\Coding_Notes\Faunari\data\raw\kaggle_india\Snake Images\train\Venomous\5451042675_998c64ac13_b.jpg,kaggle_india,,venomous,,400,400,2909,False,train
e:\Coding_Notes\Faunari\data\raw\kaggle_india\Snake Images\train\Venomous\5556305440_f559fddd5f.jpg,kaggle_india,,venomous,,400,400,2017,False,train
e:\Coding_Notes\Faunari\data\raw\kaggle_india\Snake Images\train\Venomous\5556315470_b7b39fec3d.jpg,kaggle_india,,venomous,,400,400,2018,False,test
e:\Coding_Notes\Faunari\data\raw\kaggle_india\Snake Images\train\Venomous\5556319714_5d0d0b919c.jpg,kaggle_india,,venomous,,400,400,2019,True,train
e:\Coding_Notes\Faunari\data\raw\kaggle_india\Snake Images\train\Venomous\56.jpg,kaggle_india,,venomous,,400,400,4065,True,test
e:\Coding_Notes\Faunari\data\raw\kaggle_india\Snake Images\train\Venomous\5609809850_f5041d8285_b.jpg,kaggle_india,,venomous,,400,400,2683,False,train
e:\Coding_Notes\Faunari\data\raw\kaggle_india\Snake Images\train\Venomous\571f66bd60128.jpg,kaggle_india,,venomous,,400,400,2020,False,train
e:\Coding_Notes\Faunari\data\raw\kaggle_india\Snake Images\train\Venomous\5739148026_6b28169cd9_b.jpg,kaggle_india,,venomous,,400,400,2684,False,train
e:\Coding_Notes\Faunari\data\raw\kaggle_india\Snake Images\train\Venomous\578_normal_Spectacled_cobra3.jpg,kaggle_india,,venomous,,400,400,2910,True,train
e:\Coding_Notes\Faunari\data\raw\kaggle_india\Snake Images\train\Venomous\58.jpg,kaggle_india,,venomous,,400,400,4066,True,test
e:\Coding_Notes\Faunari\data\raw\kaggle_india\Snake Images\train\Venomous\5802878151_ef19374e8d_b.jpg,kaggle_india,,venomous,,400,400,2911,False,train
e:\Coding_Notes\Faunari\data\raw\kaggle_india\Snake Images\train\Venomous\5809673008_0a9bd78528_b.jpg,kaggle_india,,venomous,,400,400,2685,False,train
e:\Coding_Notes\Faunari\data\raw\kaggle_india\Snake Images\train\Venomous\5817961486_6a8d0eed1d_b.jpg,kaggle_india,,venomous,,400,400,2686,False,test
e:\Coding_Notes\Faunari\data\raw\kaggle_india\Snake Images\train\Venomous\5999366084_cb2085a5bb_b.jpg,kaggle_india,,venomous,,400,400,2289,False,train
e:\Coding_Notes\Faunari\data\raw\kaggle_india\Snake Images\train\Venomous\5999366796_1448262093_b.jpg,kaggle_india,,venomous,,400,400,2290,False,train
e:\Coding_Notes\Faunari\data\raw\kaggle_india\Snake Images\train\Venomous\5999367190_61605877d4_b.jpg,kaggle_india,,venomous,,400,400,2291,False,train
e:\Coding_Notes\Faunari\data\raw\kaggle_india\Snake Images\train\Venomous\6.jpg,kaggle_india,,venomous,,400,400,4067,True,train
e:\Coding_Notes\Faunari\data\raw\kaggle_india\Snake Images\train\Venomous\602197057-egyptian-saw-scaled-viper-lurking-worming-chad.jpg,kaggle_india,,venomous,,400,400,2687,False,train
e:\Coding_Notes\Faunari\data\raw\kaggle_india\Snake Images\train\Venomous\6027522525_91d5cc49ba_b.jpg,kaggle_india,,venomous,,400,400,4068,True,train
e:\Coding_Notes\Faunari\data\raw\kaggle_india\Snake Images\train\Venomous\6096504998_19989dc810_z.jpg,kaggle_india,,venomous,,400,400,2452,False,test
e:\Coding_Notes\Faunari\data\raw\kaggle_india\Snake Images\train\Venomous\619283807-egyptian-saw-scaled-viper-lurking-chad-sahara-das-versunkene-paradies.jpg,kaggle_india,,venomous,,400,400,2688,False,train
e:\Coding_Notes\Faunari\data\raw\kaggle_india\Snake Images\train\Venomous\661453767-egyptian-saw-scaled-viper-lurking-worming-chad.jpg,kaggle_india,,venomous,,400,400,2689,True,train
e:\Coding_Notes\Faunari\data\raw\kaggle_india\Snake Images\train\Venomous\6674918465_fe1d46c3ab_b.jpg,kaggle_india,,venomous,,400,400,2021,False,train
e:\Coding_Notes\Faunari\data\raw\kaggle_india\Snake Images\train\Venomous\6834742881_d6100bca97_b.jpg,kaggle_india,,venomous,,400,400,2690,False,train
e:\Coding_Notes\Faunari\data\raw\kaggle_india\Snake Images\train\Venomous\686451267-wall-gecko-egyptian-saw-scaled-viper-worming-chad.jpg,kaggle_india,,venomous,,400,400,2691,False,train
e:\Coding_Notes\Faunari\data\raw\kaggle_india\Snake Images\train\Venomous\6919_image.jpg,kaggle_india,,venomous,,400,400,2151,False,train
e:\Coding_Notes\Faunari\data\raw\kaggle_india\Snake Images\train\Venomous\6932368146_4234cd3d9f.jpg,kaggle_india,,venomous,,400,400,2292,False,train
e:\Coding_Notes\Faunari\data\raw\kaggle_india\Snake Images\train\Venomous\699780063-wall-gecko-egyptian-saw-scaled-viper-chad-sahara-das-versunkene-paradies.jpg,kaggle_india,,venomous,,400,400,2692,False,train
e:\Coding_Notes\Faunari\data\raw\kaggle_india\Snake Images\train\Venomous\6O4A0409.jpg,kaggle_india,,venomous,,400,400,2920,False,train
e:\Coding_Notes\Faunari\data\raw\kaggle_india\Snake Images\train\Venomous\6O4A4560.jpg,kaggle_india,,venomous,,400,400,4069,True,train
e:\Coding_Notes\Faunari\data\raw\kaggle_india\Snake Images\train\Venomous\7-Common-Indian-Krait-Bungarus-Caeruleus.jpg,kaggle_india,,venomous,,400,400,2023,True,test
e:\Coding_Notes\Faunari\data\raw\kaggle_india\Snake Images\train\Venomous\7.jpg,kaggle_india,,venomous,,400,400,4070,True,train
"e:\Coding_Notes\Faunari\data\raw\kaggle_india\Snake Images\train\Venomous\71Dvk902gcL._AC_UL320_SR314,320_.jpg",kaggle_india,,venomous,,400,400,2153,True,train
e:\Coding_Notes\Faunari\data\raw\kaggle_india\Snake Images\train\Venomous\7529771256_a2c54cd53f_b.jpg,kaggle_india,,venomous,,400,400,2693,False,test
e:\Coding_Notes\Faunari\data\raw\kaggle_india\Snake Images\train\Venomous\755725196-egyptian-saw-scaled-viper-gecko-chad-sahara-das-versunkene-paradies.jpg,kaggle_india,,venomous,,400,400,2694,False,train
e:\Coding_Notes\Faunari\data\raw\kaggle_india\Snake Images\train\Venomous\7666611262_9559ea4f02_b.jpg,kaggle_india,,venomous,,400,400,2922,False,train
e:\Coding_Notes\Faunari\data\raw\kaggle_india\Snake Images\train\Venomous\7691.jpg,kaggle_india,,venomous,,400,400,2154,False,train
e:\Coding_Notes\Faunari\data\raw\kaggle_india\Snake Images\train\Venomous\76b2c81cf6b8792d0c2b4436a7fc5a84--naja-cobra.jpg,kaggle_india,,venomous,,400,400,2293,False,train
e:\Coding_Notes\Faunari\data\raw\kaggle_india\Snake Images\train\Venomous\7e00468a660261144d2c0d4cd3ad6b91--king-cobra-snake-snake-sculpture.jpg,kaggle_india,,venomous,,400,400,2155,False,train
e:\Coding_Notes\Faunari\data\raw\kaggle_india\Snake Images\train\Venomous\7_jpegadad01e83bb98b57c221716c10d9414b.jpg,kaggle_india,,venomous,,400,400,4071,True,train
e:\Coding_Notes\Faunari\data\raw\kaggle_india\Snake Images\train\Venomous\8 (2).jpg,kaggle_india,,venomous,,400,400,4072,True,train
e:\Coding_Notes\Faunari\data\raw\kaggle_india\Snake Images\train\Venomous\8.jpg,kaggle_india,,venomous,,400,400,4073,True,train
e:\Coding_Notes\Faunari\data\raw\kaggle_india\Snake Images\train\Venomous\8007030158_2c1c6f468d_b.jpg,kaggle_india,,venomous,,400,400,2923,False,train
e:\Coding_Notes\Faunari\data\raw\kaggle_india\Snake Images\train\Venomous\8043872884_7c772f915a_b.jpg,kaggle_india,,venomous,,400,400,2925,False,train
e:\Coding_Notes\Faunari\data\raw\kaggle_india\Snake Images\train\Venomous\806797304-wall-gecko-egyptian-saw-scaled-viper-chad-sahara-das-versunkene-paradies.jpg,kaggle_india,,venomous,,400,400,2695,False,train
e:\Coding_Notes\Faunari\data\raw\kaggle_india\Snake Images\train\Venomous\817-21362.jpg,kaggle_india,,venomous,,400,400,2927,False,train
e:\Coding_Notes\Faunari\data\raw\kaggle_india\Snake Images\train\Venomous\81cb1316d8bd6b5ec1dbf0e4d68cf367.jpg,kaggle_india,,venomous,,400,400,2024,False,test
e:\Coding_Notes\Faunari\data\raw\kaggle_india\Snake Images\train\Venomous\8414480140_d613fae255.jpg,kaggle_india,,venomous,,400,400,2294,False,train
e:\Coding_Notes\Faunari\data\raw\kaggle_india\Snake Images\train\Venomous\867036109_877165ada8_b.jpg,kaggle_india,,venomous,,400,400,2928,False,train
e:\Coding_Notes\Faunari\data\raw\kaggle_india\Snake Images\train\Venomous\8715459340_933a36e959_b.jpg,kaggle_india,,venomous,,400,400,2296,False,train
e:\Coding_Notes\Faunari\data\raw\kaggle_india\Snake Images\train\Venomous\8738179607_bea478cd9a_b.jpg,kaggle_india,,venomous,,400,400,2297,False,train
e:\Coding_Notes\Faunari\data\raw\kaggle_india\Snake Images\train\Venomous\8739578045_185f4976d8.jpg,kaggle_india,,venomous,,400,400,2298,False,test
e:\Coding_Notes\Faunari\data\raw\kaggle_india\Snake Images\train\Venomous\87764986_XS.jpg,kaggle_india,,venomous,,400,400,2156,False,train
e:\Coding_Notes\Faunari\data\raw\kaggle_india\Snake Images\train\Venomous\8788959224dd91612cf7b5.jpg,kaggle_india,,venomous,,400,400,2025,False,train
e:\Coding_Notes\Faunari\data\raw\kaggle_india\Snake Images\train\Venomous\886949850-wall-gecko-egyptian-saw-scaled-viper-wriggling-chad.jpg,kaggle_india,,venomous,,400,400,4074,True,val
e:\Coding_Notes\Faunari\data\raw\kaggle_india\Snake Images\train\Venomous\9 (2).jpg,kaggle_india,,venomous,,400,400,4075,True,train
e:\Coding_Notes\Faunari\data\raw\kaggle_india\Snake Images\train\Venomous\9 (3).jpg,kaggle_india,,venomous,,400,400,2299,False,train
e:\Coding_Notes\Faunari\data\raw\kaggle_india\Snake Images\train\Venomous\9.jpg,kaggle_india,,venomous,,400,400,4076,True,train
e:\Coding_Notes\Faunari\data\raw\kaggle_india\Snake Images\train\Venomous\900-183593306-saw-scaled-viper.jpg,kaggle_india,,venomous,,400,400,2697,False,train
e:\Coding_Notes\Faunari\data\raw\kaggle_india\Snake Images\train\Venomous\900-470162014-king-cobra.jpg,kaggle_india,,venomous,,400,400,2157,False,test
e:\Coding_Notes\Faunari\data\raw\kaggle_india\Snake Images\train\Venomous\900-485595776-scaled-viper.jpg,kaggle_india,,venomous,,400,400,2698,False,test
e:\Coding_Notes\Faunari\data\raw\kaggle_india\Snake Images\train\Venomous\900-500394021-viper-echis.jpg,kaggle_india,,venomous,,400,400,2699,False,train
e:\Coding_Notes\Faunari\data\raw\kaggle_india\Snake Images\train\Venomous\90130058.jpg,kaggle_india,,venomous,,400,400,2700,False,train
e:\Coding_Notes\Faunari\data\raw\kaggle_india\Snake Images\train\Venomous\90355786.jpg,kaggle_india,,venomous,,400,400,2457,False,train
e:\Coding_Notes\Faunari\data\raw\kaggle_india\Snake Images\train\Venomous\9142978675_2c99821195.jpg,kaggle_india,,venomous,,400,400,2158,False,train
e:\Coding_Notes\Faunari\data\raw\kaggle_india\Snake Images\train\Venomous\920x1240.jpg,kaggle_india,,venomous,,400,400,2159,False,train
e:\Coding_Notes\Faunari\data\raw\kaggle_india\Snake Images\train\Venomous\9289038011_1a31a0cac1_b.jpg,kaggle_india,,venomous,,400,400,2932,False,train
e:\Coding_Notes\Faunari\data\raw\kaggle_india\Snake Images\train\Venomous\9616250823_d6766e1c31_b.jpg,kaggle_india,,venomous,,400,400,2933,False,train
e:\Coding_Notes\Faunari\data\raw\kaggle_india\Snake Images\train\Venomous\9619492326_56aa145611_b.jpg,kaggle_india,,venomous,,400,400,2934,False,val
e:\Coding_Notes\Faunari\data\raw\kaggle_india\Snake Images\train\Venomous\a-king-cobra-jeff-jundt.jpg,kaggle_india,,venomous,,400,400,2160,False,train
e:\Coding_Notes\Faunari\data\raw\kaggle_india\Snake Images\train\Venomous\A-king-cobra-rescued-from-a-coffee-plantation-to-prevent-it-from-being-killed-by-the-plantation-workers.jpg,kaggle_india,,venomous,,400,400,2161,False,train
e:\Coding_Notes\Faunari\data\raw\kaggle_india\Snake Images\train\Venomous\a.JPG,kaggle_india,,venomous,,400,400,2458,False,train
e:\Coding_Notes\Faunari\data\raw\kaggle_india\Snake Images\train\Venomous\a08d0f6688c8ba80cd343141241fe9b0--ular-creepy-things.jpg,kaggle_india,,venomous,,400,400,2302,False,train
e:\Coding_Notes\Faunari\data\raw\kaggle_india\Snake Images\train\Venomous\a28044f3db3d514d2fad5316904626c8_giant.jpg,kaggle_india,,venomous,,400,400,2935,False,train
e:\Coding_Notes\Faunari\data\raw\kaggle_india\Snake Images\train\Venomous\a2bfde93a79e2a589d20d30b25e985c5--romulus-king-cobra.jpg,kaggle_india,,venomous,,400,400,2162,True,train
e:\Coding_Notes\Faunari\data\raw\kaggle_india\Snake Images\train\Venomous\aa6c2fd08e164e062648b3844cbb582b--cobra-snake-king-cobra.jpg,kaggle_india,,venomous,,400,400,2163,False,train
e:\Coding_Notes\Faunari\data\raw\kaggle_india\Snake Images\train\Venomous\aaa.JPG,kaggle_india,,venomous,,400,400,2459,False,train
e:\Coding_Notes\Faunari\data\raw\kaggle_india\Snake Images\train\Venomous\aaaa.JPG,kaggle_india,,venomous,,400,400,2460,False,train
e:\Coding_Notes\Faunari\data\raw\kaggle_india\Snake Images\train\Venomous\adbfb6aa535e12ed6f14345bfa878456.jpg,kaggle_india,,venomous,,400,400,2936,False,test
e:\Coding_Notes\Faunari\data\raw\kaggle_india\Snake Images\train\Venomous\Afbeelding12-1024x696.jpg,kaggle_india,,venomous,,400,400,2164,False,train
e:\Coding_Notes\Faunari\data\raw\kaggle_india\Snake Images\train\Venomous\afc3fbd1c45e1f79f26e6271444de28e.jpg,kaggle_india,,venomous,,400,400,2026,True,train
e:\Coding_Notes\Faunari\data\raw\kaggle_india\Snake Images\train\Venomous\African-Saw-Scaled-Viper-Echis+ocellatus.jpg,kaggle_india,,venomous,,400,400,2701,True,test
e:\Coding_Notes\Faunari\data\raw\kaggle_india\Snake Images\train\Venomous\albino-monocled-cobra-big.jpg,kaggle_india,,venomous,,400,400,2303,True,train
e:\Coding_Notes\Faunari\data\raw\kaggle_india\Snake Images\train\Venomous\albino-monocled-cobra-e1438557429780.jpg,kaggle_india,,venomous,,400,400,2304,False,test
e:\Coding_Notes\Faunari\data\raw\kaggle_india\Snake Images\train\Venomous\albino-monocled-cobra-wallpaper-iphone-728x482.jpg,kaggle_india,,venomous,,400,400,2305,False,test
e:\Coding_Notes\Faunari\data\raw\kaggle_india\Snake Images\train\Venomous\Albino_Monocled_Cobra_Naja_kaouthia.jpg,kaggle_india,,venomous,,400,400,2306,False,train
e:\Coding_Notes\Faunari\data\raw\kaggle_india\Snake Images\train\Venomous\albino_monocled_hood_by_8twilightangel8-d5r8lw4.jpg,kaggle_india,,venomous,,400,400,2307,False,train
e:\Coding_Notes\Faunari\data\raw\kaggle_india\Snake Images\train\Venomous\Amazing pictures animals photos Nature exotic incredible funny Zoo danger pics Indian cobra Naja naja Asian cobra spectacled cobra 4.jpg,kaggle_india,,venomous,,400,400,2937,False,test
e:\Coding_Notes\Faunari\data\raw\kaggle_india\Snake Images\train\Venomous\Amazing pictures animals photos Nature exotic incredible funny Zoo danger pics Indian cobra Naja naja Asian cobra spectacled cobra 5.jpg,kaggle_india,,venomous,,400,400,2938,False,train
e:\Coding_Notes\Faunari\data\raw\kaggle_india\Snake Images\train\Venomous\Amazing pictures animals photos Nature exotic incredible funny Zoo danger pics Indian cobra Naja naja Asian cobra spectacled cobra 7.jpeg,kaggle_india,,venomous,,768,1024,2939,False,train
e:\Coding_Notes\Faunari\data\raw\kaggle_india\Snake Images\train\Venomous\an-alert-indian-or-spectacled-cobra-naja-naja-c2an7a.jpg,kaggle_india,,venomous,,400,400,2940,False,test
e:\Coding_Notes\Faunari\data\raw\kaggle_india\Snake Images\train\Venomous\an-indian-or-spectacled-cobra-naja-naja-hooding-details-of-the-back-a2c9e6.jpg,kaggle_india,,venomous,,400,400,2941,True,val
e:\Coding_Notes\Faunari\data\raw\kaggle_india\Snake Images\train\Venomous\ap17207013744013.jpg,kaggle_india,,venomous,,400,400,2165,False,train
e:\Coding_Notes\Faunari\data\raw\kaggle_india\Snake Images\train\Venomous\article-0-187EE811000005DC-242_634x594.jpg,kaggle_india,,venomous,,400,400,2942,False,train
e:\Coding_Notes\Faunari\data\raw\kaggle_india\Snake Images\train\Venomous\b3bddd06c161b0b368fca1845dff6e974aa48bcc87495bff50309d9b19296ae7.jpg,kaggle_india,,venomous,,400,400,2166,True,train
e:\Coding_Notes\Faunari\data\raw\kaggle_india\Snake Images\train\Venomous\baby-krait.jpg,kaggle_india,,venomous,,400,400,4077,True,train
e:\Coding_Notes\Faunari\data\raw\kaggle_india\Snake Images\train\Venomous\babyhetalbinocobra.jpg,kaggle_india,,venomous,,400,400,2308,False,train
e:\Coding_Notes\Faunari\data\raw\kaggle_india\Snake Images\train\Venomous\babykingcobra.jpg,kaggle_india,,venomous,,400,400,2167,False,train
e:\Coding_Notes\Faunari\data\raw\kaggle_india\Snake Images\train\Venomous\babymonoclecobra.jpg,kaggle_india,,venomous,,400,400,2309,False,test
e:\Coding_Notes\Faunari\data\raw\kaggle_india\Snake Images\train\Venomous\babymonoclecobra2.jpg,kaggle_india,,venomous,,400,400,2310,False,train
e:\Coding_Notes\Faunari\data\raw\kaggle_india\Snake Images\train\Venomous\babymonoclecobra3.jpg,kaggle_india,,venomous,,400,400,2311,False,train
e:\Coding_Notes\Faunari\data\raw\kaggle_india\Snake Images\train\Venomous\babymonoclecobra4.jpg,kaggle_india,,venomous,,400,400,2312,False,train
e:\Coding_Notes\Faunari\data\raw\kaggle_india\Snake Images\train\Venomous\babymonoclecobradoublehet2.jpg,kaggle_india,,venomous,,400,400,2313,False,train
e:\Coding_Notes\Faunari\data\raw\kaggle_india\Snake Images\train\Venomous\banded krait 1.jpg,kaggle_india,,venomous,,400,400,2028,True,train
e:\Coding_Notes\Faunari\data\raw\kaggle_india\Snake Images\train\Venomous\bd75680b39e0ef57e78736ddc5fa34bd--reptiles-and-amphibians-forest-animals.jpg,kaggle_india,,venomous,,400,400,2314,True,train
e:\Coding_Notes\Faunari\data\raw\kaggle_india\Snake Images\train\Venomous\bi5uo5ktrmbc1bcqqdrf.jpg,kaggle_india,,venomous,,400,400,2315,False,test
e:\Coding_Notes\Faunari\data\raw\kaggle_india\Snake Images\train\Venomous\black-white-krait.jpg,kaggle_india,,venomous,,400,400,2029,False,train
e:\Coding_Notes\Faunari\data\raw\kaggle_india\Snake Images\train\Venomous\blog krait.jpg,kaggle_india,,venomous,,400,400,2030,True,train
e:\Coding_Notes\Faunari\data\raw\kaggle_india\Snake Images\train\Venomous\blog wolf.jpg,kaggle_india,,venomous,,400,400,2031,True,val
e:\Coding_Notes\Faunari\data\raw\kaggle_india\Snake Images\train\Venomous\Bred_to_Leucistic_hood_-_Copy.JPG,kaggle_india,,venomous,,400,400,2316,False,test
e:\Coding_Notes\Faunari\data\raw\kaggle_india\Snake Images\train\Venomous\Bridalsnake.jpg,kaggle_india,,venomous,,400,400,2033,False,test
e:\Coding_Notes\Faunari\data\raw\kaggle_india\Snake Images\train\Venomous\Bungarus-caeruleus-03000022334_01.jpg,kaggle_india,,venomous,,400,400,2034,False,test
e:\Coding_Notes\Faunari\data\raw\kaggle_india\Snake Images\train\Venomous\bungarus-caeruleus-common-krait-venomous-maharashtra-india-h9er12.jpg,kaggle_india,,venomous,,400,400,2035,True,test
e:\Coding_Notes\Faunari\data\raw\kaggle_india\Snake Images\train\Venomous\Bungarus_caerulus.jpg,kaggle_india,,venomous,,400,400,2036,False,train
e:\Coding_Notes\Faunari\data\raw\kaggle_india\Snake Images\train\Venomous\BWMale2a.jpg,kaggle_india,,venomous,,400,400,2317,False,test
e:\Coding_Notes\Faunari\data\raw\kaggle_india\Snake Images\train\Venomous\B_caeruleus_01-800x455.jpg,kaggle_india,,venomous,,400,400,4078,True,train
e:\Coding_Notes\Faunari\data\raw\kaggle_india\Snake Images\train\Venomous\C0066949-Monocled_Cobra_Naja_-SPL.jpg,kaggle_india,,venomous,,400,400,2318,False,train
e:\Coding_Notes\Faunari\data\raw\kaggle_india\Snake Images\train\Venomous\c56c13f758d379f2a173dc607eb3fcce.jpg,kaggle_india,,venomous,,400,400,2319,False,val
e:\Coding_Notes\Faunari\data\raw\kaggle_india\Snake Images\train\Venomous\cape-fear-serpentarium.jpg,kaggle_india,,venomous,,400,400,2943,False,train
e:\Coding_Notes\Faunari\data\raw\kaggle_india\Snake Images\train\Venomous\cbc8f79baa7ed6c6004000dc68f1d8b4.jpg,kaggle_india,,venomous,,400,400,2461,False,train
e:\Coding_Notes\Faunari\data\raw\kaggle_india\Snake Images\train\Venomous\cf2eaebcc9e44ed3880e835f32aaddce--cobra-snake-king-cobra.jpg,kaggle_india,,venomous,,400,400,2320,True,train
e:\Coding_Notes\Faunari\data\raw\kaggle_india\Snake Images\train\Venomous\Chinese Cobra.jpg,kaggle_india,,venomous,,400,400,2321,False,train
e:\Coding_Notes\Faunari\data\raw\kaggle_india\Snake Images\train\Venomous\CJSSKalach1.jpg,kaggle_india,,venomous,,400,400,2038,True,train
e:\Coding_Notes\Faunari\data\raw\kaggle_india\Snake Images\train\Venomous\close-up-of-monocled-cobra-naja-naja-in-field-a5yxg1.jpg,kaggle_india,,venomous,,400,400,2322,False,train
e:\Coding_Notes\Faunari\data\raw\kaggle_india\Snake Images\train\Venomous\Close-up-of-the-head-of-a-king-cobra.jpg,kaggle_india,,venomous,,400,400,2168,False,train
e:\Coding_Notes\Faunari\data\raw\kaggle_india\Snake Images\train\Venomous\cobra (2).jpg,kaggle_india,,venomous,,400,400,2957,False,test
e:\Coding_Notes\Faunari\data\raw\kaggle_india\Snake Images\train\Venomous\Cobra 2.jpg,kaggle_india,,venomous,,400,400,2944,False,train
e:\Coding_Notes\Faunari\data\raw\kaggle_india\Snake Images\train\Venomous\cobra-00.jpg,kaggle_india,,venomous,,400,400,2945,False,train
e:\Coding_Notes\Faunari\data\raw\kaggle_india\Snake Images\train\Venomous\cobra-07.jpg,kaggle_india,,venomous,,400,400,2946,False,train
e:\Coding_Notes\Faunari\data\raw\kaggle_india\Snake Images\train\Venomous\cobra-18-300x200.jpg,kaggle_india,,venomous,,400,400,2947,True,train
e:\Coding_Notes\Faunari\data\raw\kaggle_india\Snake Images\train\Venomous\cobra-22.jpg,kaggle_india,,venomous,,400,400,2948,False,train
e:\Coding_Notes\Faunari\data\raw\kaggle_india\Snake Images\train\Venomous\cobra-23.jpg,kaggle_india,,venomous,,400,400,2949,False,val
e:\Coding_Notes\Faunari\data\raw\kaggle_india\Snake Images\train\Venomous\cobra-24.jpg,kaggle_india,,venomous,,400,400,2950,False,train
e:\Coding_Notes\Faunari\data\raw\kaggle_india\Snake Images\train\Venomous\cobra-28.jpg,kaggle_india,,venomous,,400,400,2951,False,train
e:\Coding_Notes\Faunari\data\raw\kaggle_india\Snake Images\train\Venomous\Cobra-3-412x550.jpg,kaggle_india,,venomous,,400,400,2952,False,val
e:\Coding_Notes\Faunari\data\raw\kaggle_india\Snake Images\train\Venomous\cobra-close-up.jpg,kaggle_india,,venomous,,400,400,2953,False,val
e:\Coding_Notes\Faunari\data\raw\kaggle_india\Snake Images\train\Venomous\cobra-head.jpg,kaggle_india,,venomous,,400,400,2169,True,val
e:\Coding_Notes\Faunari\data\raw\kaggle_india\Snake Images\train\Venomous\Cobra-Hood.jpg,kaggle_india,,venomous,,400,400,2954,False,train
e:\Coding_Notes\Faunari\data\raw\kaggle_india\Snake Images\train\Venomous\cobra-india.jpg,kaggle_india,,venomous,,400,400,2955,True,train
e:\Coding_Notes\Faunari\data\raw\kaggle_india\Snake Images\train\Venomous\cobra-long.jpg,kaggle_india,,venomous,,400,400,2170,False,test
e:\Coding_Notes\Faunari\data\raw\kaggle_india\Snake Images\train\Venomous\cobra-looking-rat-monocled-naja-very-dangerous-food-67192387.jpg,kaggle_india,,venomous,,400,400,2323,True,train
e:\Coding_Notes\Faunari\data\raw\kaggle_india\Snake Images\train\Venomous\Cobra-Monocled-7356-full.jpg,kaggle_india,,venomous,,400,400,2324,False,train
e:\Coding_Notes\Faunari\data\raw\kaggle_india\Snake Images\train\Venomous\cobra-monocled-naja-very-dangerous-looking-rat-food-67509736.jpg,kaggle_india,,venomous,,400,400,2325,True,test
e:\Coding_Notes\Faunari\data\raw\kaggle_india\Snake Images\train\Venomous\cobra-monocled.jpg,kaggle_india,,venomous,,400,400,2326,False,test
e:\Coding_Notes\Faunari\data\raw\kaggle_india\Snake Images\train\Venomous\cobra-snake-in-a-basket-with-money-rajasthan-india-et0tpk.jpg,kaggle_india,,venomous,,400,400,2956,False,test
e:\Coding_Notes\Faunari\data\raw\kaggle_india\Snake Images\train\Venomous\cobra-twins.jpg,kaggle_india,,venomous,,400,400,2327,True,train
e:\Coding_Notes\Faunari\data\raw\kaggle_india\Snake Images\train\Venomous\cobra.jpg,kaggle_india,,venomous,,400,400,2328,False,test
e:\Coding_Notes\Faunari\data\raw\kaggle_india\Snake Images\train\Venomous\cobra14n-1-web.jpg,kaggle_india,,venomous,,400,400,2329,False,train
e:\Coding_Notes\Faunari\data\raw\kaggle_india\Snake Images\train\Venomous\cobra2.jpg,kaggle_india,,venomous,,400,400,2958,True,train
e:\Coding_Notes\Faunari\data\raw\kaggle_india\Snake Images\train\Venomous\cobra6n.jpg,kaggle_india,,venomous,,400,400,2171,False,train
e:\Coding_Notes\Faunari\data\raw\kaggle_india\Snake Images\train\Venomous\cobra_001 (2).jpg,kaggle_india,,venomous,,400,400,2959,False,train
e:\Coding_Notes\Faunari\data\raw\kaggle_india\Snake Images\train\Venomous\cobra_001.jpg,kaggle_india,,venomous,,400,400,2172,False,train
e:\Coding_Notes\Faunari\data\raw\kaggle_india\Snake Images\train\Venomous\cobra_002.jpg,kaggle_india,,venomous,,400,400,2173,False,train
e:\Coding_Notes\Faunari\data\raw\kaggle_india\Snake Images\train\Venomous\cobra_042611-10.jpg,kaggle_india,,venomous,,400,400,2960,False,train
e:\Coding_Notes\Faunari\data\raw\kaggle_india\Snake Images\train\Venomous\cobra_042611-11.jpg,kaggle_india,,venomous,,400,400,2961,False,train
e:\Coding_Notes\Faunari\data\raw\kaggle_india\Snake Images\train\Venomous\cobra_042611-12.jpg,kaggle_india,,venomous,,400,400,2962,False,train
e:\Coding_Notes\Faunari\data\raw\kaggle_india\Snake Images\train\Venomous\cobra_042611-13.jpg,kaggle_india,,venomous,,400,400,2963,False,train
e:\Coding_Notes\Faunari\data\raw\kaggle_india\Snake Images\train\Venomous\cobra_042611-2.jpg,kaggle_india,,venomous,,400,400,2964,False,test
e:\Coding_Notes\Faunari\data\raw\kaggle_india\Snake Images\train\Venomous\cobra_042611-8.jpg,kaggle_india,,venomous,,400,400,2965,True,train
e:\Coding_Notes\Faunari\data\raw\kaggle_india\Snake Images\train\Venomous\cobra_181212-12.jpg,kaggle_india,,venomous,,400,400,2174,False,test
e:\Coding_Notes\Faunari\data\raw\kaggle_india\Snake Images\train\Venomous\cobra_181212-9.jpg,kaggle_india,,venomous,,400,400,2175,False,test
e:\Coding_Notes\Faunari\data\raw\kaggle_india\Snake Images\train\Venomous\Cobra_False 9700_fcw.jpg,kaggle_india,,venomous,,400,400,2966,False,val
e:\Coding_Notes\Faunari\data\raw\kaggle_india\Snake Images\train\Venomous\cobra_monocled.jpg,kaggle_india,,venomous,,400,400,2330,False,test
e:\Coding_Notes\Faunari\data\raw\kaggle_india\Snake Images\train\Venomous\Cobra_Spectacled 4589_fcw.jpg,kaggle_india,,venomous,,400,400,2967,False,test
e:\Coding_Notes\Faunari\data\raw\kaggle_india\Snake Images\train\Venomous\common krait.jpg,kaggle_india,,venomous,,400,400,2040,True,train
e:\Coding_Notes\Faunari\data\raw\kaggle_india\Snake Images\train\Venomous\common kraits.jpg,kaggle_india,,venomous,,400,400,4079,True,test
e:\Coding_Notes\Faunari\data\raw\kaggle_india\Snake Images\train\Venomous\Common krait_001.jpg,kaggle_india,,venomous,,400,400,2042,False,train
e:\Coding_Notes\Faunari\data\raw\kaggle_india\Snake Images\train\Venomous\Common+krait+(tp)+copy.jpg,kaggle_india,,venomous,,400,400,2043,True,test
e:\Coding_Notes\Faunari\data\raw\kaggle_india\Snake Images\train\Venomous\Common-Indian-krait-close-up.jpg,kaggle_india,,venomous,,400,400,2044,False,train
e:\Coding_Notes\Faunari\data\raw\kaggle_india\Snake Images\train\Venomous\Common-Indian-krait-on-ground.jpg,kaggle_india,,venomous,,400,400,2045,False,train
e:\Coding_Notes\Faunari\data\raw\kaggle_india\Snake Images\train\Venomous\Common-Indian-krait-on-leaf-litter.jpg,kaggle_india,,venomous,,400,400,2046,True,train
e:\Coding_Notes\Faunari\data\raw\kaggle_india\Snake Images\train\Venomous\Common-Indian-krait-on-sand.jpg,kaggle_india,,venomous,,400,400,2047,False,test
e:\Coding_Notes\Faunari\data\raw\kaggle_india\Snake Images\train\Venomous\Common-Indian-krait.jpg,kaggle_india,,venomous,,400,400,4080,True,train
e:\Coding_Notes\Faunari\data\raw\kaggle_india\Snake Images\train\Venomous\Common-Indian-krait_001.jpg,kaggle_india,,venomous,,400,400,2049,False,val
e:\Coding_Notes\Faunari\data\raw\kaggle_india\Snake Images\train\Venomous\common-krait-1.jpg,kaggle_india,,venomous,,400,400,2050,False,train
e:\Coding_Notes\Faunari\data\raw\kaggle_india\Snake Images\train\Venomous\Common-Krait-e1463061354216.jpg,kaggle_india,,venomous,,400,400,2051,False,train
e:\Coding_Notes\Faunari\data\raw\kaggle_india\Snake Images\train\Venomous\common-krait-final.jpg,kaggle_india,,venomous,,400,400,4081,True,train
e:\Coding_Notes\Faunari\data\raw\kaggle_india\Snake Images\train\Venomous\Common-Krait-most-dangerous-snake-in-the-world-125x125.jpg,kaggle_india,,venomous,,400,400,2054,True,train
e:\Coding_Notes\Faunari\data\raw\kaggle_india\Snake Images\train\Venomous\common-krait-snake.jpg,kaggle_india,,venomous,,400,400,2055,False,test
e:\Coding_Notes\Faunari\data\raw\kaggle_india\Snake Images\train\Venomous\common-krait-snake_1500128186.jpg,kaggle_india,,venomous,,400,400,2056,True,train
e:\Coding_Notes\Faunari\data\raw\kaggle_india\Snake Images\train\Venomous\common-krait.jpg,kaggle_india,,venomous,,400,400,2057,True,train
e:\Coding_Notes\Faunari\data\raw\kaggle_india\Snake Images\train\Venomous\Common-Krait_001.jpg,kaggle_india,,venomous,,400,400,2058,False,train
e:\Coding_Notes\Faunari\data\raw\kaggle_india\Snake Images\train\Venomous\Common-Krait_002.jpg,kaggle_india,,venomous,,400,400,2059,True,val
e:\Coding_Notes\Faunari\data\raw\kaggle_india\Snake Images\train\Venomous\common-krait_004.jpg,kaggle_india,,venomous,,400,400,2060,False,test
e:\Coding_Notes\Faunari\data\raw\kaggle_india\Snake Images\train\Venomous\common-krait_005.jpg,kaggle_india,,venomous,,400,400,2061,False,train
e:\Coding_Notes\Faunari\data\raw\kaggle_india\Snake Images\train\Venomous\common-krait_006.jpg,kaggle_india,,venomous,,400,400,2062,False,train
e:\Coding_Notes\Faunari\data\raw\kaggle_india\Snake Images\train\Venomous\common-krait_007.jpg,kaggle_india,,venomous,,400,400,4082,True,train
e:\Coding_Notes\Faunari\data\raw\kaggle_india\Snake Images\train\Venomous\common-krait_008.jpg,kaggle_india,,venomous,,400,400,4083,True,train
e:\Coding_Notes\Faunari\data\raw\kaggle_india\Snake Images\train\Venomous\Common-Krait_010.jpg,kaggle_india,,venomous,,400,400,2065,False,train
e:\Coding_Notes\Faunari\data\raw\kaggle_india\Snake Images\train\Venomous\COMMON-KRAIT_011.jpg,kaggle_india,,venomous,,400,400,2066,False,val
e:\Coding_Notes\Faunari\data\raw\kaggle_india\Snake Images\train\Venomous\COMMONKRAIT-medium-init-.jpg,kaggle_india,,venomous,,400,400,2067,True,val
e:\Coding_Notes\Faunari\data\raw\kaggle_india\Snake Images\train\Venomous\Commonkrait.jpg,kaggle_india,,venomous,,400,400,2068,True,train
e:\Coding_Notes\Faunari\data\raw\kaggle_india\Snake Images\train\Venomous\Common_Krait(Bungarus_Caeruleus)_in_Parassinikadavu_Snake_Park.jpg,kaggle_india,,venomous,,400,400,2069,False,train
e:\Coding_Notes\Faunari\data\raw\kaggle_india\Snake Images\train\Venomous\common_krait-bungarus_caeruleus.jpg,kaggle_india,,venomous,,400,400,2070,False,train
e:\Coding_Notes\Faunari\data\raw\kaggle_india\Snake Images\train\Venomous\common_krait.jpg,kaggle_india,,venomous,,400,400,2071,False,train
e:\Coding_Notes\Faunari\data\raw\kaggle_india\Snake Images\train\Venomous\D8B_8271_Daboia_siamensis_Sa_Keao9x16-300x169.jpg,kaggle_india,,venomous,,400,400,2462,True,train
e:\Coding_Notes\Faunari\data\raw\kaggle_india\Snake Images\train\Venomous\D8B_8356_Daboia_Siamensis_Sa_Keao-720x340.jpg,kaggle_india,,venomous,,400,400,2463,False,train
e:\Coding_Notes\Faunari\data\raw\kaggle_india\Snake Images\train\Venomous\daboia russelli copy.jpg,kaggle_india,,venomous,,400,400,2464,False,test
e:\Coding_Notes\Faunari\data\raw\kaggle_india\Snake Images\train\Venomous\Daboia-russelii-03000025913_01.jpg,kaggle_india,,venomous,,400,400,2465,False,train
e:\Coding_Notes\Faunari\data\raw\kaggle_india\Snake Images\train\Venomous\daboia-russelii-russells-viper-displaying-erect-fangs-these-fangs-H9ER3E.jpg,kaggle_india,,venomous,,400,400,2466,False,train
e:\Coding_Notes\Faunari\data\raw\kaggle_india\Snake Images\train\Venomous\daboia-russelii-russells-viper-dr22pc.jpg,kaggle_india,,venomous,,400,400,2467,False,train
e:\Coding_Notes\Faunari\data\raw\kaggle_india\Snake Images\train\Venomous\daboia-russelii-russells-viper-DR22PC_001.jpg,kaggle_india,,venomous,,400,400,2468,False,val
e:\Coding_Notes\Faunari\data\raw\kaggle_india\Snake Images\train\Venomous\daboia-russelii-russells-viper-dr26ah.jpg,kaggle_india,,venomous,,400,400,2469,False,train
e:\Coding_Notes\Faunari\data\raw\kaggle_india\Snake Images\train\Venomous\daboia-russelii-russells-viper-dr26fj.jpg,kaggle_india,,venomous,,400,400,2470,False,test
e:\Coding_Notes\Faunari\data\raw\kaggle_india\Snake Images\train\Venomous\daboia-russelii-russells-viper-these-juvenile-vipers-was-born-in-captivity-H9EPEA.jpg,kaggle_india,,venomous,,400,400,2471,False,train
e:\Coding_Notes\Faunari\data\raw\kaggle_india\Snake Images\train\Venomous\daboia-russelii-russells-viper-venomous-mudumalai-sanctuary-tamilnadu-h9er01.jpg,kaggle_india,,venomous,,400,400,2472,True,train
e:\Coding_Notes\Faunari\data\raw\kaggle_india\Snake Images\train\Venomous\Daboia-russelii-siamensis-russells-viper-chain-viper-bulian1.jpg,kaggle_india,,venomous,,400,400,2473,True,test
e:\Coding_Notes\Faunari\data\raw\kaggle_india\Snake Images\train\Venomous\daboia-siamensis-siamese-russells-viper-800x600.jpg,kaggle_india,,venomous,,400,400,2474,False,train
e:\Coding_Notes\Faunari\data\raw\kaggle_india\Snake Images\train\Venomous\Daboia-siamensis-ΓÇô-Eastern-RussellΓÇÖs-Viper-Siamese-RussellΓÇÖs-Viper-2.jpg,kaggle_india,,venomous,,400,400,2475,False,train
e:\Coding_Notes\Faunari\data\raw\kaggle_india\Snake Images\train\Venomous\daboia-tom-charlton-2011.jpg,kaggle_india,,venomous,,400,400,2476,False,train
e:\Coding_Notes\Faunari\data\raw\kaggle_india\Snake Images\train\Venomous\daboia1l.jpg,kaggle_india,,venomous,,400,400,2477,False,val
e:\Coding_Notes\Faunari\data\raw\kaggle_india\Snake Images\train\Venomous\daboia2l.jpg,kaggle_india,,venomous,,400,400,2478,False,val
e:\Coding_Notes\Faunari\data\raw\kaggle_india\Snake Images\train\Venomous\Daboia_head.jpg,kaggle_india,,venomous,,400,400,2479,True,train
e:\Coding_Notes\Faunari\data\raw\kaggle_india\Snake Images\train\Venomous\Daboia_russelii_A_Chawla01.jpg,kaggle_india,,venomous,,400,400,2480,False,train
e:\Coding_Notes\Faunari\data\raw\kaggle_india\Snake Images\train\Venomous\Daboia_Russelli_in_a_Sensing_moment.jpg,kaggle_india,,venomous,,400,400,2481,True,train
e:\Coding_Notes\Faunari\data\raw\kaggle_india\Snake Images\train\Venomous\Daboia_russelli_ZhimingS.jpg,kaggle_india,,venomous,,400,400,2482,False,train
e:\Coding_Notes\Faunari\data\raw\kaggle_india\Snake Images\train\Venomous\Daboia_siamensis_WN_adult_D8D_5167e.jpg,kaggle_india,,venomous,,400,400,2483,False,test
e:\Coding_Notes\Faunari\data\raw\kaggle_india\Snake Images\train\Venomous\Deinagkistrodon-acutus-coiled-up.jpg,kaggle_india,,venomous,,400,400,2714,False,train
e:\Coding_Notes\Faunari\data\raw\kaggle_india\Snake Images\train\Venomous\depositphotos_6652287-stock-photo-snake-siamese-russell-viper-focus.jpg,kaggle_india,,venomous,,400,400,2484,False,train
e:\Coding_Notes\Faunari\data\raw\kaggle_india\Snake Images\train\Venomous\Desktop14 copy.jpg,kaggle_india,,venomous,,400,400,2715,False,train
e:\Coding_Notes\Faunari\data\raw\kaggle_india\Snake Images\train\Venomous\detail-of-the-head-of-monocled-cobra-during-snake-show-in-bangkok-thailand_vruvptptg__S0000.jpg,kaggle_india,,venomous,,400,400,2331,True,train
e:\Coding_Notes\Faunari\data\raw\kaggle_india\Snake Images\train\Venomous\DSC00767.jpg,kaggle_india,,venomous,,400,400,2716,False,train
e:\Coding_Notes\Faunari\data\raw\kaggle_india\Snake Images\train\Venomous\DSC00799.jpg,kaggle_india,,venomous,,400,400,2485,False,train
e:\Coding_Notes\Faunari\data\raw\kaggle_india\Snake Images\train\Venomous\DSC01378-L.jpg,kaggle_india,,venomous,,400,400,2486,False,train
e:\Coding_Notes\Faunari\data\raw\kaggle_india\Snake Images\train\Venomous\DSC05913a-L.jpg,kaggle_india,,venomous,,400,400,2332,False,train
e:\Coding_Notes\Faunari\data\raw\kaggle_india\Snake Images\train\Venomous\DSC05915-L.jpg,kaggle_india,,venomous,,400,400,4084,True,train
e:\Coding_Notes\Faunari\data\raw\kaggle_india\Snake Images\train\Venomous\DSC09751.JPG,kaggle_india,,venomous,,400,400,2072,True,val
e:\Coding_Notes\Faunari\data\raw\kaggle_india\Snake Images\train\Venomous\dscn2969.jpg,kaggle_india,,venomous,,400,400,2969,False,train
e:\Coding_Notes\Faunari\data\raw\kaggle_india\Snake Images\train\Venomous\DSC_0019_0.jpg,kaggle_india,,venomous,,400,400,2073,False,train
e:\Coding_Notes\Faunari\data\raw\kaggle_india\Snake Images\train\Venomous\dsc_0339.jpg,kaggle_india,,venomous,,400,400,2487,False,train
e:\Coding_Notes\Faunari\data\raw\kaggle_india\Snake Images\train\Venomous\DSC_1797.preview.jpg,kaggle_india,,venomous,,400,400,2488,False,val
e:\Coding_Notes\Faunari\data\raw\kaggle_india\Snake Images\train\Venomous\DSC_1996.JPG,kaggle_india,,venomous,,400,400,2489,False,train
e:\Coding_Notes\Faunari\data\raw\kaggle_india\Snake Images\train\Venomous\DSC_2002.JPG,kaggle_india,,venomous,,400,400,2490,False,train
e:\Coding_Notes\Faunari\data\raw\kaggle_india\Snake Images\train\Venomous\DwJeRobtFhFY.jpg,kaggle_india,,venomous,,400,400,2334,False,train
e:\Coding_Notes\Faunari\data\raw\kaggle_india\Snake Images\train\Venomous\e9a25bbc56927a4a0e2faf09084c710d--data-in-india.jpg,kaggle_india,,venomous,,400,400,2491,False,val
e:\Coding_Notes\Faunari\data\raw\kaggle_india\Snake Images\train\Venomous\eade0eaff607199224e4384a528cd8cc--viper-snakes.jpg,kaggle_india,,venomous,,400,400,2718,True,train
e:\Coding_Notes\Faunari\data\raw\kaggle_india\Snake Images\train\Venomous\eba4efd1c51d679b1ecf1710a29961c2--scary-snakes-cobra-snake.jpg,kaggle_india,,venomous,,400,400,2335,False,train
e:\Coding_Notes\Faunari\data\raw\kaggle_india\Snake Images\train\Venomous\echis-carinata-saw-scaled-viper-non-venomous-photographed-in-pune-h9erx8_001.jpg,kaggle_india,,venomous,,400,400,2720,False,train
e:\Coding_Notes\Faunari\data\raw\kaggle_india\Snake Images\train\Venomous\Echis-carinatus-03000022332_01.jpg,kaggle_india,,venomous,,400,400,2721,False,train
e:\Coding_Notes\Faunari\data\raw\kaggle_india\Snake Images\train\Venomous\Echis-carinatus-03000025920_01.jpg,kaggle_india,,venomous,,400,400,2722,False,train
e:\Coding_Notes\Faunari\data\raw\kaggle_india\Snake Images\train\Venomous\Echis-carinatus-03000032248_01.jpg,kaggle_india,,venomous,,400,400,2723,False,train
e:\Coding_Notes\Faunari\data\raw\kaggle_india\Snake Images\train\Venomous\Echis-carinatus-03000032251_01.jpg,kaggle_india,,venomous,,400,400,2724,False,train
e:\Coding_Notes\Faunari\data\raw\kaggle_india\Snake Images\train\Venomous\echis-carinatus-saw-scaled-viper-commonly-called-venomous-species-found-parts-middle-east-central-64401743.jpg,kaggle_india,,venomous,,400,400,2725,False,test
e:\Coding_Notes\Faunari\data\raw\kaggle_india\Snake Images\train\Venomous\echis-carinatus-saw-scaled-viper-commonly-called-venomous-species-found-parts-middle-east-central-64402010.jpg,kaggle_india,,venomous,,400,400,2726,False,test
e:\Coding_Notes\Faunari\data\raw\kaggle_india\Snake Images\train\Venomous\echis-carinatus-saw-scaled-viper-commonly-called-venomous-species-found-parts-middle-east-central-64402010_001.jpg,kaggle_india,,venomous,,400,400,2727,True,val
e:\Coding_Notes\Faunari\data\raw\kaggle_india\Snake Images\train\Venomous\echis-coloratus-painted-saw-scaled-viper-BN1NXB.jpg,kaggle_india,,venomous,,400,400,2728,False,test
e:\Coding_Notes\Faunari\data\raw\kaggle_india\Snake Images\train\Venomous\echis-coloratus-saw-scaled-viper-bcpdaa.jpg,kaggle_india,,venomous,,400,400,2729,True,test
e:\Coding_Notes\Faunari\data\raw\kaggle_india\Snake Images\train\Venomous\echis-coloratus-saw-scaled-viper-bddyte.jpg,kaggle_india,,venomous,,400,400,2730,True,train
e:\Coding_Notes\Faunari\data\raw\kaggle_india\Snake Images\train\Venomous\echis-coloratus.jpg,kaggle_india,,venomous,,400,400,2731,False,val
e:\Coding_Notes\Faunari\data\raw\kaggle_india\Snake Images\train\Venomous\Echis_carinatus(Saw_Scaled_Viper)_Phansad.jpg,kaggle_india,,venomous,,400,400,2732,False,train
e:\Coding_Notes\Faunari\data\raw\kaggle_india\Snake Images\train\Venomous\Echis_carinatus2.jpg,kaggle_india,,venomous,,400,400,2492,True,val
e:\Coding_Notes\Faunari\data\raw\kaggle_india\Snake Images\train\Venomous\Echis_carinatus5.jpg,kaggle_india,,venomous,,400,400,2733,True,train
e:\Coding_Notes\Faunari\data\raw\kaggle_india\Snake Images\train\Venomous\Echis_carinatus_Gen├¿ve_24102014_3-1024x681.jpg,kaggle_india,,venomous,,400,400,2734,False,train
e:\Coding_Notes\Faunari\data\raw\kaggle_india\Snake Images\train\Venomous\Echis_carinatus_sm.jpg,kaggle_india,,venomous,,400,400,2736,False,train
e:\Coding_Notes\Faunari\data\raw\kaggle_india\Snake Images\train\Venomous\Echis_coloratus-2.jpg,kaggle_india,,venomous,,400,400,2737,False,train
e:\Coding_Notes\Faunari\data\raw\kaggle_india\Snake Images\train\Venomous\Echis_coloratus.jpg,kaggle_india,,venomous,,400,400,2738,False,val
e:\Coding_Notes\Faunari\data\raw\kaggle_india\Snake Images\train\Venomous\ee3e9db881e4fbdde1e5cd3568b7aaa1.jpg,kaggle_india,,venomous,,400,400,2970,False,train
e:\Coding_Notes\Faunari\data\raw\kaggle_india\Snake Images\train\Venomous\Entrancing_Monocled_Cobra_1440x1080.jpg,kaggle_india,,venomous,,400,400,2336,False,train
e:\Coding_Notes\Faunari\data\raw\kaggle_india\Snake Images\train\Venomous\Events-4313-1024x577.jpg,kaggle_india,,venomous,,400,400,2971,False,val
e:\Coding_Notes\Faunari\data\raw\kaggle_india\Snake Images\train\Venomous\exotic_king_cobra1-1030x685.jpg,kaggle_india,,venomous,,400,400,2176,False,train
e:\Coding_Notes\Faunari\data\raw\kaggle_india\Snake Images\train\Venomous\exotic_king_cobra_h.jpg,kaggle_india,,venomous,,400,400,2177,False,train
e:\Coding_Notes\Faunari\data\raw\kaggle_india\Snake Images\train\Venomous\f0854287300e4dbf29dfacce19f436b2.jpg,kaggle_india,,venomous,,400,400,2337,False,test
e:\Coding_Notes\Faunari\data\raw\kaggle_india\Snake Images\train\Venomous\f12e57eaac8a1ef7c70ae60dbfa2a8ca--king-cobra-snakes.jpg,kaggle_india,,venomous,,400,400,4085,True,train
e:\Coding_Notes\Faunari\data\raw\kaggle_india\Snake Images\train\Venomous\f5716d1268715b37ed4d371add3f7600--snake-images-snake-photos.jpg,kaggle_india,,venomous,,400,400,2178,False,train
e:\Coding_Notes\Faunari\data\raw\kaggle_india\Snake Images\train\Venomous\f5f5410cbb701105a26085bc85090b0a--pretty-animals-reptiles-and-amphibians.jpg,kaggle_india,,venomous,,400,400,2973,False,train
e:\Coding_Notes\Faunari\data\raw\kaggle_india\Snake Images\train\Venomous\fc6e1b08020db1b2c9c617930d5779db.jpg,kaggle_india,,venomous,,400,400,2493,False,train
e:\Coding_Notes\Faunari\data\raw\kaggle_india\Snake Images\train\Venomous\File-Daboia_russelii_head_A_Chawla02.jpg,kaggle_india,,venomous,,400,400,2494,False,train
"e:\Coding_Notes\Faunari\data\raw\kaggle_india\Snake Images\train\Venomous\flat,1000x1000,075,f.jpg",kaggle_india,,venomous,,400,400,2974,False,train
"e:\Coding_Notes\Faunari\data\raw\kaggle_india\Snake Images\train\Venomous\flat,1000x1000,075,f.u4.jpg",kaggle_india,,venomous,,400,400,2739,False,train
e:\Coding_Notes\Faunari\data\raw\kaggle_india\Snake Images\train\Venomous\hans-brueur-russells-viper-in-taiwan.jpg,kaggle_india,,venomous,,400,400,2495,False,test
e:\Coding_Notes\Faunari\data\raw\kaggle_india\Snake Images\train\Venomous\hans-russells-viper-head.jpg,kaggle_india,,venomous,,400,400,2496,False,val
e:\Coding_Notes\Faunari\data\raw\kaggle_india\Snake Images\train\Venomous\hans-russells-viper-young.jpg,kaggle_india,,venomous,,400,400,2497,False,train
e:\Coding_Notes\Faunari\data\raw\kaggle_india\Snake Images\train\Venomous\head-of-a-king-cobra-bdktrm.jpg,kaggle_india,,venomous,,400,400,2179,False,test
e:\Coding_Notes\Faunari\data\raw\kaggle_india\Snake Images\train\Venomous\Head-of-Sind-saw-scaled-viper.jpg,kaggle_india,,venomous,,400,400,2740,False,train
e:\Coding_Notes\Faunari\data\raw\kaggle_india\Snake Images\train\Venomous\high-angle-view-of-a-russells-viper-vipera-russellii-india-b1j306.jpg,kaggle_india,,venomous,,400,400,2498,False,val
e:\Coding_Notes\Faunari\data\raw\kaggle_india\Snake Images\train\Venomous\hja3fryte6pc8-0lufn4l7g1pmhn172j-large.jpg,kaggle_india,,venomous,,400,400,2180,False,test
e:\Coding_Notes\Faunari\data\raw\kaggle_india\Snake Images\train\Venomous\hqdefault (2).jpg,kaggle_india,,venomous,,400,400,2338,False,train
e:\Coding_Notes\Faunari\data\raw\kaggle_india\Snake Images\train\Venomous\hqdefault (3).jpg,kaggle_india,,venomous,,400,400,2499,False,test
e:\Coding_Notes\Faunari\data\raw\kaggle_india\Snake Images\train\Venomous\hqdefault (4).jpg,kaggle_india,,venomous,,400,400,2741,False,test
e:\Coding_Notes\Faunari\data\raw\kaggle_india\Snake Images\train\Venomous\hqdefault (5).jpg,kaggle_india,,venomous,,400,400,2975,False,train
e:\Coding_Notes\Faunari\data\raw\kaggle_india\Snake Images\train\Venomous\hqdefault.jpg,kaggle_india,,venomous,,400,400,2074,False,train
e:\Coding_Notes\Faunari\data\raw\kaggle_india\Snake Images\train\Venomous\hqdefault_001.jpg,kaggle_india,,venomous,,400,400,2976,False,val
e:\Coding_Notes\Faunari\data\raw\kaggle_india\Snake Images\train\Venomous\hqdefault_003 (2).jpg,kaggle_india,,venomous,,400,400,2500,False,train
e:\Coding_Notes\Faunari\data\raw\kaggle_india\Snake Images\train\Venomous\hqdefault_003 (3).jpg,kaggle_india,,venomous,,400,400,2742,False,train
e:\Coding_Notes\Faunari\data\raw\kaggle_india\Snake Images\train\Venomous\hqdefault_003 (4).jpg,kaggle_india,,venomous,,400,400,2977,False,train
e:\Coding_Notes\Faunari\data\raw\kaggle_india\Snake Images\train\Venomous\hqdefault_003.jpg,kaggle_india,,venomous,,400,400,2075,False,val
e:\Coding_Notes\Faunari\data\raw\kaggle_india\Snake Images\train\Venomous\hqdefault_004 (2).jpg,kaggle_india,,venomous,,400,400,2743,False,train
e:\Coding_Notes\Faunari\data\raw\kaggle_india\Snake Images\train\Venomous\hqdefault_004 (3).jpg,kaggle_india,,venomous,,400,400,2978,False,val
e:\Coding_Notes\Faunari\data\raw\kaggle_india\Snake Images\train\Venomous\hqdefault_004.jpg,kaggle_india,,venomous,,400,400,2501,False,train
e:\Coding_Notes\Faunari\data\raw\kaggle_india\Snake Images\train\Venomous\hqdefault_005 (2).jpg,kaggle_india,,venomous,,400,400,2502,False,train
e:\Coding_Notes\Faunari\data\raw\kaggle_india\Snake Images\train\Venomous\hqdefault_005 (3).jpg,kaggle_india,,venomous,,400,400,2979,False,train
e:\Coding_Notes\Faunari\data\raw\kaggle_india\Snake Images\train\Venomous\hqdefault_005.jpg,kaggle_india,,venomous,,400,400,2339,False,test
e:\Coding_Notes\Faunari\data\raw\kaggle_india\Snake Images\train\Venomous\hqdefault_007 (2).jpg,kaggle_india,,venomous,,400,400,2181,False,val
e:\Coding_Notes\Faunari\data\raw\kaggle_india\Snake Images\train\Venomous\hqdefault_007 (3).jpg,kaggle_india,,venomous,,400,400,2503,False,train
e:\Coding_Notes\Faunari\data\raw\kaggle_india\Snake Images\train\Venomous\hqdefault_007 (4).jpg,kaggle_india,,venomous,,400,400,2744,False,test
e:\Coding_Notes\Faunari\data\raw\kaggle_india\Snake Images\train\Venomous\hqdefault_007.jpg,kaggle_india,,venomous,,400,400,2076,False,train
e:\Coding_Notes\Faunari\data\raw\kaggle_india\Snake Images\train\Venomous\hqdefault_008.jpg,kaggle_india,,venomous,,400,400,2745,False,train
e:\Coding_Notes\Faunari\data\raw\kaggle_india\Snake Images\train\Venomous\hqdefault_009 (2).jpg,kaggle_india,,venomous,,400,400,2746,False,train
e:\Coding_Notes\Faunari\data\raw\kaggle_india\Snake Images\train\Venomous\hqdefault_009.jpg,kaggle_india,,venomous,,400,400,2077,False,train
e:\Coding_Notes\Faunari\data\raw\kaggle_india\Snake Images\train\Venomous\httpwww.indianaturewatch.net12.jpg,kaggle_india,,venomous,,400,400,2504,False,train
e:\Coding_Notes\Faunari\data\raw\kaggle_india\Snake Images\train\Venomous\ht_saw_scaled_viper_heart_attack_treatment_lpl_130221_wmain.jpg,kaggle_india,,venomous,,400,400,2747,False,val
e:\Coding_Notes\Faunari\data\raw\kaggle_india\Snake Images\train\Venomous\ika-80438-reptiles-snakes-cobra-indian-spectacled-cobra-naja-naja-CE8PWP.jpg,kaggle_india,,venomous,,400,400,4086,True,train
e:\Coding_Notes\Faunari\data\raw\kaggle_india\Snake Images\train\Venomous\image-20151211-8314-1qqw4l0.JPG,kaggle_india,,venomous,,400,400,2505,False,train
e:\Coding_Notes\Faunari\data\raw\kaggle_india\Snake Images\train\Venomous\image002.jpg,kaggle_india,,venomous,,400,400,2079,True,test
e:\Coding_Notes\Faunari\data\raw\kaggle_india\Snake Images\train\Venomous\image304.jpg,kaggle_india,,venomous,,400,400,2080,True,test
e:\Coding_Notes\Faunari\data\raw\kaggle_india\Snake Images\train\Venomous\image306.jpg,kaggle_india,,venomous,,400,400,2981,True,train
e:\Coding_Notes\Faunari\data\raw\kaggle_india\Snake Images\train\Venomous\image349.jpg,kaggle_india,,venomous,,400,400,2506,True,hardcase
e:\Coding_Notes\Faunari\data\raw\kaggle_india\Snake Images\train\Venomous\image354.jpg,kaggle_india,,venomous,,400,400,2748,True,train
e:\Coding_Notes\Faunari\data\raw\kaggle_india\Snake Images\train\Venomous\IMG_0010 (1).JPG,kaggle_india,,venomous,,400,400,4087,True,val
e:\Coding_Notes\Faunari\data\raw\kaggle_india\Snake Images\train\Venomous\img_09221.jpg,kaggle_india,,venomous,,400,400,2340,False,val
e:\Coding_Notes\Faunari\data\raw\kaggle_india\Snake Images\train\Venomous\img_09311.jpg,kaggle_india,,venomous,,400,400,2341,False,train
e:\Coding_Notes\Faunari\data\raw\kaggle_india\Snake Images\train\Venomous\IMG_1426-Edit.jpg,kaggle_india,,venomous,,400,400,2507,False,train
e:\Coding_Notes\Faunari\data\raw\kaggle_india\Snake Images\train\Venomous\IMG_1494.jpg,kaggle_india,,venomous,,400,400,2982,False,train
e:\Coding_Notes\Faunari\data\raw\kaggle_india\Snake Images\train\Venomous\img_1663_large.jpg,kaggle_india,,venomous,,400,400,2508,False,test
e:\Coding_Notes\Faunari\data\raw\kaggle_india\Snake Images\train\Venomous\img_2505.jpg,kaggle_india,,venomous,,400,400,4088,True,train
e:\Coding_Notes\Faunari\data\raw\kaggle_india\Snake Images\train\Venomous\IMG_3067_1-5.jpg,kaggle_india,,venomous,,400,400,2983,False,train
e:\Coding_Notes\Faunari\data\raw\kaggle_india\Snake Images\train\Venomous\IMG_3074_1.jpg,kaggle_india,,venomous,,400,400,2984,False,train
e:\Coding_Notes\Faunari\data\raw\kaggle_india\Snake Images\train\Venomous\IMG_3806-2.jpg,kaggle_india,,venomous,,400,400,2750,False,train
e:\Coding_Notes\Faunari\data\raw\kaggle_india\Snake Images\train\Venomous\IMG_3808-2.jpg,kaggle_india,,venomous,,400,400,2751,False,train
e:\Coding_Notes\Faunari\data\raw\kaggle_india\Snake Images\train\Venomous\IMG_3809-2.jpg,kaggle_india,,venomous,,400,400,2509,False,train
e:\Coding_Notes\Faunari\data\raw\kaggle_india\Snake Images\train\Venomous\IMG_3822-2.jpg,kaggle_india,,venomous,,400,400,2510,False,train
e:\Coding_Notes\Faunari\data\raw\kaggle_india\Snake Images\train\Venomous\IMG_3863-2.jpg,kaggle_india,,venomous,,400,400,2985,False,train
e:\Coding_Notes\Faunari\data\raw\kaggle_india\Snake Images\train\Venomous\IMG_4386-2 (2).jpg,kaggle_india,,venomous,,400,400,2511,False,train
e:\Coding_Notes\Faunari\data\raw\kaggle_india\Snake Images\train\Venomous\IMG_4386-2.jpg,kaggle_india,,venomous,,400,400,2511,False,train
e:\Coding_Notes\Faunari\data\raw\kaggle_india\Snake Images\train\Venomous\IMG_4588.jpg,kaggle_india,,venomous,,400,400,2752,False,train
e:\Coding_Notes\Faunari\data\raw\kaggle_india\Snake Images\train\Venomous\IMG_4625-2.jpg,kaggle_india,,venomous,,400,400,2512,False,train
e:\Coding_Notes\Faunari\data\raw\kaggle_india\Snake Images\train\Venomous\IMG_5785.jpg,kaggle_india,,venomous,,400,400,2986,False,train
e:\Coding_Notes\Faunari\data\raw\kaggle_india\Snake Images\train\Venomous\IMG_5793.preview.jpg,kaggle_india,,venomous,,400,400,2987,False,train
e:\Coding_Notes\Faunari\data\raw\kaggle_india\Snake Images\train\Venomous\IMG_5971-2.jpg,kaggle_india,,venomous,,400,400,2988,False,train
e:\Coding_Notes\Faunari\data\raw\kaggle_india\Snake Images\train\Venomous\IMG_7375.jpg,kaggle_india,,venomous,,400,400,2182,False,train
e:\Coding_Notes\Faunari\data\raw\kaggle_india\Snake Images\train\Venomous\IMG_7415.jpg,kaggle_india,,venomous,,400,400,2183,False,train
e:\Coding_Notes\Faunari\data\raw\kaggle_india\Snake Images\train\Venomous\IMG_7421.jpg,kaggle_india,,venomous,,400,400,2184,False,train
e:\Coding_Notes\Faunari\data\raw\kaggle_india\Snake Images\train\Venomous\Indian Spectacled Cobra.jpg,kaggle_india,,venomous,,400,400,2990,False,train
e:\Coding_Notes\Faunari\data\raw\kaggle_india\Snake Images\train\Venomous\indian-cobra-20569186.jpg,kaggle_india,,venomous,,400,400,2991,True,train
e:\Coding_Notes\Faunari\data\raw\kaggle_india\Snake Images\train\Venomous\indian-cobra-asian-cobra-or-spectacled-cobra-naja-naja-in-a-snake-EB2R58.jpg,kaggle_india,,venomous,,400,400,2992,False,train
e:\Coding_Notes\Faunari\data\raw\kaggle_india\Snake Images\train\Venomous\indian-cobra-asian-cobra-or-spectacled-cobra-naja-naja-in-a-snake-eb2r58_001.jpg,kaggle_india,,venomous,,400,400,2993,False,train
e:\Coding_Notes\Faunari\data\raw\kaggle_india\Snake Images\train\Venomous\indian-cobra-asian-cobra-or-spectacled-cobra-naja-naja-in-a-snake-EB2T9E.jpg,kaggle_india,,venomous,,400,400,2994,False,val
e:\Coding_Notes\Faunari\data\raw\kaggle_india\Snake Images\train\Venomous\indian-cobra-asian-cobra-or-spectacled-cobra-naja-naja-pettigalawatta-DWNMJ8.jpg,kaggle_india,,venomous,,400,400,2995,False,train
e:\Coding_Notes\Faunari\data\raw\kaggle_india\Snake Images\train\Venomous\indian-cobra-back-hood.jpg,kaggle_india,,venomous,,400,400,2996,False,train
e:\Coding_Notes\Faunari\data\raw\kaggle_india\Snake Images\train\Venomous\Indian-cobra-defending-eggs.jpg,kaggle_india,,venomous,,400,400,2997,False,train
e:\Coding_Notes\Faunari\data\raw\kaggle_india\Snake Images\train\Venomous\Indian-cobra-defensive-posture.jpg,kaggle_india,,venomous,,400,400,2998,False,train
e:\Coding_Notes\Faunari\data\raw\kaggle_india\Snake Images\train\Venomous\indian-cobra-front_2.jpg,kaggle_india,,venomous,,400,400,2999,False,train
e:\Coding_Notes\Faunari\data\raw\kaggle_india\Snake Images\train\Venomous\Indian-Cobra-Hood.jpg,kaggle_india,,venomous,,400,400,3000,False,test
e:\Coding_Notes\Faunari\data\raw\kaggle_india\Snake Images\train\Venomous\indian-cobra-or-spectacled-cobra-naja-naja-naja-asia-DXG9K2.jpg,kaggle_india,,venomous,,400,400,3001,False,train
e:\Coding_Notes\Faunari\data\raw\kaggle_india\Snake Images\train\Venomous\indian-cobra-or-spectacled-cobra-naja-naja-sri-lanka-hnb77m.jpg,kaggle_india,,venomous,,400,400,3002,False,train
e:\Coding_Notes\Faunari\data\raw\kaggle_india\Snake Images\train\Venomous\indian-cobra-or-spectacled-cobra-naja-naja-sri-lanka-hnb77x.jpg,kaggle_india,,venomous,,400,400,3003,False,train
e:\Coding_Notes\Faunari\data\raw\kaggle_india\Snake Images\train\Venomous\indian-cobra-or-spectacled-cobra-naja-naja-sri-lanka-hnb78b.jpg,kaggle_india,,venomous,,400,400,3004,True,train
e:\Coding_Notes\Faunari\data\raw\kaggle_india\Snake Images\train\Venomous\indian-cobra-or-spectacled-cobra-naja-naja-sri-lanka-hnb78w.jpg,kaggle_india,,venomous,,400,400,3005,False,val
e:\Coding_Notes\Faunari\data\raw\kaggle_india\Snake Images\train\Venomous\indian-cobra-or-spectacled-cobra-naja-naja-sri-lanka-hnb799.jpg,kaggle_india,,venomous,,400,400,3006,False,train
e:\Coding_Notes\Faunari\data\raw\kaggle_india\Snake Images\train\Venomous\indian-cobra-or-spectacled-cobra-naja-naja-sri-lanka-hnb79m.jpg,kaggle_india,,venomous,,400,400,3007,False,train
e:\Coding_Notes\Faunari\data\raw\kaggle_india\Snake Images\train\Venomous\indian-cobra-or-spectacled-cobra-naja-naja-sri-lanka-hnb79y.jpg,kaggle_india,,venomous,,400,400,3008,False,val
e:\Coding_Notes\Faunari\data\raw\kaggle_india\Snake Images\train\Venomous\Indian-Cobra-Photo.jpg,kaggle_india,,venomous,,400,400,3009,False,val
e:\Coding_Notes\Faunari\data\raw\kaggle_india\Snake Images\train\Venomous\indian-cobra-spectacled-cobra-asian-cobra-binocellate-cobra-naja-naja-E154DT.jpg,kaggle_india,,venomous,,400,400,3010,False,train
e:\Coding_Notes\Faunari\data\raw\kaggle_india\Snake Images\train\Venomous\indian-cobra-spectacled-cobra-naja-naja-hpwewd.jpg,kaggle_india,,venomous,,400,400,3011,False,test
e:\Coding_Notes\Faunari\data\raw\kaggle_india\Snake Images\train\Venomous\indian-cobra-spectacled-cobra-naja-naja-hpweww.jpg,kaggle_india,,venomous,,400,400,3012,True,train
e:\Coding_Notes\Faunari\data\raw\kaggle_india\Snake Images\train\Venomous\indian-cobra-spectacled-cobra-naja-naja-hpwexf.jpg,kaggle_india,,venomous,,400,400,3013,False,train
e:\Coding_Notes\Faunari\data\raw\kaggle_india\Snake Images\train\Venomous\indian-cobra-spectacled-cobra-naja-naja-hpwexk.jpg,kaggle_india,,venomous,,400,400,3014,False,val
e:\Coding_Notes\Faunari\data\raw\kaggle_india\Snake Images\train\Venomous\indian-cobra-spectacled-cobra-naja-naja-in-aggressive-posture-with-hpyagt.jpg,kaggle_india,,venomous,,400,400,3015,True,val
e:\Coding_Notes\Faunari\data\raw\kaggle_india\Snake Images\train\Venomous\Indian-cobra-with-head-raised-in-habitat.jpg,kaggle_india,,venomous,,400,400,3016,False,train
e:\Coding_Notes\Faunari\data\raw\kaggle_india\Snake Images\train\Venomous\Indian-cobra-with-head-raised-ventral-view.jpg,kaggle_india,,venomous,,400,400,3017,False,test
e:\Coding_Notes\Faunari\data\raw\kaggle_india\Snake Images\train\Venomous\Indian-cobra-young-hatching.jpg,kaggle_india,,venomous,,400,400,3018,False,train
e:\Coding_Notes\Faunari\data\raw\kaggle_india\Snake Images\train\Venomous\indian-cobra.jpg,kaggle_india,,venomous,,400,400,3019,True,test
e:\Coding_Notes\Faunari\data\raw\kaggle_india\Snake Images\train\Venomous\Indian-Cobra_001.jpg,kaggle_india,,venomous,,400,400,3020,False,test
e:\Coding_Notes\Faunari\data\raw\kaggle_india\Snake Images\train\Venomous\indian-cobra_002.jpg,kaggle_india,,venomous,,400,400,3021,True,val
e:\Coding_Notes\Faunari\data\raw\kaggle_india\Snake Images\train\Venomous\indian-cobra_003.jpg,kaggle_india,,venomous,,400,400,3022,True,train
e:\Coding_Notes\Faunari\data\raw\kaggle_india\Snake Images\train\Venomous\INDIAN-COBRA_004.jpg,kaggle_india,,venomous,,400,400,3023,False,train
e:\Coding_Notes\Faunari\data\raw\kaggle_india\Snake Images\train\Venomous\Indian-Russells-Viper.jpg,kaggle_india,,venomous,,400,400,2513,False,train
e:\Coding_Notes\Faunari\data\raw\kaggle_india\Snake Images\train\Venomous\indian-saw-scaled-viper-echis-carinatus-hpwf67.jpg,kaggle_india,,venomous,,400,400,2753,False,test
e:\Coding_Notes\Faunari\data\raw\kaggle_india\Snake Images\train\Venomous\indian-saw-scaled-viper-echis-carinatus-HPWF67_001.jpg,kaggle_india,,venomous,,400,400,2754,False,train
e:\Coding_Notes\Faunari\data\raw\kaggle_india\Snake Images\train\Venomous\indian-saw-scaled-viper-echis-carinatus-HPWF6H.jpg,kaggle_india,,venomous,,400,400,2755,False,train
e:\Coding_Notes\Faunari\data\raw\kaggle_india\Snake Images\train\Venomous\indian-snake-spectacled-cobra-naja-naja-hood-open-rear-back-rearview-ce8pwr.jpg,kaggle_india,,venomous,,400,400,3024,False,test
e:\Coding_Notes\Faunari\data\raw\kaggle_india\Snake Images\train\Venomous\indian-spectacled-cobra-close-up-c568dh.jpg,kaggle_india,,venomous,,400,400,3025,True,val
e:\Coding_Notes\Faunari\data\raw\kaggle_india\Snake Images\train\Venomous\Indiancobra.jpg,kaggle_india,,venomous,,400,400,3026,False,train
e:\Coding_Notes\Faunari\data\raw\kaggle_india\Snake Images\train\Venomous\IndianKraitKhopoli.jpg,kaggle_india,,venomous,,400,400,2082,False,train
e:\Coding_Notes\Faunari\data\raw\kaggle_india\Snake Images\train\Venomous\Indian_cobra.jpg,kaggle_india,,venomous,,400,400,3027,False,train
e:\Coding_Notes\Faunari\data\raw\kaggle_india\Snake Images\train\Venomous\interesting-facts-about-king-cobras.jpg,kaggle_india,,venomous,,400,400,2185,False,train
e:\Coding_Notes\Faunari\data\raw\kaggle_india\Snake Images\train\Venomous\jaideep-king-cobra_full-body-copy.jpg,kaggle_india,,venomous,,400,400,2186,True,train
e:\Coding_Notes\Faunari\data\raw\kaggle_india\Snake Images\train\Venomous\jakob-lehner-monocled-cobra.jpg,kaggle_india,,venomous,,400,400,2342,False,val
e:\Coding_Notes\Faunari\data\raw\kaggle_india\Snake Images\train\Venomous\jrr-80436-reptiles-snakes-cobra-indian-spectacled-cobra-naja-naja-CE8PX4.jpg,kaggle_india,,venomous,,400,400,3028,False,train
e:\Coding_Notes\Faunari\data\raw\kaggle_india\Snake Images\train\Venomous\july_033.jpg,kaggle_india,,venomous,,400,400,2083,False,train
e:\Coding_Notes\Faunari\data\raw\kaggle_india\Snake Images\train\Venomous\Juvenile-king-cobra---defensive-posture.jpg,kaggle_india,,venomous,,400,400,2187,False,train
e:\Coding_Notes\Faunari\data\raw\kaggle_india\Snake Images\train\Venomous\juvenile-russells-viper.jpg,kaggle_india,,venomous,,400,400,2514,True,val
e:\Coding_Notes\Faunari\data\raw\kaggle_india\Snake Images\train\Venomous\k (6).jpg,kaggle_india,,venomous,,400,400,2084,True,train
e:\Coding_Notes\Faunari\data\raw\kaggle_india\Snake Images\train\Venomous\Kanha-426_Spectacled-Cobra.jpg,kaggle_india,,venomous,,400,400,3029,False,train
e:\Coding_Notes\Faunari\data\raw\kaggle_india\Snake Images\train\Venomous\King Cobra Eating Rat.jpg,kaggle_india,,venomous,,400,400,2188,False,train
"e:\Coding_Notes\Faunari\data\raw\kaggle_india\Snake Images\train\Venomous\King cobra, 1874 engraving.jpg",kaggle_india,,venomous,,400,400,2189,False,train
"e:\Coding_Notes\Faunari\data\raw\kaggle_india\Snake Images\train\Venomous\King cobra, Enygmatic-Halcyon-Wikipedia.jpg",kaggle_india,,venomous,,400,400,2190,False,val
e:\Coding_Notes\Faunari\data\raw\kaggle_india\Snake Images\train\Venomous\king-cobra-1.jpg,kaggle_india,,venomous,,400,400,2191,False,train
e:\Coding_Notes\Faunari\data\raw\kaggle_india\Snake Images\train\Venomous\king-cobra-1_001.jpg,kaggle_india,,venomous,,400,400,2192,False,train
e:\Coding_Notes\Faunari\data\raw\kaggle_india\Snake Images\train\Venomous\king-cobra-9.jpg,kaggle_india,,venomous,,400,400,2193,False,train
e:\Coding_Notes\Faunari\data\raw\kaggle_india\Snake Images\train\Venomous\King-Cobra-baby-1.jpg,kaggle_india,,venomous,,400,400,2194,True,train
e:\Coding_Notes\Faunari\data\raw\kaggle_india\Snake Images\train\Venomous\king-cobra-bg.jpg,kaggle_india,,venomous,,400,400,2195,False,test
e:\Coding_Notes\Faunari\data\raw\kaggle_india\Snake Images\train\Venomous\King-Cobra-by-kokotewan-640x326.jpg,kaggle_india,,venomous,,400,400,2196,False,train
e:\Coding_Notes\Faunari\data\raw\kaggle_india\Snake Images\train\Venomous\King-Cobra-captive.jpg,kaggle_india,,venomous,,400,400,2197,False,train
e:\Coding_Notes\Faunari\data\raw\kaggle_india\Snake Images\train\Venomous\king-cobra-catching-and-feeding-on-indian-cobra.jpg,kaggle_india,,venomous,,400,400,3030,True,train
e:\Coding_Notes\Faunari\data\raw\kaggle_india\Snake Images\train\Venomous\king-cobra-facts-for-kids1-e1359370651750.jpg,kaggle_india,,venomous,,400,400,2198,True,train
e:\Coding_Notes\Faunari\data\raw\kaggle_india\Snake Images\train\Venomous\king-cobra-head1.jpg,kaggle_india,,venomous,,400,400,2199,False,train
e:\Coding_Notes\Faunari\data\raw\kaggle_india\Snake Images\train\Venomous\King-Cobra-India.jpg,kaggle_india,,venomous,,400,400,2200,False,train
e:\Coding_Notes\Faunari\data\raw\kaggle_india\Snake Images\train\Venomous\king-cobra-juvenile-445px.jpg,kaggle_india,,venomous,,400,400,2201,False,train
e:\Coding_Notes\Faunari\data\raw\kaggle_india\Snake Images\train\Venomous\king-cobra-ophiophagus-hannah-800x600.jpg,kaggle_india,,venomous,,400,400,2202,False,train
e:\Coding_Notes\Faunari\data\raw\kaggle_india\Snake Images\train\Venomous\king-cobra-ophiophagus-hannah-800x600_001.jpg,kaggle_india,,venomous,,400,400,2203,False,train
e:\Coding_Notes\Faunari\data\raw\kaggle_india\Snake Images\train\Venomous\king-cobra-ophiophagus-hannah-swallowing-a-rat-snake-bali-indonesia-EG8D80.jpg,kaggle_india,,venomous,,400,400,2204,False,test
e:\Coding_Notes\Faunari\data\raw\kaggle_india\Snake Images\train\Venomous\King-cobra-partially-displaying-hood.jpg,kaggle_india,,venomous,,400,400,2205,False,train
e:\Coding_Notes\Faunari\data\raw\kaggle_india\Snake Images\train\Venomous\King-Cobra-rescued-from-Dukura-range-copy.jpg,kaggle_india,,venomous,,400,400,2206,False,train
e:\Coding_Notes\Faunari\data\raw\kaggle_india\Snake Images\train\Venomous\King-cobra-resting.jpg,kaggle_india,,venomous,,400,400,2207,False,train
e:\Coding_Notes\Faunari\data\raw\kaggle_india\Snake Images\train\Venomous\King-cobra-side-profile.jpg,kaggle_india,,venomous,,400,400,2208,False,train
e:\Coding_Notes\Faunari\data\raw\kaggle_india\Snake Images\train\Venomous\king-cobra-slither.adapt.945.1.jpg,kaggle_india,,venomous,,400,400,2209,False,train
e:\Coding_Notes\Faunari\data\raw\kaggle_india\Snake Images\train\Venomous\king-cobra-snake.jpg,kaggle_india,,venomous,,400,400,2210,False,train
e:\Coding_Notes\Faunari\data\raw\kaggle_india\Snake Images\train\Venomous\king-cobra-snake_001.jpg,kaggle_india,,venomous,,400,400,2211,True,test
e:\Coding_Notes\Faunari\data\raw\kaggle_india\Snake Images\train\Venomous\King-cobra-swimming-hunting-other-snakes-along-the-edge-of-a-mangrove-river.jpg,kaggle_india,,venomous,,400,400,2212,False,train
e:\Coding_Notes\Faunari\data\raw\kaggle_india\Snake Images\train\Venomous\King-Cobra-Thailand.jpg,kaggle_india,,venomous,,400,400,2213,False,train
e:\Coding_Notes\Faunari\data\raw\kaggle_india\Snake Images\train\Venomous\king-cobra-wallpapers-desktop-background.jpg,kaggle_india,,venomous,,400,400,2214,False,train
e:\Coding_Notes\Faunari\data\raw\kaggle_india\Snake Images\train\Venomous\king-cobra-web.jpg,kaggle_india,,venomous,,400,400,2215,False,train
e:\Coding_Notes\Faunari\data\raw\kaggle_india\Snake Images\train\Venomous\king-cobras-live_820c5cd24bab67fc.jpg,kaggle_india,,venomous,,400,400,2216,False,train
e:\Coding_Notes\Faunari\data\raw\kaggle_india\Snake Images\train\Venomous\King-Cobra_003.jpg,kaggle_india,,venomous,,400,400,2217,False,train
e:\Coding_Notes\Faunari\data\raw\kaggle_india\Snake Images\train\Venomous\king-cobra_004.jpg,kaggle_india,,venomous,,400,400,2218,False,train
e:\Coding_Notes\Faunari\data\raw\kaggle_india\Snake Images\train\Venomous\King-Cobra_005.jpg,kaggle_india,,venomous,,400,400,2219,True,val
e:\Coding_Notes\Faunari\data\raw\kaggle_india\Snake Images\train\Venomous\king-cobra_006.jpg,kaggle_india,,venomous,,400,400,2220,True,train
e:\Coding_Notes\Faunari\data\raw\kaggle_india\Snake Images\train\Venomous\king-cobra_008.jpg,kaggle_india,,venomous,,400,400,2221,False,train
e:\Coding_Notes\Faunari\data\raw\kaggle_india\Snake Images\train\Venomous\king-cobra_009.jpg,kaggle_india,,venomous,,400,400,2222,True,test
e:\Coding_Notes\Faunari\data\raw\kaggle_india\Snake Images\train\Venomous\king-cobra_0164.jpg,kaggle_india,,venomous,,400,400,2223,True,train
e:\Coding_Notes\Faunari\data\raw\kaggle_india\Snake Images\train\Venomous\king-cobra_624.jpg,kaggle_india,,venomous,,400,400,2224,False,train
e:\Coding_Notes\Faunari\data\raw\kaggle_india\Snake Images\train\Venomous\kingcobra-001.jpg,kaggle_india,,venomous,,400,400,2225,False,val
e:\Coding_Notes\Faunari\data\raw\kaggle_india\Snake Images\train\Venomous\kingcobra-002.jpg,kaggle_india,,venomous,,400,400,2226,False,train
e:\Coding_Notes\Faunari\data\raw\kaggle_india\Snake Images\train\Venomous\KingCobra-and-I_web.jpg,kaggle_india,,venomous,,400,400,2227,False,train
e:\Coding_Notes\Faunari\data\raw\kaggle_india\Snake Images\train\Venomous\KingCobra1.jpg,kaggle_india,,venomous,,400,400,2228,False,train
e:\Coding_Notes\Faunari\data\raw\kaggle_india\Snake Images\train\Venomous\KingCobra_001.jpg,kaggle_india,,venomous,,400,400,2229,False,train
e:\Coding_Notes\Faunari\data\raw\kaggle_india\Snake Images\train\Venomous\kingcobra_002.JPG,kaggle_india,,venomous,,400,400,2230,False,train
e:\Coding_Notes\Faunari\data\raw\kaggle_india\Snake Images\train\Venomous\KingCobra_003.jpg,kaggle_india,,venomous,,400,400,4089,True,train
e:\Coding_Notes\Faunari\data\raw\kaggle_india\Snake Images\train\Venomous\king_cobra_1.jpg,kaggle_india,,venomous,,400,400,2234,False,test
e:\Coding_Notes\Faunari\data\raw\kaggle_india\Snake Images\train\Venomous\king_cobra_1_001.jpg,kaggle_india,,venomous,,400,400,2235,True,train
e:\Coding_Notes\Faunari\data\raw\kaggle_india\Snake Images\train\Venomous\King_Cobra_25.jpg,kaggle_india,,venomous,,400,400,2236,False,test
e:\Coding_Notes\Faunari\data\raw\kaggle_india\Snake Images\train\Venomous\King_Cobra_Head.jpg,kaggle_india,,venomous,,400,400,2237,False,test
e:\Coding_Notes\Faunari\data\raw\kaggle_india\Snake Images\train\Venomous\king_cobra_picture.jpg,kaggle_india,,venomous,,400,400,2238,False,train
e:\Coding_Notes\Faunari\data\raw\kaggle_india\Snake Images\train\Venomous\Krabi_King_Cobra_Show_4.jpg,kaggle_india,,venomous,,400,400,2343,False,val
e:\Coding_Notes\Faunari\data\raw\kaggle_india\Snake Images\train\Venomous\Krait-6.jpg,kaggle_india,,venomous,,400,400,2085,False,val
e:\Coding_Notes\Faunari\data\raw\kaggle_india\Snake Images\train\Venomous\krait.jpg,kaggle_india,,venomous,,400,400,4090,True,val
e:\Coding_Notes\Faunari\data\raw\kaggle_india\Snake Images\train\Venomous\Krait1-614x406.jpg,kaggle_india,,venomous,,400,400,2087,False,val
e:\Coding_Notes\Faunari\data\raw\kaggle_india\Snake Images\train\Venomous\krait1.jpg,kaggle_india,,venomous,,400,400,2088,False,train
e:\Coding_Notes\Faunari\data\raw\kaggle_india\Snake Images\train\Venomous\krait2.jpg,kaggle_india,,venomous,,400,400,2089,False,train
e:\Coding_Notes\Faunari\data\raw\kaggle_india\Snake Images\train\Venomous\KRAIT2_H.JPG,kaggle_india,,venomous,,400,400,2041,False,test
e:\Coding_Notes\Faunari\data\raw\kaggle_india\Snake Images\train\Venomous\Krait_Common.jpg,kaggle_india,,venomous,,400,400,2090,True,hardcase
e:\Coding_Notes\Faunari\data\raw\kaggle_india\Snake Images\train\Venomous\KRAIT_HA.JPG,kaggle_india,,venomous,,400,400,4091,True,val
e:\Coding_Notes\Faunari\data\raw\kaggle_india\Snake Images\train\Venomous\L0017_3.jpg,kaggle_india,,venomous,,400,400,3031,False,train
e:\Coding_Notes\Faunari\data\raw\kaggle_india\Snake Images\train\Venomous\landing_king-cobra.jpg,kaggle_india,,venomous,,400,400,2239,False,test
e:\Coding_Notes\Faunari\data\raw\kaggle_india\Snake Images\train\Venomous\large.jpg,kaggle_india,,venomous,,400,400,2756,True,test
e:\Coding_Notes\Faunari\data\raw\kaggle_india\Snake Images\train\Venomous\Lycodon-aulicus.jpg,kaggle_india,,venomous,,400,400,2092,True,train
e:\Coding_Notes\Faunari\data\raw\kaggle_india\Snake Images\train\Venomous\lycodon-aulicus_001.jpg,kaggle_india,,venomous,,400,400,2093,False,train
e:\Coding_Notes\Faunari\data\raw\kaggle_india\Snake Images\train\Venomous\Male_Sunset_pic1.jpg,kaggle_india,,venomous,,400,400,2344,False,test
e:\Coding_Notes\Faunari\data\raw\kaggle_india\Snake Images\train\Venomous\maxresdefault (2).jpg,kaggle_india,,venomous,,400,400,2345,False,train
e:\Coding_Notes\Faunari\data\raw\kaggle_india\Snake Images\train\Venomous\maxresdefault (3).jpg,kaggle_india,,venomous,,400,400,2515,False,train
e:\Coding_Notes\Faunari\data\raw\kaggle_india\Snake Images\train\Venomous\maxresdefault (4).jpg,kaggle_india,,venomous,,400,400,3032,False,val
e:\Coding_Notes\Faunari\data\raw\kaggle_india\Snake Images\train\Venomous\maxresdefault.jpg,kaggle_india,,venomous,,400,400,2094,False,train
e:\Coding_Notes\Faunari\data\raw\kaggle_india\Snake Images\train\Venomous\maxresdefault_001 (2).jpg,kaggle_india,,venomous,,400,400,2757,False,train
e:\Coding_Notes\Faunari\data\raw\kaggle_india\Snake Images\train\Venomous\maxresdefault_001.jpg,kaggle_india,,venomous,,400,400,2516,False,test
e:\Coding_Notes\Faunari\data\raw\kaggle_india\Snake Images\train\Venomous\maxresdefault_002 (2).jpg,kaggle_india,,venomous,,400,400,2346,False,train
e:\Coding_Notes\Faunari\data\raw\kaggle_india\Snake Images\train\Venomous\maxresdefault_002 (3).jpg,kaggle_india,,venomous,,400,400,2517,False,test
e:\Coding_Notes\Faunari\data\raw\kaggle_india\Snake Images\train\Venomous\maxresdefault_002 (4).jpg,kaggle_india,,venomous,,400,400,2758,False,train
e:\Coding_Notes\Faunari\data\raw\kaggle_india\Snake Images\train\Venomous\maxresdefault_002.jpg,kaggle_india,,venomous,,400,400,2095,False,test
e:\Coding_Notes\Faunari\data\raw\kaggle_india\Snake Images\train\Venomous\maxresdefault_003 (2).jpg,kaggle_india,,venomous,,400,400,2759,False,train
e:\Coding_Notes\Faunari\data\raw\kaggle_india\Snake Images\train\Venomous\maxresdefault_003.jpg,kaggle_india,,venomous,,400,400,2096,False,train
e:\Coding_Notes\Faunari\data\raw\kaggle_india\Snake Images\train\Venomous\maxresdefault_004.jpg,kaggle_india,,venomous,,400,400,3033,False,train
e:\Coding_Notes\Faunari\data\raw\kaggle_india\Snake Images\train\Venomous\maxresdefault_005.jpg,kaggle_india,,venomous,,400,400,2347,False,val
e:\Coding_Notes\Faunari\data\raw\kaggle_india\Snake Images\train\Venomous\maxresdefault_006 (2).jpg,kaggle_india,,venomous,,400,400,2760,False,val
e:\Coding_Notes\Faunari\data\raw\kaggle_india\Snake Images\train\Venomous\maxresdefault_006 (3).jpg,kaggle_india,,venomous,,400,400,3034,False,val
e:\Coding_Notes\Faunari\data\raw\kaggle_india\Snake Images\train\Venomous\maxresdefault_006.jpg,kaggle_india,,venomous,,400,400,2518,False,train
e:\Coding_Notes\Faunari\data\raw\kaggle_india\Snake Images\train\Venomous\maxresdefault_007 (2).jpg,kaggle_india,,venomous,,400,400,2761,False,train
e:\Coding_Notes\Faunari\data\raw\kaggle_india\Snake Images\train\Venomous\maxresdefault_007 (3).jpg,kaggle_india,,venomous,,400,400,3035,False,train
e:\Coding_Notes\Faunari\data\raw\kaggle_india\Snake Images\train\Venomous\maxresdefault_007.jpg,kaggle_india,,venomous,,400,400,2519,False,train
e:\Coding_Notes\Faunari\data\raw\kaggle_india\Snake Images\train\Venomous\maxresdefault_008.jpg,kaggle_india,,venomous,,400,400,2762,False,train
e:\Coding_Notes\Faunari\data\raw\kaggle_india\Snake Images\train\Venomous\maxresdefault_009.jpg,kaggle_india,,venomous,,400,400,2763,False,train
e:\Coding_Notes\Faunari\data\raw\kaggle_india\Snake Images\train\Venomous\maxresdefault_010.jpg,kaggle_india,,venomous,,400,400,2348,False,test
e:\Coding_Notes\Faunari\data\raw\kaggle_india\Snake Images\train\Venomous\Monocled Cobra (back).jpg,kaggle_india,,venomous,,400,400,2349,True,val
e:\Coding_Notes\Faunari\data\raw\kaggle_india\Snake Images\train\Venomous\Monocled Cobra (front).jpg,kaggle_india,,venomous,,400,400,2350,True,train
e:\Coding_Notes\Faunari\data\raw\kaggle_india\Snake Images\train\Venomous\MONOCLED COBRA-Naja naja pisonous snake in India.jpg,kaggle_india,,venomous,,400,400,2351,True,test
e:\Coding_Notes\Faunari\data\raw\kaggle_india\Snake Images\train\Venomous\Monocled cobra.jpg,kaggle_india,,venomous,,400,400,2352,True,train
e:\Coding_Notes\Faunari\data\raw\kaggle_india\Snake Images\train\Venomous\Monocled Cobra_001.jpg,kaggle_india,,venomous,,400,400,2353,False,train
e:\Coding_Notes\Faunari\data\raw\kaggle_india\Snake Images\train\Venomous\monocled-61.jpg,kaggle_india,,venomous,,400,400,2354,False,train
e:\Coding_Notes\Faunari\data\raw\kaggle_india\Snake Images\train\Venomous\monocled-baby-cobra3.jpg,kaggle_india,,venomous,,400,400,2355,False,val
e:\Coding_Notes\Faunari\data\raw\kaggle_india\Snake Images\train\Venomous\Monocled-Cobra-1-1.jpg,kaggle_india,,venomous,,400,400,2356,False,train
e:\Coding_Notes\Faunari\data\raw\kaggle_india\Snake Images\train\Venomous\monocled-cobra-back_1.jpg,kaggle_india,,venomous,,400,400,2357,False,test
e:\Coding_Notes\Faunari\data\raw\kaggle_india\Snake Images\train\Venomous\monocled-cobra-naja-kaouthia-dr22tj.jpg,kaggle_india,,venomous,,400,400,2358,False,train
e:\Coding_Notes\Faunari\data\raw\kaggle_india\Snake Images\train\Venomous\monocled-cobra-naja-kaouthia-portrait-armx60.jpg,kaggle_india,,venomous,,400,400,2359,True,train
e:\Coding_Notes\Faunari\data\raw\kaggle_india\Snake Images\train\Venomous\monocled-cobra-naja-kaouthia-venomous-common-eaglenest-arunachal-pradesh-B39GW0.jpg,kaggle_india,,venomous,,400,400,2360,False,train
e:\Coding_Notes\Faunari\data\raw\kaggle_india\Snake Images\train\Venomous\monocled-cobra-naja-kaouthia-venomous-common-eaglenest-arunachal-pradesh-B39H7Y.jpg,kaggle_india,,venomous,,400,400,2361,False,train
e:\Coding_Notes\Faunari\data\raw\kaggle_india\Snake Images\train\Venomous\monocled-cobra-naja-kaouthia-venomous-common-eaglenest-arunachal-pradesh-b39h8h.jpg,kaggle_india,,venomous,,400,400,2362,False,train
e:\Coding_Notes\Faunari\data\raw\kaggle_india\Snake Images\train\Venomous\monocled-cobra-naja-naja-kaouthia-native-to-south-eastern-asia-a7yf0g.jpg,kaggle_india,,venomous,,400,400,2363,True,train
e:\Coding_Notes\Faunari\data\raw\kaggle_india\Snake Images\train\Venomous\monocled-cobra-naja-naja-kaouthis-albino-rearing-thailand-a3p8jp.jpg,kaggle_india,,venomous,,400,400,2364,True,train
e:\Coding_Notes\Faunari\data\raw\kaggle_india\Snake Images\train\Venomous\monocled-cobra-naja-naja-kaouthis-albino-rearing-thailand-a3p8kj.jpg,kaggle_india,,venomous,,400,400,4092,True,val
e:\Coding_Notes\Faunari\data\raw\kaggle_india\Snake Images\train\Venomous\monocled-cobra-snake-death_85876_ver1.0_1280_720.jpg,kaggle_india,,venomous,,400,400,2366,False,train
e:\Coding_Notes\Faunari\data\raw\kaggle_india\Snake Images\train\Venomous\monocled-cobra.jpg,kaggle_india,,venomous,,400,400,2367,False,test
e:\Coding_Notes\Faunari\data\raw\kaggle_india\Snake Images\train\Venomous\Monocled-Cobras.jpg,kaggle_india,,venomous,,400,400,2368,False,train
e:\Coding_Notes\Faunari\data\raw\kaggle_india\Snake Images\train\Venomous\Monocled-Cobras.jpg-nggid0256-ngg0dyn-286x300x100-00f0w010c011r110f110r010t010.jpg,kaggle_india,,venomous,,400,400,2369,True,train
e:\Coding_Notes\Faunari\data\raw\kaggle_india\Snake Images\train\Venomous\Monocled-Cobras_001.jpg,kaggle_india,,venomous,,400,400,2370,False,train
e:\Coding_Notes\Faunari\data\raw\kaggle_india\Snake Images\train\Venomous\monocled-cobra_001.jpg,kaggle_india,,venomous,,400,400,2371,False,train
e:\Coding_Notes\Faunari\data\raw\kaggle_india\Snake Images\train\Venomous\monocledcobra.jpg,kaggle_india,,venomous,,400,400,2372,False,train
e:\Coding_Notes\Faunari\data\raw\kaggle_india\Snake Images\train\Venomous\Monocled_Cobra.jpg,kaggle_india,,venomous,,400,400,2373,True,train
e:\Coding_Notes\Faunari\data\raw\kaggle_india\Snake Images\train\Venomous\Monocled_Cobra00.jpg,kaggle_india,,venomous,,400,400,2374,True,train
e:\Coding_Notes\Faunari\data\raw\kaggle_india\Snake Images\train\Venomous\Monocled_Cobra2.jpg,kaggle_india,,venomous,,400,400,2375,False,train
e:\Coding_Notes\Faunari\data\raw\kaggle_india\Snake Images\train\Venomous\Monocled_Cobra_-Naja_kaouthia_-_In_Bangladesh_600.jpg,kaggle_india,,venomous,,400,400,2376,False,train
e:\Coding_Notes\Faunari\data\raw\kaggle_india\Snake Images\train\Venomous\Monocled_Cobra_3.jpg,kaggle_india,,venomous,,400,400,2377,False,val
e:\Coding_Notes\Faunari\data\raw\kaggle_india\Snake Images\train\Venomous\Multibanded-Krait-Bungarus-Multicinctus.jpg,kaggle_india,,venomous,,400,400,2097,True,train
e:\Coding_Notes\Faunari\data\raw\kaggle_india\Snake Images\train\Venomous\MUS-FAPC1114_850.jpg,kaggle_india,,venomous,,400,400,2521,False,train
e:\Coding_Notes\Faunari\data\raw\kaggle_india\Snake Images\train\Venomous\Naja naja1.jpg,kaggle_india,,venomous,,400,400,3036,True,train
e:\Coding_Notes\Faunari\data\raw\kaggle_india\Snake Images\train\Venomous\naja-kaouthia-back.jpg,kaggle_india,,venomous,,400,400,2378,False,train
e:\Coding_Notes\Faunari\data\raw\kaggle_india\Snake Images\train\Venomous\naja-kaouthia-monocled-cobra-dr26h2.jpg,kaggle_india,,venomous,,400,400,2379,False,test
e:\Coding_Notes\Faunari\data\raw\kaggle_india\Snake Images\train\Venomous\naja-kaouthia-monocled-cobra-DV-02-15-3.jpg,kaggle_india,,venomous,,400,400,2380,True,train
e:\Coding_Notes\Faunari\data\raw\kaggle_india\Snake Images\train\Venomous\naja-kaouthia-monocled-cobra-kuiburi-800x600.jpg,kaggle_india,,venomous,,400,400,2381,False,val
e:\Coding_Notes\Faunari\data\raw\kaggle_india\Snake Images\train\Venomous\naja-kaouthia-monocled-cobra-kuiburi-800x600_001.jpg,kaggle_india,,venomous,,400,400,2382,False,train
e:\Coding_Notes\Faunari\data\raw\kaggle_india\Snake Images\train\Venomous\naja-kaouthia-monocled-cobra-kuiburi-800x600_002.jpg,kaggle_india,,venomous,,400,400,2383,False,test
e:\Coding_Notes\Faunari\data\raw\kaggle_india\Snake Images\train\Venomous\naja-kaouthia-monocled-cobras-randy-ciuros.jpg,kaggle_india,,venomous,,400,400,4093,True,val
e:\Coding_Notes\Faunari\data\raw\kaggle_india\Snake Images\train\Venomous\Naja-naja-03000026811_01.jpg,kaggle_india,,venomous,,400,400,3037,False,train
e:\Coding_Notes\Faunari\data\raw\kaggle_india\Snake Images\train\Venomous\Naja-naja-03000033195_01.jpg,kaggle_india,,venomous,,400,400,3038,False,val
e:\Coding_Notes\Faunari\data\raw\kaggle_india\Snake Images\train\Venomous\Naja-naja-1-Spectacled-cobra.jpg,kaggle_india,,venomous,,400,400,3039,False,train
e:\Coding_Notes\Faunari\data\raw\kaggle_india\Snake Images\train\Venomous\Naja-naja-2-Spectacled-cobra-Copy.jpg,kaggle_india,,venomous,,400,400,3040,False,val
e:\Coding_Notes\Faunari\data\raw\kaggle_india\Snake Images\train\Venomous\Naja-naja-3-Spectacled-cobra-1170x455.jpg,kaggle_india,,venomous,,400,400,3041,False,train
e:\Coding_Notes\Faunari\data\raw\kaggle_india\Snake Images\train\Venomous\Naja-naja-4-Spectacled-cobra.jpg,kaggle_india,,venomous,,400,400,3042,False,train
e:\Coding_Notes\Faunari\data\raw\kaggle_india\Snake Images\train\Venomous\Naja-naja-5-Spectacled-cobra.jpg,kaggle_india,,venomous,,400,400,3043,False,train
e:\Coding_Notes\Faunari\data\raw\kaggle_india\Snake Images\train\Venomous\Naja-naja-Saleem-Hameed-e1442201686504.jpg,kaggle_india,,venomous,,400,400,3044,True,train
e:\Coding_Notes\Faunari\data\raw\kaggle_india\Snake Images\train\Venomous\naja-top.jpg,kaggle_india,,venomous,,400,400,2385,True,train
e:\Coding_Notes\Faunari\data\raw\kaggle_india\Snake Images\train\Venomous\naja1-e1480951267722.png,kaggle_india,,venomous,,208,140,3045,False,train
e:\Coding_Notes\Faunari\data\raw\kaggle_india\Snake Images\train\Venomous\Najacobra.jpeg.jpeg,kaggle_india,,venomous,,220,282,3047,False,hardcase
e:\Coding_Notes\Faunari\data\raw\kaggle_india\Snake Images\train\Venomous\NajaKaouthia.jpg,kaggle_india,,venomous,,400,400,2386,True,val
e:\Coding_Notes\Faunari\data\raw\kaggle_india\Snake Images\train\Venomous\Najanaja5.jpg,kaggle_india,,venomous,,400,400,3048,True,hardcase
e:\Coding_Notes\Faunari\data\raw\kaggle_india\Snake Images\train\Venomous\Naja_kaouthia.jpg,kaggle_india,,venomous,,400,400,2387,True,train
e:\Coding_Notes\Faunari\data\raw\kaggle_india\Snake Images\train\Venomous\Naja_naja2.jpg,kaggle_india,,venomous,,400,400,4094,True,test
e:\Coding_Notes\Faunari\data\raw\kaggle_india\Snake Images\train\Venomous\Naja_naja3.jpg,kaggle_india,,venomous,,400,400,3050,False,train
e:\Coding_Notes\Faunari\data\raw\kaggle_india\Snake Images\train\Venomous\naja_naja_2.jpg,kaggle_india,,venomous,,400,400,3051,True,train
e:\Coding_Notes\Faunari\data\raw\kaggle_india\Snake Images\train\Venomous\natural-enemies-king-cobra_6c4e36f5d658546a.jpg,kaggle_india,,venomous,,400,400,2240,False,train
e:\Coding_Notes\Faunari\data\raw\kaggle_india\Snake Images\train\Venomous\nature.jpg,kaggle_india,,venomous,,400,400,2522,True,train
e:\Coding_Notes\Faunari\data\raw\kaggle_india\Snake Images\train\Venomous\ni_2015_63_3_300_158155_f2.jpg,kaggle_india,,venomous,,400,400,2098,False,val
e:\Coding_Notes\Faunari\data\raw\kaggle_india\Snake Images\train\Venomous\ni_2015_63_3_300_158155_f6.jpg,kaggle_india,,venomous,,400,400,2523,False,train
e:\Coding_Notes\Faunari\data\raw\kaggle_india\Snake Images\train\Venomous\ni_2015_63_3_300_158155_f8.jpg,kaggle_india,,venomous,,400,400,3052,False,train
e:\Coding_Notes\Faunari\data\raw\kaggle_india\Snake Images\train\Venomous\Oman-saw-scaled-viper-flicking-tongue.jpg,kaggle_india,,venomous,,400,400,2764,False,train
e:\Coding_Notes\Faunari\data\raw\kaggle_india\Snake Images\train\Venomous\Oman-saw-scaled-viper.jpg,kaggle_india,,venomous,,400,400,2765,False,train
e:\Coding_Notes\Faunari\data\raw\kaggle_india\Snake Images\train\Venomous\Ophiophagus-hannah-Thailand.jpg,kaggle_india,,venomous,,400,400,2241,False,train
e:\Coding_Notes\Faunari\data\raw\kaggle_india\Snake Images\train\Venomous\original.jpg,kaggle_india,,venomous,,400,400,2388,False,train
e:\Coding_Notes\Faunari\data\raw\kaggle_india\Snake Images\train\Venomous\P1000306.JPG,kaggle_india,,venomous,,400,400,2099,False,train
e:\Coding_Notes\Faunari\data\raw\kaggle_india\Snake Images\train\Venomous\P1000433.JPG,kaggle_india,,venomous,,400,400,2389,True,train
e:\Coding_Notes\Faunari\data\raw\kaggle_india\Snake Images\train\Venomous\P1030202.jpg,kaggle_india,,venomous,,400,400,2390,False,train
e:\Coding_Notes\Faunari\data\raw\kaggle_india\Snake Images\train\Venomous\P1050513 - Copy copy.JPG,kaggle_india,,venomous,,400,400,2524,False,test
e:\Coding_Notes\Faunari\data\raw\kaggle_india\Snake Images\train\Venomous\P1150235.JPG,kaggle_india,,venomous,,400,400,2525,False,train
e:\Coding_Notes\Faunari\data\raw\kaggle_india\Snake Images\train\Venomous\P7180049 (Small).JPG,kaggle_india,,venomous,,400,400,2526,True,train
e:\Coding_Notes\Faunari\data\raw\kaggle_india\Snake Images\train\Venomous\P7180061.jpg,kaggle_india,,venomous,,400,400,2527,True,train
e:\Coding_Notes\Faunari\data\raw\kaggle_india\Snake Images\train\Venomous\PAY-COBRA-SNAKE-RESCUE.jpg,kaggle_india,,venomous,,400,400,4095,True,train
e:\Coding_Notes\Faunari\data\raw\kaggle_india\Snake Images\train\Venomous\PAY-Russian-man-killed-by-King-Cobra.jpg,kaggle_india,,venomous,,400,400,2243,False,train
e:\Coding_Notes\Faunari\data\raw\kaggle_india\Snake Images\train\Venomous\People-Group-Monocled-Cobra-on-display-0029.jpg,kaggle_india,,venomous,,400,400,2391,False,train
e:\Coding_Notes\Faunari\data\raw\kaggle_india\Snake Images\train\Venomous\photos.medleyphoto.13543526.jpg,kaggle_india,,venomous,,400,400,2244,False,train
e:\Coding_Notes\Faunari\data\raw\kaggle_india\Snake Images\train\Venomous\picture2.jpg,kaggle_india,,venomous,,400,400,2100,False,train
e:\Coding_Notes\Faunari\data\raw\kaggle_india\Snake Images\train\Venomous\pictures-of-king-cobras-e1359370644271.jpg,kaggle_india,,venomous,,400,400,2245,True,train
e:\Coding_Notes\Faunari\data\raw\kaggle_india\Snake Images\train\Venomous\Piebald1.jpg,kaggle_india,,venomous,,400,400,2392,True,train
e:\Coding_Notes\Faunari\data\raw\kaggle_india\Snake Images\train\Venomous\poor-lower-caste-indian-boy-begging-with-spectacled-cobra-on-an-india-bxxhx3.jpg,kaggle_india,,venomous,,400,400,3053,False,test
e:\Coding_Notes\Faunari\data\raw\kaggle_india\Snake Images\train\Venomous\poor-lower-caste-indian-girl-begging-with-spectacled-cobra-on-an-india-bxxhxd.jpg,kaggle_india,,venomous,,400,400,3054,False,train
e:\Coding_Notes\Faunari\data\raw\kaggle_india\Snake Images\train\Venomous\Presentation1.jpg,kaggle_india,,venomous,,400,400,4096,True,test
e:\Coding_Notes\Faunari\data\raw\kaggle_india\Snake Images\train\Venomous\r0_135_2757_1691_w1200_h678_fmax.jpg,kaggle_india,,venomous,,400,400,2246,False,train
e:\Coding_Notes\Faunari\data\raw\kaggle_india\Snake Images\train\Venomous\RC1848W.jpg,kaggle_india,,venomous,,400,400,2529,False,train
e:\Coding_Notes\Faunari\data\raw\kaggle_india\Snake Images\train\Venomous\rsz_rare_indian_spectacled_cobra_caught_with_vestigial_ΓÇÿlegsΓÇÖ_in_telangana__video_3.jpg,kaggle_india,,venomous,,400,400,3055,False,test
e:\Coding_Notes\Faunari\data\raw\kaggle_india\Snake Images\train\Venomous\RUSFULL_.JPG,kaggle_india,,venomous,,400,400,2530,False,val
e:\Coding_Notes\Faunari\data\raw\kaggle_india\Snake Images\train\Venomous\RUSHEAD1.JPG,kaggle_india,,venomous,,400,400,2531,False,test
e:\Coding_Notes\Faunari\data\raw\kaggle_india\Snake Images\train\Venomous\Russel Viper 02.jpg,kaggle_india,,venomous,,400,400,2532,False,train
e:\Coding_Notes\Faunari\data\raw\kaggle_india\Snake Images\train\Venomous\Russel Viper 03.JPG,kaggle_india,,venomous,,400,400,2533,False,train
e:\Coding_Notes\Faunari\data\raw\kaggle_india\Snake Images\train\Venomous\Russel Viper 04.jpg,kaggle_india,,venomous,,400,400,2534,True,train
e:\Coding_Notes\Faunari\data\raw\kaggle_india\Snake Images\train\Venomous\Russel-Viper-Snake.jpg,kaggle_india,,venomous,,400,400,2535,False,val
e:\Coding_Notes\Faunari\data\raw\kaggle_india\Snake Images\train\Venomous\Russel-Viper.jpg,kaggle_india,,venomous,,400,400,2536,False,train
e:\Coding_Notes\Faunari\data\raw\kaggle_india\Snake Images\train\Venomous\russell-s-viper-male.jpg,kaggle_india,,venomous,,400,400,2543,False,train
e:\Coding_Notes\Faunari\data\raw\kaggle_india\Snake Images\train\Venomous\russell-s-viper-vipers-found-india-snakes-aggressive-if-disturbed-deliver-nasty-bite-snake-cause-more-47272234.jpg,kaggle_india,,venomous,,400,400,2544,False,train
e:\Coding_Notes\Faunari\data\raw\kaggle_india\Snake Images\train\Venomous\russell-s-viper.jpg,kaggle_india,,venomous,,400,400,2545,False,train
e:\Coding_Notes\Faunari\data\raw\kaggle_india\Snake Images\train\Venomous\Russell-Viper-at-Kabini.jpg,kaggle_india,,venomous,,400,400,2546,False,train
e:\Coding_Notes\Faunari\data\raw\kaggle_india\Snake Images\train\Venomous\russell-viper-daboia-russelii-vipera-russelii-creeping-over-a-dust-EBNPG7.jpg,kaggle_india,,venomous,,400,400,2547,False,test
e:\Coding_Notes\Faunari\data\raw\kaggle_india\Snake Images\train\Venomous\russell-viper-daboia-russelii-vipera-russelii-creeping-over-a-dust-EBNPGA.jpg,kaggle_india,,venomous,,400,400,2548,False,train
e:\Coding_Notes\Faunari\data\raw\kaggle_india\Snake Images\train\Venomous\russell-viper-daboia-russelii-vipera-russelii-creeping-over-a-street-EBNPG5.jpg,kaggle_india,,venomous,,400,400,2549,False,train
e:\Coding_Notes\Faunari\data\raw\kaggle_india\Snake Images\train\Venomous\russell-viper-daboia-russelii-vipera-russelii-portrait-sri-lanka-yala-ebnpg9.jpg,kaggle_india,,venomous,,400,400,4097,True,train
e:\Coding_Notes\Faunari\data\raw\kaggle_india\Snake Images\train\Venomous\Russell-Viper-Vipera-Russellii.jpg,kaggle_india,,venomous,,400,400,2551,False,train
e:\Coding_Notes\Faunari\data\raw\kaggle_india\Snake Images\train\Venomous\Russells viper 3.jpg,kaggle_india,,venomous,,400,400,2537,False,test
e:\Coding_Notes\Faunari\data\raw\kaggle_india\Snake Images\train\Venomous\russells viper fangs.jpg,kaggle_india,,venomous,,400,400,2538,False,train
e:\Coding_Notes\Faunari\data\raw\kaggle_india\Snake Images\train\Venomous\Russells viper scales.jpg,kaggle_india,,venomous,,400,400,2539,False,val
e:\Coding_Notes\Faunari\data\raw\kaggle_india\Snake Images\train\Venomous\russells viper.jpg,kaggle_india,,venomous,,400,400,2552,False,train
e:\Coding_Notes\Faunari\data\raw\kaggle_india\Snake Images\train\Venomous\RUSSELLS VIPER2.jpg,kaggle_india,,venomous,,400,400,2553,False,train
e:\Coding_Notes\Faunari\data\raw\kaggle_india\Snake Images\train\Venomous\Russells-viper-01.jpg,kaggle_india,,venomous,,400,400,2555,False,train
e:\Coding_Notes\Faunari\data\raw\kaggle_india\Snake Images\train\Venomous\Russells-viper-02.jpg,kaggle_india,,venomous,,400,400,2556,True,train
e:\Coding_Notes\Faunari\data\raw\kaggle_india\Snake Images\train\Venomous\Russells-Viper-1-300x400.jpg,kaggle_india,,venomous,,400,400,2557,True,train
e:\Coding_Notes\Faunari\data\raw\kaggle_india\Snake Images\train\Venomous\Russells-Viper-3-400x359.jpg,kaggle_india,,venomous,,400,400,2558,True,train
e:\Coding_Notes\Faunari\data\raw\kaggle_india\Snake Images\train\Venomous\Russells-viper-camouflaged-against-ground.jpg,kaggle_india,,venomous,,400,400,2559,False,train
e:\Coding_Notes\Faunari\data\raw\kaggle_india\Snake Images\train\Venomous\Russells-viper-coiled.jpg,kaggle_india,,venomous,,400,400,2560,False,train
e:\Coding_Notes\Faunari\data\raw\kaggle_india\Snake Images\train\Venomous\russells-viper-coiled_orig.jpg,kaggle_india,,venomous,,400,400,2561,True,train
e:\Coding_Notes\Faunari\data\raw\kaggle_india\Snake Images\train\Venomous\russells-viper-daboia-russelii-aarey-milk-colony-india-russells-viper-J21DGH.jpg,kaggle_india,,venomous,,400,400,2562,False,train
e:\Coding_Notes\Faunari\data\raw\kaggle_india\Snake Images\train\Venomous\russells-viper-daboia-russelii-bangalore-karnataka-monotypicgenus-hnwt08.jpg,kaggle_india,,venomous,,400,400,2563,True,test
e:\Coding_Notes\Faunari\data\raw\kaggle_india\Snake Images\train\Venomous\russells-viper-daboia-russelii-bangalore-karnataka-monotypicgenus-HNWT38.jpg,kaggle_india,,venomous,,400,400,2564,False,test
e:\Coding_Notes\Faunari\data\raw\kaggle_india\Snake Images\train\Venomous\russells-viper-daboia-russelii-bangalore-karnataka-monotypicgenus-hnwt38_001.jpg,kaggle_india,,venomous,,400,400,2565,True,train
e:\Coding_Notes\Faunari\data\raw\kaggle_india\Snake Images\train\Venomous\russells-viper-daboia-russelii-bangalore-karnataka-monotypicgenus-HNWT3J.jpg,kaggle_india,,venomous,,400,400,2566,False,train
e:\Coding_Notes\Faunari\data\raw\kaggle_india\Snake Images\train\Venomous\russells-viper-daboia-russelii-bangalore-karnataka-monotypicgenus-hnww88.jpg,kaggle_india,,venomous,,400,400,2567,True,train
e:\Coding_Notes\Faunari\data\raw\kaggle_india\Snake Images\train\Venomous\russells-viper-daboia-russelii-bangalore-karnataka-monotypicgenus-HNWW8K.jpg,kaggle_india,,venomous,,400,400,2568,False,train
e:\Coding_Notes\Faunari\data\raw\kaggle_india\Snake Images\train\Venomous\russells-viper-daboia-russelii-common-aarey-milk-colony-mumbai-india-e45w18.jpg,kaggle_india,,venomous,,400,400,2569,False,val
e:\Coding_Notes\Faunari\data\raw\kaggle_india\Snake Images\train\Venomous\russells-viper-daboia-russelii-siamensis-queen-saovabha-snake-farm-head.jpg,kaggle_india,,venomous,,400,400,2570,False,train
e:\Coding_Notes\Faunari\data\raw\kaggle_india\Snake Images\train\Venomous\russells-viper-daboia-russelii-siamensis-queen-saovabha-snake-farm-up.jpg,kaggle_india,,venomous,,400,400,2571,False,test
e:\Coding_Notes\Faunari\data\raw\kaggle_india\Snake Images\train\Venomous\russells-viper-daboia-russelii-sri-lanka-hnb7ah.jpg,kaggle_india,,venomous,,400,400,2572,False,val
e:\Coding_Notes\Faunari\data\raw\kaggle_india\Snake Images\train\Venomous\russells-viper-daboia-russelii.jpg,kaggle_india,,venomous,,400,400,2573,False,train
e:\Coding_Notes\Faunari\data\raw\kaggle_india\Snake Images\train\Venomous\russells-viper-daboia-russelli-ncbs-bangalore-india-FAJAD9.jpg,kaggle_india,,venomous,,400,400,2574,False,val
e:\Coding_Notes\Faunari\data\raw\kaggle_india\Snake Images\train\Venomous\russells-viper-daboia-russelli-ncbs-bangalore-india-fajada.jpg,kaggle_india,,venomous,,400,400,2575,False,train
e:\Coding_Notes\Faunari\data\raw\kaggle_india\Snake Images\train\Venomous\russells-viper-daboia-russelli-ncbs-bangalore-india-fajadc.jpg,kaggle_india,,venomous,,400,400,4098,True,train
e:\Coding_Notes\Faunari\data\raw\kaggle_india\Snake Images\train\Venomous\russells-viper-daboia-vipera-russellii-native-to-pakistan-india-A7YEWH.jpg,kaggle_india,,venomous,,400,400,2577,False,test
e:\Coding_Notes\Faunari\data\raw\kaggle_india\Snake Images\train\Venomous\Russells-viper-head-front-view.jpg,kaggle_india,,venomous,,400,400,2578,False,train
e:\Coding_Notes\Faunari\data\raw\kaggle_india\Snake Images\train\Venomous\Russells-viper-head-inbetween-body.jpg,kaggle_india,,venomous,,400,400,2579,False,test
e:\Coding_Notes\Faunari\data\raw\kaggle_india\Snake Images\train\Venomous\Russells-viper-head-side-view.jpg,kaggle_india,,venomous,,400,400,2580,False,train
e:\Coding_Notes\Faunari\data\raw\kaggle_india\Snake Images\train\Venomous\Russells-viper-head.jpg,kaggle_india,,venomous,,400,400,2581,False,val
e:\Coding_Notes\Faunari\data\raw\kaggle_india\Snake Images\train\Venomous\Russells-viper-head_001.jpg,kaggle_india,,venomous,,400,400,2582,True,test
e:\Coding_Notes\Faunari\data\raw\kaggle_india\Snake Images\train\Venomous\Russells-viper-in-habitat.jpg,kaggle_india,,venomous,,400,400,2583,False,val
e:\Coding_Notes\Faunari\data\raw\kaggle_india\Snake Images\train\Venomous\Russells-Viper-Kabini.jpg,kaggle_india,,venomous,,400,400,2584,False,test
e:\Coding_Notes\Faunari\data\raw\kaggle_india\Snake Images\train\Venomous\russells-viper-large.jpg,kaggle_india,,venomous,,400,400,2585,False,train
e:\Coding_Notes\Faunari\data\raw\kaggle_india\Snake Images\train\Venomous\Russells-viper-portrait.jpg,kaggle_india,,venomous,,400,400,2586,False,test
e:\Coding_Notes\Faunari\data\raw\kaggle_india\Snake Images\train\Venomous\russells-viper-russells-viper-russell-viper-poisonous-snake-on-white-DH1NH9.jpg,kaggle_india,,venomous,,400,400,2587,False,train
e:\Coding_Notes\Faunari\data\raw\kaggle_india\Snake Images\train\Venomous\Russells-Viper-Snake.jpg,kaggle_india,,venomous,,400,400,2588,False,train
e:\Coding_Notes\Faunari\data\raw\kaggle_india\Snake Images\train\Venomous\russells-viper-vipera-russellii-dewt5x.jpg,kaggle_india,,venomous,,400,400,2589,False,train
e:\Coding_Notes\Faunari\data\raw\kaggle_india\Snake Images\train\Venomous\Russells-viper-with-tongue-extended.jpg,kaggle_india,,venomous,,400,400,2590,False,train
e:\Coding_Notes\Faunari\data\raw\kaggle_india\Snake Images\train\Venomous\Russells-viper.jpg,kaggle_india,,venomous,,400,400,2591,False,train
e:\Coding_Notes\Faunari\data\raw\kaggle_india\Snake Images\train\Venomous\Russells-Viper21.jpg,kaggle_india,,venomous,,400,400,2592,False,train
e:\Coding_Notes\Faunari\data\raw\kaggle_india\Snake Images\train\Venomous\Russells-viper_001.jpg,kaggle_india,,venomous,,400,400,2593,False,test
e:\Coding_Notes\Faunari\data\raw\kaggle_india\Snake Images\train\Venomous\russells-viper_002.jpg,kaggle_india,,venomous,,400,400,2594,True,train
e:\Coding_Notes\Faunari\data\raw\kaggle_india\Snake Images\train\Venomous\Russells-viper_005.jpg,kaggle_india,,venomous,,400,400,2595,False,train
e:\Coding_Notes\Faunari\data\raw\kaggle_india\Snake Images\train\Venomous\russells-viper_006.jpg,kaggle_india,,venomous,,400,400,2596,True,hardcase
e:\Coding_Notes\Faunari\data\raw\kaggle_india\Snake Images\train\Venomous\Russells-Viper_007.jpg,kaggle_india,,venomous,,400,400,2597,False,val
e:\Coding_Notes\Faunari\data\raw\kaggle_india\Snake Images\train\Venomous\Russellsviper(MCBT+07)copy.jpg,kaggle_india,,venomous,,400,400,4099,True,train
e:\Coding_Notes\Faunari\data\raw\kaggle_india\Snake Images\train\Venomous\russellsviper.jpg,kaggle_india,,venomous,,400,400,2598,True,test
e:\Coding_Notes\Faunari\data\raw\kaggle_india\Snake Images\train\Venomous\russellsviperdefensive.jpg,kaggle_india,,venomous,,400,400,2599,True,train
e:\Coding_Notes\Faunari\data\raw\kaggle_india\Snake Images\train\Venomous\russellsviper_001.jpg,kaggle_india,,venomous,,400,400,2600,False,train
e:\Coding_Notes\Faunari\data\raw\kaggle_india\Snake Images\train\Venomous\russellsviper_002.jpg,kaggle_india,,venomous,,400,400,2601,False,train
e:\Coding_Notes\Faunari\data\raw\kaggle_india\Snake Images\train\Venomous\russellsviper_003.jpg,kaggle_india,,venomous,,400,400,2602,False,test
e:\Coding_Notes\Faunari\data\raw\kaggle_india\Snake Images\train\Venomous\russellsviper_004.jpg,kaggle_india,,venomous,,400,400,2603,False,train
e:\Coding_Notes\Faunari\data\raw\kaggle_india\Snake Images\train\Venomous\russellsviper_005.JPG,kaggle_india,,venomous,,400,400,2604,False,train
e:\Coding_Notes\Faunari\data\raw\kaggle_india\Snake Images\train\Venomous\Russellsviper_006.jpg,kaggle_india,,venomous,,400,400,2605,True,train
e:\Coding_Notes\Faunari\data\raw\kaggle_india\Snake Images\train\Venomous\Russells_Viper.JPG,kaggle_india,,venomous,,400,400,2540,False,val
e:\Coding_Notes\Faunari\data\raw\kaggle_india\Snake Images\train\Venomous\russells_viper1l.jpg,kaggle_india,,venomous,,400,400,2606,False,train
e:\Coding_Notes\Faunari\data\raw\kaggle_india\Snake Images\train\Venomous\Russells_Viper_(Daboia_russelli).JPG,kaggle_india,,venomous,,400,400,2541,False,train
e:\Coding_Notes\Faunari\data\raw\kaggle_india\Snake Images\train\Venomous\russells_viper_001.jpg,kaggle_india,,venomous,,400,400,2607,False,train
e:\Coding_Notes\Faunari\data\raw\kaggle_india\Snake Images\train\Venomous\russells_viper_dead_on_road4lr11_09.jpg,kaggle_india,,venomous,,400,400,2608,False,train
e:\Coding_Notes\Faunari\data\raw\kaggle_india\Snake Images\train\Venomous\Russells_Viper_Transportation_Box.JPG,kaggle_india,,venomous,,400,400,2542,False,val
e:\Coding_Notes\Faunari\data\raw\kaggle_india\Snake Images\train\Venomous\RUSSELL_VIPER.JPG,kaggle_india,,venomous,,400,400,2609,False,test
e:\Coding_Notes\Faunari\data\raw\kaggle_india\Snake Images\train\Venomous\russels-viper-daboia-russelii-venomous-common-near-tamhini-maharashtra-by10dg.jpg,kaggle_india,,venomous,,400,400,2610,False,val
e:\Coding_Notes\Faunari\data\raw\kaggle_india\Snake Images\train\Venomous\Russels-viper-Mike-Lyssarides-permissioned.jpg,kaggle_india,,venomous,,400,400,2611,False,train
e:\Coding_Notes\Faunari\data\raw\kaggle_india\Snake Images\train\Venomous\Russels-viper-Mike-Lyssarides.jpg,kaggle_india,,venomous,,400,400,2612,False,train
e:\Coding_Notes\Faunari\data\raw\kaggle_india\Snake Images\train\Venomous\russels-viper.jpg,kaggle_india,,venomous,,400,400,2613,False,train
e:\Coding_Notes\Faunari\data\raw\kaggle_india\Snake Images\train\Venomous\russel_viper.jpg,kaggle_india,,venomous,,400,400,2614,False,train
e:\Coding_Notes\Faunari\data\raw\kaggle_india\Snake Images\train\Venomous\RV1.jpg,kaggle_india,,venomous,,400,400,2615,False,train
e:\Coding_Notes\Faunari\data\raw\kaggle_india\Snake Images\train\Venomous\rvv_snake.jpg,kaggle_india,,venomous,,400,400,2616,True,train
e:\Coding_Notes\Faunari\data\raw\kaggle_india\Snake Images\train\Venomous\Sanku_varayan_Common_Krait.jpg,kaggle_india,,venomous,,400,400,2101,False,train
e:\Coding_Notes\Faunari\data\raw\kaggle_india\Snake Images\train\Venomous\Saw Scaled Viper Echis_carinatus.jpg,kaggle_india,,venomous,,400,400,2766,False,train
e:\Coding_Notes\Faunari\data\raw\kaggle_india\Snake Images\train\Venomous\Saw Scaled Viper.jpg,kaggle_india,,venomous,,400,400,2768,True,val
e:\Coding_Notes\Faunari\data\raw\kaggle_india\Snake Images\train\Venomous\saw-scale-viper-h.jpg,kaggle_india,,venomous,,400,400,2769,False,train
e:\Coding_Notes\Faunari\data\raw\kaggle_india\Snake Images\train\Venomous\saw-scale-viper.jpg,kaggle_india,,venomous,,400,400,2770,True,val
e:\Coding_Notes\Faunari\data\raw\kaggle_india\Snake Images\train\Venomous\saw-scaled VIPER.jpg,kaggle_india,,venomous,,400,400,2771,False,train
e:\Coding_Notes\Faunari\data\raw\kaggle_india\Snake Images\train\Venomous\Saw-scaled Viper_002.jpg,kaggle_india,,venomous,,400,400,2772,False,train
e:\Coding_Notes\Faunari\data\raw\kaggle_india\Snake Images\train\Venomous\saw-scaled-pit-viper-16799779.jpg,kaggle_india,,venomous,,400,400,2773,True,test
e:\Coding_Notes\Faunari\data\raw\kaggle_india\Snake Images\train\Venomous\saw-scaled-pit-viper-16799779_001.jpg,kaggle_india,,venomous,,400,400,2774,False,train
e:\Coding_Notes\Faunari\data\raw\kaggle_india\Snake Images\train\Venomous\saw-scaled-viper--echis-carinatus.jpg,kaggle_india,,venomous,,400,400,2775,False,val
e:\Coding_Notes\Faunari\data\raw\kaggle_india\Snake Images\train\Venomous\Saw-scaled-Viper-02 copy-S.jpg,kaggle_india,,venomous,,400,400,2776,True,train
e:\Coding_Notes\Faunari\data\raw\kaggle_india\Snake Images\train\Venomous\Saw-scaled-Viper-03 copy-X2.jpg,kaggle_india,,venomous,,400,400,2777,False,train
e:\Coding_Notes\Faunari\data\raw\kaggle_india\Snake Images\train\Venomous\Saw-Scaled-Viper-1 copy-X2.jpg,kaggle_india,,venomous,,400,400,2778,False,val
e:\Coding_Notes\Faunari\data\raw\kaggle_india\Snake Images\train\Venomous\SAW-SCALED-VIPER-5.jpg,kaggle_india,,venomous,,400,400,2779,False,train
e:\Coding_Notes\Faunari\data\raw\kaggle_india\Snake Images\train\Venomous\Saw-Scaled-Viper-Bhavya-Joshi-Flickr.jpg,kaggle_india,,venomous,,400,400,2780,False,train
e:\Coding_Notes\Faunari\data\raw\kaggle_india\Snake Images\train\Venomous\saw-scaled-viper-echis-carinatus-common-wilderness-goa-E461GP.jpg,kaggle_india,,venomous,,400,400,2781,False,train
e:\Coding_Notes\Faunari\data\raw\kaggle_india\Snake Images\train\Venomous\saw-scaled-viper-echis-carinatus-echis-carinatus-is-a-venomous-viper-ax095m.jpg,kaggle_india,,venomous,,400,400,2782,False,train
e:\Coding_Notes\Faunari\data\raw\kaggle_india\Snake Images\train\Venomous\saw-scaled-viper-echis-carinatus-in-creek-tamil-nadu-south-india-EPD0HY.jpg,kaggle_india,,venomous,,400,400,2783,False,train
e:\Coding_Notes\Faunari\data\raw\kaggle_india\Snake Images\train\Venomous\saw-scaled-viper-echis-carinatus-specimen-from-maharashtra-india-H9ET2H.jpg,kaggle_india,,venomous,,400,400,2784,False,train
e:\Coding_Notes\Faunari\data\raw\kaggle_india\Snake Images\train\Venomous\saw-scaled-viper-echis-carinatus-venomous-common-C690MR.jpg,kaggle_india,,venomous,,400,400,2785,False,train
e:\Coding_Notes\Faunari\data\raw\kaggle_india\Snake Images\train\Venomous\saw-scaled-viper-echis-carinatus-venomous-H9ERFT.jpg,kaggle_india,,venomous,,400,400,2786,False,train
e:\Coding_Notes\Faunari\data\raw\kaggle_india\Snake Images\train\Venomous\saw-scaled-viper-echis-omanensis-38054928.jpg,kaggle_india,,venomous,,400,400,2787,False,train
e:\Coding_Notes\Faunari\data\raw\kaggle_india\Snake Images\train\Venomous\saw-scaled-viper-face-1400-AT-10-980x735.jpg,kaggle_india,,venomous,,400,400,2788,False,train
e:\Coding_Notes\Faunari\data\raw\kaggle_india\Snake Images\train\Venomous\saw-scaled-viper-in-habitat-b5gwpw.jpg,kaggle_india,,venomous,,400,400,2789,True,val
e:\Coding_Notes\Faunari\data\raw\kaggle_india\Snake Images\train\Venomous\saw-scaled-viper-in-habitat-b5gwtf.jpg,kaggle_india,,venomous,,400,400,2790,False,test
e:\Coding_Notes\Faunari\data\raw\kaggle_india\Snake Images\train\Venomous\saw-scaled-viper-in-habitat-B5GWTF_001.jpg,kaggle_india,,venomous,,400,400,2791,False,train
e:\Coding_Notes\Faunari\data\raw\kaggle_india\Snake Images\train\Venomous\saw-scaled-viper-in-habitat-b5h4en.jpg,kaggle_india,,venomous,,400,400,2792,False,train
e:\Coding_Notes\Faunari\data\raw\kaggle_india\Snake Images\train\Venomous\saw-scaled-viper-in-habitat-b5h4fd.jpg,kaggle_india,,venomous,,400,400,2793,False,val
e:\Coding_Notes\Faunari\data\raw\kaggle_india\Snake Images\train\Venomous\saw-scaled-viper-in-habitat-b5h4gj.jpg,kaggle_india,,venomous,,400,400,2794,False,train
e:\Coding_Notes\Faunari\data\raw\kaggle_india\Snake Images\train\Venomous\saw-scaled-viper-in-habitat-fact8x.jpg,kaggle_india,,venomous,,400,400,4100,True,train
e:\Coding_Notes\Faunari\data\raw\kaggle_india\Snake Images\train\Venomous\saw-scaled-viper-saw-scaled-adder-echis-carinatus-one-of-the-most-ebn5em.jpg,kaggle_india,,venomous,,400,400,2796,True,val
e:\Coding_Notes\Faunari\data\raw\kaggle_india\Snake Images\train\Venomous\Saw-Scaled-Viper.jpg,kaggle_india,,venomous,,400,400,2797,True,test
e:\Coding_Notes\Faunari\data\raw\kaggle_india\Snake Images\train\Venomous\Saw-Scaled-viper1.jpg,kaggle_india,,venomous,,400,400,2798,False,val
e:\Coding_Notes\Faunari\data\raw\kaggle_india\Snake Images\train\Venomous\saw-scaled-vipers-echis-carinatus-waiting-to-be-milked-for-their-venom-BBTTHP.jpg,kaggle_india,,venomous,,400,400,2799,False,train
e:\Coding_Notes\Faunari\data\raw\kaggle_india\Snake Images\train\Venomous\Saw-scaled-viper_003.jpg,kaggle_india,,venomous,,400,400,2800,True,test
e:\Coding_Notes\Faunari\data\raw\kaggle_india\Snake Images\train\Venomous\Saw-scaled-viper_004.jpg,kaggle_india,,venomous,,400,400,2801,False,test
e:\Coding_Notes\Faunari\data\raw\kaggle_india\Snake Images\train\Venomous\Saw-scaled-viper_005.jpg,kaggle_india,,venomous,,400,400,2802,False,train
e:\Coding_Notes\Faunari\data\raw\kaggle_india\Snake Images\train\Venomous\saw-scaled-viper_006.jpg,kaggle_india,,venomous,,400,400,2803,False,train
e:\Coding_Notes\Faunari\data\raw\kaggle_india\Snake Images\train\Venomous\saw-scaled-viper_007.jpg,kaggle_india,,venomous,,400,400,2804,False,test
e:\Coding_Notes\Faunari\data\raw\kaggle_india\Snake Images\train\Venomous\Saw-Scaled-Viper_008.jpg,kaggle_india,,venomous,,400,400,2534,False,train
e:\Coding_Notes\Faunari\data\raw\kaggle_india\Snake Images\train\Venomous\Saw-Scaled-Viper_009.jpg,kaggle_india,,venomous,,400,400,2805,False,val
e:\Coding_Notes\Faunari\data\raw\kaggle_india\Snake Images\train\Venomous\Saw-Scaled-Viper_010.jpg,kaggle_india,,venomous,,400,400,2806,True,hardcase
e:\Coding_Notes\Faunari\data\raw\kaggle_india\Snake Images\train\Venomous\Saw-scaled-Viper_011.jpg,kaggle_india,,venomous,,400,400,2807,False,train
e:\Coding_Notes\Faunari\data\raw\kaggle_india\Snake Images\train\Venomous\Saw-Scaled-Viper_012.jpg,kaggle_india,,venomous,,400,400,2808,False,test
e:\Coding_Notes\Faunari\data\raw\kaggle_india\Snake Images\train\Venomous\saw-scaled-viper_013.jpg,kaggle_india,,venomous,,400,400,2809,False,train
e:\Coding_Notes\Faunari\data\raw\kaggle_india\Snake Images\train\Venomous\Saw-Scaled-Viper_014.jpg,kaggle_india,,venomous,,400,400,2810,True,train
e:\Coding_Notes\Faunari\data\raw\kaggle_india\Snake Images\train\Venomous\saw-scaled-viper_015.jpg,kaggle_india,,venomous,,400,400,2811,False,val
e:\Coding_Notes\Faunari\data\raw\kaggle_india\Snake Images\train\Venomous\saw-scaled-viper_65_448060a.jpg,kaggle_india,,venomous,,400,400,2812,False,train
e:\Coding_Notes\Faunari\data\raw\kaggle_india\Snake Images\train\Venomous\Saw-scaledViper.jpg,kaggle_india,,venomous,,400,400,2813,True,train
e:\Coding_Notes\Faunari\data\raw\kaggle_india\Snake Images\train\Venomous\Saw-scaled_Viper_(Echis_carinatus)_Photographed_By_Shantanu_Kuveskar.jpg,kaggle_india,,venomous,,400,400,2814,False,train
e:\Coding_Notes\Faunari\data\raw\kaggle_india\Snake Images\train\Venomous\Saw-scaled_viper_Echis_carinatus_by_Krishna_Khan_Amravati.jpg,kaggle_india,,venomous,,400,400,4101,True,train
e:\Coding_Notes\Faunari\data\raw\kaggle_india\Snake Images\train\Venomous\Saw-scaled_viper_egg.JPG,kaggle_india,,venomous,,400,400,2816,False,train
e:\Coding_Notes\Faunari\data\raw\kaggle_india\Snake Images\train\Venomous\saw.jpg,kaggle_india,,venomous,,400,400,2817,True,train
e:\Coding_Notes\Faunari\data\raw\kaggle_india\Snake Images\train\Venomous\SAWSCALE.JPG,kaggle_india,,venomous,,400,400,2818,False,train
e:\Coding_Notes\Faunari\data\raw\kaggle_india\Snake Images\train\Venomous\sawscale1.jpg,kaggle_india,,venomous,,400,400,2819,False,train
e:\Coding_Notes\Faunari\data\raw\kaggle_india\Snake Images\train\Venomous\sawscale2.jpg,kaggle_india,,venomous,,400,400,2820,False,train
e:\Coding_Notes\Faunari\data\raw\kaggle_india\Snake Images\train\Venomous\sawscale3.jpg,kaggle_india,,venomous,,400,400,2821,False,train
e:\Coding_Notes\Faunari\data\raw\kaggle_india\Snake Images\train\Venomous\sawscale4.jpg,kaggle_india,,venomous,,400,400,2822,False,train
e:\Coding_Notes\Faunari\data\raw\kaggle_india\Snake Images\train\Venomous\sawscaled-viper.jpg,kaggle_india,,venomous,,400,400,2823,False,train
e:\Coding_Notes\Faunari\data\raw\kaggle_india\Snake Images\train\Venomous\sawscaled.jpg,kaggle_india,,venomous,,400,400,2824,False,test
e:\Coding_Notes\Faunari\data\raw\kaggle_india\Snake Images\train\Venomous\SawScaledBG.jpg,kaggle_india,,venomous,,400,400,2825,False,train
e:\Coding_Notes\Faunari\data\raw\kaggle_india\Snake Images\train\Venomous\SawScaledViper.jpg,kaggle_india,,venomous,,400,400,2826,False,train
e:\Coding_Notes\Faunari\data\raw\kaggle_india\Snake Images\train\Venomous\SawScaledViper_001.jpg,kaggle_india,,venomous,,400,400,2827,False,train
e:\Coding_Notes\Faunari\data\raw\kaggle_india\Snake Images\train\Venomous\sawscaledviper_002.jpg,kaggle_india,,venomous,,400,400,2828,True,train
e:\Coding_Notes\Faunari\data\raw\kaggle_india\Snake Images\train\Venomous\sawscaled_001.jpg,kaggle_india,,venomous,,400,400,2817,False,train
e:\Coding_Notes\Faunari\data\raw\kaggle_india\Snake Images\train\Venomous\SawScaleViper.jpg,kaggle_india,,venomous,,400,400,2830,False,train
e:\Coding_Notes\Faunari\data\raw\kaggle_india\Snake Images\train\Venomous\sawscale_001.jpg,kaggle_india,,venomous,,400,400,2831,False,train
e:\Coding_Notes\Faunari\data\raw\kaggle_india\Snake Images\train\Venomous\saw_scaled_kid_with_biggie.jpg,kaggle_india,,venomous,,400,400,2832,False,train
e:\Coding_Notes\Faunari\data\raw\kaggle_india\Snake Images\train\Venomous\Saw_scaled_viper.jpg,kaggle_india,,venomous,,400,400,2833,True,val
e:\Coding_Notes\Faunari\data\raw\kaggle_india\Snake Images\train\Venomous\Saw_scaled_viper_001.jpg,kaggle_india,,venomous,,400,400,2834,False,train
e:\Coding_Notes\Faunari\data\raw\kaggle_india\Snake Images\train\Venomous\Saw_scaled_viper_2.jpg,kaggle_india,,venomous,,400,400,2835,True,train
e:\Coding_Notes\Faunari\data\raw\kaggle_india\Snake Images\train\Venomous\shutterstock_57385138-700x525.jpg,kaggle_india,,venomous,,400,400,2247,False,train
e:\Coding_Notes\Faunari\data\raw\kaggle_india\Snake Images\train\Venomous\siamese-russel-viper-1.jpg,kaggle_india,,venomous,,400,400,2618,False,train
e:\Coding_Notes\Faunari\data\raw\kaggle_india\Snake Images\train\Venomous\siamese-russells-viper-daboia-siamensis-800x600.jpg,kaggle_india,,venomous,,400,400,2619,False,train
e:\Coding_Notes\Faunari\data\raw\kaggle_india\Snake Images\train\Venomous\siamese-russells-viper-daboia-siamensis-800x600_001.jpg,kaggle_india,,venomous,,400,400,2620,False,train
e:\Coding_Notes\Faunari\data\raw\kaggle_india\Snake Images\train\Venomous\siamese-russells-viper.jpg,kaggle_india,,venomous,,400,400,2621,False,val
e:\Coding_Notes\Faunari\data\raw\kaggle_india\Snake Images\train\Venomous\Sind-saw-scaled-viper-coiled.jpg,kaggle_india,,venomous,,400,400,2836,False,test
e:\Coding_Notes\Faunari\data\raw\kaggle_india\Snake Images\train\Venomous\sind-saw-scaled-viper-echis-carinatus-sharjah-uae-ewyhe0.jpg,kaggle_india,,venomous,,400,400,2837,True,train
e:\Coding_Notes\Faunari\data\raw\kaggle_india\Snake Images\train\Venomous\Sind-saw-scaled-viper-in-habitat.jpg,kaggle_india,,venomous,,400,400,2838,False,train
e:\Coding_Notes\Faunari\data\raw\kaggle_india\Snake Images\train\Venomous\Sind-saw-scaled-viper-in-habitat_001.jpg,kaggle_india,,venomous,,400,400,4102,True,val
e:\Coding_Notes\Faunari\data\raw\kaggle_india\Snake Images\train\Venomous\Sind-saw-scaled-viper-in-habitat_002.jpg,kaggle_india,,venomous,,400,400,2840,False,train
e:\Coding_Notes\Faunari\data\raw\kaggle_india\Snake Images\train\Venomous\Sind-saw-scaled-viper-on-sand.jpg,kaggle_india,,venomous,,400,400,2841,False,test
e:\Coding_Notes\Faunari\data\raw\kaggle_india\Snake Images\train\Venomous\Sind-saw-scaled-viper.jpg,kaggle_india,,venomous,,400,400,2842,False,train
e:\Coding_Notes\Faunari\data\raw\kaggle_india\Snake Images\train\Venomous\Sind-saw-scaled-viper_001.jpg,kaggle_india,,venomous,,400,400,4103,True,train
e:\Coding_Notes\Faunari\data\raw\kaggle_india\Snake Images\train\Venomous\sindhikrait.jpg,kaggle_india,,venomous,,400,400,2102,True,train
e:\Coding_Notes\Faunari\data\raw\kaggle_india\Snake Images\train\Venomous\SindSawscaledViper-55724.jpg,kaggle_india,,venomous,,400,400,2844,False,val
e:\Coding_Notes\Faunari\data\raw\kaggle_india\Snake Images\train\Venomous\SindSawscaledViper-55727.jpg,kaggle_india,,venomous,,400,400,2845,False,train
e:\Coding_Notes\Faunari\data\raw\kaggle_india\Snake Images\train\Venomous\SindSawscaledViper-55734.jpg,kaggle_india,,venomous,,400,400,2846,False,val
e:\Coding_Notes\Faunari\data\raw\kaggle_india\Snake Images\train\Venomous\SindSawscaledViper-55737.jpg,kaggle_india,,venomous,,400,400,2847,False,train
e:\Coding_Notes\Faunari\data\raw\kaggle_india\Snake Images\train\Venomous\SindSawscaledViper-55742.jpg,kaggle_india,,venomous,,400,400,2848,False,val
e:\Coding_Notes\Faunari\data\raw\kaggle_india\Snake Images\train\Venomous\sites_snake-antivenin.com_files_russell-viper-daboia-russelli-siamensis-antivenom-red-cross.jpg,kaggle_india,,venomous,,400,400,2622,True,train
e:\Coding_Notes\Faunari\data\raw\kaggle_india\Snake Images\train\Venomous\sn01.jpg,kaggle_india,,venomous,,400,400,2849,True,train
e:\Coding_Notes\Faunari\data\raw\kaggle_india\Snake Images\train\Venomous\snak21.jpg,kaggle_india,,venomous,,400,400,2394,False,train
e:\Coding_Notes\Faunari\data\raw\kaggle_india\Snake Images\train\Venomous\snake-bit-mit-resize-1.jpg,kaggle_india,,venomous,,400,400,2623,False,train
e:\Coding_Notes\Faunari\data\raw\kaggle_india\Snake Images\train\Venomous\snake-bite-viper-saw.jpg,kaggle_india,,venomous,,400,400,2850,False,train
e:\Coding_Notes\Faunari\data\raw\kaggle_india\Snake Images\train\Venomous\snake-cobra-indian-spectacled-cobra-naja-naja-with-open-hood-india-CE8R0T.jpg,kaggle_india,,venomous,,400,400,3057,False,train
e:\Coding_Notes\Faunari\data\raw\kaggle_india\Snake Images\train\Venomous\snake-common-krait-bungarus-caeruleus-ET0CMF.jpg,kaggle_india,,venomous,,400,400,2103,False,train
e:\Coding_Notes\Faunari\data\raw\kaggle_india\Snake Images\train\Venomous\snake-indian-common-krait-cremonou-bungarus-caeruleus-CE8PWK.jpg,kaggle_india,,venomous,,400,400,2104,False,train
e:\Coding_Notes\Faunari\data\raw\kaggle_india\Snake Images\train\Venomous\snake-indian-spectacled-cobra-naja-naja-naja-et0cm2.jpg,kaggle_india,,venomous,,400,400,3058,False,train
e:\Coding_Notes\Faunari\data\raw\kaggle_india\Snake Images\train\Venomous\snake-kingcobra-reptile-597045-o.jpg,kaggle_india,,venomous,,400,400,2248,False,val
e:\Coding_Notes\Faunari\data\raw\kaggle_india\Snake Images\train\Venomous\snake.jpg,kaggle_india,,venomous,,400,400,2624,True,train
e:\Coding_Notes\Faunari\data\raw\kaggle_india\Snake Images\train\Venomous\snake36l.jpg,kaggle_india,,venomous,,400,400,3059,False,test
e:\Coding_Notes\Faunari\data\raw\kaggle_india\Snake Images\train\Venomous\snake6.jpg,kaggle_india,,venomous,,400,400,2105,True,train
e:\Coding_Notes\Faunari\data\raw\kaggle_india\Snake Images\train\Venomous\Snakebite-DNase-saw-scaled-viper-31cd25oj9az8gi7dpey1vk.jpg,kaggle_india,,venomous,,400,400,4104,True,test
e:\Coding_Notes\Faunari\data\raw\kaggle_india\Snake Images\train\Venomous\snake_7n.jpg,kaggle_india,,venomous,,400,400,3060,True,train
e:\Coding_Notes\Faunari\data\raw\kaggle_india\Snake Images\train\Venomous\SNP00151.jpg,kaggle_india,,venomous,,400,400,2106,False,train
e:\Coding_Notes\Faunari\data\raw\kaggle_india\Snake Images\train\Venomous\SNP00413.jpg,kaggle_india,,venomous,,400,400,3061,True,val
e:\Coding_Notes\Faunari\data\raw\kaggle_india\Snake Images\train\Venomous\SNP00553.jpg,kaggle_india,,venomous,,400,400,2625,True,hardcase
e:\Coding_Notes\Faunari\data\raw\kaggle_india\Snake Images\train\Venomous\SNP00571.jpg,kaggle_india,,venomous,,400,400,2852,True,train
e:\Coding_Notes\Faunari\data\raw\kaggle_india\Snake Images\train\Venomous\SNP00572.jpg,kaggle_india,,venomous,,400,400,2853,True,train
e:\Coding_Notes\Faunari\data\raw\kaggle_india\Snake Images\train\Venomous\SNP00591.jpg,kaggle_india,,venomous,,400,400,2854,True,val
e:\Coding_Notes\Faunari\data\raw\kaggle_india\Snake Images\train\Venomous\SNP00595.jpg,kaggle_india,,venomous,,400,400,2855,True,train
e:\Coding_Notes\Faunari\data\raw\kaggle_india\Snake Images\train\Venomous\sochureks-saw-scaled-viper-eastern-saw-scaled-viper-stemmlers-saw-h8tpep.jpg,kaggle_india,,venomous,,400,400,2856,False,train
e:\Coding_Notes\Faunari\data\raw\kaggle_india\Snake Images\train\Venomous\Spectacle-Pattern-On-Hood-of-Cobra.jpg,kaggle_india,,venomous,,400,400,3062,True,train
e:\Coding_Notes\Faunari\data\raw\kaggle_india\Snake Images\train\Venomous\Spectacled cobra.jpg,kaggle_india,,venomous,,400,400,3063,False,train
e:\Coding_Notes\Faunari\data\raw\kaggle_india\Snake Images\train\Venomous\spectacled-cobra-highly-poisonous-elapine-indian-snake-indian-naja-naja-also-known-as-asian-binocellate-57558361.jpg,kaggle_india,,venomous,,400,400,3064,False,train
e:\Coding_Notes\Faunari\data\raw\kaggle_india\Snake Images\train\Venomous\Spectacled-Cobra-Hood-Photo.jpg,kaggle_india,,venomous,,400,400,3065,False,train
e:\Coding_Notes\Faunari\data\raw\kaggle_india\Snake Images\train\Venomous\spectacled-cobra-in-basket-of-snake-charmer-new-delhi-india-naja-naja-DTRX7M.jpg,kaggle_india,,venomous,,400,400,3066,False,train
e:\Coding_Notes\Faunari\data\raw\kaggle_india\Snake Images\train\Venomous\spectacled-cobra-naja-naja-bangalore-karnataka-theindian-cobrais-one-HNWT1W.jpg,kaggle_india,,venomous,,400,400,3067,False,train
e:\Coding_Notes\Faunari\data\raw\kaggle_india\Snake Images\train\Venomous\spectacled-cobra-naja-naja-bangalore-karnataka-theindian-cobrais-one-hnww7b.jpg,kaggle_india,,venomous,,400,400,3068,True,train
e:\Coding_Notes\Faunari\data\raw\kaggle_india\Snake Images\train\Venomous\spectacled-cobra-naja-naja-bangalore-karnataka-theindian-cobrais-one-hnww7k.jpg,kaggle_india,,venomous,,400,400,3069,True,train
e:\Coding_Notes\Faunari\data\raw\kaggle_india\Snake Images\train\Venomous\spectacled-cobra-naja-naja-family-elaphidae-aarey-milk-colony-mumbai-ECK328.jpg,kaggle_india,,venomous,,400,400,3070,False,test
e:\Coding_Notes\Faunari\data\raw\kaggle_india\Snake Images\train\Venomous\spectacled-cobra-naja-naja-family-elaphidae-aarey-milk-colony-mumbai-eck40e.jpg,kaggle_india,,venomous,,400,400,3071,True,val
e:\Coding_Notes\Faunari\data\raw\kaggle_india\Snake Images\train\Venomous\spectacled-cobra-naja-naja-family-elaphidae-aarey-milk-colony-mumbai-ECK40G.jpg,kaggle_india,,venomous,,400,400,3072,False,val
e:\Coding_Notes\Faunari\data\raw\kaggle_india\Snake Images\train\Venomous\spectacled-cobra-naja-naja-family-elaphidae-aarey-milk-colony-mumbai-eck40j.jpg,kaggle_india,,venomous,,400,400,3073,True,test
e:\Coding_Notes\Faunari\data\raw\kaggle_india\Snake Images\train\Venomous\spectacled-cobra-naja-naja-family-elaphidae-aarey-milk-colony-mumbai-eck40m.jpg,kaggle_india,,venomous,,400,400,3074,True,val
e:\Coding_Notes\Faunari\data\raw\kaggle_india\Snake Images\train\Venomous\spectacled-cobra-naja-naja-family-elaphidae-aarey-milk-colony-mumbai-eck40r.jpg,kaggle_india,,venomous,,400,400,3075,False,train
e:\Coding_Notes\Faunari\data\raw\kaggle_india\Snake Images\train\Venomous\spectacled-cobra-naja-naja-family-elaphidae-aarey-milk-colony-mumbai-eck40t.jpg,kaggle_india,,venomous,,400,400,3076,True,train
e:\Coding_Notes\Faunari\data\raw\kaggle_india\Snake Images\train\Venomous\spectacled-cobra-naja-naja-ncbs-bangalore-india-fajac6.jpg,kaggle_india,,venomous,,400,400,3077,True,train
e:\Coding_Notes\Faunari\data\raw\kaggle_india\Snake Images\train\Venomous\spectacled-cobra-naja-naja-ncbs-bangalore-india-fajaca.jpg,kaggle_india,,venomous,,400,400,3078,True,val
e:\Coding_Notes\Faunari\data\raw\kaggle_india\Snake Images\train\Venomous\spectacled-cobra-naja-naja-venomous-common-aarey-milk-colony-mumbai-b87kda.jpg,kaggle_india,,venomous,,400,400,3079,False,test
e:\Coding_Notes\Faunari\data\raw\kaggle_india\Snake Images\train\Venomous\spectacled-cobra-naja-naja-venomous-common-bn519e.jpg,kaggle_india,,venomous,,400,400,3080,False,train
e:\Coding_Notes\Faunari\data\raw\kaggle_india\Snake Images\train\Venomous\spectacled-cobra-naja-naja-venomous-common-c690gp.jpg,kaggle_india,,venomous,,400,400,3081,False,train
e:\Coding_Notes\Faunari\data\raw\kaggle_india\Snake Images\train\Venomous\spectacled-cobra-naja-naja-venomous-common-cc0bp0.jpg,kaggle_india,,venomous,,400,400,3082,True,train
e:\Coding_Notes\Faunari\data\raw\kaggle_india\Snake Images\train\Venomous\spectacled-cobra-naja-naja-venomous-common-dive-ghat-maharasthra-india-AA2KAR.jpg,kaggle_india,,venomous,,400,400,3083,False,train
e:\Coding_Notes\Faunari\data\raw\kaggle_india\Snake Images\train\Venomous\spectacled-cobra-naja-naja-venomous-common-elapidae-ajivali-devrai-BY1010.jpg,kaggle_india,,venomous,,400,400,3084,False,train
e:\Coding_Notes\Faunari\data\raw\kaggle_india\Snake Images\train\Venomous\spectacled-cobra-naja-naja-venomous-common-elapidae-pune-en6afd.jpg,kaggle_india,,venomous,,400,400,3085,False,val
e:\Coding_Notes\Faunari\data\raw\kaggle_india\Snake Images\train\Venomous\spectacled-cobra-naja-naja-venomous-common-elapidae-pune-en6afe.jpg,kaggle_india,,venomous,,400,400,3086,True,test
e:\Coding_Notes\Faunari\data\raw\kaggle_india\Snake Images\train\Venomous\spectacled-cobra-naja-naja-venomous-common-elapidae-pune-en6afg.jpg,kaggle_india,,venomous,,400,400,3087,False,val
e:\Coding_Notes\Faunari\data\raw\kaggle_india\Snake Images\train\Venomous\spectacled-cobra-naja-naja-venomous-common-elapidae-pune-en6afj.jpg,kaggle_india,,venomous,,400,400,3088,True,val
e:\Coding_Notes\Faunari\data\raw\kaggle_india\Snake Images\train\Venomous\spectacled-cobra-naja-naja-venomous-common-film-city-mumbai-b87jh0.jpg,kaggle_india,,venomous,,400,400,3089,False,test
e:\Coding_Notes\Faunari\data\raw\kaggle_india\Snake Images\train\Venomous\spectacled-cobra-naja-naja-venomous-common-genus-of-venomous-elapid-AX06FY.jpg,kaggle_india,,venomous,,400,400,3090,False,val
e:\Coding_Notes\Faunari\data\raw\kaggle_india\Snake Images\train\Venomous\spectacled-cobra-naja-naja-venomous-common-genus-of-venomous-elapid-AX079W.jpg,kaggle_india,,venomous,,400,400,3091,False,val
e:\Coding_Notes\Faunari\data\raw\kaggle_india\Snake Images\train\Venomous\spectacled-cobra-naja-naja-venomous-common-genus-of-venomous-elapid-ax07kw.jpg,kaggle_india,,venomous,,400,400,3092,False,train
e:\Coding_Notes\Faunari\data\raw\kaggle_india\Snake Images\train\Venomous\spectacled-cobra-naja-naja-venomous-common-genus-of-venomous-elapid-ax07tg.jpg,kaggle_india,,venomous,,400,400,3093,False,train
e:\Coding_Notes\Faunari\data\raw\kaggle_india\Snake Images\train\Venomous\spectacled-cobra-naja-naja-venomous-common-genus-of-venomous-elapid-AX08MW.jpg,kaggle_india,,venomous,,400,400,3094,False,train
e:\Coding_Notes\Faunari\data\raw\kaggle_india\Snake Images\train\Venomous\spectacled-cobra-naja-naja-venomous-common-genus-of-venomous-elapid-ax2f1m.jpg,kaggle_india,,venomous,,400,400,3095,False,train
e:\Coding_Notes\Faunari\data\raw\kaggle_india\Snake Images\train\Venomous\spectacled-cobra-naja-naja-venomous-common-golaghat-district-assam-DABB5W.jpg,kaggle_india,,venomous,,400,400,3096,False,train
e:\Coding_Notes\Faunari\data\raw\kaggle_india\Snake Images\train\Venomous\spectacled-cobra-naja-naja-venomous-common-golaghat-district-assam-dabb6c.jpg,kaggle_india,,venomous,,400,400,3097,True,train
e:\Coding_Notes\Faunari\data\raw\kaggle_india\Snake Images\train\Venomous\spectacled-cobra-naja-naja-venomous-common-indian-cobra-seen-in-gorai-ae6mrw.jpg,kaggle_india,,venomous,,400,400,3098,False,val
e:\Coding_Notes\Faunari\data\raw\kaggle_india\Snake Images\train\Venomous\spectacled-cobra-naja-naja-venomous-common-marol-police-camp-andheri-b87jen.jpg,kaggle_india,,venomous,,400,400,3099,False,train
e:\Coding_Notes\Faunari\data\raw\kaggle_india\Snake Images\train\Venomous\Spectacled-Cobra-Picture.jpg,kaggle_india,,venomous,,400,400,3100,False,val
e:\Coding_Notes\Faunari\data\raw\kaggle_india\Snake Images\train\Venomous\Spectacled-cobra-skins-seized-due-to-illegal-trade.jpg,kaggle_india,,venomous,,400,400,3101,False,train
e:\Coding_Notes\Faunari\data\raw\kaggle_india\Snake Images\train\Venomous\spectacled-cobra-slide-1-1024x682.jpg,kaggle_india,,venomous,,400,400,3102,False,train
e:\Coding_Notes\Faunari\data\raw\kaggle_india\Snake Images\train\Venomous\Spectacled-Cobra.jpg,kaggle_india,,venomous,,400,400,3103,False,train
e:\Coding_Notes\Faunari\data\raw\kaggle_india\Snake Images\train\Venomous\Spectacled-Cobra31.jpg,kaggle_india,,venomous,,400,400,3104,False,test
e:\Coding_Notes\Faunari\data\raw\kaggle_india\Snake Images\train\Venomous\spectacled-cobra_001.jpg,kaggle_india,,venomous,,400,400,3105,False,test
e:\Coding_Notes\Faunari\data\raw\kaggle_india\Snake Images\train\Venomous\Spectacled-Cobra_003.jpg,kaggle_india,,venomous,,400,400,3106,False,train
e:\Coding_Notes\Faunari\data\raw\kaggle_india\Snake Images\train\Venomous\Spectacled_Cobra_and_Stripe-necked_Mongoose_DHobcorft.jpg,kaggle_india,,venomous,,400,400,3107,True,train
e:\Coding_Notes\Faunari\data\raw\kaggle_india\Snake Images\train\Venomous\stock-photo-a-wild-oman-saw-scaled-viper-echis-omanensis-a-wild-saw-scaled-viper-from-the-rocky-277837664.jpg,kaggle_india,,venomous,,400,400,2857,True,train
e:\Coding_Notes\Faunari\data\raw\kaggle_india\Snake Images\train\Venomous\stock-photo-adult-russell-s-viper-daboia-russelii-tamil-nadu-south-india-144893629.jpg,kaggle_india,,venomous,,400,400,2626,False,train
e:\Coding_Notes\Faunari\data\raw\kaggle_india\Snake Images\train\Venomous\stock-photo-adult-russell-s-viper-daboia-russelii-tamil-nadu-south-india-144893635.jpg,kaggle_india,,venomous,,400,400,4105,True,test
e:\Coding_Notes\Faunari\data\raw\kaggle_india\Snake Images\train\Venomous\stock-photo-adult-russell-s-viper-daboia-russelii-tamil-nadu-south-india-144896374.jpg,kaggle_india,,venomous,,400,400,2628,True,train
e:\Coding_Notes\Faunari\data\raw\kaggle_india\Snake Images\train\Venomous\stock-photo-eastern-russell-s-viper-107255687.jpg,kaggle_india,,venomous,,400,400,2629,True,val
e:\Coding_Notes\Faunari\data\raw\kaggle_india\Snake Images\train\Venomous\stock-photo-indian-cobra-170225447.jpg,kaggle_india,,venomous,,400,400,3108,True,train
e:\Coding_Notes\Faunari\data\raw\kaggle_india\Snake Images\train\Venomous\stock-photo-monocle-cobra-36770869.jpg,kaggle_india,,venomous,,400,400,2395,True,test
e:\Coding_Notes\Faunari\data\raw\kaggle_india\Snake Images\train\Venomous\stock-photo-monocle-cobra-83440318.jpg,kaggle_india,,venomous,,400,400,2396,True,train
e:\Coding_Notes\Faunari\data\raw\kaggle_india\Snake Images\train\Venomous\stock-photo-saw-scaled-viper-644115148.jpg,kaggle_india,,venomous,,400,400,2858,True,test
e:\Coding_Notes\Faunari\data\raw\kaggle_india\Snake Images\train\Venomous\stock-photo-saw-scaled-viper-snake-603493748.jpg,kaggle_india,,venomous,,400,400,2859,True,train
e:\Coding_Notes\Faunari\data\raw\kaggle_india\Snake Images\train\Venomous\stock-photo-siamese-russell-s-viper-daboia-russelii-siamensis-631710800.jpg,kaggle_india,,venomous,,400,400,2630,True,test
e:\Coding_Notes\Faunari\data\raw\kaggle_india\Snake Images\train\Venomous\stock-photo-sindh-saw-scaled-viper-560241703.jpg,kaggle_india,,venomous,,400,400,2860,False,train
e:\Coding_Notes\Faunari\data\raw\kaggle_india\Snake Images\train\Venomous\stock-photo-sindh-saw-scaled-viper-560241724.jpg,kaggle_india,,venomous,,400,400,4106,True,train
e:\Coding_Notes\Faunari\data\raw\kaggle_india\Snake Images\train\Venomous\stock-photo-sindh-saw-scaled-viper-560241733.jpg,kaggle_india,,venomous,,400,400,2862,True,train
e:\Coding_Notes\Faunari\data\raw\kaggle_india\Snake Images\train\Venomous\stock-photo-the-monocled-cobra-also-called-monocellate-cobra-is-a-cobra-species-widespread-across-south-and-658718986.jpg,kaggle_india,,venomous,,400,400,2397,True,train
e:\Coding_Notes\Faunari\data\raw\kaggle_india\Snake Images\train\Venomous\stock-photo-the-monocled-cobra-naja-kaouthia-also-called-monocellate-cobra-602177225.jpg,kaggle_india,,venomous,,400,400,2398,True,train
e:\Coding_Notes\Faunari\data\raw\kaggle_india\Snake Images\train\Venomous\stock-photo-the-monocled-cobra-naja-kaouthia-also-called-monocellate-cobra-is-a-cobra-species-widespread-647998777.jpg,kaggle_india,,venomous,,400,400,2399,True,train
e:\Coding_Notes\Faunari\data\raw\kaggle_india\Snake Images\train\Venomous\suphan-phase-monocled.jpg,kaggle_india,,venomous,,400,400,2400,True,val
e:\Coding_Notes\Faunari\data\raw\kaggle_india\Snake Images\train\Venomous\T05-0001-0111.jpg,kaggle_india,,venomous,,400,400,2249,False,train
e:\Coding_Notes\Faunari\data\raw\kaggle_india\Snake Images\train\Venomous\tarentola2b.jpg,kaggle_india,,venomous,,400,400,2863,False,train
e:\Coding_Notes\Faunari\data\raw\kaggle_india\Snake Images\train\Venomous\texas-teen-suicide-snakebite.jpg,kaggle_india,,venomous,,400,400,2401,False,train
e:\Coding_Notes\Faunari\data\raw\kaggle_india\Snake Images\train\Venomous\Thai05M4Bild06MscC400.jpg,kaggle_india,,venomous,,400,400,2402,False,train
e:\Coding_Notes\Faunari\data\raw\kaggle_india\Snake Images\train\Venomous\the-indian-cobra-naja-naja-also-known-as-the-spectacled-cobra-asian-FW7360.jpg,kaggle_india,,venomous,,400,400,3109,False,train
e:\Coding_Notes\Faunari\data\raw\kaggle_india\Snake Images\train\Venomous\the-russells-viper.jpg,kaggle_india,,venomous,,400,400,2632,True,train
e:\Coding_Notes\Faunari\data\raw\kaggle_india\Snake Images\train\Venomous\The_Common_Indian_Cobra_or_Spectacled_Cobra_02.JPG,kaggle_india,,venomous,,400,400,3110,False,train
e:\Coding_Notes\Faunari\data\raw\kaggle_india\Snake Images\train\Venomous\The_Common_Indian_Cobra_or_Spectacled_Cobra_04.JPG,kaggle_india,,venomous,,400,400,3111,False,train
e:\Coding_Notes\Faunari\data\raw\kaggle_india\Snake Images\train\Venomous\The_Common_Indian_Cobra_or_Spectacled_Cobra_07.JPG,kaggle_india,,venomous,,400,400,3112,False,train
e:\Coding_Notes\Faunari\data\raw\kaggle_india\Snake Images\train\Venomous\The_Common_Indian_Cobra_or_Spectacled_Cobra_08.JPG,kaggle_india,,venomous,,400,400,3113,False,train
e:\Coding_Notes\Faunari\data\raw\kaggle_india\Snake Images\train\Venomous\The_Common_Indian_Cobra_or_Spectacled_Cobra_13.JPG,kaggle_india,,venomous,,400,400,3114,False,val
e:\Coding_Notes\Faunari\data\raw\kaggle_india\Snake Images\train\Venomous\The_Common_Indian_Cobra_or_Spectacled_Cobra_14.JPG,kaggle_india,,venomous,,400,400,3115,False,train
e:\Coding_Notes\Faunari\data\raw\kaggle_india\Snake Images\train\Venomous\The_Common_Indian_Cobra_or_Spectacled_Cobra_21.JPG,kaggle_india,,venomous,,400,400,3116,False,train
e:\Coding_Notes\Faunari\data\raw\kaggle_india\Snake Images\train\Venomous\The_Common_Indian_Cobra_or_Spectacled_Cobra_23.JPG,kaggle_india,,venomous,,400,400,3117,False,test
e:\Coding_Notes\Faunari\data\raw\kaggle_india\Snake Images\train\Venomous\The_Common_Indian_Cobra_or_Spectacled_Cobra_29.JPG,kaggle_india,,venomous,,400,400,3118,False,test
e:\Coding_Notes\Faunari\data\raw\kaggle_india\Snake Images\train\Venomous\The_Common_Indian_Cobra_or_Spectacled_Cobra_30.JPG,kaggle_india,,venomous,,400,400,3119,False,train
e:\Coding_Notes\Faunari\data\raw\kaggle_india\Snake Images\train\Venomous\The_Common_Indian_Cobra_or_Spectacled_Cobra_34.JPG,kaggle_india,,venomous,,400,400,3120,False,train
e:\Coding_Notes\Faunari\data\raw\kaggle_india\Snake Images\train\Venomous\The_Common_Indian_Cobra_or_Spectacled_Cobra_35.JPG,kaggle_india,,venomous,,400,400,3121,False,train
e:\Coding_Notes\Faunari\data\raw\kaggle_india\Snake Images\train\Venomous\toz04066l.jpg,kaggle_india,,venomous,,400,400,2864,False,val
e:\Coding_Notes\Faunari\data\raw\kaggle_india\Snake Images\train\Venomous\toz13182l.jpg,kaggle_india,,venomous,,400,400,2403,False,val
e:\Coding_Notes\Faunari\data\raw\kaggle_india\Snake Images\train\Venomous\toz13183l.jpg,kaggle_india,,venomous,,400,400,2404,False,train
e:\Coding_Notes\Faunari\data\raw\kaggle_india\Snake Images\train\Venomous\toz16925l.jpg,kaggle_india,,venomous,,400,400,2405,False,train
e:\Coding_Notes\Faunari\data\raw\kaggle_india\Snake Images\train\Venomous\toz19227l.jpg,kaggle_india,,venomous,,400,400,2633,False,train
e:\Coding_Notes\Faunari\data\raw\kaggle_india\Snake Images\train\Venomous\toz19228l.jpg,kaggle_india,,venomous,,400,400,2634,False,val
e:\Coding_Notes\Faunari\data\raw\kaggle_india\Snake Images\train\Venomous\toz21624l.jpg,kaggle_india,,venomous,,400,400,2865,False,train
e:\Coding_Notes\Faunari\data\raw\kaggle_india\Snake Images\train\Venomous\tumblr_inline_n5ssgeNsfl1sgqxtf.jpg,kaggle_india,,venomous,,400,400,2406,False,train
e:\Coding_Notes\Faunari\data\raw\kaggle_india\Snake Images\train\Venomous\tumblr_nee8a0sQm01rdag7yo1_500.jpg,kaggle_india,,venomous,,400,400,2635,False,train
e:\Coding_Notes\Faunari\data\raw\kaggle_india\Snake Images\train\Venomous\tumblr_o07hjtgxd71r6bovho1_500.jpg,kaggle_india,,venomous,,400,400,2286,False,train
e:\Coding_Notes\Faunari\data\raw\kaggle_india\Snake Images\train\Venomous\tumblr_oe91zzenDc1uckwggo1_500.jpg,kaggle_india,,venomous,,400,400,3122,False,train
e:\Coding_Notes\Faunari\data\raw\kaggle_india\Snake Images\train\Venomous\tumblr_os3eju0XZY1vraiwyo1_500.jpg,kaggle_india,,venomous,,400,400,3123,False,train
e:\Coding_Notes\Faunari\data\raw\kaggle_india\Snake Images\train\Venomous\Tushar_mone.jpg,kaggle_india,,venomous,,400,400,2636,True,train
e:\Coding_Notes\Faunari\data\raw\kaggle_india\Snake Images\train\Venomous\Two_Headed_Russell_E2_80_99s_V.jpg,kaggle_india,,venomous,,400,400,2637,False,val
e:\Coding_Notes\Faunari\data\raw\kaggle_india\Snake Images\train\Venomous\Viper1.jpg,kaggle_india,,venomous,,578,305,2639,False,train
e:\Coding_Notes\Faunari\data\raw\kaggle_india\Snake Images\train\Venomous\viper7l.JPG,kaggle_india,,venomous,,600,399,2866,False,test
e:\Coding_Notes\Faunari\data\raw\kaggle_india\Snake Images\train\Venomous\viper8l.JPG,kaggle_india,,venomous,,600,399,2867,False,train
e:\Coding_Notes\Faunari\data\raw\kaggle_india\Snake Images\train\Venomous\viper_1901250f.jpg,kaggle_india,,venomous,,636,593,2640,False,train
e:\Coding_Notes\Faunari\data\raw\kaggle_india\Snake Images\train\Venomous\wolf.jpg,kaggle_india,,venomous,,268,188,2109,False,hardcase
e:\Coding_Notes\Faunari\data\raw\kaggle_india\Snake Images\train\Venomous\Young-Indian-cobra.jpg,kaggle_india,,venomous,,650,433,3126,False,train
e:\Coding_Notes\Faunari\data\raw\kaggle_india\Snake Images\train\Venomous\young-saw-scaled-viper-echis-carinatus-tamil-nadu-south-india-epd0j4.jpg,kaggle_india,,venomous,,640,445,2869,False,val
e:\Coding_Notes\Faunari\data\raw\kaggle_india\Snake Images\train\Venomous\Z7850200-King_Cobra-SPL.jpg,kaggle_india,,venomous,,354,530,2251,False,train
e:\Coding_Notes\Faunari\data\raw\kaggle_india\Snake Images\train\Venomous\ZNKH1t.jpg,kaggle_india,,venomous,,800,547,2252,False,train
e:\Coding_Notes\Faunari\data\raw\kaggle_india\Snake Images\train\Venomous\zoology-animals-reptiles-snakes-indian-cobra-naja-naja-two-snakes-b408gx.jpg,kaggle_india,,venomous,,640,454,3127,False,train
e:\Coding_Notes\Faunari\data\raw\kaggle_india\Snake Images\train\Venomous\z_mag-p-23-Sawing.jpg,kaggle_india,,venomous,,409,252,2870,False,train
e:\Coding_Notes\Faunari\data\raw\kaggle_india\Snake Images\train\Venomous\_85349739_hi000324519.jpg,kaggle_india,,venomous,,660,371,2253,False,train
e:\Coding_Notes\Faunari\data\raw\kaggle_india\Snake Images\test\Non Venomous\1 (2).jpg,kaggle_india,,non_venomous,,400,400,3612,True,train
e:\Coding_Notes\Faunari\data\raw\kaggle_india\Snake Images\test\Non Venomous\1.jpg,kaggle_india,,non_venomous,,400,400,3320,False,train
e:\Coding_Notes\Faunari\data\raw\kaggle_india\Snake Images\test\Non Venomous\10.jpg,kaggle_india,,non_venomous,,400,400,4107,True,train
e:\Coding_Notes\Faunari\data\raw\kaggle_india\Snake Images\test\Non Venomous\1024px-Heller_Tigerpython_Python_molurus_molurus.jpg,kaggle_india,,non_venomous,,400,400,3613,False,train
e:\Coding_Notes\Faunari\data\raw\kaggle_india\Snake Images\test\Non Venomous\11.jpg,kaggle_india,,non_venomous,,400,400,4108,True,train
e:\Coding_Notes\Faunari\data\raw\kaggle_india\Snake Images\test\Non Venomous\112282-850x565-Yellow_Rat_Snake.jpg,kaggle_india,,non_venomous,,400,400,3322,False,train
e:\Coding_Notes\Faunari\data\raw\kaggle_india\Snake Images\test\Non Venomous\1157751.jpg,kaggle_india,,non_venomous,,400,400,4109,True,train
e:\Coding_Notes\Faunari\data\raw\kaggle_india\Snake Images\test\Non Venomous\1166420045-m.jpg,kaggle_india,,non_venomous,,400,400,4110,True,train
e:\Coding_Notes\Faunari\data\raw\kaggle_india\Snake Images\test\Non Venomous\12.jpg,kaggle_india,,non_venomous,,400,400,3549,False,test
e:\Coding_Notes\Faunari\data\raw\kaggle_india\Snake Images\test\Non Venomous\1200px-Eryx_jaculus.jpg,kaggle_india,,non_venomous,,400,400,3471,False,train
e:\Coding_Notes\Faunari\data\raw\kaggle_india\Snake Images\test\Non Venomous\126763-004-312A729C.jpg,kaggle_india,,non_venomous,,400,400,3323,False,train
e:\Coding_Notes\Faunari\data\raw\kaggle_india\Snake Images\test\Non Venomous\1280px-Indian_rock_python_pratik.JPG,kaggle_india,,non_venomous,,400,400,3615,False,train
e:\Coding_Notes\Faunari\data\raw\kaggle_india\Snake Images\test\Non Venomous\13 (2).jpg,kaggle_india,,non_venomous,,400,400,4111,True,train
e:\Coding_Notes\Faunari\data\raw\kaggle_india\Snake Images\test\Non Venomous\13.jpg,kaggle_india,,non_venomous,,400,400,4112,True,train
e:\Coding_Notes\Faunari\data\raw\kaggle_india\Snake Images\test\Non Venomous\131942656.vigSlaNz.jpg,kaggle_india,,non_venomous,,400,400,3616,False,train
e:\Coding_Notes\Faunari\data\raw\kaggle_india\Snake Images\test\Non Venomous\14 (2).jpg,kaggle_india,,non_venomous,,400,400,4113,True,test
e:\Coding_Notes\Faunari\data\raw\kaggle_india\Snake Images\test\Non Venomous\14.jpg,kaggle_india,,non_venomous,,400,400,4114,True,test
e:\Coding_Notes\Faunari\data\raw\kaggle_india\Snake Images\test\Non Venomous\1406194043645_wps_2_EXCLUSIVE_GUJARAT_INDIA_U.jpg,kaggle_india,,non_venomous,,400,400,3617,False,train
e:\Coding_Notes\Faunari\data\raw\kaggle_india\Snake Images\test\Non Venomous\143197P3112612.JPG,kaggle_india,,non_venomous,,400,400,3325,False,train
e:\Coding_Notes\Faunari\data\raw\kaggle_india\Snake Images\test\Non Venomous\1438853319IMG-20141006-WA0017.jpg,kaggle_india,,non_venomous,,400,400,3621,False,train
e:\Coding_Notes\Faunari\data\raw\kaggle_india\Snake Images\test\Non Venomous\1438853319main -1.jpg,kaggle_india,,non_venomous,,400,400,3622,False,train
e:\Coding_Notes\Faunari\data\raw\kaggle_india\Snake Images\test\Non Venomous\1438853320sub headed shot-1.jpg,kaggle_india,,non_venomous,,400,400,3623,False,train
e:\Coding_Notes\Faunari\data\raw\kaggle_india\Snake Images\test\Non Venomous\15.jpg,kaggle_india,,non_venomous,,400,400,4115,True,train
e:\Coding_Notes\Faunari\data\raw\kaggle_india\Snake Images\test\Non Venomous\16.jpg,kaggle_india,,non_venomous,,400,400,4116,True,train
e:\Coding_Notes\Faunari\data\raw\kaggle_india\Snake Images\test\Non Venomous\16668569-Close-up-of-Indo-Chinese-Rat-snake-Thailand--Stock-Photo.jpg,kaggle_india,,non_venomous,,400,400,3328,False,train
e:\Coding_Notes\Faunari\data\raw\kaggle_india\Snake Images\test\Non Venomous\17 (2).jpg,kaggle_india,,non_venomous,,400,400,4117,True,train
e:\Coding_Notes\Faunari\data\raw\kaggle_india\Snake Images\test\Non Venomous\17.jpg,kaggle_india,,non_venomous,,400,400,4118,True,test
e:\Coding_Notes\Faunari\data\raw\kaggle_india\Snake Images\test\Non Venomous\175a2372jpg-35eda8314988c49d.jpg,kaggle_india,,non_venomous,,400,400,3329,False,train
e:\Coding_Notes\Faunari\data\raw\kaggle_india\Snake Images\test\Non Venomous\178737411_XS.jpg,kaggle_india,,non_venomous,,400,400,3330,False,train
e:\Coding_Notes\Faunari\data\raw\kaggle_india\Snake Images\test\Non Venomous\18.jpg,kaggle_india,,non_venomous,,400,400,4119,True,val
e:\Coding_Notes\Faunari\data\raw\kaggle_india\Snake Images\test\Non Venomous\1YEL.jpg,kaggle_india,,non_venomous,,400,400,3331,False,train
e:\Coding_Notes\Faunari\data\raw\kaggle_india\Snake Images\test\Non Venomous\2.jpg,kaggle_india,,non_venomous,,400,400,4120,True,train
e:\Coding_Notes\Faunari\data\raw\kaggle_india\Snake Images\test\Non Venomous\20 (2).jpg,kaggle_india,,non_venomous,,400,400,4121,True,train
e:\Coding_Notes\Faunari\data\raw\kaggle_india\Snake Images\test\Non Venomous\20 (3).jpg,kaggle_india,,non_venomous,,400,400,4122,True,val
e:\Coding_Notes\Faunari\data\raw\kaggle_india\Snake Images\test\Non Venomous\20.jpg,kaggle_india,,non_venomous,,400,400,4123,True,train
e:\Coding_Notes\Faunari\data\raw\kaggle_india\Snake Images\test\Non Venomous\21.jpg,kaggle_india,,non_venomous,,400,400,4124,True,train
e:\Coding_Notes\Faunari\data\raw\kaggle_india\Snake Images\test\Non Venomous\22cdfe6495d034308305a00eeee78be8.jpg,kaggle_india,,non_venomous,,400,400,3336,True,train
e:\Coding_Notes\Faunari\data\raw\kaggle_india\Snake Images\test\Non Venomous\23.jpg,kaggle_india,,non_venomous,,400,400,4125,True,train
e:\Coding_Notes\Faunari\data\raw\kaggle_india\Snake Images\test\Non Venomous\23acc8022303e373f72893f094dcd22f--snake-photos-corn-snake.jpg,kaggle_india,,non_venomous,,400,400,3337,False,train
e:\Coding_Notes\Faunari\data\raw\kaggle_india\Snake Images\test\Non Venomous\24.jpg,kaggle_india,,non_venomous,,400,400,4126,True,train
e:\Coding_Notes\Faunari\data\raw\kaggle_india\Snake Images\test\Non Venomous\240_F_57387590_X4C1GVMXiircJ9WijCsTxXmP3l08Pk2m.jpg,kaggle_india,,non_venomous,,400,400,3625,True,train
e:\Coding_Notes\Faunari\data\raw\kaggle_india\Snake Images\test\Non Venomous\240_F_81777996_fXFZAxx4plJEMzc4ndaqAcPqLi5VB87h.jpg,kaggle_india,,non_venomous,,400,400,3626,True,train
e:\Coding_Notes\Faunari\data\raw\kaggle_india\Snake Images\test\Non Venomous\249701_149478348456813_100001839476094_326585_731191_n.jpg,kaggle_india,,non_venomous,,400,400,3628,False,train
e:\Coding_Notes\Faunari\data\raw\kaggle_india\Snake Images\test\Non Venomous\26.jpg,kaggle_india,,non_venomous,,400,400,4127,True,train
e:\Coding_Notes\Faunari\data\raw\kaggle_india\Snake Images\test\Non Venomous\27.jpg,kaggle_india,,non_venomous,,400,400,4128,True,val
e:\Coding_Notes\Faunari\data\raw\kaggle_india\Snake Images\test\Non Venomous\29.jpg,kaggle_india,,non_venomous,,400,400,4129,True,train
e:\Coding_Notes\Faunari\data\raw\kaggle_india\Snake Images\test\Non Venomous\2953885821_2921103913.jpg,kaggle_india,,non_venomous,,400,400,3339,False,train
e:\Coding_Notes\Faunari\data\raw\kaggle_india\Snake Images\test\Non Venomous\3.jpg,kaggle_india,,non_venomous,,400,400,4130,True,train
e:\Coding_Notes\Faunari\data\raw\kaggle_india\Snake Images\test\Non Venomous\30.jpg,kaggle_india,,non_venomous,,400,400,4131,True,train
e:\Coding_Notes\Faunari\data\raw\kaggle_india\Snake Images\test\Non Venomous\300px-Boa.jpg,kaggle_india,,non_venomous,,400,400,3473,True,train
e:\Coding_Notes\Faunari\data\raw\kaggle_india\Snake Images\test\Non Venomous\32.jpg,kaggle_india,,non_venomous,,400,400,4132,True,val
e:\Coding_Notes\Faunari\data\raw\kaggle_india\Snake Images\test\Non Venomous\33.jpg,kaggle_india,,non_venomous,,400,400,4133,True,train
e:\Coding_Notes\Faunari\data\raw\kaggle_india\Snake Images\test\Non Venomous\34.jpg,kaggle_india,,non_venomous,,400,400,4134,True,val
e:\Coding_Notes\Faunari\data\raw\kaggle_india\Snake Images\test\Non Venomous\36.jpg,kaggle_india,,non_venomous,,400,400,4135,True,test
e:\Coding_Notes\Faunari\data\raw\kaggle_india\Snake Images\test\Non Venomous\37.jpg,kaggle_india,,non_venomous,,400,400,4136,True,train
e:\Coding_Notes\Faunari\data\raw\kaggle_india\Snake Images\test\Non Venomous\38AC2D51-1DD8-B71C-077A00C10D49AA3C-large.JPG,kaggle_india,,non_venomous,,400,400,3343,False,train
e:\Coding_Notes\Faunari\data\raw\kaggle_india\Snake Images\test\Non Venomous\39.jpg,kaggle_india,,non_venomous,,400,400,4137,True,train
e:\Coding_Notes\Faunari\data\raw\kaggle_india\Snake Images\test\Non Venomous\4.jpg,kaggle_india,,non_venomous,,400,400,4138,True,train
e:\Coding_Notes\Faunari\data\raw\kaggle_india\Snake Images\test\Non Venomous\40.jpg,kaggle_india,,non_venomous,,400,400,4139,True,train
e:\Coding_Notes\Faunari\data\raw\kaggle_india\Snake Images\test\Non Venomous\4108235465_d0b32976cc_b.jpg,kaggle_india,,non_venomous,,400,400,3344,False,val
e:\Coding_Notes\Faunari\data\raw\kaggle_india\Snake Images\test\Non Venomous\450-27504292-common-sand-boa-snake.jpg,kaggle_india,,non_venomous,,400,400,3475,True,train
e:\Coding_Notes\Faunari\data\raw\kaggle_india\Snake Images\test\Non Venomous\464685_469785913108783_1755378000_o.jpg,kaggle_india,,non_venomous,,400,400,3345,False,train
e:\Coding_Notes\Faunari\data\raw\kaggle_india\Snake Images\test\Non Venomous\5 blog.jpg,kaggle_india,,non_venomous,,400,400,3629,False,train
e:\Coding_Notes\Faunari\data\raw\kaggle_india\Snake Images\test\Non Venomous\5078041194_1f8a6af122_b.jpg,kaggle_india,,non_venomous,,400,400,3346,False,train
e:\Coding_Notes\Faunari\data\raw\kaggle_india\Snake Images\test\Non Venomous\5c3dd3dc91c4283c73c5992e0a62b28f.jpg,kaggle_india,,non_venomous,,400,400,3347,False,train
e:\Coding_Notes\Faunari\data\raw\kaggle_india\Snake Images\test\Non Venomous\6 (2).jpg,kaggle_india,,non_venomous,,400,400,4140,True,train
e:\Coding_Notes\Faunari\data\raw\kaggle_india\Snake Images\test\Non Venomous\6.jpg,kaggle_india,,non_venomous,,400,400,4141,True,test
e:\Coding_Notes\Faunari\data\raw\kaggle_india\Snake Images\test\Non Venomous\61571838_4ea666d98a_b.jpg,kaggle_india,,non_venomous,,400,400,3631,False,val
e:\Coding_Notes\Faunari\data\raw\kaggle_india\Snake Images\test\Non Venomous\62b8a1.jpg,kaggle_india,,non_venomous,,400,400,3351,True,val
e:\Coding_Notes\Faunari\data\raw\kaggle_india\Snake Images\test\Non Venomous\6O4A7830.jpg,kaggle_india,,non_venomous,,400,400,3634,False,train
e:\Coding_Notes\Faunari\data\raw\kaggle_india\Snake Images\test\Non Venomous\6O4A7844.jpg,kaggle_india,,non_venomous,,400,400,3635,False,train
e:\Coding_Notes\Faunari\data\raw\kaggle_india\Snake Images\test\Non Venomous\7.jpg,kaggle_india,,non_venomous,,400,400,4142,True,train
e:\Coding_Notes\Faunari\data\raw\kaggle_india\Snake Images\test\Non Venomous\7044762725_5e3e754c31.jpg,kaggle_india,,non_venomous,,400,400,3637,False,val
e:\Coding_Notes\Faunari\data\raw\kaggle_india\Snake Images\test\Non Venomous\7696c19d1eb4846d81269ecb4c77f5a5.jpg,kaggle_india,,non_venomous,,400,400,3638,False,test
e:\Coding_Notes\Faunari\data\raw\kaggle_india\Snake Images\test\Non Venomous\78.jpg,kaggle_india,,non_venomous,,400,400,4143,True,train
e:\Coding_Notes\Faunari\data\raw\kaggle_india\Snake Images\test\Non Venomous\79.jpg,kaggle_india,,non_venomous,,400,400,4144,True,train
e:\Coding_Notes\Faunari\data\raw\kaggle_india\Snake Images\test\Non Venomous\8.jpg,kaggle_india,,non_venomous,,400,400,4145,True,train
e:\Coding_Notes\Faunari\data\raw\kaggle_india\Snake Images\test\Non Venomous\800px-Common_Rat_Snake_(Ptyas_mucosa)_µ░┤σ╛ï5.jpg,kaggle_india,,non_venomous,,400,400,3354,False,train
e:\Coding_Notes\Faunari\data\raw\kaggle_india\Snake Images\test\Non Venomous\82.jpg,kaggle_india,,non_venomous,,400,400,4146,True,val
e:\Coding_Notes\Faunari\data\raw\kaggle_india\Snake Images\test\Non Venomous\83.jpg,kaggle_india,,non_venomous,,400,400,4147,True,train
e:\Coding_Notes\Faunari\data\raw\kaggle_india\Snake Images\test\Non Venomous\83612cc4c22f4694c89577510d3c9bdf.jpg,kaggle_india,,non_venomous,,400,400,3355,False,train
e:\Coding_Notes\Faunari\data\raw\kaggle_india\Snake Images\test\Non Venomous\85.jpg,kaggle_india,,non_venomous,,400,400,4148,True,train
e:\Coding_Notes\Faunari\data\raw\kaggle_india\Snake Images\test\Non Venomous\86.jpg,kaggle_india,,non_venomous,,400,400,4149,True,test
e:\Coding_Notes\Faunari\data\raw\kaggle_india\Snake Images\test\Non Venomous\87457288_XS.jpg,kaggle_india,,non_venomous,,400,400,3639,False,train
e:\Coding_Notes\Faunari\data\raw\kaggle_india\Snake Images\test\Non Venomous\9 (2).jpg,kaggle_india,,non_venomous,,400,400,3555,False,test
e:\Coding_Notes\Faunari\data\raw\kaggle_india\Snake Images\test\Non Venomous\9.jpg,kaggle_india,,non_venomous,,400,400,4150,True,train
e:\Coding_Notes\Faunari\data\raw\kaggle_india\Snake Images\test\Non Venomous\9862346-Close-up-of-Common-Rat-Snake-Thailand--Stock-Photo-snake.jpg,kaggle_india,,non_venomous,,400,400,3357,False,train
e:\Coding_Notes\Faunari\data\raw\kaggle_india\Snake Images\test\Non Venomous\9geraniyade.jpg,kaggle_india,,non_venomous,,400,400,3358,True,train
e:\Coding_Notes\Faunari\data\raw\kaggle_india\Snake Images\test\Non Venomous\banded Racer_001.jpg,kaggle_india,,non_venomous,,400,400,3145,False,train
e:\Coding_Notes\Faunari\data\raw\kaggle_india\Snake Images\test\Non Venomous\Banded Racer_1105.jpg,kaggle_india,,non_venomous,,400,400,3146,False,train
e:\Coding_Notes\Faunari\data\raw\kaggle_india\Snake Images\test\Non Venomous\Banded-Racer-1-700x489.jpg,kaggle_india,,non_venomous,,400,400,3147,False,train
e:\Coding_Notes\Faunari\data\raw\kaggle_india\Snake Images\test\Non Venomous\Banded-Racer-3-700x417.jpg,kaggle_india,,non_venomous,,400,400,3148,False,train
e:\Coding_Notes\Faunari\data\raw\kaggle_india\Snake Images\test\Non Venomous\banded-racer-argyrogena-fasciolata-juvenile-non-venomous-locality-DCDHTP.jpg,kaggle_india,,non_venomous,,400,400,3149,False,train
e:\Coding_Notes\Faunari\data\raw\kaggle_india\Snake Images\test\Non Venomous\banded-racer-argyrogena-fasciolata-juvenile-non-venomous-locality-h9et85.jpg,kaggle_india,,non_venomous,,400,400,3150,False,train
e:\Coding_Notes\Faunari\data\raw\kaggle_india\Snake Images\test\Non Venomous\banded-racer-argyrogena-fasciolata-ncbs-bangalore-india-f7n70b.jpg,kaggle_india,,non_venomous,,400,400,3151,False,train
e:\Coding_Notes\Faunari\data\raw\kaggle_india\Snake Images\test\Non Venomous\banded-racer-argyrogena-fasciolata-non-venomous-not-common-biting-ac6488.jpg,kaggle_india,,non_venomous,,400,400,3152,False,train
e:\Coding_Notes\Faunari\data\raw\kaggle_india\Snake Images\test\Non Venomous\banded-racer-argyrogena-fasciolata-non-venomous-not-common-juvenile-A6TT4N.jpg,kaggle_india,,non_venomous,,400,400,3153,False,train
e:\Coding_Notes\Faunari\data\raw\kaggle_india\Snake Images\test\Non Venomous\banded-racer-argyrogena-fasciolata-non-venomous-not-common-juvenile-A6TT4T.jpg,kaggle_india,,non_venomous,,400,400,3154,False,train
e:\Coding_Notes\Faunari\data\raw\kaggle_india\Snake Images\test\Non Venomous\banded-racer-argyrogena-fasciolata-non-venomous-not-common-kalbeliya-AT2BHP.jpg,kaggle_india,,non_venomous,,400,400,3155,False,train
e:\Coding_Notes\Faunari\data\raw\kaggle_india\Snake Images\test\Non Venomous\banded-racerargyrogena-fasciolata-ncbs-bangalore-india-f7n6yr.jpg,kaggle_india,,non_venomous,,400,400,3156,False,train
e:\Coding_Notes\Faunari\data\raw\kaggle_india\Snake Images\test\Non Venomous\banded.jpg,kaggle_india,,non_venomous,,400,400,3904,False,test
e:\Coding_Notes\Faunari\data\raw\kaggle_india\Snake Images\test\Non Venomous\bandedd.jpg,kaggle_india,,non_venomous,,400,400,3926,False,train
e:\Coding_Notes\Faunari\data\raw\kaggle_india\Snake Images\test\Non Venomous\banded_racer2.JPG,kaggle_india,,non_venomous,,400,400,3157,True,val
e:\Coding_Notes\Faunari\data\raw\kaggle_india\Snake Images\test\Non Venomous\Banded_Racer_Argyrogena_fasciolata_by_Ashahar_alias_Krishna_Khan.jpg,kaggle_india,,non_venomous,,400,400,3158,False,test
e:\Coding_Notes\Faunari\data\raw\kaggle_india\Snake Images\test\Non Venomous\flagellum_19mar11_1b.jpg,kaggle_india,,non_venomous,,400,400,3159,False,train
e:\Coding_Notes\Faunari\data\raw\kaggle_india\Snake Images\test\Non Venomous\img6.jpg,kaggle_india,,non_venomous,,400,400,3160,False,train
e:\Coding_Notes\Faunari\data\raw\kaggle_india\Snake Images\test\Non Venomous\maxresdefault_006.jpg,kaggle_india,,non_venomous,,400,400,3291,False,train
e:\Coding_Notes\Faunari\data\raw\kaggle_india\Snake Images\test\Non Venomous\medium.JPG,kaggle_india,,non_venomous,,400,400,3161,False,test
e:\Coding_Notes\Faunari\data\raw\kaggle_india\Snake Images\test\Non Venomous\Natrix piscator.jpg,kaggle_india,,non_venomous,,400,400,3294,True,train
e:\Coding_Notes\Faunari\data\raw\kaggle_india\Snake Images\test\Non Venomous\PICT6251_fcw.jpg,kaggle_india,,non_venomous,,400,400,3295,False,train
e:\Coding_Notes\Faunari\data\raw\kaggle_india\Snake Images\test\Non Venomous\stock-photo-green-snake-checkered-keelback-xenochrophis-piscator-621348263.jpg,kaggle_india,,non_venomous,,400,400,3297,True,train
e:\Coding_Notes\Faunari\data\raw\kaggle_india\Snake Images\test\Non Venomous\stock-photo-green-snake-checkered-keelback-xenochrophis-piscator-621348284.jpg,kaggle_india,,non_venomous,,400,400,3298,True,train
e:\Coding_Notes\Faunari\data\raw\kaggle_india\Snake Images\test\Non Venomous\stock-photo-green-snake-checkered-keelback-xenochrophis-piscator-621348332.jpg,kaggle_india,,non_venomous,,400,400,3299,True,test
e:\Coding_Notes\Faunari\data\raw\kaggle_india\Snake Images\test\Non Venomous\stock-photo-green-snake-checkered-keelback-xenochrophis-piscator-621348356.jpg,kaggle_india,,non_venomous,,400,400,3300,True,train
e:\Coding_Notes\Faunari\data\raw\kaggle_india\Snake Images\test\Non Venomous\stunningly-beautiful-snake-with-clear-checkered-marks.jpg,kaggle_india,,non_venomous,,400,400,4151,True,val
e:\Coding_Notes\Faunari\data\raw\kaggle_india\Snake Images\test\Non Venomous\xenochrophis-piscator-checkered-keelback-non-venomous-arunachal-pradesh-h9erhb.jpg,kaggle_india,,non_venomous,,400,400,3302,False,train
e:\Coding_Notes\Faunari\data\raw\kaggle_india\Snake Images\test\Non Venomous\xenochrophis-piscator-checkered-keelback-water-snake-close-up-non-h9erxp.jpg,kaggle_india,,non_venomous,,400,400,3303,False,train
e:\Coding_Notes\Faunari\data\raw\kaggle_india\Snake Images\test\Non Venomous\xenochrophis-piscator-checkered-keelback-water-snake-non-venomous-DFBH00.jpg,kaggle_india,,non_venomous,,400,400,3304,False,train
e:\Coding_Notes\Faunari\data\raw\kaggle_india\Snake Images\test\Non Venomous\xenochrophis-piscator-checkered-keelback-water-snake-non-venomous-h9ertg.jpg,kaggle_india,,non_venomous,,400,400,3305,True,train
e:\Coding_Notes\Faunari\data\raw\kaggle_india\Snake Images\test\Non Venomous\xenochrophis-piscator-checkered-keelback-water-snake-non-venomous-H9ERXF.jpg,kaggle_india,,non_venomous,,400,400,3306,False,train
e:\Coding_Notes\Faunari\data\raw\kaggle_india\Snake Images\test\Non Venomous\xenochrophis-piscator-checkered-keelback-water-snake-non-venomous-h9erxh.jpg,kaggle_india,,non_venomous,,400,400,3307,False,test
e:\Coding_Notes\Faunari\data\raw\kaggle_india\Snake Images\test\Non Venomous\xenochrophis-piscator-checkered-keelback-water-snake-non-venomous-h9erxk.jpg,kaggle_india,,non_venomous,,400,400,3308,False,train
e:\Coding_Notes\Faunari\data\raw\kaggle_india\Snake Images\test\Non Venomous\Xenochrophis_piscator_at_Kadavoor.jpg,kaggle_india,,non_venomous,,400,400,3309,True,val
e:\Coding_Notes\Faunari\data\raw\kaggle_india\Snake Images\test\Non Venomous\yellow-spotted-keelback-11-26-10-in-payao-province-31.jpg,kaggle_india,,non_venomous,,400,400,3310,False,test
e:\Coding_Notes\Faunari\data\raw\kaggle_india\Snake Images\test\Non Venomous\yellow-spotted-keelback-11-26-10-in-payao-province1.jpg,kaggle_india,,non_venomous,,400,400,3311,False,train
e:\Coding_Notes\Faunari\data\raw\kaggle_india\Snake Images\test\Non Venomous\yellow-spotted-keelback-3-17-11-in-ramkhamhaeng.jpg,kaggle_india,,non_venomous,,400,400,3312,False,train
e:\Coding_Notes\Faunari\data\raw\kaggle_india\Snake Images\test\Non Venomous\yellow-spotted-keelback-xenocropis-flavipunctus-vietnam-alex-krohn-21.jpg,kaggle_india,,non_venomous,,400,400,3313,False,test
e:\Coding_Notes\Faunari\data\raw\kaggle_india\Snake Images\test\Non Venomous\yellowspottedkeelback.jpg,kaggle_india,,non_venomous,,400,400,3314,True,train
e:\Coding_Notes\Faunari\data\raw\kaggle_india\Snake Images\test\Venomous\0.jpg,kaggle_india,,venomous,,400,400,2036,False,train
e:\Coding_Notes\Faunari\data\raw\kaggle_india\Snake Images\test\Venomous\00409260.jpg,kaggle_india,,venomous,,400,400,2876,False,val
e:\Coding_Notes\Faunari\data\raw\kaggle_india\Snake Images\test\Venomous\00550438.jpg,kaggle_india,,venomous,,400,400,2410,False,train
e:\Coding_Notes\Faunari\data\raw\kaggle_india\Snake Images\test\Venomous\0191.jpg,kaggle_india,,venomous,,400,400,4152,True,train
e:\Coding_Notes\Faunari\data\raw\kaggle_india\Snake Images\test\Venomous\01AS-QYGA.jpg,kaggle_india,,venomous,,400,400,2414,True,val
e:\Coding_Notes\Faunari\data\raw\kaggle_india\Snake Images\test\Venomous\01DSC_6599.JPG,kaggle_india,,venomous,,400,400,1988,False,val
e:\Coding_Notes\Faunari\data\raw\kaggle_india\Snake Images\test\Venomous\025c68f55a8efc9290a8435db743bbf3--the-big-four-the-ojays.jpg,kaggle_india,,venomous,,400,400,2878,False,train
e:\Coding_Notes\Faunari\data\raw\kaggle_india\Snake Images\test\Venomous\02tvCommon_Krait__S_824501g.jpg,kaggle_india,,venomous,,400,400,1989,False,train
e:\Coding_Notes\Faunari\data\raw\kaggle_india\Snake Images\test\Venomous\03 Spectacled Cobra 1.JPG,kaggle_india,,venomous,,400,400,2879,False,train
e:\Coding_Notes\Faunari\data\raw\kaggle_india\Snake Images\test\Venomous\0390.jpg,kaggle_india,,venomous,,400,400,2415,False,test
e:\Coding_Notes\Faunari\data\raw\kaggle_india\Snake Images\test\Venomous\03cobra.jpg,kaggle_india,,venomous,,400,400,2116,False,train
e:\Coding_Notes\Faunari\data\raw\kaggle_india\Snake Images\test\Venomous\0442c0e88fb9b22c0d608a9b25577469--naja-cobra.jpg,kaggle_india,,venomous,,400,400,2880,True,train
e:\Coding_Notes\Faunari\data\raw\kaggle_india\Snake Images\test\Venomous\0499.jpg,kaggle_india,,venomous,,400,400,2416,False,train
e:\Coding_Notes\Faunari\data\raw\kaggle_india\Snake Images\test\Venomous\0564.jpg,kaggle_india,,venomous,,400,400,4153,True,train
e:\Coding_Notes\Faunari\data\raw\kaggle_india\Snake Images\test\Venomous\06.jpg,kaggle_india,,venomous,,400,400,2648,False,val
e:\Coding_Notes\Faunari\data\raw\kaggle_india\Snake Images\test\Venomous\08JulPykke02 viper.ART_G835841D7.1+09THRUSSELL_VIPER_2.jpg,kaggle_india,,venomous,,400,400,2417,False,val
e:\Coding_Notes\Faunari\data\raw\kaggle_india\Snake Images\test\Venomous\0_7a209fcba04a5c21f4181e692723c0ca.jpg,kaggle_india,,venomous,,400,400,2881,False,train
e:\Coding_Notes\Faunari\data\raw\kaggle_india\Snake Images\test\Venomous\1 (2).jpg,kaggle_india,,venomous,,400,400,2654,True,train
e:\Coding_Notes\Faunari\data\raw\kaggle_india\Snake Images\test\Venomous\1 (3).jpg,kaggle_india,,venomous,,400,400,2418,True,train
e:\Coding_Notes\Faunari\data\raw\kaggle_india\Snake Images\test\Venomous\1-Common-Indian-Krait-Bungarus-Caeruleus.jpg,kaggle_india,,venomous,,400,400,1994,False,train
e:\Coding_Notes\Faunari\data\raw\kaggle_india\Snake Images\test\Venomous\1-s2.0-S1080603207702168-gr1.jpg,kaggle_india,,venomous,,400,400,2653,False,test
e:\Coding_Notes\Faunari\data\raw\kaggle_india\Snake Images\test\Venomous\1.jpg,kaggle_india,,venomous,,400,400,4154,True,test
e:\Coding_Notes\Faunari\data\raw\kaggle_india\Snake Images\test\Venomous\1015822449_d6aa87bc25.jpg,kaggle_india,,venomous,,400,400,2258,False,train
e:\Coding_Notes\Faunari\data\raw\kaggle_india\Snake Images\test\Venomous\11.Monocled Cobra.jpg,kaggle_india,,venomous,,400,400,2259,False,train
e:\Coding_Notes\Faunari\data\raw\kaggle_india\Snake Images\test\Venomous\1124russviper001.JPG,kaggle_india,,venomous,,400,400,2419,False,test
e:\Coding_Notes\Faunari\data\raw\kaggle_india\Snake Images\test\Venomous\114-viper.jpg,kaggle_india,,venomous,,400,400,2657,False,train
e:\Coding_Notes\Faunari\data\raw\kaggle_india\Snake Images\test\Venomous\119.jpg,kaggle_india,,venomous,,400,400,2658,False,val
e:\Coding_Notes\Faunari\data\raw\kaggle_india\Snake Images\test\Venomous\12.SNAKECONFLICT2008SLIDE-1.jpg,kaggle_india,,venomous,,400,400,2885,True,train
e:\Coding_Notes\Faunari\data\raw\kaggle_india\Snake Images\test\Venomous\12700.jpg,kaggle_india,,venomous,,400,400,2119,False,train
e:\Coding_Notes\Faunari\data\raw\kaggle_india\Snake Images\test\Venomous\13-F-Keels--Scales-of-the-Saw-scaled-Viper.jpg,kaggle_india,,venomous,,400,400,2662,False,train
e:\Coding_Notes\Faunari\data\raw\kaggle_india\Snake Images\test\Venomous\1317472028Naja kauthia.jpg,kaggle_india,,venomous,,400,400,2260,False,train
e:\Coding_Notes\Faunari\data\raw\kaggle_india\Snake Images\test\Venomous\13350233_1079893875431314_5715026036656697829_o.jpg,kaggle_india,,venomous,,400,400,2261,False,train
e:\Coding_Notes\Faunari\data\raw\kaggle_india\Snake Images\test\Venomous\13582625-king-cobra-Ophiophagus-hannah-poisonous-white-background-Stock-Photo.jpg,kaggle_india,,venomous,,400,400,2124,False,train
e:\Coding_Notes\Faunari\data\raw\kaggle_india\Snake Images\test\Venomous\160110 100lop.jpg,kaggle_india,,venomous,,400,400,2892,False,val
e:\Coding_Notes\Faunari\data\raw\kaggle_india\Snake Images\test\Venomous\1930805.jpg,kaggle_india,,venomous,,400,400,2129,True,val
e:\Coding_Notes\Faunari\data\raw\kaggle_india\Snake Images\test\Venomous\2 (2).jpg,kaggle_india,,venomous,,400,400,2426,False,train
e:\Coding_Notes\Faunari\data\raw\kaggle_india\Snake Images\test\Venomous\2.jpg,kaggle_india,,venomous,,400,400,4155,True,train
e:\Coding_Notes\Faunari\data\raw\kaggle_india\Snake Images\test\Venomous\20090613_Daboia_russelii_Russells_Viper_Kettenviper_Pune.jpg,kaggle_india,,venomous,,400,400,2427,False,train
e:\Coding_Notes\Faunari\data\raw\kaggle_india\Snake Images\test\Venomous\200px-Naja_kaouthia.jpg,kaggle_india,,venomous,,400,400,2268,True,train
e:\Coding_Notes\Faunari\data\raw\kaggle_india\Snake Images\test\Venomous\2013-KINGCOBRA-08.jpg,kaggle_india,,venomous,,400,400,2132,False,train
e:\Coding_Notes\Faunari\data\raw\kaggle_india\Snake Images\test\Venomous\20855503-Adult-Russell-s-Viper-Daboia-russelii-Tamil-Nadu-South-India-Stock-Photo.jpg,kaggle_india,,venomous,,400,400,2429,False,test
e:\Coding_Notes\Faunari\data\raw\kaggle_india\Snake Images\test\Venomous\20855505-Camouflage-pattern-on-adult-Russell-s-Viper-Daboia-russelii-Tamil-Nadu-South-India-Stock-Photo.jpg,kaggle_india,,venomous,,400,400,2430,False,val
e:\Coding_Notes\Faunari\data\raw\kaggle_india\Snake Images\test\Venomous\2180514e186a040692de298c7be66e95.jpg,kaggle_india,,venomous,,400,400,2894,True,train
e:\Coding_Notes\Faunari\data\raw\kaggle_india\Snake Images\test\Venomous\2186482800_bfcf31f866_b.jpg,kaggle_india,,venomous,,400,400,2269,False,train
e:\Coding_Notes\Faunari\data\raw\kaggle_india\Snake Images\test\Venomous\220px-King-Cobra.jpg,kaggle_india,,venomous,,400,400,2135,True,train
e:\Coding_Notes\Faunari\data\raw\kaggle_india\Snake Images\test\Venomous\220px-Naja_naja_(Indian_cobra).jpg,kaggle_india,,venomous,,400,400,2895,True,train
e:\Coding_Notes\Faunari\data\raw\kaggle_india\Snake Images\test\Venomous\220px-Russells_viper_in_pune_zoo.jpg,kaggle_india,,venomous,,400,400,2432,True,hardcase
e:\Coding_Notes\Faunari\data\raw\kaggle_india\Snake Images\test\Venomous\220px-Spectacled_cobra.JPG,kaggle_india,,venomous,,400,400,2896,True,val
e:\Coding_Notes\Faunari\data\raw\kaggle_india\Snake Images\test\Venomous\225296_10150320235058504_683593503_10024128_7013317_n.jpg,kaggle_india,,venomous,,400,400,2270,False,train
e:\Coding_Notes\Faunari\data\raw\kaggle_india\Snake Images\test\Venomous\235edf110f56286064e2f303e6006fb8--pet-peeves-cobra-snake.jpg,kaggle_india,,venomous,,400,400,2271,False,train
e:\Coding_Notes\Faunari\data\raw\kaggle_india\Snake Images\test\Venomous\252576_10150346420778504_683593503_10295742_5461375_n.jpg,kaggle_india,,venomous,,400,400,2273,False,train
e:\Coding_Notes\Faunari\data\raw\kaggle_india\Snake Images\test\Venomous\26.jpg,kaggle_india,,venomous,,400,400,4156,True,train
e:\Coding_Notes\Faunari\data\raw\kaggle_india\Snake Images\test\Venomous\263591_10150346421368504_683593503_10295748_8378405_n (6).jpg,kaggle_india,,venomous,,400,400,2275,False,train
e:\Coding_Notes\Faunari\data\raw\kaggle_india\Snake Images\test\Venomous\27.jpg,kaggle_india,,venomous,,400,400,4157,True,train
e:\Coding_Notes\Faunari\data\raw\kaggle_india\Snake Images\test\Venomous\2962717801_da28a393d6.jpg,kaggle_india,,venomous,,400,400,2276,False,val
e:\Coding_Notes\Faunari\data\raw\kaggle_india\Snake Images\test\Venomous\2E69467C00000578-3317003-image-m-26_1447421012740.jpg,kaggle_india,,venomous,,400,400,4158,True,train
e:\Coding_Notes\Faunari\data\raw\kaggle_india\Snake Images\test\Venomous\3 (2).jpg,kaggle_india,,venomous,,400,400,2436,True,train
e:\Coding_Notes\Faunari\data\raw\kaggle_india\Snake Images\test\Venomous\3.jpg,kaggle_india,,venomous,,400,400,4159,True,val
e:\Coding_Notes\Faunari\data\raw\kaggle_india\Snake Images\test\Venomous\30 (2).jpg,kaggle_india,,venomous,,400,400,2437,False,train
e:\Coding_Notes\Faunari\data\raw\kaggle_india\Snake Images\test\Venomous\30 (3).jpg,kaggle_india,,venomous,,400,400,4160,True,train
e:\Coding_Notes\Faunari\data\raw\kaggle_india\Snake Images\test\Venomous\30.jpg,kaggle_india,,venomous,,400,400,4161,True,train
e:\Coding_Notes\Faunari\data\raw\kaggle_india\Snake Images\test\Venomous\31 copy.jpg,kaggle_india,,venomous,,400,400,2438,False,train
e:\Coding_Notes\Faunari\data\raw\kaggle_india\Snake Images\test\Venomous\3110614239_af173ac2ae.jpg,kaggle_india,,venomous,,400,400,2280,False,train
e:\Coding_Notes\Faunari\data\raw\kaggle_india\Snake Images\test\Venomous\32 (2).jpg,kaggle_india,,venomous,,400,400,2030,False,train
e:\Coding_Notes\Faunari\data\raw\kaggle_india\Snake Images\test\Venomous\32.jpg,kaggle_india,,venomous,,400,400,2136,False,hardcase
e:\Coding_Notes\Faunari\data\raw\kaggle_india\Snake Images\test\Venomous\34.jpg,kaggle_india,,venomous,,400,400,4162,True,train
e:\Coding_Notes\Faunari\data\raw\kaggle_india\Snake Images\test\Venomous\35.jpg,kaggle_india,,venomous,,400,400,4163,True,train
e:\Coding_Notes\Faunari\data\raw\kaggle_india\Snake Images\test\Venomous\37.jpg,kaggle_india,,venomous,,400,400,2089,False,train
e:\Coding_Notes\Faunari\data\raw\kaggle_india\Snake Images\test\Venomous\38 (2).jpg,kaggle_india,,venomous,,400,400,4164,True,train
e:\Coding_Notes\Faunari\data\raw\kaggle_india\Snake Images\test\Venomous\38.jpg,kaggle_india,,venomous,,400,400,4165,True,train
e:\Coding_Notes\Faunari\data\raw\kaggle_india\Snake Images\test\Venomous\39e574b4966c870035f7e3c9378379b2.jpg,kaggle_india,,venomous,,400,400,2011,False,test
e:\Coding_Notes\Faunari\data\raw\kaggle_india\Snake Images\test\Venomous\3CA83C7400000578-4172360-image-m-57_1485792904526.jpg,kaggle_india,,venomous,,400,400,2144,False,train
e:\Coding_Notes\Faunari\data\raw\kaggle_india\Snake Images\test\Venomous\3D05259A00000578-4209222-image-a-31_1486675129282.jpg,kaggle_india,,venomous,,400,400,2145,False,train
e:\Coding_Notes\Faunari\data\raw\kaggle_india\Snake Images\test\Venomous\3ddc49b3f743b547e095a1fd910cb902--king-cobra-snakes.jpg,kaggle_india,,venomous,,400,400,2146,True,train
e:\Coding_Notes\Faunari\data\raw\kaggle_india\Snake Images\test\Venomous\3f7b41317b2248121c9fa4fbbff48074--cobra-snake-slytherin.jpg,kaggle_india,,venomous,,400,400,2286,False,train
e:\Coding_Notes\Faunari\data\raw\kaggle_india\Snake Images\test\Venomous\40.jpg,kaggle_india,,venomous,,400,400,4166,True,test
e:\Coding_Notes\Faunari\data\raw\kaggle_india\Snake Images\test\Venomous\4179-39698.jpg,kaggle_india,,venomous,,400,400,2440,False,train
e:\Coding_Notes\Faunari\data\raw\kaggle_india\Snake Images\test\Venomous\4182f3e0ec2558bb23cf61828f7c752d--king-cobra-southeast-asia.jpg,kaggle_india,,venomous,,400,400,2148,True,hardcase
e:\Coding_Notes\Faunari\data\raw\kaggle_india\Snake Images\test\Venomous\42.jpg,kaggle_india,,venomous,,400,400,4167,True,val
e:\Coding_Notes\Faunari\data\raw\kaggle_india\Snake Images\test\Venomous\426b89d75ff053790e7ec2abe117f78c--cobra-snake-poisonous-snakes.jpg,kaggle_india,,venomous,,400,400,2904,True,val
e:\Coding_Notes\Faunari\data\raw\kaggle_india\Snake Images\test\Venomous\429462b69e738da2cc54bd5a8ef5b4b1.jpg,kaggle_india,,venomous,,400,400,2287,False,val
e:\Coding_Notes\Faunari\data\raw\kaggle_india\Snake Images\test\Venomous\43.jpg,kaggle_india,,venomous,,400,400,4168,True,val
e:\Coding_Notes\Faunari\data\raw\kaggle_india\Snake Images\test\Venomous\44.jpg,kaggle_india,,venomous,,400,400,4169,True,test
e:\Coding_Notes\Faunari\data\raw\kaggle_india\Snake Images\test\Venomous\45.jpg,kaggle_india,,venomous,,400,400,4170,True,train
e:\Coding_Notes\Faunari\data\raw\kaggle_india\Snake Images\test\Venomous\4975186.jpg,kaggle_india,,venomous,,400,400,2441,True,hardcase
e:\Coding_Notes\Faunari\data\raw\kaggle_india\Snake Images\test\Venomous\5-dog-beat-cobra-795x447.jpg,kaggle_india,,venomous,,400,400,2149,False,test
e:\Coding_Notes\Faunari\data\raw\kaggle_india\Snake Images\test\Venomous\5.jpg,kaggle_india,,venomous,,400,400,4171,True,train
e:\Coding_Notes\Faunari\data\raw\kaggle_india\Snake Images\test\Venomous\501001_8697602067eba4ehhlpe07.jpg,kaggle_india,,venomous,,400,400,2906,False,train
e:\Coding_Notes\Faunari\data\raw\kaggle_india\Snake Images\test\Venomous\501121_298677f067eba4fv1mjc07.jpg,kaggle_india,,venomous,,400,400,2907,False,val
e:\Coding_Notes\Faunari\data\raw\kaggle_india\Snake Images\test\Venomous\5207091.jpg,kaggle_india,,venomous,,400,400,2446,False,val
e:\Coding_Notes\Faunari\data\raw\kaggle_india\Snake Images\test\Venomous\520e37a2-d600-4c4f-8f19-6b87429fc7a0.Full_.jpg,kaggle_india,,venomous,,400,400,2150,True,train
e:\Coding_Notes\Faunari\data\raw\kaggle_india\Snake Images\test\Venomous\5384077d7fe23.jpg,kaggle_india,,venomous,,400,400,2447,False,train
e:\Coding_Notes\Faunari\data\raw\kaggle_india\Snake Images\test\Venomous\5384096bcdfba.jpg,kaggle_india,,venomous,,400,400,2448,True,train
e:\Coding_Notes\Faunari\data\raw\kaggle_india\Snake Images\test\Venomous\5384096bea0ed.jpg,kaggle_india,,venomous,,400,400,2449,True,test
e:\Coding_Notes\Faunari\data\raw\kaggle_india\Snake Images\test\Venomous\5384096c1c063.jpg,kaggle_india,,venomous,,400,400,2450,False,test
e:\Coding_Notes\Faunari\data\raw\kaggle_india\Snake Images\test\Venomous\5419812_orig.jpg,kaggle_india,,venomous,,400,400,2451,False,val
e:\Coding_Notes\Faunari\data\raw\kaggle_india\Snake Images\test\Venomous\58680357_PW36.jpg,kaggle_india,,venomous,,400,400,2912,True,hardcase
e:\Coding_Notes\Faunari\data\raw\kaggle_india\Snake Images\test\Venomous\58680358_PW36.jpg,kaggle_india,,venomous,,400,400,2913,True,hardcase
e:\Coding_Notes\Faunari\data\raw\kaggle_india\Snake Images\test\Venomous\58680361_PW36.jpg,kaggle_india,,venomous,,400,400,2914,True,train
e:\Coding_Notes\Faunari\data\raw\kaggle_india\Snake Images\test\Venomous\6.jpg,kaggle_india,,venomous,,400,400,4172,True,val
e:\Coding_Notes\Faunari\data\raw\kaggle_india\Snake Images\test\Venomous\614a34a77654e6726429703e150dea3e.jpg,kaggle_india,,venomous,,400,400,2916,False,train
e:\Coding_Notes\Faunari\data\raw\kaggle_india\Snake Images\test\Venomous\621cc2e9123ff3733add9cf51d374c1c--top-five-hady.jpg,kaggle_india,,venomous,,400,400,2453,True,train
e:\Coding_Notes\Faunari\data\raw\kaggle_india\Snake Images\test\Venomous\628592919_285e1def53_b.jpg,kaggle_india,,venomous,,400,400,2917,False,train
e:\Coding_Notes\Faunari\data\raw\kaggle_india\Snake Images\test\Venomous\6b6da31906462414e878d1dd90aa146c--snake-wallpaper-hd-wallpaper.jpg,kaggle_india,,venomous,,400,400,2918,False,train
e:\Coding_Notes\Faunari\data\raw\kaggle_india\Snake Images\test\Venomous\6O4A0379.jpg,kaggle_india,,venomous,,400,400,2919,False,train
e:\Coding_Notes\Faunari\data\raw\kaggle_india\Snake Images\test\Venomous\6O4A0417.jpg,kaggle_india,,venomous,,400,400,2921,False,train
e:\Coding_Notes\Faunari\data\raw\kaggle_india\Snake Images\test\Venomous\7417839_orig.jpg,kaggle_india,,venomous,,400,400,2454,False,train
e:\Coding_Notes\Faunari\data\raw\kaggle_india\Snake Images\test\Venomous\80098531.jpg,kaggle_india,,venomous,,400,400,2924,False,train
e:\Coding_Notes\Faunari\data\raw\kaggle_india\Snake Images\test\Venomous\817-21250.jpg,kaggle_india,,venomous,,400,400,2926,False,train
e:\Coding_Notes\Faunari\data\raw\kaggle_india\Snake Images\test\Venomous\858129_1280x720.jpg,kaggle_india,,venomous,,400,400,2295,False,test
e:\Coding_Notes\Faunari\data\raw\kaggle_india\Snake Images\test\Venomous\8fa72038962b6df573adbdd40eb3bdea.jpg,kaggle_india,,venomous,,400,400,4173,True,test
e:\Coding_Notes\Faunari\data\raw\kaggle_india\Snake Images\test\Venomous\900-464852747-russells-viper.jpg,kaggle_india,,venomous,,400,400,2456,False,train
e:\Coding_Notes\Faunari\data\raw\kaggle_india\Snake Images\test\Venomous\90202668.jpg,kaggle_india,,venomous,,400,400,2929,False,train
e:\Coding_Notes\Faunari\data\raw\kaggle_india\Snake Images\test\Venomous\90215640.jpg,kaggle_india,,venomous,,400,400,2930,False,train
e:\Coding_Notes\Faunari\data\raw\kaggle_india\Snake Images\test\Venomous\92.jpg,kaggle_india,,venomous,,400,400,2931,False,train
e:\Coding_Notes\Faunari\data\raw\kaggle_india\Snake Images\test\Venomous\9222.jpg,kaggle_india,,venomous,,400,400,2300,False,val
e:\Coding_Notes\Faunari\data\raw\kaggle_india\Snake Images\test\Venomous\9eb07e02004a8a7daa4e75dd0dade2a7.jpg,kaggle_india,,venomous,,400,400,2301,False,train
e:\Coding_Notes\Faunari\data\raw\kaggle_india\Snake Images\test\Venomous\arabic-saw-scaled-viper-palestine-saw-scaled-viper-echis-coloratus-CNW8JE.jpg,kaggle_india,,venomous,,400,400,2702,False,train
e:\Coding_Notes\Faunari\data\raw\kaggle_india\Snake Images\test\Venomous\arabic-saw-scaled-viper-palestine-saw-scaled-viper-echis-coloratus-EBN3ET.jpg,kaggle_india,,venomous,,400,400,2703,False,train
e:\Coding_Notes\Faunari\data\raw\kaggle_india\Snake Images\test\Venomous\arabic-saw-scaled-viper-palestine-saw-scaled-viper-echis-coloratus-EBN3EW.jpg,kaggle_india,,venomous,,400,400,2704,False,train
e:\Coding_Notes\Faunari\data\raw\kaggle_india\Snake Images\test\Venomous\b447c6b7f0714cb8487330d3487a86c1--colorful-snakes-the-saw.jpg,kaggle_india,,venomous,,400,400,2705,True,test
e:\Coding_Notes\Faunari\data\raw\kaggle_india\Snake Images\test\Venomous\bigfour-venomics-blog-7.jpg,kaggle_india,,venomous,,400,400,2706,False,train
e:\Coding_Notes\Faunari\data\raw\kaggle_india\Snake Images\test\Venomous\ca58c07171fe7897f737fb00ac7ed33e.jpg,kaggle_india,,venomous,,400,400,2707,True,train
e:\Coding_Notes\Faunari\data\raw\kaggle_india\Snake Images\test\Venomous\carpet_viper_2.jpg,kaggle_india,,venomous,,400,400,2708,True,val
e:\Coding_Notes\Faunari\data\raw\kaggle_india\Snake Images\test\Venomous\ce2f4d7322c5e71302a9ce29bf3b74f5.jpg,kaggle_india,,venomous,,400,400,2709,True,test
e:\Coding_Notes\Faunari\data\raw\kaggle_india\Snake Images\test\Venomous\Close-up-of-Palestine-saw-scaled-viper.jpg,kaggle_india,,venomous,,400,400,2710,False,train
e:\Coding_Notes\Faunari\data\raw\kaggle_india\Snake Images\test\Venomous\coiled-sind-saw-scaled-viper.jpg,kaggle_india,,venomous,,400,400,2711,True,train
e:\Coding_Notes\Faunari\data\raw\kaggle_india\Snake Images\test\Venomous\CY025J-1.jpg,kaggle_india,,venomous,,400,400,2712,False,train
e:\Coding_Notes\Faunari\data\raw\kaggle_india\Snake Images\test\Venomous\deadliest-world-Echis_carinatus.jpg,kaggle_india,,venomous,,400,400,2713,False,test
e:\Coding_Notes\Faunari\data\raw\kaggle_india\Snake Images\test\Venomous\dsc_5371_720.jpg,kaggle_india,,venomous,,400,400,2717,False,val
e:\Coding_Notes\Faunari\data\raw\kaggle_india\Snake Images\test\Venomous\Echis carinatus sinhaleyus_001.jpg,kaggle_india,,venomous,,400,400,2719,False,train
e:\Coding_Notes\Faunari\data\raw\kaggle_india\Snake Images\test\Venomous\Echis_carinatus_head_sal.jpg,kaggle_india,,venomous,,400,400,2735,False,train
e:\Coding_Notes\Faunari\data\raw\kaggle_india\Snake Images\test\Venomous\_62580566__45828483_saw_scaled_viper_spl.jpg,kaggle_india,,venomous,,400,400,2871,False,val
e:\Coding_Notes\Faunari\data\raw\kaggle_india\Snake Images\test\Venomous\_837b1414-50e6-11e6-8d8d-a42edc5c5383.JPG,kaggle_india,,venomous,,400,400,2111,False,test
e:\Coding_Notes\Faunari\data\raw\kaggle_india\Snake Images\test\Venomous\_a0addf20-4e76-11e6-8d8d-a42edc5c5383.jpg,kaggle_india,,venomous,,400,400,4174,True,test
e:\Coding_Notes\Faunari\data\raw\kaggle_india\Snake Images\test\Venomous\_afe8d134-4e76-11e6-8d8d-a42edc5c5383.jpg,kaggle_india,,venomous,,400,400,2872,False,train
e:\Coding_Notes\Faunari\data\raw\kaggle_india\Snake Images\test\Venomous\_D096405.jpg,kaggle_india,,venomous,,400,400,2113,False,train
e:\Coding_Notes\Faunari\data\raw\kaggle_india\Snake Images\test\Venomous\_D096710.jpg,kaggle_india,,venomous,,400,400,2873,False,train
e:\Coding_Notes\Faunari\data\raw\kaggle_india\Snake Images\test\Venomous\_DSC0082.jpg,kaggle_india,,venomous,,400,400,4175,True,train
e:\Coding_Notes\Faunari\data\raw\kaggle_india\Snake Images\test\Venomous\_DSC0260.jpg,kaggle_india,,venomous,,400,400,2874,False,train
e:\Coding_Notes\Faunari\data\raw\kaggle_india\Snake Images\test\Venomous\_DSC0273g.jpg,kaggle_india,,venomous,,400,400,2875,False,train
