source,record_id,scientific_name,venom_label,license,image_url,local_path,captured_at
inat_targeted,375244804,Naja naja,venomous,cc-by-nc,https://inaturalist-open-data.s3.amazonaws.com/photos/685984707/medium.jpg,E:\Coding_Notes\Faunari\data\raw\inat_targeted\Naja_naja\375244804.jpg,2026-06-25
inat_targeted,374841486,Naja naja,venomous,cc-by-nc,https://inaturalist-open-data.s3.amazonaws.com/photos/685187601/medium.jpg,E:\Coding_Notes\Faunari\data\raw\inat_targeted\Naja_naja\374841486.jpg,2025-05-26
inat_targeted,374839077,Naja naja,venomous,cc-by-nc,https://inaturalist-open-data.s3.amazonaws.com/photos/685181623/medium.jpg,E:\Coding_Notes\Faunari\data\raw\inat_targeted\Naja_naja\374839077.jpg,2026-06-22
inat_targeted,374681329,Naja naja,venomous,cc-by-nc,https://inaturalist-open-data.s3.amazonaws.com/photos/684867758/medium.jpg,E:\Coding_Notes\Faunari\data\raw\inat_targeted\Naja_naja\374681329.jpg,2026-06-17
inat_targeted,374655006,Naja naja,venomous,cc-by-nc,https://inaturalist-open-data.s3.amazonaws.com/photos/684818318/medium.jpg,E:\Coding_Notes\Faunari\data\raw\inat_targeted\Naja_naja\374655006.jpg,2026-06-21
inat_targeted,374653737,Naja naja,venomous,cc-by-nc,https://inaturalist-open-data.s3.amazonaws.com/photos/684816091/medium.jpg,E:\Coding_Notes\Faunari\data\raw\inat_targeted\Naja_naja\374653737.jpg,2026-06-22
inat_targeted,374652947,Naja naja,venomous,cc-by-nc,https://inaturalist-open-data.s3.amazonaws.com/photos/684814597/medium.jpg,E:\Coding_Notes\Faunari\data\raw\inat_targeted\Naja_naja\374652947.jpg,2026-06-22
inat_targeted,374575383,Naja naja,venomous,cc-by-nc,https://inaturalist-open-data.s3.amazonaws.com/photos/684675218/medium.jpg,E:\Coding_Notes\Faunari\data\raw\inat_targeted\Naja_naja\374575383.jpg,2026-06-20
inat_targeted,374574169,Naja naja,venomous,cc-by-nc,https://inaturalist-open-data.s3.amazonaws.com/photos/684669526/medium.jpg,E:\Coding_Notes\Faunari\data\raw\inat_targeted\Naja_naja\374574169.jpg,2026-06-22
inat_targeted,374537826,Naja naja,venomous,cc-by-nc,https://inaturalist-open-data.s3.amazonaws.com/photos/684599841/medium.jpg,E:\Coding_Notes\Faunari\data\raw\inat_targeted\Naja_naja\374537826.jpg,2026-06-23
inat_targeted,374286748,Naja naja,venomous,cc-by-nc,https://inaturalist-open-data.s3.amazonaws.com/photos/684106766/medium.jpg,E:\Coding_Notes\Faunari\data\raw\inat_targeted\Naja_naja\374286748.jpg,2026-06-22
inat_targeted,345958189,Naja naja,venomous,cc-by-nc,https://inaturalist-open-data.s3.amazonaws.com/photos/630555399/medium.jpg,E:\Coding_Notes\Faunari\data\raw\inat_targeted\Naja_naja\345958189.jpg,2025-08-15
inat_targeted,345702692,Naja naja,venomous,cc0,https://inaturalist-open-data.s3.amazonaws.com/photos/630055274/medium.jpg,E:\Coding_Notes\Faunari\data\raw\inat_targeted\Naja_naja\345702692.jpg,2026-03-27
inat_targeted,345301684,Naja naja,venomous,cc-by-nc,https://inaturalist-open-data.s3.amazonaws.com/photos/629265335/medium.jpg,E:\Coding_Notes\Faunari\data\raw\inat_targeted\Naja_naja\345301684.jpg,2026-03-26
inat_targeted,344905533,Naja naja,venomous,cc-by-nc,https://inaturalist-open-data.s3.amazonaws.com/photos/628483564/medium.jpg,E:\Coding_Notes\Faunari\data\raw\inat_targeted\Naja_naja\344905533.jpg,2026-03-24
inat_targeted,344874121,Naja naja,venomous,cc-by-nc,https://inaturalist-open-data.s3.amazonaws.com/photos/628424483/medium.jpg,E:\Coding_Notes\Faunari\data\raw\inat_targeted\Naja_naja\344874121.jpg,2026-03-24
inat_targeted,344670475,Naja naja,venomous,cc-by-nc,https://inaturalist-open-data.s3.amazonaws.com/photos/628040620/medium.jpg,E:\Coding_Notes\Faunari\data\raw\inat_targeted\Naja_naja\344670475.jpg,2026-03-23
inat_targeted,343984197,Naja naja,venomous,cc-by-nc,https://inaturalist-open-data.s3.amazonaws.com/photos/626702016/medium.jpg,E:\Coding_Notes\Faunari\data\raw\inat_targeted\Naja_naja\343984197.jpg,2026-03-20
inat_targeted,343120513,Naja naja,venomous,cc-by-nc,https://inaturalist-open-data.s3.amazonaws.com/photos/624958876/medium.jpg,E:\Coding_Notes\Faunari\data\raw\inat_targeted\Naja_naja\343120513.jpg,2026-03-15
inat_targeted,342713184,Naja naja,venomous,cc-by-nc,https://inaturalist-open-data.s3.amazonaws.com/photos/624140280/medium.jpg,E:\Coding_Notes\Faunari\data\raw\inat_targeted\Naja_naja\342713184.jpg,2026-03-13
inat_targeted,342596420,Naja naja,venomous,cc-by-nc,https://inaturalist-open-data.s3.amazonaws.com/photos/623919053/medium.jpg,E:\Coding_Notes\Faunari\data\raw\inat_targeted\Naja_naja\342596420.jpg,2026-03-01
inat_targeted,342535947,Naja naja,venomous,,https://static.inaturalist.org/photos/623798990/medium.jpg,E:\Coding_Notes\Faunari\data\raw\inat_targeted\Naja_naja\342535947.jpg,2026-03-11
inat_targeted,342401643,Naja naja,venomous,cc-by-nc,https://inaturalist-open-data.s3.amazonaws.com/photos/623527089/medium.jpg,E:\Coding_Notes\Faunari\data\raw\inat_targeted\Naja_naja\342401643.jpg,2026-03-11
inat_targeted,342069854,Naja naja,venomous,cc-by-nc,https://inaturalist-open-data.s3.amazonaws.com/photos/622853063/medium.jpg,E:\Coding_Notes\Faunari\data\raw\inat_targeted\Naja_naja\342069854.jpg,2026-03-09
inat_targeted,341529138,Naja naja,venomous,cc-by-nc,https://inaturalist-open-data.s3.amazonaws.com/photos/621759359/medium.jpg,E:\Coding_Notes\Faunari\data\raw\inat_targeted\Naja_naja\341529138.jpg,2021-02-11
inat_targeted,341480769,Naja naja,venomous,cc-by,https://inaturalist-open-data.s3.amazonaws.com/photos/621660137/medium.jpg,E:\Coding_Notes\Faunari\data\raw\inat_targeted\Naja_naja\341480769.jpg,2025-07-31
inat_targeted,341048500,Naja naja,venomous,cc-by-nc,https://inaturalist-open-data.s3.amazonaws.com/photos/620782922/medium.jpg,E:\Coding_Notes\Faunari\data\raw\inat_targeted\Naja_naja\341048500.jpg,2026-03-02
inat_targeted,340925522,Naja naja,venomous,cc-by-nc,https://inaturalist-open-data.s3.amazonaws.com/photos/620782879/medium.jpg,E:\Coding_Notes\Faunari\data\raw\inat_targeted\Naja_naja\340925522.jpg,2026-02-28
inat_targeted,340725878,Naja naja,venomous,,https://static.inaturalist.org/photos/620108375/medium.jpg,E:\Coding_Notes\Faunari\data\raw\inat_targeted\Naja_naja\340725878.jpg,2026-03-01
inat_targeted,340591782,Naja naja,venomous,cc-by-nc,https://inaturalist-open-data.s3.amazonaws.com/photos/619836792/medium.jpg,E:\Coding_Notes\Faunari\data\raw\inat_targeted\Naja_naja\340591782.jpg,2026-02-27
inat_targeted,340529417,Naja naja,venomous,cc-by-nc,https://inaturalist-open-data.s3.amazonaws.com/photos/619711395/medium.jpg,E:\Coding_Notes\Faunari\data\raw\inat_targeted\Naja_naja\340529417.jpg,2026-02-23
inat_targeted,340411420,Naja naja,venomous,,https://static.inaturalist.org/photos/619474924/medium.jpg,E:\Coding_Notes\Faunari\data\raw\inat_targeted\Naja_naja\340411420.jpg,2026-02-27
inat_targeted,340265381,Naja naja,venomous,cc-by-nc,https://inaturalist-open-data.s3.amazonaws.com/photos/619178922/medium.jpg,E:\Coding_Notes\Faunari\data\raw\inat_targeted\Naja_naja\340265381.jpg,2025-05-09
inat_targeted,340184098,Naja naja,venomous,,https://static.inaturalist.org/photos/619012087/medium.jpg,E:\Coding_Notes\Faunari\data\raw\inat_targeted\Naja_naja\340184098.jpg,2026-02-24
inat_targeted,340183002,Naja naja,venomous,cc-by-nc,https://inaturalist-open-data.s3.amazonaws.com/photos/619010789/medium.jpg,E:\Coding_Notes\Faunari\data\raw\inat_targeted\Naja_naja\340183002.jpg,2025-10-01
inat_targeted,340056186,Naja naja,venomous,,https://static.inaturalist.org/photos/618745333/medium.jpg,E:\Coding_Notes\Faunari\data\raw\inat_targeted\Naja_naja\340056186.jpg,2026-02-22
inat_targeted,339995690,Naja naja,venomous,cc-by-nc,https://inaturalist-open-data.s3.amazonaws.com/photos/618622969/medium.jpg,E:\Coding_Notes\Faunari\data\raw\inat_targeted\Naja_naja\339995690.jpg,2026-02-22
inat_targeted,339837451,Naja naja,venomous,,https://static.inaturalist.org/photos/618298496/medium.jpg,E:\Coding_Notes\Faunari\data\raw\inat_targeted\Naja_naja\339837451.jpg,2026-01-29
inat_targeted,339544277,Naja naja,venomous,cc-by-nc,https://inaturalist-open-data.s3.amazonaws.com/photos/617705107/medium.jpg,E:\Coding_Notes\Faunari\data\raw\inat_targeted\Naja_naja\339544277.jpg,2026-02-21
inat_targeted,339283975,Naja naja,venomous,cc-by-nc,https://inaturalist-open-data.s3.amazonaws.com/photos/617175893/medium.jpg,E:\Coding_Notes\Faunari\data\raw\inat_targeted\Naja_naja\339283975.jpg,2026-02-19
inat_targeted,338681130,Naja naja,venomous,cc-by,https://inaturalist-open-data.s3.amazonaws.com/photos/615963642/medium.jpg,E:\Coding_Notes\Faunari\data\raw\inat_targeted\Naja_naja\338681130.jpg,2026-02-15
inat_targeted,338549239,Naja naja,venomous,cc-by-nc,https://inaturalist-open-data.s3.amazonaws.com/photos/615707409/medium.jpg,E:\Coding_Notes\Faunari\data\raw\inat_targeted\Naja_naja\338549239.jpg,2026-02-14
inat_targeted,338296303,Naja naja,venomous,,https://static.inaturalist.org/photos/615179514/medium.jpg,E:\Coding_Notes\Faunari\data\raw\inat_targeted\Naja_naja\338296303.jpg,2026-02-12
inat_targeted,338221989,Naja naja,venomous,cc-by-nc,https://inaturalist-open-data.s3.amazonaws.com/photos/615025820/medium.jpg,E:\Coding_Notes\Faunari\data\raw\inat_targeted\Naja_naja\338221989.jpg,2025-08-14
inat_targeted,337829964,Naja naja,venomous,cc-by-nc,https://inaturalist-open-data.s3.amazonaws.com/photos/614222356/medium.jpg,E:\Coding_Notes\Faunari\data\raw\inat_targeted\Naja_naja\337829964.jpg,2026-02-08
inat_targeted,337661193,Naja naja,venomous,cc-by-nc,https://inaturalist-open-data.s3.amazonaws.com/photos/613878142/medium.jpg,E:\Coding_Notes\Faunari\data\raw\inat_targeted\Naja_naja\337661193.jpg,2026-02-07
inat_targeted,337525277,Naja naja,venomous,,https://static.inaturalist.org/photos/613601606/medium.jpg,E:\Coding_Notes\Faunari\data\raw\inat_targeted\Naja_naja\337525277.jpg,2026-02-06
inat_targeted,337092537,Naja naja,venomous,cc-by-nc,https://inaturalist-open-data.s3.amazonaws.com/photos/612711375/medium.jpg,E:\Coding_Notes\Faunari\data\raw\inat_targeted\Naja_naja\337092537.jpg,2026-02-01
inat_targeted,337072500,Naja naja,venomous,cc-by-nc,https://inaturalist-open-data.s3.amazonaws.com/photos/612673321/medium.jpg,E:\Coding_Notes\Faunari\data\raw\inat_targeted\Naja_naja\337072500.jpg,2025-10-21
inat_targeted,337070442,Naja naja,venomous,cc-by-nc,https://inaturalist-open-data.s3.amazonaws.com/photos/612669631/medium.jpg,E:\Coding_Notes\Faunari\data\raw\inat_targeted\Naja_naja\337070442.jpg,2025-12-26
inat_targeted,336374075,Naja naja,venomous,cc-by-nc,https://inaturalist-open-data.s3.amazonaws.com/photos/611242056/medium.jpg,E:\Coding_Notes\Faunari\data\raw\inat_targeted\Naja_naja\336374075.jpg,2026-01-18
inat_targeted,336369312,Naja naja,venomous,,https://static.inaturalist.org/photos/611239899/medium.jpg,E:\Coding_Notes\Faunari\data\raw\inat_targeted\Naja_naja\336369312.jpg,2025-07-27
inat_targeted,336368185,Naja naja,venomous,,https://static.inaturalist.org/photos/611237425/medium.jpg,E:\Coding_Notes\Faunari\data\raw\inat_targeted\Naja_naja\336368185.jpg,2026-01-27
inat_targeted,336215455,Naja naja,venomous,cc-by-nc,https://inaturalist-open-data.s3.amazonaws.com/photos/610927814/medium.jpg,E:\Coding_Notes\Faunari\data\raw\inat_targeted\Naja_naja\336215455.jpg,2026-01-22
inat_targeted,336049672,Naja naja,venomous,cc-by-nc,https://inaturalist-open-data.s3.amazonaws.com/photos/610600612/medium.jpg,E:\Coding_Notes\Faunari\data\raw\inat_targeted\Naja_naja\336049672.jpg,2026-01-25
inat_targeted,335920904,Naja naja,venomous,cc-by-nc,https://inaturalist-open-data.s3.amazonaws.com/photos/610347288/medium.jpg,E:\Coding_Notes\Faunari\data\raw\inat_targeted\Naja_naja\335920904.jpg,2026-01-23
inat_targeted,335846305,Naja naja,venomous,,https://static.inaturalist.org/photos/610195240/medium.jpg,E:\Coding_Notes\Faunari\data\raw\inat_targeted\Naja_naja\335846305.jpg,2011-08-19
inat_targeted,335732029,Naja naja,venomous,,https://static.inaturalist.org/photos/609965601/medium.jpg,E:\Coding_Notes\Faunari\data\raw\inat_targeted\Naja_naja\335732029.jpg,2025-12-28
inat_targeted,335710440,Naja naja,venomous,cc-by-nc,https://inaturalist-open-data.s3.amazonaws.com/photos/609916691/medium.jpg,E:\Coding_Notes\Faunari\data\raw\inat_targeted\Naja_naja\335710440.jpg,2006-08-26
inat_targeted,335710434,Naja naja,venomous,cc-by-nc,https://inaturalist-open-data.s3.amazonaws.com/photos/609916666/medium.jpg,E:\Coding_Notes\Faunari\data\raw\inat_targeted\Naja_naja\335710434.jpg,2020-06-09
inat_targeted,335699062,Naja naja,venomous,,https://static.inaturalist.org/photos/609898942/medium.jpg,E:\Coding_Notes\Faunari\data\raw\inat_targeted\Naja_naja\335699062.jpg,2026-01-22
inat_targeted,335578002,Naja naja,venomous,,https://static.inaturalist.org/photos/609653346/medium.jpg,E:\Coding_Notes\Faunari\data\raw\inat_targeted\Naja_naja\335578002.jpg,2026-01-21
inat_targeted,335374984,Naja naja,venomous,,https://static.inaturalist.org/photos/609244368/medium.jpg,E:\Coding_Notes\Faunari\data\raw\inat_targeted\Naja_naja\335374984.jpg,2026-01-19
inat_targeted,335374570,Naja naja,venomous,,https://static.inaturalist.org/photos/609244211/medium.jpg,E:\Coding_Notes\Faunari\data\raw\inat_targeted\Naja_naja\335374570.jpg,2026-01-19
inat_targeted,335316769,Naja naja,venomous,cc-by-nc,https://inaturalist-open-data.s3.amazonaws.com/photos/609122143/medium.jpg,E:\Coding_Notes\Faunari\data\raw\inat_targeted\Naja_naja\335316769.jpg,2026-01-11
inat_targeted,335307173,Naja naja,venomous,cc-by-nc,https://inaturalist-open-data.s3.amazonaws.com/photos/609106371/medium.jpg,E:\Coding_Notes\Faunari\data\raw\inat_targeted\Naja_naja\335307173.jpg,2026-01-15
inat_targeted,335206735,Naja naja,venomous,cc-by-nc,https://inaturalist-open-data.s3.amazonaws.com/photos/608907416/medium.jpg,E:\Coding_Notes\Faunari\data\raw\inat_targeted\Naja_naja\335206735.jpg,2026-01-11
inat_targeted,335103148,Naja naja,venomous,cc-by-nc,https://inaturalist-open-data.s3.amazonaws.com/photos/608699052/medium.jpg,E:\Coding_Notes\Faunari\data\raw\inat_targeted\Naja_naja\335103148.jpg,2026-01-10
inat_targeted,334946839,Naja naja,venomous,cc-by-nc,https://inaturalist-open-data.s3.amazonaws.com/photos/608377912/medium.jpg,E:\Coding_Notes\Faunari\data\raw\inat_targeted\Naja_naja\334946839.jpg,2012-01-16
inat_targeted,334946719,Naja naja,venomous,cc-by-nc,https://inaturalist-open-data.s3.amazonaws.com/photos/608377896/medium.jpg,E:\Coding_Notes\Faunari\data\raw\inat_targeted\Naja_naja\334946719.jpg,2009-10-11
inat_targeted,334822994,Naja naja,venomous,cc-by-nc,https://inaturalist-open-data.s3.amazonaws.com/photos/608120049/medium.jpg,E:\Coding_Notes\Faunari\data\raw\inat_targeted\Naja_naja\334822994.jpg,2026-01-15
inat_targeted,334805371,Naja naja,venomous,,https://static.inaturalist.org/photos/608083698/medium.jpg,E:\Coding_Notes\Faunari\data\raw\inat_targeted\Naja_naja\334805371.jpg,2026-01-07
inat_targeted,334621284,Naja naja,venomous,cc-by-nc,https://inaturalist-open-data.s3.amazonaws.com/photos/607712921/medium.jpg,E:\Coding_Notes\Faunari\data\raw\inat_targeted\Naja_naja\334621284.jpg,2025-06-21
inat_targeted,334582582,Naja naja,venomous,cc-by-nc,https://inaturalist-open-data.s3.amazonaws.com/photos/607635698/medium.jpg,E:\Coding_Notes\Faunari\data\raw\inat_targeted\Naja_naja\334582582.jpg,2025-05-18
inat_targeted,334511254,Naja naja,venomous,cc-by-nc,https://inaturalist-open-data.s3.amazonaws.com/photos/607487457/medium.jpg,E:\Coding_Notes\Faunari\data\raw\inat_targeted\Naja_naja\334511254.jpg,2023-03-18
inat_targeted,334488770,Naja naja,venomous,cc-by-nc,https://inaturalist-open-data.s3.amazonaws.com/photos/607443678/medium.jpg,E:\Coding_Notes\Faunari\data\raw\inat_targeted\Naja_naja\334488770.jpg,2022-12-02
inat_targeted,334476524,Naja naja,venomous,cc-by-nc,https://inaturalist-open-data.s3.amazonaws.com/photos/607418536/medium.jpg,E:\Coding_Notes\Faunari\data\raw\inat_targeted\Naja_naja\334476524.jpg,2024-09-20
inat_targeted,334469184,Naja naja,venomous,,https://static.inaturalist.org/photos/607403727/medium.jpg,E:\Coding_Notes\Faunari\data\raw\inat_targeted\Naja_naja\334469184.jpg,2026-01-12
inat_targeted,334468155,Naja naja,venomous,cc-by-nc,https://inaturalist-open-data.s3.amazonaws.com/photos/607390091/medium.jpg,E:\Coding_Notes\Faunari\data\raw\inat_targeted\Naja_naja\334468155.jpg,2004-12-10
inat_targeted,334326864,Naja naja,venomous,,https://static.inaturalist.org/photos/607112544/medium.jpg,E:\Coding_Notes\Faunari\data\raw\inat_targeted\Naja_naja\334326864.jpg,2026-01-08
inat_targeted,334325902,Naja naja,venomous,cc-by-nc,https://inaturalist-open-data.s3.amazonaws.com/photos/607109673/medium.jpg,E:\Coding_Notes\Faunari\data\raw\inat_targeted\Naja_naja\334325902.jpg,2026-01-11
inat_targeted,334322954,Naja naja,venomous,cc-by-nc,https://inaturalist-open-data.s3.amazonaws.com/photos/607103910/medium.jpg,E:\Coding_Notes\Faunari\data\raw\inat_targeted\Naja_naja\334322954.jpg,2026-01-11
inat_targeted,334316308,Naja naja,venomous,cc-by-nc,https://inaturalist-open-data.s3.amazonaws.com/photos/607090961/medium.jpg,E:\Coding_Notes\Faunari\data\raw\inat_targeted\Naja_naja\334316308.jpg,2022-04-02
inat_targeted,333859010,Naja naja,venomous,cc-by-nc,https://inaturalist-open-data.s3.amazonaws.com/photos/606159347/medium.jpg,E:\Coding_Notes\Faunari\data\raw\inat_targeted\Naja_naja\333859010.jpg,2026-01-07
inat_targeted,333847409,Naja naja,venomous,,https://static.inaturalist.org/photos/606135303/medium.jpg,E:\Coding_Notes\Faunari\data\raw\inat_targeted\Naja_naja\333847409.jpg,2025-10-13
inat_targeted,333826881,Naja naja,venomous,,https://static.inaturalist.org/photos/611877323/medium.jpg,E:\Coding_Notes\Faunari\data\raw\inat_targeted\Naja_naja\333826881.jpg,2026-01-07
inat_targeted,333564419,Naja naja,venomous,,https://static.inaturalist.org/photos/605610350/medium.jpg,E:\Coding_Notes\Faunari\data\raw\inat_targeted\Naja_naja\333564419.jpg,2026-01-03
inat_targeted,333033959,Naja naja,venomous,cc-by-nc,https://inaturalist-open-data.s3.amazonaws.com/photos/604534703/medium.jpg,E:\Coding_Notes\Faunari\data\raw\inat_targeted\Naja_naja\333033959.jpg,2025-02-10
inat_targeted,332884493,Naja naja,venomous,cc-by-nc,https://inaturalist-open-data.s3.amazonaws.com/photos/604225585/medium.jpg,E:\Coding_Notes\Faunari\data\raw\inat_targeted\Naja_naja\332884493.jpg,2025-12-30
inat_targeted,332446691,Naja naja,venomous,cc-by-nc,https://inaturalist-open-data.s3.amazonaws.com/photos/603328554/medium.jpg,E:\Coding_Notes\Faunari\data\raw\inat_targeted\Naja_naja\332446691.jpg,2025-08-12
inat_targeted,332145505,Naja naja,venomous,,https://static.inaturalist.org/photos/602711551/medium.jpg,E:\Coding_Notes\Faunari\data\raw\inat_targeted\Naja_naja\332145505.jpg,2025-12-26
inat_targeted,332118595,Naja naja,venomous,cc-by-nc,https://inaturalist-open-data.s3.amazonaws.com/photos/602656549/medium.jpg,E:\Coding_Notes\Faunari\data\raw\inat_targeted\Naja_naja\332118595.jpg,2025-08-01
inat_targeted,331661141,Naja naja,venomous,cc-by-nc,https://inaturalist-open-data.s3.amazonaws.com/photos/602158803/medium.jpg,E:\Coding_Notes\Faunari\data\raw\inat_targeted\Naja_naja\331661141.jpg,2025-12-21
inat_targeted,331404582,Naja naja,venomous,cc-by,https://inaturalist-open-data.s3.amazonaws.com/photos/601191593/medium.jpg,E:\Coding_Notes\Faunari\data\raw\inat_targeted\Naja_naja\331404582.jpg,2025-12-20
inat_targeted,331399791,Naja naja,venomous,cc-by-nc,https://inaturalist-open-data.s3.amazonaws.com/photos/601181950/medium.jpg,E:\Coding_Notes\Faunari\data\raw\inat_targeted\Naja_naja\331399791.jpg,2025-10-01
inat_targeted,331182902,Naja naja,venomous,cc-by-nc,https://inaturalist-open-data.s3.amazonaws.com/photos/600733668/medium.jpg,E:\Coding_Notes\Faunari\data\raw\inat_targeted\Naja_naja\331182902.jpg,2025-12-18
inat_targeted,331181809,Naja naja,venomous,,https://static.inaturalist.org/photos/600733306/medium.jpg,E:\Coding_Notes\Faunari\data\raw\inat_targeted\Naja_naja\331181809.jpg,2025-12-18
inat_targeted,331175807,Naja naja,venomous,cc-by-nc,https://inaturalist-open-data.s3.amazonaws.com/photos/600718359/medium.jpg,E:\Coding_Notes\Faunari\data\raw\inat_targeted\Naja_naja\331175807.jpg,2025-12-18
inat_targeted,330948145,Naja naja,venomous,cc-by-nc,https://inaturalist-open-data.s3.amazonaws.com/photos/600248835/medium.jpg,E:\Coding_Notes\Faunari\data\raw\inat_targeted\Naja_naja\330948145.jpg,2025-12-14
inat_targeted,330939345,Naja naja,venomous,cc-by-nc,https://inaturalist-open-data.s3.amazonaws.com/photos/600230170/medium.jpg,E:\Coding_Notes\Faunari\data\raw\inat_targeted\Naja_naja\330939345.jpg,2025-12-16
inat_targeted,330858955,Naja naja,venomous,cc-by-nc,https://inaturalist-open-data.s3.amazonaws.com/photos/600063578/medium.jpg,E:\Coding_Notes\Faunari\data\raw\inat_targeted\Naja_naja\330858955.jpg,2025-11-11
inat_targeted,330711974,Naja naja,venomous,cc-by-nc,https://inaturalist-open-data.s3.amazonaws.com/photos/599758366/medium.jpg,E:\Coding_Notes\Faunari\data\raw\inat_targeted\Naja_naja\330711974.jpg,2025-12-14
inat_targeted,330708427,Naja naja,venomous,cc-by-nc,https://inaturalist-open-data.s3.amazonaws.com/photos/599758513/medium.jpg,E:\Coding_Notes\Faunari\data\raw\inat_targeted\Naja_naja\330708427.jpg,2025-12-14
inat_targeted,330696581,Naja naja,venomous,cc-by-nc,https://inaturalist-open-data.s3.amazonaws.com/photos/600053500/medium.jpg,E:\Coding_Notes\Faunari\data\raw\inat_targeted\Naja_naja\330696581.jpg,2025-12-13
inat_targeted,330555099,Naja naja,venomous,cc-by,https://inaturalist-open-data.s3.amazonaws.com/photos/599438388/medium.jpg,E:\Coding_Notes\Faunari\data\raw\inat_targeted\Naja_naja\330555099.jpg,2025-12-13
inat_targeted,330473853,Naja naja,venomous,cc-by,https://inaturalist-open-data.s3.amazonaws.com/photos/599205307/medium.jpg,E:\Coding_Notes\Faunari\data\raw\inat_targeted\Naja_naja\330473853.jpg,2025-12-07
inat_targeted,330473852,Naja naja,venomous,cc-by,https://inaturalist-open-data.s3.amazonaws.com/photos/599205262/medium.jpg,E:\Coding_Notes\Faunari\data\raw\inat_targeted\Naja_naja\330473852.jpg,2025-12-07
inat_targeted,330091111,Naja naja,venomous,,https://static.inaturalist.org/photos/598488703/medium.jpg,E:\Coding_Notes\Faunari\data\raw\inat_targeted\Naja_naja\330091111.jpg,2025-12-09
inat_targeted,329772815,Naja naja,venomous,cc-by-nc,https://inaturalist-open-data.s3.amazonaws.com/photos/597838708/medium.jpg,E:\Coding_Notes\Faunari\data\raw\inat_targeted\Naja_naja\329772815.jpg,2025-12-07
inat_targeted,329665266,Naja naja,venomous,cc-by-nc,https://inaturalist-open-data.s3.amazonaws.com/photos/597624169/medium.jpg,E:\Coding_Notes\Faunari\data\raw\inat_targeted\Naja_naja\329665266.jpg,2025-12-06
inat_targeted,329557685,Naja naja,venomous,,https://static.inaturalist.org/photos/597406593/medium.jpg,E:\Coding_Notes\Faunari\data\raw\inat_targeted\Naja_naja\329557685.jpg,2025-12-02
inat_targeted,329428947,Naja naja,venomous,,https://static.inaturalist.org/photos/597148821/medium.jpg,E:\Coding_Notes\Faunari\data\raw\inat_targeted\Naja_naja\329428947.jpg,2025-11-30
inat_targeted,329304950,Naja naja,venomous,,https://static.inaturalist.org/photos/596898016/medium.jpg,E:\Coding_Notes\Faunari\data\raw\inat_targeted\Naja_naja\329304950.jpg,2025-12-03
inat_targeted,329218751,Naja naja,venomous,,https://static.inaturalist.org/photos/596721471/medium.jpg,E:\Coding_Notes\Faunari\data\raw\inat_targeted\Naja_naja\329218751.jpg,2025-12-01
inat_targeted,329184990,Naja naja,venomous,cc0,https://inaturalist-open-data.s3.amazonaws.com/photos/596656091/medium.jpg,E:\Coding_Notes\Faunari\data\raw\inat_targeted\Naja_naja\329184990.jpg,2025-12-02
inat_targeted,329046727,Naja naja,venomous,,https://static.inaturalist.org/photos/596380231/medium.jpg,E:\Coding_Notes\Faunari\data\raw\inat_targeted\Naja_naja\329046727.jpg,2025-12-01
inat_targeted,329043701,Naja naja,venomous,,https://static.inaturalist.org/photos/596378388/medium.jpg,E:\Coding_Notes\Faunari\data\raw\inat_targeted\Naja_naja\329043701.jpg,2025-12-01
inat_targeted,328499049,Naja naja,venomous,cc-by-nc,https://inaturalist-open-data.s3.amazonaws.com/photos/595275754/medium.jpg,E:\Coding_Notes\Faunari\data\raw\inat_targeted\Naja_naja\328499049.jpg,2024-06-13
inat_targeted,328164174,Naja naja,venomous,cc-by-nc,https://inaturalist-open-data.s3.amazonaws.com/photos/594604315/medium.jpg,E:\Coding_Notes\Faunari\data\raw\inat_targeted\Naja_naja\328164174.jpg,2025-11-25
inat_targeted,328133336,Naja naja,venomous,cc-by-nc,https://inaturalist-open-data.s3.amazonaws.com/photos/594539694/medium.jpg,E:\Coding_Notes\Faunari\data\raw\inat_targeted\Naja_naja\328133336.jpg,2025-11-22
inat_targeted,328040929,Naja naja,venomous,,https://static.inaturalist.org/photos/594357189/medium.jpg,E:\Coding_Notes\Faunari\data\raw\inat_targeted\Naja_naja\328040929.jpg,2025-11-24
inat_targeted,327798282,Naja naja,venomous,cc-by-nc,https://inaturalist-open-data.s3.amazonaws.com/photos/593908243/medium.jpg,E:\Coding_Notes\Faunari\data\raw\inat_targeted\Naja_naja\327798282.jpg,2025-11-22
inat_targeted,327397159,Naja naja,venomous,cc-by-nc,https://inaturalist-open-data.s3.amazonaws.com/photos/593131466/medium.jpg,E:\Coding_Notes\Faunari\data\raw\inat_targeted\Naja_naja\327397159.jpg,2025-07-22
inat_targeted,327375757,Naja naja,venomous,cc-by-nc,https://inaturalist-open-data.s3.amazonaws.com/photos/593088031/medium.jpg,E:\Coding_Notes\Faunari\data\raw\inat_targeted\Naja_naja\327375757.jpg,2025-07-11
inat_targeted,327362917,Naja naja,venomous,,https://static.inaturalist.org/photos/593065062/medium.jpg,E:\Coding_Notes\Faunari\data\raw\inat_targeted\Naja_naja\327362917.jpg,2025-11-20
inat_targeted,327351509,Naja naja,venomous,,https://static.inaturalist.org/photos/593041175/medium.jpg,E:\Coding_Notes\Faunari\data\raw\inat_targeted\Naja_naja\327351509.jpg,2025-11-20
inat_targeted,327346057,Naja naja,venomous,cc-by-nc,https://inaturalist-open-data.s3.amazonaws.com/photos/593030441/medium.jpg,E:\Coding_Notes\Faunari\data\raw\inat_targeted\Naja_naja\327346057.jpg,2025-11-20
inat_targeted,327112026,Naja naja,venomous,cc-by-nc,https://inaturalist-open-data.s3.amazonaws.com/photos/592558999/medium.jpg,E:\Coding_Notes\Faunari\data\raw\inat_targeted\Naja_naja\327112026.jpg,2025-11-18
inat_targeted,327049400,Naja naja,venomous,cc-by-nc,https://inaturalist-open-data.s3.amazonaws.com/photos/592436717/medium.jpg,E:\Coding_Notes\Faunari\data\raw\inat_targeted\Naja_naja\327049400.jpg,2025-11-04
inat_targeted,327049334,Naja naja,venomous,cc-by-nc,https://inaturalist-open-data.s3.amazonaws.com/photos/592436080/medium.jpg,E:\Coding_Notes\Faunari\data\raw\inat_targeted\Naja_naja\327049334.jpg,2025-09-17
inat_targeted,326987828,Naja naja,venomous,cc-by-nc,https://inaturalist-open-data.s3.amazonaws.com/photos/592312754/medium.jpg,E:\Coding_Notes\Faunari\data\raw\inat_targeted\Naja_naja\326987828.jpg,2024-10-04
inat_targeted,326617591,Naja naja,venomous,cc-by-nc,https://inaturalist-open-data.s3.amazonaws.com/photos/591577128/medium.jpg,E:\Coding_Notes\Faunari\data\raw\inat_targeted\Naja_naja\326617591.jpg,2025-11-15
inat_targeted,326461735,Naja naja,venomous,cc-by-nc,https://inaturalist-open-data.s3.amazonaws.com/photos/591264576/medium.jpg,E:\Coding_Notes\Faunari\data\raw\inat_targeted\Naja_naja\326461735.jpg,2025-11-06
inat_targeted,326348506,Naja naja,venomous,cc-by-nc,https://inaturalist-open-data.s3.amazonaws.com/photos/591037127/medium.jpg,E:\Coding_Notes\Faunari\data\raw\inat_targeted\Naja_naja\326348506.jpg,2025-11-13
inat_targeted,326309394,Naja naja,venomous,cc-by-nc,https://inaturalist-open-data.s3.amazonaws.com/photos/590961030/medium.jpg,E:\Coding_Notes\Faunari\data\raw\inat_targeted\Naja_naja\326309394.jpg,2025-11-13
inat_targeted,326291794,Naja naja,venomous,cc-by-nc,https://inaturalist-open-data.s3.amazonaws.com/photos/590927146/medium.jpg,E:\Coding_Notes\Faunari\data\raw\inat_targeted\Naja_naja\326291794.jpg,2025-07-04
inat_targeted,326215357,Naja naja,venomous,cc-by-nc,https://inaturalist-open-data.s3.amazonaws.com/photos/590776464/medium.jpg,E:\Coding_Notes\Faunari\data\raw\inat_targeted\Naja_naja\326215357.jpg,2025-06-30
inat_targeted,326214649,Naja naja,venomous,cc-by-nc,https://inaturalist-open-data.s3.amazonaws.com/photos/590774943/medium.jpg,E:\Coding_Notes\Faunari\data\raw\inat_targeted\Naja_naja\326214649.jpg,2025-06-27
inat_targeted,326194215,Naja naja,venomous,cc-by-nc,https://inaturalist-open-data.s3.amazonaws.com/photos/590736068/medium.jpg,E:\Coding_Notes\Faunari\data\raw\inat_targeted\Naja_naja\326194215.jpg,2025-11-12
inat_targeted,325848616,Naja naja,venomous,cc-by-nc,https://inaturalist-open-data.s3.amazonaws.com/photos/590045295/medium.jpg,E:\Coding_Notes\Faunari\data\raw\inat_targeted\Naja_naja\325848616.jpg,2025-11-10
inat_targeted,325654184,Naja naja,venomous,cc-by-nc,https://inaturalist-open-data.s3.amazonaws.com/photos/589657625/medium.jpg,E:\Coding_Notes\Faunari\data\raw\inat_targeted\Naja_naja\325654184.jpg,2025-11-09
inat_targeted,325438054,Naja naja,venomous,cc-by-nc,https://inaturalist-open-data.s3.amazonaws.com/photos/589226952/medium.jpg,E:\Coding_Notes\Faunari\data\raw\inat_targeted\Naja_naja\325438054.jpg,2025-11-08
inat_targeted,325343989,Naja naja,venomous,,https://static.inaturalist.org/photos/589036533/medium.jpg,E:\Coding_Notes\Faunari\data\raw\inat_targeted\Naja_naja\325343989.jpg,2025-09-19
inat_targeted,325172403,Naja naja,venomous,cc-by-nc,https://inaturalist-open-data.s3.amazonaws.com/photos/588698553/medium.jpg,E:\Coding_Notes\Faunari\data\raw\inat_targeted\Naja_naja\325172403.jpg,2025-11-06
inat_targeted,325008336,Naja naja,venomous,cc-by-nc,https://inaturalist-open-data.s3.amazonaws.com/photos/588372710/medium.jpg,E:\Coding_Notes\Faunari\data\raw\inat_targeted\Naja_naja\325008336.jpg,2025-11-05
inat_targeted,324691155,Naja naja,venomous,cc-by-nc,https://inaturalist-open-data.s3.amazonaws.com/photos/587731599/medium.jpg,E:\Coding_Notes\Faunari\data\raw\inat_targeted\Naja_naja\324691155.jpg,2025-11-03
inat_targeted,324652583,Naja naja,venomous,cc-by-nc,https://inaturalist-open-data.s3.amazonaws.com/photos/587653782/medium.jpg,E:\Coding_Notes\Faunari\data\raw\inat_targeted\Naja_naja\324652583.jpg,2025-11-03
inat_targeted,324270317,Naja naja,venomous,cc-by-nc,https://inaturalist-open-data.s3.amazonaws.com/photos/586885895/medium.jpg,E:\Coding_Notes\Faunari\data\raw\inat_targeted\Naja_naja\324270317.jpg,2025-11-01
inat_targeted,324268855,Naja naja,venomous,cc-by-nc,https://inaturalist-open-data.s3.amazonaws.com/photos/586883277/medium.jpg,E:\Coding_Notes\Faunari\data\raw\inat_targeted\Naja_naja\324268855.jpg,2025-11-01
inat_targeted,324268772,Naja naja,venomous,cc-by-nc,https://inaturalist-open-data.s3.amazonaws.com/photos/586883156/medium.jpg,E:\Coding_Notes\Faunari\data\raw\inat_targeted\Naja_naja\324268772.jpg,2025-11-01
inat_targeted,323966418,Naja naja,venomous,cc-by-nc,https://inaturalist-open-data.s3.amazonaws.com/photos/586279526/medium.jpg,E:\Coding_Notes\Faunari\data\raw\inat_targeted\Naja_naja\323966418.jpg,2025-10-30
inat_targeted,323963933,Naja naja,venomous,cc-by-nc,https://inaturalist-open-data.s3.amazonaws.com/photos/586274168/medium.jpg,E:\Coding_Notes\Faunari\data\raw\inat_targeted\Naja_naja\323963933.jpg,2025-07-29
inat_targeted,323819571,Naja naja,venomous,cc-by-nc,https://inaturalist-open-data.s3.amazonaws.com/photos/585994372/medium.jpg,E:\Coding_Notes\Faunari\data\raw\inat_targeted\Naja_naja\323819571.jpg,2025-10-29
inat_targeted,323648335,Naja naja,venomous,cc-by-nc,https://inaturalist-open-data.s3.amazonaws.com/photos/585655935/medium.jpg,E:\Coding_Notes\Faunari\data\raw\inat_targeted\Naja_naja\323648335.jpg,2025-10-28
inat_targeted,323588652,Naja naja,venomous,,https://static.inaturalist.org/photos/585536340/medium.jpg,E:\Coding_Notes\Faunari\data\raw\inat_targeted\Naja_naja\323588652.jpg,2025-10-27
inat_targeted,323242525,Naja naja,venomous,,https://static.inaturalist.org/photos/584872805/medium.jpg,E:\Coding_Notes\Faunari\data\raw\inat_targeted\Naja_naja\323242525.jpg,2019-04-13
inat_targeted,323241733,Naja naja,venomous,,https://static.inaturalist.org/photos/584872005/medium.jpg,E:\Coding_Notes\Faunari\data\raw\inat_targeted\Naja_naja\323241733.jpg,2015-06-17
inat_targeted,323240942,Naja naja,venomous,,https://static.inaturalist.org/photos/584871149/medium.jpg,E:\Coding_Notes\Faunari\data\raw\inat_targeted\Naja_naja\323240942.jpg,2015-06-17
inat_targeted,323138058,Naja naja,venomous,cc-by-nc,https://inaturalist-open-data.s3.amazonaws.com/photos/584678477/medium.jpg,E:\Coding_Notes\Faunari\data\raw\inat_targeted\Naja_naja\323138058.jpg,2021-12-11
inat_targeted,323011173,Naja naja,venomous,cc-by-nc,https://inaturalist-open-data.s3.amazonaws.com/photos/584426159/medium.jpg,E:\Coding_Notes\Faunari\data\raw\inat_targeted\Naja_naja\323011173.jpg,2025-10-25
inat_targeted,322764363,Naja naja,venomous,cc-by-nc,https://inaturalist-open-data.s3.amazonaws.com/photos/583945440/medium.jpg,E:\Coding_Notes\Faunari\data\raw\inat_targeted\Naja_naja\322764363.jpg,2025-10-24
inat_targeted,322533084,Naja naja,venomous,cc-by-nc,https://inaturalist-open-data.s3.amazonaws.com/photos/583490032/medium.jpg,E:\Coding_Notes\Faunari\data\raw\inat_targeted\Naja_naja\322533084.jpg,2025-10-23
inat_targeted,322363860,Naja naja,venomous,cc-by-nc,https://inaturalist-open-data.s3.amazonaws.com/photos/583154115/medium.jpg,E:\Coding_Notes\Faunari\data\raw\inat_targeted\Naja_naja\322363860.jpg,2025-10-21
inat_targeted,322231097,Naja naja,venomous,cc-by-nc,https://inaturalist-open-data.s3.amazonaws.com/photos/582886217/medium.jpg,E:\Coding_Notes\Faunari\data\raw\inat_targeted\Naja_naja\322231097.jpg,2025-10-21
inat_targeted,322230992,Naja naja,venomous,cc-by-nc,https://inaturalist-open-data.s3.amazonaws.com/photos/582885832/medium.jpg,E:\Coding_Notes\Faunari\data\raw\inat_targeted\Naja_naja\322230992.jpg,2025-10-21
inat_targeted,322188826,Naja naja,venomous,,https://static.inaturalist.org/photos/582801507/medium.jpg,E:\Coding_Notes\Faunari\data\raw\inat_targeted\Naja_naja\322188826.jpg,2025-10-21
inat_targeted,321345287,Naja naja,venomous,,https://static.inaturalist.org/photos/582773907/medium.jpg,E:\Coding_Notes\Faunari\data\raw\inat_targeted\Naja_naja\321345287.jpg,2025-10-17
inat_targeted,321233222,Naja naja,venomous,cc-by-nc,https://inaturalist-open-data.s3.amazonaws.com/photos/580924139/medium.jpg,E:\Coding_Notes\Faunari\data\raw\inat_targeted\Naja_naja\321233222.jpg,2025-10-16
inat_targeted,321118100,Naja naja,venomous,cc-by-nc,https://inaturalist-open-data.s3.amazonaws.com/photos/580695386/medium.jpg,E:\Coding_Notes\Faunari\data\raw\inat_targeted\Naja_naja\321118100.jpg,2025-06-16
inat_targeted,321013736,Naja naja,venomous,cc-by-nc,https://inaturalist-open-data.s3.amazonaws.com/photos/580496223/medium.jpg,E:\Coding_Notes\Faunari\data\raw\inat_targeted\Naja_naja\321013736.jpg,2025-06-09
inat_targeted,321001994,Naja naja,venomous,cc-by-nc,https://inaturalist-open-data.s3.amazonaws.com/photos/580474106/medium.jpg,E:\Coding_Notes\Faunari\data\raw\inat_targeted\Naja_naja\321001994.jpg,2025-10-15
inat_targeted,321001393,Naja naja,venomous,cc-by-nc,https://inaturalist-open-data.s3.amazonaws.com/photos/580472956/medium.jpg,E:\Coding_Notes\Faunari\data\raw\inat_targeted\Naja_naja\321001393.jpg,2025-06-08
inat_targeted,320883449,Naja naja,venomous,cc-by-nc,https://inaturalist-open-data.s3.amazonaws.com/photos/580238589/medium.jpg,E:\Coding_Notes\Faunari\data\raw\inat_targeted\Naja_naja\320883449.jpg,2025-10-01
inat_targeted,320806130,Naja naja,venomous,cc-by,https://inaturalist-open-data.s3.amazonaws.com/photos/580086740/medium.jpg,E:\Coding_Notes\Faunari\data\raw\inat_targeted\Naja_naja\320806130.jpg,2025-10-14
inat_targeted,320379751,Naja naja,venomous,cc-by-nc,https://inaturalist-open-data.s3.amazonaws.com/photos/579249124/medium.jpg,E:\Coding_Notes\Faunari\data\raw\inat_targeted\Naja_naja\320379751.jpg,2025-06-02
inat_targeted,320379235,Naja naja,venomous,cc-by-nc,https://inaturalist-open-data.s3.amazonaws.com/photos/579248477/medium.jpg,E:\Coding_Notes\Faunari\data\raw\inat_targeted\Naja_naja\320379235.jpg,2025-06-02
inat_targeted,320378768,Naja naja,venomous,cc-by-nc,https://inaturalist-open-data.s3.amazonaws.com/photos/579247756/medium.jpg,E:\Coding_Notes\Faunari\data\raw\inat_targeted\Naja_naja\320378768.jpg,2025-06-01
inat_targeted,320377554,Naja naja,venomous,cc-by-nc,https://inaturalist-open-data.s3.amazonaws.com/photos/579245442/medium.jpg,E:\Coding_Notes\Faunari\data\raw\inat_targeted\Naja_naja\320377554.jpg,2025-06-01
inat_targeted,320371157,Naja naja,venomous,cc-by-nc,https://inaturalist-open-data.s3.amazonaws.com/photos/579233348/medium.jpg,E:\Coding_Notes\Faunari\data\raw\inat_targeted\Naja_naja\320371157.jpg,2025-10-12
inat_targeted,320366917,Naja naja,venomous,cc-by-nc,https://inaturalist-open-data.s3.amazonaws.com/photos/579225074/medium.jpg,E:\Coding_Notes\Faunari\data\raw\inat_targeted\Naja_naja\320366917.jpg,2025-05-27
inat_targeted,320250172,Naja naja,venomous,cc-by-nc,https://inaturalist-open-data.s3.amazonaws.com/photos/578991857/medium.jpg,E:\Coding_Notes\Faunari\data\raw\inat_targeted\Naja_naja\320250172.jpg,2025-05-23
inat_targeted,320163838,Naja naja,venomous,cc-by-nc,https://inaturalist-open-data.s3.amazonaws.com/photos/578829577/medium.jpg,E:\Coding_Notes\Faunari\data\raw\inat_targeted\Naja_naja\320163838.jpg,2025-10-11
inat_targeted,320032754,Naja naja,venomous,cc-by-nc,https://inaturalist-open-data.s3.amazonaws.com/photos/578571131/medium.jpg,E:\Coding_Notes\Faunari\data\raw\inat_targeted\Naja_naja\320032754.jpg,2025-10-11
inat_targeted,320023251,Naja naja,venomous,cc-by-nc,https://inaturalist-open-data.s3.amazonaws.com/photos/578552235/medium.jpg,E:\Coding_Notes\Faunari\data\raw\inat_targeted\Naja_naja\320023251.jpg,2025-05-14
inat_targeted,319801608,Naja naja,venomous,cc-by-nc,https://inaturalist-open-data.s3.amazonaws.com/photos/578128836/medium.jpg,E:\Coding_Notes\Faunari\data\raw\inat_targeted\Naja_naja\319801608.jpg,2025-05-05
inat_targeted,319800274,Naja naja,venomous,cc-by-nc,https://inaturalist-open-data.s3.amazonaws.com/photos/578126627/medium.jpg,E:\Coding_Notes\Faunari\data\raw\inat_targeted\Naja_naja\319800274.jpg,2025-05-05
inat_targeted,319799111,Naja naja,venomous,cc-by-nc,https://inaturalist-open-data.s3.amazonaws.com/photos/578124791/medium.jpg,E:\Coding_Notes\Faunari\data\raw\inat_targeted\Naja_naja\319799111.jpg,2025-05-05
inat_targeted,319720409,Naja naja,venomous,cc-by-nc,https://inaturalist-open-data.s3.amazonaws.com/photos/577978864/medium.jpg,E:\Coding_Notes\Faunari\data\raw\inat_targeted\Naja_naja\319720409.jpg,2025-10-09
inat_targeted,319545150,Naja naja,venomous,,https://static.inaturalist.org/photos/577640050/medium.jpg,E:\Coding_Notes\Faunari\data\raw\inat_targeted\Naja_naja\319545150.jpg,2025-10-05
inat_targeted,319535619,Naja naja,venomous,cc-by-nc,https://inaturalist-open-data.s3.amazonaws.com/photos/577622464/medium.jpg,E:\Coding_Notes\Faunari\data\raw\inat_targeted\Naja_naja\319535619.jpg,2024-09-09
inat_targeted,319335564,Naja naja,venomous,,https://static.inaturalist.org/photos/577237667/medium.jpg,E:\Coding_Notes\Faunari\data\raw\inat_targeted\Naja_naja\319335564.jpg,2025-10-05
inat_targeted,319209638,Naja naja,venomous,cc-by-nc,https://inaturalist-open-data.s3.amazonaws.com/photos/577656351/medium.jpg,E:\Coding_Notes\Faunari\data\raw\inat_targeted\Naja_naja\319209638.jpg,2025-10-02
inat_targeted,319185057,Naja naja,venomous,cc-by-nc,https://inaturalist-open-data.s3.amazonaws.com/photos/576948257/medium.jpg,E:\Coding_Notes\Faunari\data\raw\inat_targeted\Naja_naja\319185057.jpg,2025-03-28
inat_targeted,319184795,Naja naja,venomous,cc-by-nc,https://inaturalist-open-data.s3.amazonaws.com/photos/576947686/medium.jpg,E:\Coding_Notes\Faunari\data\raw\inat_targeted\Naja_naja\319184795.jpg,2025-03-27
inat_targeted,319143613,Naja naja,venomous,,https://static.inaturalist.org/photos/576871161/medium.jpg,E:\Coding_Notes\Faunari\data\raw\inat_targeted\Naja_naja\319143613.jpg,2025-10-06
inat_targeted,319119754,Naja naja,venomous,cc-by-nc,https://inaturalist-open-data.s3.amazonaws.com/photos/576825884/medium.jpg,E:\Coding_Notes\Faunari\data\raw\inat_targeted\Naja_naja\319119754.jpg,2025-02-28
inat_targeted,319119742,Naja naja,venomous,cc-by-nc,https://inaturalist-open-data.s3.amazonaws.com/photos/576825843/medium.jpg,E:\Coding_Notes\Faunari\data\raw\inat_targeted\Naja_naja\319119742.jpg,2025-02-28
inat_targeted,318656809,Naja naja,venomous,cc-by-nc,https://inaturalist-open-data.s3.amazonaws.com/photos/575940297/medium.jpg,E:\Coding_Notes\Faunari\data\raw\inat_targeted\Naja_naja\318656809.jpg,2025-10-04
inat_targeted,318652025,Naja naja,venomous,cc-by-nc,https://inaturalist-open-data.s3.amazonaws.com/photos/575931481/medium.jpg,E:\Coding_Notes\Faunari\data\raw\inat_targeted\Naja_naja\318652025.jpg,2025-10-04
inat_targeted,318575804,Naja naja,venomous,cc-by-nc,https://inaturalist-open-data.s3.amazonaws.com/photos/575788873/medium.jpg,E:\Coding_Notes\Faunari\data\raw\inat_targeted\Naja_naja\318575804.jpg,2025-01-25
inat_targeted,318553175,Naja naja,venomous,,https://static.inaturalist.org/photos/575743479/medium.jpg,E:\Coding_Notes\Faunari\data\raw\inat_targeted\Naja_naja\318553175.jpg,2025-10-01
inat_targeted,318391535,Naja naja,venomous,cc-by-nc,https://inaturalist-open-data.s3.amazonaws.com/photos/575431243/medium.jpg,E:\Coding_Notes\Faunari\data\raw\inat_targeted\Naja_naja\318391535.jpg,2025-10-03
inat_targeted,318198767,Naja naja,venomous,cc-by-nc,https://inaturalist-open-data.s3.amazonaws.com/photos/575063171/medium.jpg,E:\Coding_Notes\Faunari\data\raw\inat_targeted\Naja_naja\318198767.jpg,2025-10-02
inat_targeted,318167366,Naja naja,venomous,cc-by-nc,https://inaturalist-open-data.s3.amazonaws.com/photos/575004977/medium.jpg,E:\Coding_Notes\Faunari\data\raw\inat_targeted\Naja_naja\318167366.jpg,2025-10-02
inat_targeted,318152269,Naja naja,venomous,cc-by-nc,https://inaturalist-open-data.s3.amazonaws.com/photos/574978021/medium.jpg,E:\Coding_Notes\Faunari\data\raw\inat_targeted\Naja_naja\318152269.jpg,2025-10-02
inat_targeted,318144883,Naja naja,venomous,cc-by-nc,https://inaturalist-open-data.s3.amazonaws.com/photos/574962030/medium.jpg,E:\Coding_Notes\Faunari\data\raw\inat_targeted\Naja_naja\318144883.jpg,2025-10-02
inat_targeted,318101324,Naja naja,venomous,cc-by-nc,https://inaturalist-open-data.s3.amazonaws.com/photos/574873309/medium.jpg,E:\Coding_Notes\Faunari\data\raw\inat_targeted\Naja_naja\318101324.jpg,2025-09-06
inat_targeted,317951755,Naja naja,venomous,cc-by-nc,https://inaturalist-open-data.s3.amazonaws.com/photos/574582778/medium.jpg,E:\Coding_Notes\Faunari\data\raw\inat_targeted\Naja_naja\317951755.jpg,2025-08-30
inat_targeted,317951736,Naja naja,venomous,cc-by-nc,https://inaturalist-open-data.s3.amazonaws.com/photos/574582035/medium.jpg,E:\Coding_Notes\Faunari\data\raw\inat_targeted\Naja_naja\317951736.jpg,2025-07-17
inat_targeted,317723922,Naja naja,venomous,cc-by-nc,https://inaturalist-open-data.s3.amazonaws.com/photos/574156118/medium.jpg,E:\Coding_Notes\Faunari\data\raw\inat_targeted\Naja_naja\317723922.jpg,2025-09-30
inat_targeted,317516206,Naja naja,venomous,cc-by-nc,https://inaturalist-open-data.s3.amazonaws.com/photos/573755737/medium.jpg,E:\Coding_Notes\Faunari\data\raw\inat_targeted\Naja_naja\317516206.jpg,2025-09-09
inat_targeted,317489261,Naja naja,venomous,cc-by-nc,https://inaturalist-open-data.s3.amazonaws.com/photos/573707987/medium.jpg,E:\Coding_Notes\Faunari\data\raw\inat_targeted\Naja_naja\317489261.jpg,2025-09-15
inat_targeted,317488905,Naja naja,venomous,cc-by-nc,https://inaturalist-open-data.s3.amazonaws.com/photos/574038380/medium.jpg,E:\Coding_Notes\Faunari\data\raw\inat_targeted\Naja_naja\317488905.jpg,2025-09-15
inat_targeted,317472268,Naja naja,venomous,cc-by-nc,https://inaturalist-open-data.s3.amazonaws.com/photos/573672997/medium.jpg,E:\Coding_Notes\Faunari\data\raw\inat_targeted\Naja_naja\317472268.jpg,2025-09-11
inat_targeted,317195786,Naja naja,venomous,,https://static.inaturalist.org/photos/573150463/medium.jpg,E:\Coding_Notes\Faunari\data\raw\inat_targeted\Naja_naja\317195786.jpg,2025-09-27
inat_targeted,316967103,Naja naja,venomous,cc-by-nc,https://inaturalist-open-data.s3.amazonaws.com/photos/572715987/medium.jpg,E:\Coding_Notes\Faunari\data\raw\inat_targeted\Naja_naja\316967103.jpg,2025-09-10
inat_targeted,316913280,Naja naja,venomous,cc-by-nc,https://inaturalist-open-data.s3.amazonaws.com/photos/572621232/medium.jpg,E:\Coding_Notes\Faunari\data\raw\inat_targeted\Naja_naja\316913280.jpg,2025-09-27
inat_targeted,316545312,Naja naja,venomous,cc-by-nc,https://inaturalist-open-data.s3.amazonaws.com/photos/571921785/medium.jpg,E:\Coding_Notes\Faunari\data\raw\inat_targeted\Naja_naja\316545312.jpg,2025-09-25
inat_targeted,316544440,Naja naja,venomous,cc-by-nc,https://inaturalist-open-data.s3.amazonaws.com/photos/571920205/medium.jpg,E:\Coding_Notes\Faunari\data\raw\inat_targeted\Naja_naja\316544440.jpg,2025-09-24
inat_targeted,315956180,Naja naja,venomous,cc-by-nc,https://inaturalist-open-data.s3.amazonaws.com/photos/570820438/medium.jpg,E:\Coding_Notes\Faunari\data\raw\inat_targeted\Naja_naja\315956180.jpg,2025-09-16
inat_targeted,315839953,Naja naja,venomous,cc-by-nc,https://inaturalist-open-data.s3.amazonaws.com/photos/570597101/medium.jpg,E:\Coding_Notes\Faunari\data\raw\inat_targeted\Naja_naja\315839953.jpg,2025-09-21
inat_targeted,315732865,Naja naja,venomous,cc-by-nc,https://inaturalist-open-data.s3.amazonaws.com/photos/570398056/medium.jpg,E:\Coding_Notes\Faunari\data\raw\inat_targeted\Naja_naja\315732865.jpg,2013-02-03
inat_targeted,315560702,Naja naja,venomous,cc-by-nc,https://inaturalist-open-data.s3.amazonaws.com/photos/570380591/medium.jpg,E:\Coding_Notes\Faunari\data\raw\inat_targeted\Naja_naja\315560702.jpg,2025-09-21
inat_targeted,315536826,Naja naja,venomous,,https://static.inaturalist.org/photos/570017518/medium.jpg,E:\Coding_Notes\Faunari\data\raw\inat_targeted\Naja_naja\315536826.jpg,2025-07-22
inat_targeted,315286124,Naja naja,venomous,cc-by-nc,https://inaturalist-open-data.s3.amazonaws.com/photos/569547127/medium.jpg,E:\Coding_Notes\Faunari\data\raw\inat_targeted\Naja_naja\315286124.jpg,2013-09-10
inat_targeted,314947767,Naja naja,venomous,cc-by-nc,https://inaturalist-open-data.s3.amazonaws.com/photos/568899274/medium.jpg,E:\Coding_Notes\Faunari\data\raw\inat_targeted\Naja_naja\314947767.jpg,2025-09-19
inat_targeted,314511981,Naja naja,venomous,cc-by-nc,https://inaturalist-open-data.s3.amazonaws.com/photos/568061464/medium.jpg,E:\Coding_Notes\Faunari\data\raw\inat_targeted\Naja_naja\314511981.jpg,2025-09-16
inat_targeted,314145096,Naja naja,venomous,cc-by-nc,https://inaturalist-open-data.s3.amazonaws.com/photos/567542671/medium.jpg,E:\Coding_Notes\Faunari\data\raw\inat_targeted\Naja_naja\314145096.jpg,2025-09-15
inat_targeted,313905687,Naja naja,venomous,cc-by-nc,https://inaturalist-open-data.s3.amazonaws.com/photos/566916069/medium.jpg,E:\Coding_Notes\Faunari\data\raw\inat_targeted\Naja_naja\313905687.jpg,2025-09-14
inat_targeted,313286330,Naja naja,venomous,cc-by-nc,https://inaturalist-open-data.s3.amazonaws.com/photos/565740735/medium.jpg,E:\Coding_Notes\Faunari\data\raw\inat_targeted\Naja_naja\313286330.jpg,2025-09-12
inat_targeted,313279597,Naja naja,venomous,cc-by-nc,https://inaturalist-open-data.s3.amazonaws.com/photos/565726860/medium.jpg,E:\Coding_Notes\Faunari\data\raw\inat_targeted\Naja_naja\313279597.jpg,2025-09-12
inat_targeted,313268654,Naja naja,venomous,,https://static.inaturalist.org/photos/565704255/medium.jpg,E:\Coding_Notes\Faunari\data\raw\inat_targeted\Naja_naja\313268654.jpg,2025-09-12
inat_targeted,313162874,Naja naja,venomous,cc-by-nc,https://inaturalist-open-data.s3.amazonaws.com/photos/565497633/medium.jpg,E:\Coding_Notes\Faunari\data\raw\inat_targeted\Naja_naja\313162874.jpg,2025-09-10
inat_targeted,312868370,Naja naja,venomous,cc-by-nc,https://inaturalist-open-data.s3.amazonaws.com/photos/564938256/medium.jpg,E:\Coding_Notes\Faunari\data\raw\inat_targeted\Naja_naja\312868370.jpg,2025-09-10
inat_targeted,312868152,Naja naja,venomous,cc-by-nc,https://inaturalist-open-data.s3.amazonaws.com/photos/564937786/medium.jpg,E:\Coding_Notes\Faunari\data\raw\inat_targeted\Naja_naja\312868152.jpg,2025-09-10
inat_targeted,312854747,Naja naja,venomous,cc-by-nc,https://inaturalist-open-data.s3.amazonaws.com/photos/564911530/medium.jpg,E:\Coding_Notes\Faunari\data\raw\inat_targeted\Naja_naja\312854747.jpg,2024-12-30
inat_targeted,312632366,Naja naja,venomous,cc-by-nc,https://inaturalist-open-data.s3.amazonaws.com/photos/564484538/medium.jpg,E:\Coding_Notes\Faunari\data\raw\inat_targeted\Naja_naja\312632366.jpg,2024-12-19
inat_targeted,312253759,Naja naja,venomous,cc-by-nc,https://inaturalist-open-data.s3.amazonaws.com/photos/563747531/medium.jpg,E:\Coding_Notes\Faunari\data\raw\inat_targeted\Naja_naja\312253759.jpg,2022-08-01
inat_targeted,311900134,Naja naja,venomous,,https://static.inaturalist.org/photos/563081987/medium.jpg,E:\Coding_Notes\Faunari\data\raw\inat_targeted\Naja_naja\311900134.jpg,2025-09-05
inat_targeted,311877850,Naja naja,venomous,,https://static.inaturalist.org/photos/563044070/medium.jpg,E:\Coding_Notes\Faunari\data\raw\inat_targeted\Naja_naja\311877850.jpg,2025-09-06
inat_targeted,311423259,Naja naja,venomous,cc-by-nc,https://inaturalist-open-data.s3.amazonaws.com/photos/562181005/medium.jpg,E:\Coding_Notes\Faunari\data\raw\inat_targeted\Naja_naja\311423259.jpg,2025-09-01
inat_targeted,311270386,Naja naja,venomous,cc-by-nc,https://inaturalist-open-data.s3.amazonaws.com/photos/561887742/medium.jpg,E:\Coding_Notes\Faunari\data\raw\inat_targeted\Naja_naja\311270386.jpg,2025-09-03
inat_targeted,311230333,Naja naja,venomous,cc-by-nc,https://inaturalist-open-data.s3.amazonaws.com/photos/561813336/medium.jpg,E:\Coding_Notes\Faunari\data\raw\inat_targeted\Naja_naja\311230333.jpg,2025-09-03
inat_targeted,310993092,Naja naja,venomous,cc-by-nc,https://inaturalist-open-data.s3.amazonaws.com/photos/561348133/medium.jpg,E:\Coding_Notes\Faunari\data\raw\inat_targeted\Naja_naja\310993092.jpg,2011-07-30
inat_targeted,310809063,Naja naja,venomous,cc-by-nc,https://inaturalist-open-data.s3.amazonaws.com/photos/560992153/medium.jpg,E:\Coding_Notes\Faunari\data\raw\inat_targeted\Naja_naja\310809063.jpg,2022-06-28
inat_targeted,310496598,Naja naja,venomous,,https://static.inaturalist.org/photos/560394203/medium.jpg,E:\Coding_Notes\Faunari\data\raw\inat_targeted\Naja_naja\310496598.jpg,2025-08-31
inat_targeted,310439051,Naja naja,venomous,cc-by-nc,https://inaturalist-open-data.s3.amazonaws.com/photos/560287541/medium.jpg,E:\Coding_Notes\Faunari\data\raw\inat_targeted\Naja_naja\310439051.jpg,2025-08-31
inat_targeted,310423083,Naja naja,venomous,,https://static.inaturalist.org/photos/560313362/medium.jpg,E:\Coding_Notes\Faunari\data\raw\inat_targeted\Naja_naja\310423083.jpg,2025-08-31
inat_targeted,310157701,Naja naja,venomous,cc-by-nc,https://inaturalist-open-data.s3.amazonaws.com/photos/559751079/medium.jpg,E:\Coding_Notes\Faunari\data\raw\inat_targeted\Naja_naja\310157701.jpg,2025-08-30
inat_targeted,310129845,Naja naja,venomous,cc-by-nc,https://inaturalist-open-data.s3.amazonaws.com/photos/559696141/medium.jpg,E:\Coding_Notes\Faunari\data\raw\inat_targeted\Naja_naja\310129845.jpg,2025-08-30
inat_targeted,345592946,Naja kaouthia,venomous,cc-by-nc,https://inaturalist-open-data.s3.amazonaws.com/photos/629839759/medium.jpg,E:\Coding_Notes\Faunari\data\raw\inat_targeted\Naja_kaouthia\345592946.jpg,2025-04-10
inat_targeted,345285527,Naja kaouthia,venomous,cc-by,https://inaturalist-open-data.s3.amazonaws.com/photos/629235159/medium.jpg,E:\Coding_Notes\Faunari\data\raw\inat_targeted\Naja_kaouthia\345285527.jpg,2026-03-26
inat_targeted,337892613,Naja kaouthia,venomous,cc-by-nc,https://inaturalist-open-data.s3.amazonaws.com/photos/614351869/medium.jpg,E:\Coding_Notes\Faunari\data\raw\inat_targeted\Naja_kaouthia\337892613.jpg,2026-02-08
inat_targeted,332474463,Naja kaouthia,venomous,cc-by-nc,https://inaturalist-open-data.s3.amazonaws.com/photos/603384833/medium.jpg,E:\Coding_Notes\Faunari\data\raw\inat_targeted\Naja_kaouthia\332474463.jpg,2012-05-16
inat_targeted,331059863,Naja kaouthia,venomous,cc-by-nc,https://inaturalist-open-data.s3.amazonaws.com/photos/600480508/medium.jpg,E:\Coding_Notes\Faunari\data\raw\inat_targeted\Naja_kaouthia\331059863.jpg,2025-12-15
inat_targeted,326309367,Naja kaouthia,venomous,,https://static.inaturalist.org/photos/590960931/medium.jpg,E:\Coding_Notes\Faunari\data\raw\inat_targeted\Naja_kaouthia\326309367.jpg,2025-11-13
inat_targeted,325457106,Naja kaouthia,venomous,cc-by-nc,https://inaturalist-open-data.s3.amazonaws.com/photos/589266572/medium.jpg,E:\Coding_Notes\Faunari\data\raw\inat_targeted\Naja_kaouthia\325457106.jpg,2022-05-13
inat_targeted,325193857,Naja kaouthia,venomous,cc-by-nc,https://inaturalist-open-data.s3.amazonaws.com/photos/588738573/medium.jpg,E:\Coding_Notes\Faunari\data\raw\inat_targeted\Naja_kaouthia\325193857.jpg,2022-03-01
inat_targeted,324269052,Naja kaouthia,venomous,cc-by,https://inaturalist-open-data.s3.amazonaws.com/photos/586883722/medium.jpg,E:\Coding_Notes\Faunari\data\raw\inat_targeted\Naja_kaouthia\324269052.jpg,2025-11-01
inat_targeted,317245259,Naja kaouthia,venomous,cc-by-nc,https://inaturalist-open-data.s3.amazonaws.com/photos/573113448/medium.jpg,E:\Coding_Notes\Faunari\data\raw\inat_targeted\Naja_kaouthia\317245259.jpg,2025-09-11
inat_targeted,315774125,Naja kaouthia,venomous,cc-by-nc,https://inaturalist-open-data.s3.amazonaws.com/photos/570471514/medium.jpg,E:\Coding_Notes\Faunari\data\raw\inat_targeted\Naja_kaouthia\315774125.jpg,2025-09-22
inat_targeted,314593768,Naja kaouthia,venomous,cc-by-nc,https://inaturalist-open-data.s3.amazonaws.com/photos/568210962/medium.jpg,E:\Coding_Notes\Faunari\data\raw\inat_targeted\Naja_kaouthia\314593768.jpg,2025-09-17
inat_targeted,314289794,Naja kaouthia,venomous,cc-by,https://inaturalist-open-data.s3.amazonaws.com/photos/567655892/medium.jpg,E:\Coding_Notes\Faunari\data\raw\inat_targeted\Naja_kaouthia\314289794.jpg,2025-09-16
inat_targeted,311875725,Naja kaouthia,venomous,,https://static.inaturalist.org/photos/563035707/medium.jpg,E:\Coding_Notes\Faunari\data\raw\inat_targeted\Naja_kaouthia\311875725.jpg,2025-08-29
inat_targeted,310949610,Naja kaouthia,venomous,,https://static.inaturalist.org/photos/561263469/medium.jpg,E:\Coding_Notes\Faunari\data\raw\inat_targeted\Naja_kaouthia\310949610.jpg,2025-09-02
inat_targeted,305739501,Naja kaouthia,venomous,cc-by-nc,https://inaturalist-open-data.s3.amazonaws.com/photos/551293417/medium.jpg,E:\Coding_Notes\Faunari\data\raw\inat_targeted\Naja_kaouthia\305739501.jpg,2025-08-09
inat_targeted,304656826,Naja kaouthia,venomous,cc-by-nc,https://inaturalist-open-data.s3.amazonaws.com/photos/549242694/medium.jpg,E:\Coding_Notes\Faunari\data\raw\inat_targeted\Naja_kaouthia\304656826.jpg,2025-07-16
inat_targeted,301508070,Naja kaouthia,venomous,cc-by-nc,https://inaturalist-open-data.s3.amazonaws.com/photos/543319053/medium.jpg,E:\Coding_Notes\Faunari\data\raw\inat_targeted\Naja_kaouthia\301508070.jpg,2025-07-23
inat_targeted,299104010,Naja kaouthia,venomous,cc-by-nc,https://inaturalist-open-data.s3.amazonaws.com/photos/538846513/medium.jpg,E:\Coding_Notes\Faunari\data\raw\inat_targeted\Naja_kaouthia\299104010.jpg,2024-07-19
inat_targeted,293069324,Naja kaouthia,venomous,cc-by-nc,https://inaturalist-open-data.s3.amazonaws.com/photos/527463474/medium.jpg,E:\Coding_Notes\Faunari\data\raw\inat_targeted\Naja_kaouthia\293069324.jpg,2024-07-10
inat_targeted,288731791,Naja kaouthia,venomous,,https://static.inaturalist.org/photos/519269198/medium.jpg,E:\Coding_Notes\Faunari\data\raw\inat_targeted\Naja_kaouthia\288731791.jpg,2025-05-27
inat_targeted,278983274,Naja kaouthia,venomous,,https://static.inaturalist.org/photos/500955849/medium.jpeg,E:\Coding_Notes\Faunari\data\raw\inat_targeted\Naja_kaouthia\278983274.jpg,2025-05-06
inat_targeted,276321606,Naja kaouthia,venomous,cc-by-nc,https://inaturalist-open-data.s3.amazonaws.com/photos/495453325/medium.jpeg,E:\Coding_Notes\Faunari\data\raw\inat_targeted\Naja_kaouthia\276321606.jpg,2025-04-28
inat_targeted,273580259,Naja kaouthia,venomous,cc-by-nc,https://inaturalist-open-data.s3.amazonaws.com/photos/492026035/medium.jpeg,E:\Coding_Notes\Faunari\data\raw\inat_targeted\Naja_kaouthia\273580259.jpg,2025-04-26
inat_targeted,273566866,Naja kaouthia,venomous,cc-by-nc,https://inaturalist-open-data.s3.amazonaws.com/photos/492004070/medium.jpeg,E:\Coding_Notes\Faunari\data\raw\inat_targeted\Naja_kaouthia\273566866.jpg,2025-04-26
inat_targeted,268780510,Naja kaouthia,venomous,cc-by-nc,https://inaturalist-open-data.s3.amazonaws.com/photos/483171782/medium.jpeg,E:\Coding_Notes\Faunari\data\raw\inat_targeted\Naja_kaouthia\268780510.jpg,2025-04-05
inat_targeted,268254380,Naja kaouthia,venomous,,https://static.inaturalist.org/photos/482162813/medium.jpeg,E:\Coding_Notes\Faunari\data\raw\inat_targeted\Naja_kaouthia\268254380.jpg,2025-03-30
inat_targeted,261439115,Naja kaouthia,venomous,cc-by,https://inaturalist-open-data.s3.amazonaws.com/photos/469688082/medium.jpg,E:\Coding_Notes\Faunari\data\raw\inat_targeted\Naja_kaouthia\261439115.jpg,2014-10-29
inat_targeted,256737759,Naja kaouthia,venomous,cc-by-nc,https://inaturalist-open-data.s3.amazonaws.com/photos/460388752/medium.jpeg,E:\Coding_Notes\Faunari\data\raw\inat_targeted\Naja_kaouthia\256737759.jpg,2024-12-30
inat_targeted,254369372,Naja kaouthia,venomous,,https://static.inaturalist.org/photos/455608115/medium.jpeg,E:\Coding_Notes\Faunari\data\raw\inat_targeted\Naja_kaouthia\254369372.jpg,2024-12-07
inat_targeted,251570613,Naja kaouthia,venomous,,https://static.inaturalist.org/photos/450159476/medium.jpeg,E:\Coding_Notes\Faunari\data\raw\inat_targeted\Naja_kaouthia\251570613.jpg,2024-10-02
inat_targeted,250681595,Naja kaouthia,venomous,cc-by-nc,https://inaturalist-open-data.s3.amazonaws.com/photos/448390541/medium.jpeg,E:\Coding_Notes\Faunari\data\raw\inat_targeted\Naja_kaouthia\250681595.jpg,2024-11-06
inat_targeted,248986479,Naja kaouthia,venomous,cc-by,https://inaturalist-open-data.s3.amazonaws.com/photos/444998949/medium.jpeg,E:\Coding_Notes\Faunari\data\raw\inat_targeted\Naja_kaouthia\248986479.jpg,2024-10-25
inat_targeted,248723116,Naja kaouthia,venomous,cc-by-nc,https://inaturalist-open-data.s3.amazonaws.com/photos/444480718/medium.jpeg,E:\Coding_Notes\Faunari\data\raw\inat_targeted\Naja_kaouthia\248723116.jpg,2022-11-02
inat_targeted,245361864,Naja kaouthia,venomous,,https://static.inaturalist.org/photos/437826549/medium.jpeg,E:\Coding_Notes\Faunari\data\raw\inat_targeted\Naja_kaouthia\245361864.jpg,2024-08-29
inat_targeted,244923258,Naja kaouthia,venomous,cc-by-nc,https://inaturalist-open-data.s3.amazonaws.com/photos/436969409/medium.jpeg,E:\Coding_Notes\Faunari\data\raw\inat_targeted\Naja_kaouthia\244923258.jpg,2024-04-19
inat_targeted,244353585,Naja kaouthia,venomous,cc-by-nc,https://inaturalist-open-data.s3.amazonaws.com/photos/435829831/medium.jpeg,E:\Coding_Notes\Faunari\data\raw\inat_targeted\Naja_kaouthia\244353585.jpg,2024-08-29
inat_targeted,243508191,Naja kaouthia,venomous,,https://static.inaturalist.org/photos/434220100/medium.jpeg,E:\Coding_Notes\Faunari\data\raw\inat_targeted\Naja_kaouthia\243508191.jpg,2024-09-22
inat_targeted,241232506,Naja kaouthia,venomous,,https://static.inaturalist.org/photos/429902090/medium.jpeg,E:\Coding_Notes\Faunari\data\raw\inat_targeted\Naja_kaouthia\241232506.jpg,2024-09-12
inat_targeted,238825184,Naja kaouthia,venomous,cc-by-nc,https://inaturalist-open-data.s3.amazonaws.com/photos/425246273/medium.jpg,E:\Coding_Notes\Faunari\data\raw\inat_targeted\Naja_kaouthia\238825184.jpg,2024-08-29
inat_targeted,237856533,Naja kaouthia,venomous,,https://static.inaturalist.org/photos/423374669/medium.png,E:\Coding_Notes\Faunari\data\raw\inat_targeted\Naja_kaouthia\237856533.jpg,2024-08-21
inat_targeted,233279019,Naja kaouthia,venomous,cc-by-nc,https://inaturalist-open-data.s3.amazonaws.com/photos/414560145/medium.jpg,E:\Coding_Notes\Faunari\data\raw\inat_targeted\Naja_kaouthia\233279019.jpg,2024-08-02
inat_targeted,231962461,Naja kaouthia,venomous,cc-by-nc,https://inaturalist-open-data.s3.amazonaws.com/photos/412050937/medium.jpeg,E:\Coding_Notes\Faunari\data\raw\inat_targeted\Naja_kaouthia\231962461.jpg,2024-07-25
inat_targeted,231353341,Naja kaouthia,venomous,cc-by-nc,https://inaturalist-open-data.s3.amazonaws.com/photos/410898532/medium.jpeg,E:\Coding_Notes\Faunari\data\raw\inat_targeted\Naja_kaouthia\231353341.jpg,2023-07-22
inat_targeted,230746003,Naja kaouthia,venomous,cc-by-nc,https://inaturalist-open-data.s3.amazonaws.com/photos/409742762/medium.jpeg,E:\Coding_Notes\Faunari\data\raw\inat_targeted\Naja_kaouthia\230746003.jpg,2024-07-21
inat_targeted,215498384,Naja kaouthia,venomous,cc-by-nc,https://inaturalist-open-data.s3.amazonaws.com/photos/381006059/medium.jpg,E:\Coding_Notes\Faunari\data\raw\inat_targeted\Naja_kaouthia\215498384.jpg,2024-04-15
inat_targeted,213339135,Naja kaouthia,venomous,,https://static.inaturalist.org/photos/377031353/medium.jpeg,E:\Coding_Notes\Faunari\data\raw\inat_targeted\Naja_kaouthia\213339135.jpg,2024-05-04
inat_targeted,208439134,Naja kaouthia,venomous,cc-by-nc,https://inaturalist-open-data.s3.amazonaws.com/photos/368798595/medium.jpg,E:\Coding_Notes\Faunari\data\raw\inat_targeted\Naja_kaouthia\208439134.jpg,2024-04-15
inat_targeted,190497612,Naja kaouthia,venomous,cc-by-nc,https://inaturalist-open-data.s3.amazonaws.com/photos/333963839/medium.jpeg,E:\Coding_Notes\Faunari\data\raw\inat_targeted\Naja_kaouthia\190497612.jpg,2023-08-20
inat_targeted,188793620,Naja kaouthia,venomous,cc-by-nc,https://inaturalist-open-data.s3.amazonaws.com/photos/330539725/medium.jpeg,E:\Coding_Notes\Faunari\data\raw\inat_targeted\Naja_kaouthia\188793620.jpg,2023-09-20
inat_targeted,185425072,Naja kaouthia,venomous,cc-by-nc,https://inaturalist-open-data.s3.amazonaws.com/photos/323833650/medium.jpeg,E:\Coding_Notes\Faunari\data\raw\inat_targeted\Naja_kaouthia\185425072.jpg,2023-09-29
inat_targeted,182258189,Naja kaouthia,venomous,cc-by-nc,https://inaturalist-open-data.s3.amazonaws.com/photos/317732333/medium.jpeg,E:\Coding_Notes\Faunari\data\raw\inat_targeted\Naja_kaouthia\182258189.jpg,2023-04-09
inat_targeted,181205255,Naja kaouthia,venomous,cc-by-nc,https://inaturalist-open-data.s3.amazonaws.com/photos/315778122/medium.jpeg,E:\Coding_Notes\Faunari\data\raw\inat_targeted\Naja_kaouthia\181205255.jpg,2023-09-01
inat_targeted,178835537,Naja kaouthia,venomous,,https://static.inaturalist.org/photos/313994879/medium.jpeg,E:\Coding_Notes\Faunari\data\raw\inat_targeted\Naja_kaouthia\178835537.jpg,2023-08-17
inat_targeted,178788291,Naja kaouthia,venomous,cc-by-nc,https://inaturalist-open-data.s3.amazonaws.com/photos/311168843/medium.jpg,E:\Coding_Notes\Faunari\data\raw\inat_targeted\Naja_kaouthia\178788291.jpg,2019-03-04
inat_targeted,170108742,Naja kaouthia,venomous,cc-by-nc,https://inaturalist-open-data.s3.amazonaws.com/photos/294995653/medium.jpeg,E:\Coding_Notes\Faunari\data\raw\inat_targeted\Naja_kaouthia\170108742.jpg,2020-10-05
inat_targeted,168241098,Naja kaouthia,venomous,cc-by-nc,https://inaturalist-open-data.s3.amazonaws.com/photos/291547430/medium.jpg,E:\Coding_Notes\Faunari\data\raw\inat_targeted\Naja_kaouthia\168241098.jpg,2023-06-18
inat_targeted,160105992,Naja kaouthia,venomous,cc-by-nc,https://inaturalist-open-data.s3.amazonaws.com/photos/276651243/medium.jpeg,E:\Coding_Notes\Faunari\data\raw\inat_targeted\Naja_kaouthia\160105992.jpg,2023-05-05
inat_targeted,158490968,Naja kaouthia,venomous,,https://static.inaturalist.org/photos/273909195/medium.jpeg,E:\Coding_Notes\Faunari\data\raw\inat_targeted\Naja_kaouthia\158490968.jpg,2023-03-04
inat_targeted,157967002,Naja kaouthia,venomous,cc-by-nc,https://inaturalist-open-data.s3.amazonaws.com/photos/273065326/medium.jpeg,E:\Coding_Notes\Faunari\data\raw\inat_targeted\Naja_kaouthia\157967002.jpg,2023-04-30
inat_targeted,152112104,Naja kaouthia,venomous,cc-by-nc,https://inaturalist-open-data.s3.amazonaws.com/photos/262551267/medium.jpeg,E:\Coding_Notes\Faunari\data\raw\inat_targeted\Naja_kaouthia\152112104.jpg,2022-04-25
inat_targeted,142008767,Naja kaouthia,venomous,,https://static.inaturalist.org/photos/243394763/medium.jpeg,E:\Coding_Notes\Faunari\data\raw\inat_targeted\Naja_kaouthia\142008767.jpg,2022-11-13
inat_targeted,136156517,Naja kaouthia,venomous,,https://static.inaturalist.org/photos/232336246/medium.jpeg,E:\Coding_Notes\Faunari\data\raw\inat_targeted\Naja_kaouthia\136156517.jpg,2022-08-10
inat_targeted,134835279,Naja kaouthia,venomous,,https://static.inaturalist.org/photos/229897509/medium.jpeg,E:\Coding_Notes\Faunari\data\raw\inat_targeted\Naja_kaouthia\134835279.jpg,2022-09-13
inat_targeted,134835200,Naja kaouthia,venomous,,https://static.inaturalist.org/photos/229897377/medium.jpeg,E:\Coding_Notes\Faunari\data\raw\inat_targeted\Naja_kaouthia\134835200.jpg,2022-09-13
inat_targeted,130284146,Naja kaouthia,venomous,cc-by-nc,https://inaturalist-open-data.s3.amazonaws.com/photos/221537340/medium.jpg,E:\Coding_Notes\Faunari\data\raw\inat_targeted\Naja_kaouthia\130284146.jpg,2022-07-15
inat_targeted,97231454,Naja kaouthia,venomous,cc-by-nc,https://inaturalist-open-data.s3.amazonaws.com/photos/161666104/medium.jpg,E:\Coding_Notes\Faunari\data\raw\inat_targeted\Naja_kaouthia\97231454.jpg,2014-08-31
inat_targeted,94295186,Naja kaouthia,venomous,cc-by-nc,https://inaturalist-open-data.s3.amazonaws.com/photos/156406802/medium.jpg,E:\Coding_Notes\Faunari\data\raw\inat_targeted\Naja_kaouthia\94295186.jpg,2021-09-01
inat_targeted,93274700,Naja kaouthia,venomous,cc-by-nc,https://inaturalist-open-data.s3.amazonaws.com/photos/154569805/medium.jpeg,E:\Coding_Notes\Faunari\data\raw\inat_targeted\Naja_kaouthia\93274700.jpg,2021-08-08
inat_targeted,69453377,Naja kaouthia,venomous,cc-by-nc,https://inaturalist-open-data.s3.amazonaws.com/photos/112694296/medium.jpg,E:\Coding_Notes\Faunari\data\raw\inat_targeted\Naja_kaouthia\69453377.jpg,2013-05-05
inat_targeted,69427010,Naja kaouthia,venomous,,https://static.inaturalist.org/photos/112642765/medium.jpg,E:\Coding_Notes\Faunari\data\raw\inat_targeted\Naja_kaouthia\69427010.jpg,2020-11-25
inat_targeted,65278965,Naja kaouthia,venomous,cc-by-nc,https://inaturalist-open-data.s3.amazonaws.com/photos/105038251/medium.jpeg,E:\Coding_Notes\Faunari\data\raw\inat_targeted\Naja_kaouthia\65278965.jpg,2012-08-07
inat_targeted,61787474,Naja kaouthia,venomous,cc-by-nc,https://inaturalist-open-data.s3.amazonaws.com/photos/98913482/medium.jpg,E:\Coding_Notes\Faunari\data\raw\inat_targeted\Naja_kaouthia\61787474.jpg,2020-10-05
inat_targeted,59613702,Naja kaouthia,venomous,cc-by-nc,https://inaturalist-open-data.s3.amazonaws.com/photos/95261825/medium.jpeg,E:\Coding_Notes\Faunari\data\raw\inat_targeted\Naja_kaouthia\59613702.jpg,2011-08-26
inat_targeted,59463584,Naja kaouthia,venomous,,https://static.inaturalist.org/photos/95013994/medium.jpeg,E:\Coding_Notes\Faunari\data\raw\inat_targeted\Naja_kaouthia\59463584.jpg,2019-11-24
inat_targeted,42865987,Naja kaouthia,venomous,cc-by-nc,https://inaturalist-open-data.s3.amazonaws.com/photos/68069656/medium.jpeg,E:\Coding_Notes\Faunari\data\raw\inat_targeted\Naja_kaouthia\42865987.jpg,2019-09-28
inat_targeted,29900310,Naja kaouthia,venomous,cc-by,https://inaturalist-open-data.s3.amazonaws.com/photos/46690465/medium.jpeg,E:\Coding_Notes\Faunari\data\raw\inat_targeted\Naja_kaouthia\29900310.jpg,2011-03-14
inat_targeted,19467104,Naja kaouthia,venomous,,https://static.inaturalist.org/photos/29949838/medium.jpg,E:\Coding_Notes\Faunari\data\raw\inat_targeted\Naja_kaouthia\19467104.jpg,2017-11-24
inat_targeted,15943984,Naja kaouthia,venomous,,https://static.inaturalist.org/photos/23858059/medium.jpg,E:\Coding_Notes\Faunari\data\raw\inat_targeted\Naja_kaouthia\15943984.jpg,2017-08-14
inat_targeted,5953631,Naja kaouthia,venomous,,https://static.inaturalist.org/photos/7436175/medium.jpg,E:\Coding_Notes\Faunari\data\raw\inat_targeted\Naja_kaouthia\5953631.jpg,2015-04-30
inat_targeted,4285413,Naja kaouthia,venomous,cc-by-nc-sa,https://inaturalist-open-data.s3.amazonaws.com/photos/5136764/medium.jpg,E:\Coding_Notes\Faunari\data\raw\inat_targeted\Naja_kaouthia\4285413.jpg,2016-09-04
inat_targeted,899259,Naja kaouthia,venomous,cc-by-nc-sa,https://inaturalist-open-data.s3.amazonaws.com/photos/1144816/medium.jpg,E:\Coding_Notes\Faunari\data\raw\inat_targeted\Naja_kaouthia\899259.jpg,2014-07-02
inat_targeted,342744602,Ophiophagus hannah,venomous,,https://static.inaturalist.org/photos/624200714/medium.jpg,E:\Coding_Notes\Faunari\data\raw\inat_targeted\Ophiophagus_hannah\342744602.jpg,2026-03-13
inat_targeted,335904246,Ophiophagus hannah,venomous,cc-by,https://inaturalist-open-data.s3.amazonaws.com/photos/610313893/medium.jpg,E:\Coding_Notes\Faunari\data\raw\inat_targeted\Ophiophagus_hannah\335904246.jpg,2026-01-24
inat_targeted,331455921,Ophiophagus hannah,venomous,,https://static.inaturalist.org/photos/601293596/medium.jpg,E:\Coding_Notes\Faunari\data\raw\inat_targeted\Ophiophagus_hannah\331455921.jpg,2024-09-13
inat_targeted,331310943,Ophiophagus hannah,venomous,cc-by-nc,https://inaturalist-open-data.s3.amazonaws.com/photos/601001150/medium.jpg,E:\Coding_Notes\Faunari\data\raw\inat_targeted\Ophiophagus_hannah\331310943.jpg,2025-12-18
inat_targeted,331185440,Ophiophagus hannah,venomous,cc-by-nc,https://inaturalist-open-data.s3.amazonaws.com/photos/600738918/medium.jpg,E:\Coding_Notes\Faunari\data\raw\inat_targeted\Ophiophagus_hannah\331185440.jpg,2025-12-18
inat_targeted,331183433,Ophiophagus hannah,venomous,cc-by-nc,https://inaturalist-open-data.s3.amazonaws.com/photos/600734762/medium.jpg,E:\Coding_Notes\Faunari\data\raw\inat_targeted\Ophiophagus_hannah\331183433.jpg,2025-12-18
inat_targeted,331064452,Ophiophagus hannah,venomous,cc-by,https://inaturalist-open-data.s3.amazonaws.com/photos/600490168/medium.jpg,E:\Coding_Notes\Faunari\data\raw\inat_targeted\Ophiophagus_hannah\331064452.jpg,2025-12-15
inat_targeted,330938592,Ophiophagus hannah,venomous,cc-by-nc,https://inaturalist-open-data.s3.amazonaws.com/photos/600228708/medium.jpg,E:\Coding_Notes\Faunari\data\raw\inat_targeted\Ophiophagus_hannah\330938592.jpg,2025-12-16
inat_targeted,330117590,Ophiophagus hannah,venomous,cc-by-nc,https://inaturalist-open-data.s3.amazonaws.com/photos/598668039/medium.jpg,E:\Coding_Notes\Faunari\data\raw\inat_targeted\Ophiophagus_hannah\330117590.jpg,2025-12-07
inat_targeted,323281381,Ophiophagus hannah,venomous,cc-by,https://inaturalist-open-data.s3.amazonaws.com/photos/584928793/medium.jpg,E:\Coding_Notes\Faunari\data\raw\inat_targeted\Ophiophagus_hannah\323281381.jpg,2025-10-06
inat_targeted,317492145,Ophiophagus hannah,venomous,cc-by-nc,https://inaturalist-open-data.s3.amazonaws.com/photos/573713621/medium.jpg,E:\Coding_Notes\Faunari\data\raw\inat_targeted\Ophiophagus_hannah\317492145.jpg,2024-09-09
inat_targeted,309407172,Ophiophagus hannah,venomous,cc-by-nc,https://inaturalist-open-data.s3.amazonaws.com/photos/558328184/medium.jpg,E:\Coding_Notes\Faunari\data\raw\inat_targeted\Ophiophagus_hannah\309407172.jpg,2016-02-02
inat_targeted,309074885,Ophiophagus hannah,venomous,cc-by-nc,https://inaturalist-open-data.s3.amazonaws.com/photos/557686483/medium.jpg,E:\Coding_Notes\Faunari\data\raw\inat_targeted\Ophiophagus_hannah\309074885.jpg,2025-08-24
inat_targeted,308407185,Ophiophagus hannah,venomous,cc-by-nc,https://inaturalist-open-data.s3.amazonaws.com/photos/556405583/medium.jpg,E:\Coding_Notes\Faunari\data\raw\inat_targeted\Ophiophagus_hannah\308407185.jpg,2018-10-06
inat_targeted,307898344,Ophiophagus hannah,venomous,,https://static.inaturalist.org/photos/555429302/medium.jpg,E:\Coding_Notes\Faunari\data\raw\inat_targeted\Ophiophagus_hannah\307898344.jpg,2025-08-19
inat_targeted,307678516,Ophiophagus hannah,venomous,,https://static.inaturalist.org/photos/555003779/medium.jpg,E:\Coding_Notes\Faunari\data\raw\inat_targeted\Ophiophagus_hannah\307678516.jpg,2025-03-23
inat_targeted,304282925,Ophiophagus hannah,venomous,cc-by,https://inaturalist-open-data.s3.amazonaws.com/photos/548519131/medium.jpg,E:\Coding_Notes\Faunari\data\raw\inat_targeted\Ophiophagus_hannah\304282925.jpg,2025-08-06
inat_targeted,303916976,Ophiophagus hannah,venomous,cc-by,https://inaturalist-open-data.s3.amazonaws.com/photos/547829277/medium.jpg,E:\Coding_Notes\Faunari\data\raw\inat_targeted\Ophiophagus_hannah\303916976.jpg,2025-08-05
inat_targeted,273271610,Ophiophagus hannah,venomous,cc-by-nc,https://inaturalist-open-data.s3.amazonaws.com/photos/491524491/medium.jpeg,E:\Coding_Notes\Faunari\data\raw\inat_targeted\Ophiophagus_hannah\273271610.jpg,2025-04-25
inat_targeted,271233974,Ophiophagus hannah,venomous,,https://static.inaturalist.org/photos/487870576/medium.png,E:\Coding_Notes\Faunari\data\raw\inat_targeted\Ophiophagus_hannah\271233974.jpg,2025-04-18
inat_targeted,271233973,Ophiophagus hannah,venomous,,https://static.inaturalist.org/photos/487869488/medium.png,E:\Coding_Notes\Faunari\data\raw\inat_targeted\Ophiophagus_hannah\271233973.jpg,2025-04-18
inat_targeted,269760419,Ophiophagus hannah,venomous,,https://static.inaturalist.org/photos/485072425/medium.jpg,E:\Coding_Notes\Faunari\data\raw\inat_targeted\Ophiophagus_hannah\269760419.jpg,2025-04-08
inat_targeted,259750287,Ophiophagus hannah,venomous,,https://static.inaturalist.org/photos/466346355/medium.jpeg,E:\Coding_Notes\Faunari\data\raw\inat_targeted\Ophiophagus_hannah\259750287.jpg,2025-01-21
inat_targeted,253750203,Ophiophagus hannah,venomous,,https://static.inaturalist.org/photos/454412923/medium.jpeg,E:\Coding_Notes\Faunari\data\raw\inat_targeted\Ophiophagus_hannah\253750203.jpg,2024-11-29
inat_targeted,249143160,Ophiophagus hannah,venomous,,https://static.inaturalist.org/photos/445310293/medium.jpeg,E:\Coding_Notes\Faunari\data\raw\inat_targeted\Ophiophagus_hannah\249143160.jpg,2024-08-23
inat_targeted,245191739,Ophiophagus hannah,venomous,,https://static.inaturalist.org/photos/437492875/medium.jpeg,E:\Coding_Notes\Faunari\data\raw\inat_targeted\Ophiophagus_hannah\245191739.jpg,2024-04-17
inat_targeted,240770799,Ophiophagus hannah,venomous,,https://static.inaturalist.org/photos/429008870/medium.jpeg,E:\Coding_Notes\Faunari\data\raw\inat_targeted\Ophiophagus_hannah\240770799.jpg,2024-09-09
inat_targeted,239932799,Ophiophagus hannah,venomous,,https://static.inaturalist.org/photos/427397718/medium.jpeg,E:\Coding_Notes\Faunari\data\raw\inat_targeted\Ophiophagus_hannah\239932799.jpg,2024-09-05
inat_targeted,239796766,Ophiophagus hannah,venomous,,https://static.inaturalist.org/photos/427135177/medium.jpeg,E:\Coding_Notes\Faunari\data\raw\inat_targeted\Ophiophagus_hannah\239796766.jpg,2024-09-03
inat_targeted,233111293,Ophiophagus hannah,venomous,,https://static.inaturalist.org/photos/414241048/medium.jpeg,E:\Coding_Notes\Faunari\data\raw\inat_targeted\Ophiophagus_hannah\233111293.jpg,2024-08-01
inat_targeted,229743130,Ophiophagus hannah,venomous,cc-by-nc,https://inaturalist-open-data.s3.amazonaws.com/photos/407843487/medium.jpeg,E:\Coding_Notes\Faunari\data\raw\inat_targeted\Ophiophagus_hannah\229743130.jpg,2023-08-10
inat_targeted,225463034,Ophiophagus hannah,venomous,,https://static.inaturalist.org/photos/399745688/medium.jpeg,E:\Coding_Notes\Faunari\data\raw\inat_targeted\Ophiophagus_hannah\225463034.jpg,2024-04-20
inat_targeted,224635096,Ophiophagus hannah,venomous,cc-by-nc,https://inaturalist-open-data.s3.amazonaws.com/photos/398161995/medium.jpeg,E:\Coding_Notes\Faunari\data\raw\inat_targeted\Ophiophagus_hannah\224635096.jpg,2024-04-12
inat_targeted,212188904,Ophiophagus hannah,venomous,cc-by-nc,https://inaturalist-open-data.s3.amazonaws.com/photos/375034153/medium.jpg,E:\Coding_Notes\Faunari\data\raw\inat_targeted\Ophiophagus_hannah\212188904.jpg,2024-04-28
inat_targeted,208234085,Ophiophagus hannah,venomous,,https://static.inaturalist.org/photos/368413736/medium.jpeg,E:\Coding_Notes\Faunari\data\raw\inat_targeted\Ophiophagus_hannah\208234085.jpg,2023-01-18
inat_targeted,207876513,Ophiophagus hannah,venomous,cc-by-nc,https://inaturalist-open-data.s3.amazonaws.com/photos/367746523/medium.jpeg,E:\Coding_Notes\Faunari\data\raw\inat_targeted\Ophiophagus_hannah\207876513.jpg,2024-04-12
inat_targeted,207517222,Ophiophagus hannah,venomous,cc-by-nc,https://inaturalist-open-data.s3.amazonaws.com/photos/367073004/medium.jpeg,E:\Coding_Notes\Faunari\data\raw\inat_targeted\Ophiophagus_hannah\207517222.jpg,2024-04-15
inat_targeted,205852777,Ophiophagus hannah,venomous,cc-by-nc-sa,https://inaturalist-open-data.s3.amazonaws.com/photos/364031794/medium.jpeg,E:\Coding_Notes\Faunari\data\raw\inat_targeted\Ophiophagus_hannah\205852777.jpg,2018-09-24
inat_targeted,193154578,Ophiophagus hannah,venomous,,https://static.inaturalist.org/photos/339262282/medium.jpeg,E:\Coding_Notes\Faunari\data\raw\inat_targeted\Ophiophagus_hannah\193154578.jpg,2023-11-18
inat_targeted,189444295,Ophiophagus hannah,venomous,cc-by-nc,https://inaturalist-open-data.s3.amazonaws.com/photos/331866076/medium.jpeg,E:\Coding_Notes\Faunari\data\raw\inat_targeted\Ophiophagus_hannah\189444295.jpg,2023-10-22
inat_targeted,187997148,Ophiophagus hannah,venomous,cc-by-nc,https://inaturalist-open-data.s3.amazonaws.com/photos/328903430/medium.jpeg,E:\Coding_Notes\Faunari\data\raw\inat_targeted\Ophiophagus_hannah\187997148.jpg,2022-04-18
inat_targeted,185123466,Ophiophagus hannah,venomous,cc-by-nc,https://inaturalist-open-data.s3.amazonaws.com/photos/323262706/medium.jpeg,E:\Coding_Notes\Faunari\data\raw\inat_targeted\Ophiophagus_hannah\185123466.jpg,2023-09-07
inat_targeted,184746135,Ophiophagus hannah,venomous,,https://static.inaturalist.org/photos/322528103/medium.jpeg,E:\Coding_Notes\Faunari\data\raw\inat_targeted\Ophiophagus_hannah\184746135.jpg,2023-09-18
inat_targeted,179549674,Ophiophagus hannah,venomous,cc-by-nc,https://inaturalist-open-data.s3.amazonaws.com/photos/312607740/medium.jpg,E:\Coding_Notes\Faunari\data\raw\inat_targeted\Ophiophagus_hannah\179549674.jpg,2022-08-13
inat_targeted,166740130,Ophiophagus hannah,venomous,cc-by-nc-sa,https://inaturalist-open-data.s3.amazonaws.com/photos/288773535/medium.jpeg,E:\Coding_Notes\Faunari\data\raw\inat_targeted\Ophiophagus_hannah\166740130.jpg,2019-05-12
inat_targeted,164835530,Ophiophagus hannah,venomous,cc-by,https://inaturalist-open-data.s3.amazonaws.com/photos/285254562/medium.jpeg,E:\Coding_Notes\Faunari\data\raw\inat_targeted\Ophiophagus_hannah\164835530.jpg,2023-05-30
inat_targeted,159640687,Ophiophagus hannah,venomous,cc-by-nc,https://inaturalist-open-data.s3.amazonaws.com/photos/275829590/medium.jpeg,E:\Coding_Notes\Faunari\data\raw\inat_targeted\Ophiophagus_hannah\159640687.jpg,2023-05-04
inat_targeted,154299507,Ophiophagus hannah,venomous,,https://static.inaturalist.org/photos/266597952/medium.jpeg,E:\Coding_Notes\Faunari\data\raw\inat_targeted\Ophiophagus_hannah\154299507.jpg,2023-01-28
inat_targeted,152130129,Ophiophagus hannah,venomous,,https://static.inaturalist.org/photos/262583327/medium.jpeg,E:\Coding_Notes\Faunari\data\raw\inat_targeted\Ophiophagus_hannah\152130129.jpg,2023-03-24
inat_targeted,149554601,Ophiophagus hannah,venomous,cc-by-nc,https://inaturalist-open-data.s3.amazonaws.com/photos/257726694/medium.jpg,E:\Coding_Notes\Faunari\data\raw\inat_targeted\Ophiophagus_hannah\149554601.jpg,2023-01-28
inat_targeted,147333608,Ophiophagus hannah,venomous,cc-by-nc,https://inaturalist-open-data.s3.amazonaws.com/photos/253506209/medium.jpg,E:\Coding_Notes\Faunari\data\raw\inat_targeted\Ophiophagus_hannah\147333608.jpg,2023-01-25
inat_targeted,138073776,Ophiophagus hannah,venomous,cc-by-nc,https://inaturalist-open-data.s3.amazonaws.com/photos/235928950/medium.jpeg,E:\Coding_Notes\Faunari\data\raw\inat_targeted\Ophiophagus_hannah\138073776.jpg,2022-10-07
inat_targeted,136567484,Ophiophagus hannah,venomous,cc-by-nc,https://inaturalist-open-data.s3.amazonaws.com/photos/233100728/medium.jpg,E:\Coding_Notes\Faunari\data\raw\inat_targeted\Ophiophagus_hannah\136567484.jpg,2022-09-25
inat_targeted,136537791,Ophiophagus hannah,venomous,cc-by-nc,https://inaturalist-open-data.s3.amazonaws.com/photos/233045180/medium.jpeg,E:\Coding_Notes\Faunari\data\raw\inat_targeted\Ophiophagus_hannah\136537791.jpg,2022-09-25
inat_targeted,136311131,Ophiophagus hannah,venomous,cc-by-nc,https://inaturalist-open-data.s3.amazonaws.com/photos/232616329/medium.jpeg,E:\Coding_Notes\Faunari\data\raw\inat_targeted\Ophiophagus_hannah\136311131.jpg,2022-08-13
inat_targeted,136156300,Ophiophagus hannah,venomous,,https://static.inaturalist.org/photos/232335858/medium.jpeg,E:\Coding_Notes\Faunari\data\raw\inat_targeted\Ophiophagus_hannah\136156300.jpg,2022-08-18
inat_targeted,135539740,Ophiophagus hannah,venomous,cc-by,https://inaturalist-open-data.s3.amazonaws.com/photos/231188046/medium.jpg,E:\Coding_Notes\Faunari\data\raw\inat_targeted\Ophiophagus_hannah\135539740.jpg,2022-09-16
inat_targeted,125593158,Ophiophagus hannah,venomous,,https://static.inaturalist.org/photos/213000837/medium.jpg,E:\Coding_Notes\Faunari\data\raw\inat_targeted\Ophiophagus_hannah\125593158.jpg,2022-07-10
inat_targeted,124528072,Ophiophagus hannah,venomous,,https://static.inaturalist.org/photos/211081941/medium.jpeg,E:\Coding_Notes\Faunari\data\raw\inat_targeted\Ophiophagus_hannah\124528072.jpg,2022-04-18
inat_targeted,116950017,Ophiophagus hannah,venomous,,https://static.inaturalist.org/photos/197458197/medium.jpeg,E:\Coding_Notes\Faunari\data\raw\inat_targeted\Ophiophagus_hannah\116950017.jpg,2016-08-10
inat_targeted,114182344,Ophiophagus hannah,venomous,cc-by-nc,https://inaturalist-open-data.s3.amazonaws.com/photos/192845167/medium.jpeg,E:\Coding_Notes\Faunari\data\raw\inat_targeted\Ophiophagus_hannah\114182344.jpg,2022-04-20
inat_targeted,109021513,Ophiophagus hannah,venomous,cc-by-nc,https://inaturalist-open-data.s3.amazonaws.com/photos/183683018/medium.jpg,E:\Coding_Notes\Faunari\data\raw\inat_targeted\Ophiophagus_hannah\109021513.jpg,2020-11-05
inat_targeted,107365952,Ophiophagus hannah,venomous,cc-by-nc,https://inaturalist-open-data.s3.amazonaws.com/photos/180561516/medium.jpg,E:\Coding_Notes\Faunari\data\raw\inat_targeted\Ophiophagus_hannah\107365952.jpg,2021-07-24
inat_targeted,97285601,Ophiophagus hannah,venomous,cc-by-nc,https://inaturalist-open-data.s3.amazonaws.com/photos/161764790/medium.jpeg,E:\Coding_Notes\Faunari\data\raw\inat_targeted\Ophiophagus_hannah\97285601.jpg,2016-09-07
inat_targeted,97231396,Ophiophagus hannah,venomous,cc-by-nc,https://inaturalist-open-data.s3.amazonaws.com/photos/161763009/medium.jpeg,E:\Coding_Notes\Faunari\data\raw\inat_targeted\Ophiophagus_hannah\97231396.jpg,2014-09-03
inat_targeted,95997679,Ophiophagus hannah,venomous,cc-by-nc,https://inaturalist-open-data.s3.amazonaws.com/photos/159430629/medium.jpeg,E:\Coding_Notes\Faunari\data\raw\inat_targeted\Ophiophagus_hannah\95997679.jpg,2021-08-23
inat_targeted,77426904,Ophiophagus hannah,venomous,,https://static.inaturalist.org/photos/126626994/medium.jpeg,E:\Coding_Notes\Faunari\data\raw\inat_targeted\Ophiophagus_hannah\77426904.jpg,2019-04-25
inat_targeted,76965261,Ophiophagus hannah,venomous,,https://static.inaturalist.org/photos/125869080/medium.jpeg,E:\Coding_Notes\Faunari\data\raw\inat_targeted\Ophiophagus_hannah\76965261.jpg,2019-04-10
inat_targeted,76148618,Ophiophagus hannah,venomous,,https://static.inaturalist.org/photos/124579315/medium.jpeg,E:\Coding_Notes\Faunari\data\raw\inat_targeted\Ophiophagus_hannah\76148618.jpg,2019-04-06
inat_targeted,65278964,Ophiophagus hannah,venomous,cc-by-nc,https://inaturalist-open-data.s3.amazonaws.com/photos/105038278/medium.jpeg,E:\Coding_Notes\Faunari\data\raw\inat_targeted\Ophiophagus_hannah\65278964.jpg,2012-04-25
inat_targeted,58251037,Ophiophagus hannah,venomous,,https://static.inaturalist.org/photos/92982867/medium.jpeg,E:\Coding_Notes\Faunari\data\raw\inat_targeted\Ophiophagus_hannah\58251037.jpg,2020-05-16
inat_targeted,51441237,Ophiophagus hannah,venomous,,https://static.inaturalist.org/photos/81730990/medium.jpg,E:\Coding_Notes\Faunari\data\raw\inat_targeted\Ophiophagus_hannah\51441237.jpg,2020-06-30
inat_targeted,33787548,Ophiophagus hannah,venomous,cc-by,https://inaturalist-open-data.s3.amazonaws.com/photos/53103894/medium.jpeg,E:\Coding_Notes\Faunari\data\raw\inat_targeted\Ophiophagus_hannah\33787548.jpg,2017-10-23
inat_targeted,18564245,Ophiophagus hannah,venomous,cc-by-nc,https://inaturalist-open-data.s3.amazonaws.com/photos/28403253/medium.jpeg,E:\Coding_Notes\Faunari\data\raw\inat_targeted\Ophiophagus_hannah\18564245.jpg,2017-03-28
inat_targeted,15382402,Ophiophagus hannah,venomous,cc-by-nc,https://inaturalist-open-data.s3.amazonaws.com/photos/23052416/medium.jpeg,E:\Coding_Notes\Faunari\data\raw\inat_targeted\Ophiophagus_hannah\15382402.jpg,2016-12-22
inat_targeted,14066867,Ophiophagus hannah,venomous,cc-by-nc,https://inaturalist-open-data.s3.amazonaws.com/photos/20820515/medium.jpeg,E:\Coding_Notes\Faunari\data\raw\inat_targeted\Ophiophagus_hannah\14066867.jpg,2018-06-26
inat_targeted,375003053,Bungarus caeruleus,venomous,,https://static.inaturalist.org/photos/685490465/medium.jpg,E:\Coding_Notes\Faunari\data\raw\inat_targeted\Bungarus_caeruleus\375003053.jpg,2026-05-23
inat_targeted,375001071,Bungarus caeruleus,venomous,,https://static.inaturalist.org/photos/685486909/medium.jpg,E:\Coding_Notes\Faunari\data\raw\inat_targeted\Bungarus_caeruleus\375001071.jpg,2026-05-23
inat_targeted,374682524,Bungarus caeruleus,venomous,cc-by-nc,https://inaturalist-open-data.s3.amazonaws.com/photos/684870199/medium.jpg,E:\Coding_Notes\Faunari\data\raw\inat_targeted\Bungarus_caeruleus\374682524.jpg,2026-06-16
inat_targeted,374655276,Bungarus caeruleus,venomous,cc-by-nc,https://inaturalist-open-data.s3.amazonaws.com/photos/684818839/medium.jpg,E:\Coding_Notes\Faunari\data\raw\inat_targeted\Bungarus_caeruleus\374655276.jpg,2026-06-21
inat_targeted,374612384,Bungarus caeruleus,venomous,cc-by-nc,https://inaturalist-open-data.s3.amazonaws.com/photos/684766960/medium.jpg,E:\Coding_Notes\Faunari\data\raw\inat_targeted\Bungarus_caeruleus\374612384.jpg,2026-06-23
inat_targeted,374574864,Bungarus caeruleus,venomous,cc-by-nc,https://inaturalist-open-data.s3.amazonaws.com/photos/684669767/medium.jpg,E:\Coding_Notes\Faunari\data\raw\inat_targeted\Bungarus_caeruleus\374574864.jpg,2026-06-21
inat_targeted,374001083,Bungarus caeruleus,venomous,cc-by,https://inaturalist-open-data.s3.amazonaws.com/photos/683553676/medium.jpg,E:\Coding_Notes\Faunari\data\raw\inat_targeted\Bungarus_caeruleus\374001083.jpg,2026-06-16
inat_targeted,373995288,Bungarus caeruleus,venomous,,https://static.inaturalist.org/photos/683541856/medium.jpg,E:\Coding_Notes\Faunari\data\raw\inat_targeted\Bungarus_caeruleus\373995288.jpg,2026-06-21
inat_targeted,373956816,Bungarus caeruleus,venomous,,https://static.inaturalist.org/photos/683468976/medium.jpg,E:\Coding_Notes\Faunari\data\raw\inat_targeted\Bungarus_caeruleus\373956816.jpg,2026-06-21
inat_targeted,345581481,Bungarus caeruleus,venomous,cc-by-nc,https://inaturalist-open-data.s3.amazonaws.com/photos/629816556/medium.jpg,E:\Coding_Notes\Faunari\data\raw\inat_targeted\Bungarus_caeruleus\345581481.jpg,2025-08-24
inat_targeted,345477118,Bungarus caeruleus,venomous,,https://static.inaturalist.org/photos/629612319/medium.jpg,E:\Coding_Notes\Faunari\data\raw\inat_targeted\Bungarus_caeruleus\345477118.jpg,2026-03-27
inat_targeted,341832805,Bungarus caeruleus,venomous,cc-by-nc,https://inaturalist-open-data.s3.amazonaws.com/photos/622376708/medium.jpg,E:\Coding_Notes\Faunari\data\raw\inat_targeted\Bungarus_caeruleus\341832805.jpg,2026-03-08
inat_targeted,340618606,Bungarus caeruleus,venomous,cc-by-nc,https://inaturalist-open-data.s3.amazonaws.com/photos/619888637/medium.jpg,E:\Coding_Notes\Faunari\data\raw\inat_targeted\Bungarus_caeruleus\340618606.jpg,2026-02-28
inat_targeted,338077720,Bungarus caeruleus,venomous,,https://static.inaturalist.org/photos/614732446/medium.jpg,E:\Coding_Notes\Faunari\data\raw\inat_targeted\Bungarus_caeruleus\338077720.jpg,2025-10-15
inat_targeted,337543340,Bungarus caeruleus,venomous,cc-by-nc,https://inaturalist-open-data.s3.amazonaws.com/photos/613634492/medium.jpg,E:\Coding_Notes\Faunari\data\raw\inat_targeted\Bungarus_caeruleus\337543340.jpg,2026-01-26
inat_targeted,336262183,Bungarus caeruleus,venomous,cc-by-nc,https://inaturalist-open-data.s3.amazonaws.com/photos/611022614/medium.jpg,E:\Coding_Notes\Faunari\data\raw\inat_targeted\Bungarus_caeruleus\336262183.jpg,2026-01-26
inat_targeted,334961514,Bungarus caeruleus,venomous,,https://static.inaturalist.org/photos/608406521/medium.jpg,E:\Coding_Notes\Faunari\data\raw\inat_targeted\Bungarus_caeruleus\334961514.jpg,2026-01-16
inat_targeted,334947040,Bungarus caeruleus,venomous,cc-by-nc,https://inaturalist-open-data.s3.amazonaws.com/photos/608378394/medium.jpg,E:\Coding_Notes\Faunari\data\raw\inat_targeted\Bungarus_caeruleus\334947040.jpg,2011-12-13
inat_targeted,334852098,Bungarus caeruleus,venomous,,https://static.inaturalist.org/photos/608179888/medium.jpg,E:\Coding_Notes\Faunari\data\raw\inat_targeted\Bungarus_caeruleus\334852098.jpg,2025-12-27
inat_targeted,334494346,Bungarus caeruleus,venomous,cc-by-nc,https://inaturalist-open-data.s3.amazonaws.com/photos/607455000/medium.jpg,E:\Coding_Notes\Faunari\data\raw\inat_targeted\Bungarus_caeruleus\334494346.jpg,2022-12-23
inat_targeted,334468167,Bungarus caeruleus,venomous,cc-by-nc,https://inaturalist-open-data.s3.amazonaws.com/photos/607390147/medium.jpg,E:\Coding_Notes\Faunari\data\raw\inat_targeted\Bungarus_caeruleus\334468167.jpg,2004-11-28
inat_targeted,334366290,Bungarus caeruleus,venomous,cc-by-nc,https://inaturalist-open-data.s3.amazonaws.com/photos/607193617/medium.jpg,E:\Coding_Notes\Faunari\data\raw\inat_targeted\Bungarus_caeruleus\334366290.jpg,2025-09-04
inat_targeted,334220149,Bungarus caeruleus,venomous,,https://static.inaturalist.org/photos/606892515/medium.jpg,E:\Coding_Notes\Faunari\data\raw\inat_targeted\Bungarus_caeruleus\334220149.jpg,2026-01-07
inat_targeted,333812001,Bungarus caeruleus,venomous,,https://static.inaturalist.org/photos/606063008/medium.jpg,E:\Coding_Notes\Faunari\data\raw\inat_targeted\Bungarus_caeruleus\333812001.jpg,2025-12-07
inat_targeted,333012249,Bungarus caeruleus,venomous,cc-by-nc,https://inaturalist-open-data.s3.amazonaws.com/photos/604490815/medium.jpg,E:\Coding_Notes\Faunari\data\raw\inat_targeted\Bungarus_caeruleus\333012249.jpg,2025-09-08
inat_targeted,332862736,Bungarus caeruleus,venomous,cc-by-nc,https://inaturalist-open-data.s3.amazonaws.com/photos/604179375/medium.jpg,E:\Coding_Notes\Faunari\data\raw\inat_targeted\Bungarus_caeruleus\332862736.jpg,2025-12-31
inat_targeted,332457437,Bungarus caeruleus,venomous,cc-by-nc,https://inaturalist-open-data.s3.amazonaws.com/photos/603350362/medium.jpg,E:\Coding_Notes\Faunari\data\raw\inat_targeted\Bungarus_caeruleus\332457437.jpg,2025-12-07
inat_targeted,332436795,Bungarus caeruleus,venomous,cc-by-nc,https://inaturalist-open-data.s3.amazonaws.com/photos/603308110/medium.jpg,E:\Coding_Notes\Faunari\data\raw\inat_targeted\Bungarus_caeruleus\332436795.jpg,2025-12-28
inat_targeted,332359914,Bungarus caeruleus,venomous,cc-by-nc,https://inaturalist-open-data.s3.amazonaws.com/photos/603150891/medium.jpg,E:\Coding_Notes\Faunari\data\raw\inat_targeted\Bungarus_caeruleus\332359914.jpg,2025-12-26
inat_targeted,332139526,Bungarus caeruleus,venomous,cc-by-nc,https://inaturalist-open-data.s3.amazonaws.com/photos/602698244/medium.jpg,E:\Coding_Notes\Faunari\data\raw\inat_targeted\Bungarus_caeruleus\332139526.jpg,2025-08-30
inat_targeted,331786367,Bungarus caeruleus,venomous,cc-by,https://inaturalist-open-data.s3.amazonaws.com/photos/601971467/medium.jpg,E:\Coding_Notes\Faunari\data\raw\inat_targeted\Bungarus_caeruleus\331786367.jpg,2025-12-08
inat_targeted,330470347,Bungarus caeruleus,venomous,,https://static.inaturalist.org/photos/599257643/medium.jpg,E:\Coding_Notes\Faunari\data\raw\inat_targeted\Bungarus_caeruleus\330470347.jpg,2025-10-09
inat_targeted,330406957,Bungarus caeruleus,venomous,cc-by,https://inaturalist-open-data.s3.amazonaws.com/photos/599141124/medium.jpg,E:\Coding_Notes\Faunari\data\raw\inat_targeted\Bungarus_caeruleus\330406957.jpg,2025-12-12
inat_targeted,330247109,Bungarus caeruleus,venomous,cc-by-nc,https://inaturalist-open-data.s3.amazonaws.com/photos/598805500/medium.jpg,E:\Coding_Notes\Faunari\data\raw\inat_targeted\Bungarus_caeruleus\330247109.jpg,2025-11-08
inat_targeted,329935584,Bungarus caeruleus,venomous,cc-by,https://inaturalist-open-data.s3.amazonaws.com/photos/598173249/medium.jpg,E:\Coding_Notes\Faunari\data\raw\inat_targeted\Bungarus_caeruleus\329935584.jpg,2025-12-02
inat_targeted,329774232,Bungarus caeruleus,venomous,cc-by-nc,https://inaturalist-open-data.s3.amazonaws.com/photos/597842124/medium.jpg,E:\Coding_Notes\Faunari\data\raw\inat_targeted\Bungarus_caeruleus\329774232.jpg,2025-10-23
inat_targeted,329180787,Bungarus caeruleus,venomous,cc-by,https://inaturalist-open-data.s3.amazonaws.com/photos/596645519/medium.jpg,E:\Coding_Notes\Faunari\data\raw\inat_targeted\Bungarus_caeruleus\329180787.jpg,2025-08-04
inat_targeted,328641066,Bungarus caeruleus,venomous,,https://static.inaturalist.org/photos/595562712/medium.jpg,E:\Coding_Notes\Faunari\data\raw\inat_targeted\Bungarus_caeruleus\328641066.jpg,2025-06-17
inat_targeted,328615528,Bungarus caeruleus,venomous,,https://static.inaturalist.org/photos/595513494/medium.jpg,E:\Coding_Notes\Faunari\data\raw\inat_targeted\Bungarus_caeruleus\328615528.jpg,2025-11-14
inat_targeted,328466631,Bungarus caeruleus,venomous,,https://static.inaturalist.org/photos/595211611/medium.jpg,E:\Coding_Notes\Faunari\data\raw\inat_targeted\Bungarus_caeruleus\328466631.jpg,2025-10-20
inat_targeted,327481879,Bungarus caeruleus,venomous,cc-by-nc,https://inaturalist-open-data.s3.amazonaws.com/photos/593301929/medium.jpg,E:\Coding_Notes\Faunari\data\raw\inat_targeted\Bungarus_caeruleus\327481879.jpg,2025-11-18
inat_targeted,326643933,Bungarus caeruleus,venomous,,https://static.inaturalist.org/photos/591627294/medium.jpg,E:\Coding_Notes\Faunari\data\raw\inat_targeted\Bungarus_caeruleus\326643933.jpg,2025-11-15
inat_targeted,326617034,Bungarus caeruleus,venomous,cc-by-nc,https://inaturalist-open-data.s3.amazonaws.com/photos/591576368/medium.jpg,E:\Coding_Notes\Faunari\data\raw\inat_targeted\Bungarus_caeruleus\326617034.jpg,2025-11-14
inat_targeted,326498644,Bungarus caeruleus,venomous,cc-by-nc,https://inaturalist-open-data.s3.amazonaws.com/photos/591336879/medium.jpg,E:\Coding_Notes\Faunari\data\raw\inat_targeted\Bungarus_caeruleus\326498644.jpg,2025-11-14
inat_targeted,326177362,Bungarus caeruleus,venomous,cc-by-nc,https://inaturalist-open-data.s3.amazonaws.com/photos/590702742/medium.jpg,E:\Coding_Notes\Faunari\data\raw\inat_targeted\Bungarus_caeruleus\326177362.jpg,2025-11-12
inat_targeted,326072397,Bungarus caeruleus,venomous,cc-by-nc,https://inaturalist-open-data.s3.amazonaws.com/photos/590486711/medium.jpg,E:\Coding_Notes\Faunari\data\raw\inat_targeted\Bungarus_caeruleus\326072397.jpg,2025-11-12
inat_targeted,325447240,Bungarus caeruleus,venomous,,https://static.inaturalist.org/photos/589243641/medium.jpg,E:\Coding_Notes\Faunari\data\raw\inat_targeted\Bungarus_caeruleus\325447240.jpg,2024-07-06
inat_targeted,325004850,Bungarus caeruleus,venomous,cc-by-nc,https://inaturalist-open-data.s3.amazonaws.com/photos/588364718/medium.jpg,E:\Coding_Notes\Faunari\data\raw\inat_targeted\Bungarus_caeruleus\325004850.jpg,2025-09-08
inat_targeted,324724443,Bungarus caeruleus,venomous,,https://static.inaturalist.org/photos/587799437/medium.jpg,E:\Coding_Notes\Faunari\data\raw\inat_targeted\Bungarus_caeruleus\324724443.jpg,2025-11-03
inat_targeted,324460099,Bungarus caeruleus,venomous,,https://static.inaturalist.org/photos/587265952/medium.jpg,E:\Coding_Notes\Faunari\data\raw\inat_targeted\Bungarus_caeruleus\324460099.jpg,2025-10-28
inat_targeted,324286333,Bungarus caeruleus,venomous,cc-by-nc,https://inaturalist-open-data.s3.amazonaws.com/photos/586915150/medium.jpg,E:\Coding_Notes\Faunari\data\raw\inat_targeted\Bungarus_caeruleus\324286333.jpg,2025-10-29
inat_targeted,324131580,Bungarus caeruleus,venomous,cc-by-nc-nd,https://inaturalist-open-data.s3.amazonaws.com/photos/586613641/medium.jpg,E:\Coding_Notes\Faunari\data\raw\inat_targeted\Bungarus_caeruleus\324131580.jpg,2025-10-30
inat_targeted,323957478,Bungarus caeruleus,venomous,cc-by,https://inaturalist-open-data.s3.amazonaws.com/photos/586262833/medium.jpg,E:\Coding_Notes\Faunari\data\raw\inat_targeted\Bungarus_caeruleus\323957478.jpg,2025-10-29
inat_targeted,323939037,Bungarus caeruleus,venomous,cc-by-nc,https://inaturalist-open-data.s3.amazonaws.com/photos/586227450/medium.jpg,E:\Coding_Notes\Faunari\data\raw\inat_targeted\Bungarus_caeruleus\323939037.jpg,2025-10-27
inat_targeted,322853822,Bungarus caeruleus,venomous,cc-by-nc,https://inaturalist-open-data.s3.amazonaws.com/photos/584118967/medium.jpg,E:\Coding_Notes\Faunari\data\raw\inat_targeted\Bungarus_caeruleus\322853822.jpg,2025-06-21
inat_targeted,322849941,Bungarus caeruleus,venomous,cc-by-nc,https://inaturalist-open-data.s3.amazonaws.com/photos/584110797/medium.jpg,E:\Coding_Notes\Faunari\data\raw\inat_targeted\Bungarus_caeruleus\322849941.jpg,2024-05-31
inat_targeted,322849854,Bungarus caeruleus,venomous,cc-by-nc,https://inaturalist-open-data.s3.amazonaws.com/photos/584110597/medium.jpg,E:\Coding_Notes\Faunari\data\raw\inat_targeted\Bungarus_caeruleus\322849854.jpg,2025-10-21
inat_targeted,322706900,Bungarus caeruleus,venomous,cc-by-nc,https://inaturalist-open-data.s3.amazonaws.com/photos/583835174/medium.jpg,E:\Coding_Notes\Faunari\data\raw\inat_targeted\Bungarus_caeruleus\322706900.jpg,2025-10-24
inat_targeted,322580922,Bungarus caeruleus,venomous,,https://static.inaturalist.org/photos/583586270/medium.jpg,E:\Coding_Notes\Faunari\data\raw\inat_targeted\Bungarus_caeruleus\322580922.jpg,2025-10-23
inat_targeted,322554921,Bungarus caeruleus,venomous,cc-by-nc-sa,https://inaturalist-open-data.s3.amazonaws.com/photos/583534035/medium.jpg,E:\Coding_Notes\Faunari\data\raw\inat_targeted\Bungarus_caeruleus\322554921.jpg,2025-10-21
inat_targeted,322543492,Bungarus caeruleus,venomous,cc-by-nc,https://inaturalist-open-data.s3.amazonaws.com/photos/583511538/medium.jpg,E:\Coding_Notes\Faunari\data\raw\inat_targeted\Bungarus_caeruleus\322543492.jpg,2025-10-23
inat_targeted,322427767,Bungarus caeruleus,venomous,cc-by-nc,https://inaturalist-open-data.s3.amazonaws.com/photos/583281165/medium.jpg,E:\Coding_Notes\Faunari\data\raw\inat_targeted\Bungarus_caeruleus\322427767.jpg,2024-09-10
inat_targeted,322408700,Bungarus caeruleus,venomous,,https://static.inaturalist.org/photos/583242077/medium.jpg,E:\Coding_Notes\Faunari\data\raw\inat_targeted\Bungarus_caeruleus\322408700.jpg,2025-10-22
inat_targeted,322402627,Bungarus caeruleus,venomous,,https://static.inaturalist.org/photos/583230221/medium.jpg,E:\Coding_Notes\Faunari\data\raw\inat_targeted\Bungarus_caeruleus\322402627.jpg,2025-09-21
inat_targeted,322252753,Bungarus caeruleus,venomous,cc-by-nc,https://inaturalist-open-data.s3.amazonaws.com/photos/582928741/medium.jpg,E:\Coding_Notes\Faunari\data\raw\inat_targeted\Bungarus_caeruleus\322252753.jpg,2025-10-21
inat_targeted,322152091,Bungarus caeruleus,venomous,cc-by-nc,https://inaturalist-open-data.s3.amazonaws.com/photos/582725959/medium.jpg,E:\Coding_Notes\Faunari\data\raw\inat_targeted\Bungarus_caeruleus\322152091.jpg,2025-10-21
inat_targeted,321837797,Bungarus caeruleus,venomous,cc-by-nc,https://inaturalist-open-data.s3.amazonaws.com/photos/582100634/medium.jpg,E:\Coding_Notes\Faunari\data\raw\inat_targeted\Bungarus_caeruleus\321837797.jpg,2025-10-19
inat_targeted,321812604,Bungarus caeruleus,venomous,cc-by-nc,https://inaturalist-open-data.s3.amazonaws.com/photos/582049763/medium.jpg,E:\Coding_Notes\Faunari\data\raw\inat_targeted\Bungarus_caeruleus\321812604.jpg,2025-10-19
inat_targeted,321669328,Bungarus caeruleus,venomous,,https://static.inaturalist.org/photos/581768740/medium.jpg,E:\Coding_Notes\Faunari\data\raw\inat_targeted\Bungarus_caeruleus\321669328.jpg,2025-10-17
inat_targeted,321669225,Bungarus caeruleus,venomous,,https://static.inaturalist.org/photos/581768501/medium.jpg,E:\Coding_Notes\Faunari\data\raw\inat_targeted\Bungarus_caeruleus\321669225.jpg,2025-10-17
inat_targeted,321459768,Bungarus caeruleus,venomous,cc-by-nc,https://inaturalist-open-data.s3.amazonaws.com/photos/581369476/medium.jpg,E:\Coding_Notes\Faunari\data\raw\inat_targeted\Bungarus_caeruleus\321459768.jpg,2025-10-16
inat_targeted,321063877,Bungarus caeruleus,venomous,,https://static.inaturalist.org/photos/580593255/medium.jpg,E:\Coding_Notes\Faunari\data\raw\inat_targeted\Bungarus_caeruleus\321063877.jpg,2025-06-12
inat_targeted,320894603,Bungarus caeruleus,venomous,cc-by-nc,https://inaturalist-open-data.s3.amazonaws.com/photos/580260911/medium.jpg,E:\Coding_Notes\Faunari\data\raw\inat_targeted\Bungarus_caeruleus\320894603.jpg,2024-11-19
inat_targeted,320890095,Bungarus caeruleus,venomous,cc-by-nc,https://inaturalist-open-data.s3.amazonaws.com/photos/580251387/medium.jpg,E:\Coding_Notes\Faunari\data\raw\inat_targeted\Bungarus_caeruleus\320890095.jpg,2025-06-06
inat_targeted,320833701,Bungarus caeruleus,venomous,,https://static.inaturalist.org/photos/580141220/medium.jpg,E:\Coding_Notes\Faunari\data\raw\inat_targeted\Bungarus_caeruleus\320833701.jpg,2025-10-10
inat_targeted,320655740,Bungarus caeruleus,venomous,cc-by-nc,https://inaturalist-open-data.s3.amazonaws.com/photos/579788833/medium.jpg,E:\Coding_Notes\Faunari\data\raw\inat_targeted\Bungarus_caeruleus\320655740.jpg,2025-10-13
inat_targeted,320655676,Bungarus caeruleus,venomous,cc-by-nc,https://inaturalist-open-data.s3.amazonaws.com/photos/579788657/medium.jpg,E:\Coding_Notes\Faunari\data\raw\inat_targeted\Bungarus_caeruleus\320655676.jpg,2025-10-13
inat_targeted,320332728,Bungarus caeruleus,venomous,cc-by-nc,https://inaturalist-open-data.s3.amazonaws.com/photos/579158146/medium.jpg,E:\Coding_Notes\Faunari\data\raw\inat_targeted\Bungarus_caeruleus\320332728.jpg,2025-10-12
inat_targeted,320251539,Bungarus caeruleus,venomous,cc-by-nc,https://inaturalist-open-data.s3.amazonaws.com/photos/578994865/medium.jpg,E:\Coding_Notes\Faunari\data\raw\inat_targeted\Bungarus_caeruleus\320251539.jpg,2025-10-12
inat_targeted,320249574,Bungarus caeruleus,venomous,cc-by-nc,https://inaturalist-open-data.s3.amazonaws.com/photos/578990687/medium.jpg,E:\Coding_Notes\Faunari\data\raw\inat_targeted\Bungarus_caeruleus\320249574.jpg,2025-05-20
inat_targeted,319791165,Bungarus caeruleus,venomous,,https://static.inaturalist.org/photos/578110155/medium.jpg,E:\Coding_Notes\Faunari\data\raw\inat_targeted\Bungarus_caeruleus\319791165.jpg,2025-10-08
inat_targeted,319578286,Bungarus caeruleus,venomous,cc-by-nc,https://inaturalist-open-data.s3.amazonaws.com/photos/577708290/medium.jpg,E:\Coding_Notes\Faunari\data\raw\inat_targeted\Bungarus_caeruleus\319578286.jpg,2025-10-07
inat_targeted,318822568,Bungarus caeruleus,venomous,,https://static.inaturalist.org/photos/576256667/medium.jpg,E:\Coding_Notes\Faunari\data\raw\inat_targeted\Bungarus_caeruleus\318822568.jpg,2025-08-11
inat_targeted,318335258,Bungarus caeruleus,venomous,cc-by-nc-sa,https://inaturalist-open-data.s3.amazonaws.com/photos/575324325/medium.jpg,E:\Coding_Notes\Faunari\data\raw\inat_targeted\Bungarus_caeruleus\318335258.jpg,2025-10-02
inat_targeted,318069721,Bungarus caeruleus,venomous,cc-by-nc,https://inaturalist-open-data.s3.amazonaws.com/photos/574812558/medium.jpg,E:\Coding_Notes\Faunari\data\raw\inat_targeted\Bungarus_caeruleus\318069721.jpg,2025-08-11
inat_targeted,317979644,Bungarus caeruleus,venomous,cc-by-nc,https://inaturalist-open-data.s3.amazonaws.com/photos/574644641/medium.jpg,E:\Coding_Notes\Faunari\data\raw\inat_targeted\Bungarus_caeruleus\317979644.jpg,2025-09-30
inat_targeted,317959315,Bungarus caeruleus,venomous,,https://static.inaturalist.org/photos/574605046/medium.jpg,E:\Coding_Notes\Faunari\data\raw\inat_targeted\Bungarus_caeruleus\317959315.jpg,2025-09-29
inat_targeted,316648877,Bungarus caeruleus,venomous,cc-by-nc,https://inaturalist-open-data.s3.amazonaws.com/photos/572126618/medium.jpg,E:\Coding_Notes\Faunari\data\raw\inat_targeted\Bungarus_caeruleus\316648877.jpg,2025-08-11
inat_targeted,316054471,Bungarus caeruleus,venomous,cc-by,https://inaturalist-open-data.s3.amazonaws.com/photos/570999657/medium.jpg,E:\Coding_Notes\Faunari\data\raw\inat_targeted\Bungarus_caeruleus\316054471.jpg,2025-09-23
inat_targeted,316053007,Bungarus caeruleus,venomous,cc-by,https://inaturalist-open-data.s3.amazonaws.com/photos/570996988/medium.jpg,E:\Coding_Notes\Faunari\data\raw\inat_targeted\Bungarus_caeruleus\316053007.jpg,2025-09-23
inat_targeted,315557117,Bungarus caeruleus,venomous,,https://static.inaturalist.org/photos/570055983/medium.jpg,E:\Coding_Notes\Faunari\data\raw\inat_targeted\Bungarus_caeruleus\315557117.jpg,2025-09-21
inat_targeted,315456713,Bungarus caeruleus,venomous,,https://static.inaturalist.org/photos/569867571/medium.jpg,E:\Coding_Notes\Faunari\data\raw\inat_targeted\Bungarus_caeruleus\315456713.jpg,2025-09-21
inat_targeted,315288261,Bungarus caeruleus,venomous,cc-by-nc,https://inaturalist-open-data.s3.amazonaws.com/photos/569551442/medium.jpg,E:\Coding_Notes\Faunari\data\raw\inat_targeted\Bungarus_caeruleus\315288261.jpg,2025-09-20
inat_targeted,315007091,Bungarus caeruleus,venomous,,https://static.inaturalist.org/photos/569011256/medium.jpg,E:\Coding_Notes\Faunari\data\raw\inat_targeted\Bungarus_caeruleus\315007091.jpg,2025-09-19
inat_targeted,314942207,Bungarus caeruleus,venomous,cc-by-nc,https://inaturalist-open-data.s3.amazonaws.com/photos/568888480/medium.jpg,E:\Coding_Notes\Faunari\data\raw\inat_targeted\Bungarus_caeruleus\314942207.jpg,2025-09-14
inat_targeted,314772664,Bungarus caeruleus,venomous,,https://static.inaturalist.org/photos/568561202/medium.jpg,E:\Coding_Notes\Faunari\data\raw\inat_targeted\Bungarus_caeruleus\314772664.jpg,2025-08-20
inat_targeted,314760329,Bungarus caeruleus,venomous,cc-by-nc,https://inaturalist-open-data.s3.amazonaws.com/photos/568536994/medium.jpg,E:\Coding_Notes\Faunari\data\raw\inat_targeted\Bungarus_caeruleus\314760329.jpg,2025-09-18
inat_targeted,314620356,Bungarus caeruleus,venomous,cc-by-nc,https://inaturalist-open-data.s3.amazonaws.com/photos/568264065/medium.jpg,E:\Coding_Notes\Faunari\data\raw\inat_targeted\Bungarus_caeruleus\314620356.jpg,2025-09-17
inat_targeted,313772967,Bungarus caeruleus,venomous,cc-by-nc,https://inaturalist-open-data.s3.amazonaws.com/photos/566664936/medium.jpg,E:\Coding_Notes\Faunari\data\raw\inat_targeted\Bungarus_caeruleus\313772967.jpg,2025-09-14
inat_targeted,313757841,Bungarus caeruleus,venomous,,https://static.inaturalist.org/photos/566634807/medium.jpg,E:\Coding_Notes\Faunari\data\raw\inat_targeted\Bungarus_caeruleus\313757841.jpg,2025-09-13
inat_targeted,313494951,Bungarus caeruleus,venomous,cc-by-nc,https://inaturalist-open-data.s3.amazonaws.com/photos/566289564/medium.jpg,E:\Coding_Notes\Faunari\data\raw\inat_targeted\Bungarus_caeruleus\313494951.jpg,2025-09-13
inat_targeted,312690619,Bungarus caeruleus,venomous,cc-by,https://inaturalist-open-data.s3.amazonaws.com/photos/564595073/medium.jpg,E:\Coding_Notes\Faunari\data\raw\inat_targeted\Bungarus_caeruleus\312690619.jpg,2025-09-09
inat_targeted,312474705,Bungarus caeruleus,venomous,,https://static.inaturalist.org/photos/564175061/medium.jpg,E:\Coding_Notes\Faunari\data\raw\inat_targeted\Bungarus_caeruleus\312474705.jpg,2024-08-18
inat_targeted,312389208,Bungarus caeruleus,venomous,cc-by-nc,https://inaturalist-open-data.s3.amazonaws.com/photos/564576723/medium.jpg,E:\Coding_Notes\Faunari\data\raw\inat_targeted\Bungarus_caeruleus\312389208.jpg,2025-09-08
inat_targeted,312142922,Bungarus caeruleus,venomous,cc-by-nc,https://inaturalist-open-data.s3.amazonaws.com/photos/563536930/medium.jpg,E:\Coding_Notes\Faunari\data\raw\inat_targeted\Bungarus_caeruleus\312142922.jpg,2025-09-06
inat_targeted,311532857,Bungarus caeruleus,venomous,cc-by-nc,https://inaturalist-open-data.s3.amazonaws.com/photos/562380820/medium.jpg,E:\Coding_Notes\Faunari\data\raw\inat_targeted\Bungarus_caeruleus\311532857.jpg,2025-09-04
inat_targeted,310670097,Bungarus caeruleus,venomous,cc-by-nc,https://inaturalist-open-data.s3.amazonaws.com/photos/560727958/medium.jpg,E:\Coding_Notes\Faunari\data\raw\inat_targeted\Bungarus_caeruleus\310670097.jpg,2025-08-31
inat_targeted,310463114,Bungarus caeruleus,venomous,cc-by-nc,https://inaturalist-open-data.s3.amazonaws.com/photos/560331210/medium.jpg,E:\Coding_Notes\Faunari\data\raw\inat_targeted\Bungarus_caeruleus\310463114.jpg,2025-08-31
inat_targeted,309628610,Bungarus caeruleus,venomous,cc-by-nc,https://inaturalist-open-data.s3.amazonaws.com/photos/558750075/medium.jpg,E:\Coding_Notes\Faunari\data\raw\inat_targeted\Bungarus_caeruleus\309628610.jpg,2022-12-13
inat_targeted,309617968,Bungarus caeruleus,venomous,cc-by-nc,https://inaturalist-open-data.s3.amazonaws.com/photos/558727931/medium.jpg,E:\Coding_Notes\Faunari\data\raw\inat_targeted\Bungarus_caeruleus\309617968.jpg,2025-08-28
inat_targeted,309325760,Bungarus caeruleus,venomous,cc-by-nc,https://inaturalist-open-data.s3.amazonaws.com/photos/558169264/medium.jpg,E:\Coding_Notes\Faunari\data\raw\inat_targeted\Bungarus_caeruleus\309325760.jpg,2025-08-26
inat_targeted,309286612,Bungarus caeruleus,venomous,cc-by-nc,https://inaturalist-open-data.s3.amazonaws.com/photos/558093227/medium.jpg,E:\Coding_Notes\Faunari\data\raw\inat_targeted\Bungarus_caeruleus\309286612.jpg,2025-08-26
inat_targeted,308999057,Bungarus caeruleus,venomous,cc-by,https://inaturalist-open-data.s3.amazonaws.com/photos/557544335/medium.jpg,E:\Coding_Notes\Faunari\data\raw\inat_targeted\Bungarus_caeruleus\308999057.jpg,2025-08-25
inat_targeted,308216311,Bungarus caeruleus,venomous,cc-by-nc,https://inaturalist-open-data.s3.amazonaws.com/photos/556032946/medium.jpg,E:\Coding_Notes\Faunari\data\raw\inat_targeted\Bungarus_caeruleus\308216311.jpg,2022-07-23
inat_targeted,308120244,Bungarus caeruleus,venomous,,https://static.inaturalist.org/photos/555858900/medium.jpg,E:\Coding_Notes\Faunari\data\raw\inat_targeted\Bungarus_caeruleus\308120244.jpg,2025-08-19
inat_targeted,307782228,Bungarus caeruleus,venomous,,https://static.inaturalist.org/photos/555198529/medium.jpg,E:\Coding_Notes\Faunari\data\raw\inat_targeted\Bungarus_caeruleus\307782228.jpg,2025-08-20
inat_targeted,307662859,Bungarus caeruleus,venomous,cc-by-nc,https://inaturalist-open-data.s3.amazonaws.com/photos/554971429/medium.jpg,E:\Coding_Notes\Faunari\data\raw\inat_targeted\Bungarus_caeruleus\307662859.jpg,2025-08-02
inat_targeted,307448440,Bungarus caeruleus,venomous,cc-by-nc,https://inaturalist-open-data.s3.amazonaws.com/photos/554559651/medium.jpg,E:\Coding_Notes\Faunari\data\raw\inat_targeted\Bungarus_caeruleus\307448440.jpg,2022-02-16
inat_targeted,307014863,Bungarus caeruleus,venomous,cc-by-nc,https://inaturalist-open-data.s3.amazonaws.com/photos/553715953/medium.jpg,E:\Coding_Notes\Faunari\data\raw\inat_targeted\Bungarus_caeruleus\307014863.jpg,2025-08-17
inat_targeted,306485046,Bungarus caeruleus,venomous,cc-by-nc,https://inaturalist-open-data.s3.amazonaws.com/photos/552714010/medium.jpg,E:\Coding_Notes\Faunari\data\raw\inat_targeted\Bungarus_caeruleus\306485046.jpg,2025-08-15
inat_targeted,306023820,Bungarus caeruleus,venomous,cc-by-nc,https://inaturalist-open-data.s3.amazonaws.com/photos/551827814/medium.jpg,E:\Coding_Notes\Faunari\data\raw\inat_targeted\Bungarus_caeruleus\306023820.jpg,2025-08-13
inat_targeted,305714344,Bungarus caeruleus,venomous,cc-by-nc,https://inaturalist-open-data.s3.amazonaws.com/photos/551243502/medium.jpg,E:\Coding_Notes\Faunari\data\raw\inat_targeted\Bungarus_caeruleus\305714344.jpg,2023-07-02
inat_targeted,305713990,Bungarus caeruleus,venomous,cc-by-nc,https://inaturalist-open-data.s3.amazonaws.com/photos/551242790/medium.jpg,E:\Coding_Notes\Faunari\data\raw\inat_targeted\Bungarus_caeruleus\305713990.jpg,2025-05-30
inat_targeted,305533381,Bungarus caeruleus,venomous,cc-by-nc,https://inaturalist-open-data.s3.amazonaws.com/photos/550894176/medium.jpg,E:\Coding_Notes\Faunari\data\raw\inat_targeted\Bungarus_caeruleus\305533381.jpg,2014-08-11
inat_targeted,305529964,Bungarus caeruleus,venomous,cc-by-nc,https://inaturalist-open-data.s3.amazonaws.com/photos/550888200/medium.jpg,E:\Coding_Notes\Faunari\data\raw\inat_targeted\Bungarus_caeruleus\305529964.jpg,2025-08-11
inat_targeted,305493396,Bungarus caeruleus,venomous,,https://static.inaturalist.org/photos/550817265/medium.jpg,E:\Coding_Notes\Faunari\data\raw\inat_targeted\Bungarus_caeruleus\305493396.jpg,2025-08-09
inat_targeted,305257197,Bungarus caeruleus,venomous,,https://static.inaturalist.org/photos/550369801/medium.jpg,E:\Coding_Notes\Faunari\data\raw\inat_targeted\Bungarus_caeruleus\305257197.jpg,2025-08-02
inat_targeted,305218139,Bungarus caeruleus,venomous,,https://static.inaturalist.org/photos/550297987/medium.jpg,E:\Coding_Notes\Faunari\data\raw\inat_targeted\Bungarus_caeruleus\305218139.jpg,2025-08-09
inat_targeted,305217752,Bungarus caeruleus,venomous,,https://static.inaturalist.org/photos/550297224/medium.jpg,E:\Coding_Notes\Faunari\data\raw\inat_targeted\Bungarus_caeruleus\305217752.jpg,2025-07-25
inat_targeted,304020591,Bungarus caeruleus,venomous,cc-by-nc,https://inaturalist-open-data.s3.amazonaws.com/photos/548024447/medium.jpg,E:\Coding_Notes\Faunari\data\raw\inat_targeted\Bungarus_caeruleus\304020591.jpg,2025-08-05
inat_targeted,302395814,Bungarus caeruleus,venomous,cc-by-nc,https://inaturalist-open-data.s3.amazonaws.com/photos/544978053/medium.jpg,E:\Coding_Notes\Faunari\data\raw\inat_targeted\Bungarus_caeruleus\302395814.jpg,2025-07-02
inat_targeted,301778516,Bungarus caeruleus,venomous,cc-by-nc,https://inaturalist-open-data.s3.amazonaws.com/photos/543828382/medium.jpg,E:\Coding_Notes\Faunari\data\raw\inat_targeted\Bungarus_caeruleus\301778516.jpg,2025-07-11
inat_targeted,301193107,Bungarus caeruleus,venomous,,https://static.inaturalist.org/photos/542732847/medium.jpg,E:\Coding_Notes\Faunari\data\raw\inat_targeted\Bungarus_caeruleus\301193107.jpg,2025-07-11
inat_targeted,301098607,Bungarus caeruleus,venomous,cc-by-nc,https://inaturalist-open-data.s3.amazonaws.com/photos/542556191/medium.jpg,E:\Coding_Notes\Faunari\data\raw\inat_targeted\Bungarus_caeruleus\301098607.jpg,2025-07-25
inat_targeted,300770014,Bungarus caeruleus,venomous,cc-by-nc,https://inaturalist-open-data.s3.amazonaws.com/photos/541943023/medium.jpg,E:\Coding_Notes\Faunari\data\raw\inat_targeted\Bungarus_caeruleus\300770014.jpg,2025-07-21
inat_targeted,300712529,Bungarus caeruleus,venomous,cc-by-nc,https://inaturalist-open-data.s3.amazonaws.com/photos/541837079/medium.jpg,E:\Coding_Notes\Faunari\data\raw\inat_targeted\Bungarus_caeruleus\300712529.jpg,2019-07-01
inat_targeted,300553661,Bungarus caeruleus,venomous,,https://static.inaturalist.org/photos/541547824/medium.jpg,E:\Coding_Notes\Faunari\data\raw\inat_targeted\Bungarus_caeruleus\300553661.jpg,2025-07-24
inat_targeted,299468544,Bungarus caeruleus,venomous,,https://static.inaturalist.org/photos/539518094/medium.jpg,E:\Coding_Notes\Faunari\data\raw\inat_targeted\Bungarus_caeruleus\299468544.jpg,2025-05-16
inat_targeted,299101462,Bungarus caeruleus,venomous,,https://static.inaturalist.org/photos/538841585/medium.jpg,E:\Coding_Notes\Faunari\data\raw\inat_targeted\Bungarus_caeruleus\299101462.jpg,2025-07-19
inat_targeted,298634924,Bungarus caeruleus,venomous,,https://static.inaturalist.org/photos/537948287/medium.jpg,E:\Coding_Notes\Faunari\data\raw\inat_targeted\Bungarus_caeruleus\298634924.jpg,2025-07-17
inat_targeted,298634904,Bungarus caeruleus,venomous,,https://static.inaturalist.org/photos/537948224/medium.jpg,E:\Coding_Notes\Faunari\data\raw\inat_targeted\Bungarus_caeruleus\298634904.jpg,2025-07-17
inat_targeted,298633192,Bungarus caeruleus,venomous,,https://static.inaturalist.org/photos/537944973/medium.jpg,E:\Coding_Notes\Faunari\data\raw\inat_targeted\Bungarus_caeruleus\298633192.jpg,2025-07-17
inat_targeted,298455583,Bungarus caeruleus,venomous,cc-by-nc,https://inaturalist-open-data.s3.amazonaws.com/photos/537598857/medium.jpg,E:\Coding_Notes\Faunari\data\raw\inat_targeted\Bungarus_caeruleus\298455583.jpg,2025-07-16
inat_targeted,298340711,Bungarus caeruleus,venomous,,https://static.inaturalist.org/photos/537382987/medium.jpg,E:\Coding_Notes\Faunari\data\raw\inat_targeted\Bungarus_caeruleus\298340711.jpg,2025-07-16
inat_targeted,298329416,Bungarus caeruleus,venomous,,https://static.inaturalist.org/photos/537361387/medium.jpg,E:\Coding_Notes\Faunari\data\raw\inat_targeted\Bungarus_caeruleus\298329416.jpg,2025-07-16
inat_targeted,298201739,Bungarus caeruleus,venomous,cc-by-nc,https://inaturalist-open-data.s3.amazonaws.com/photos/537107494/medium.jpg,E:\Coding_Notes\Faunari\data\raw\inat_targeted\Bungarus_caeruleus\298201739.jpg,2025-07-11
inat_targeted,298155072,Bungarus caeruleus,venomous,cc0,https://inaturalist-open-data.s3.amazonaws.com/photos/537027510/medium.jpg,E:\Coding_Notes\Faunari\data\raw\inat_targeted\Bungarus_caeruleus\298155072.jpg,2025-07-15
inat_targeted,297975990,Bungarus caeruleus,venomous,cc-by-nc,https://inaturalist-open-data.s3.amazonaws.com/photos/536685441/medium.jpg,E:\Coding_Notes\Faunari\data\raw\inat_targeted\Bungarus_caeruleus\297975990.jpg,2024-10-21
inat_targeted,297575035,Bungarus caeruleus,venomous,cc-by-nc,https://inaturalist-open-data.s3.amazonaws.com/photos/535928168/medium.jpg,E:\Coding_Notes\Faunari\data\raw\inat_targeted\Bungarus_caeruleus\297575035.jpg,2019-08-30
inat_targeted,297334045,Bungarus caeruleus,venomous,cc-by,https://inaturalist-open-data.s3.amazonaws.com/photos/535473804/medium.jpg,E:\Coding_Notes\Faunari\data\raw\inat_targeted\Bungarus_caeruleus\297334045.jpg,2025-07-12
inat_targeted,296307490,Bungarus caeruleus,venomous,cc-by,https://inaturalist-open-data.s3.amazonaws.com/photos/533521067/medium.jpg,E:\Coding_Notes\Faunari\data\raw\inat_targeted\Bungarus_caeruleus\296307490.jpg,2025-07-08
inat_targeted,296307250,Bungarus caeruleus,venomous,cc-by,https://inaturalist-open-data.s3.amazonaws.com/photos/533520664/medium.jpg,E:\Coding_Notes\Faunari\data\raw\inat_targeted\Bungarus_caeruleus\296307250.jpg,2025-07-08
inat_targeted,295911876,Bungarus caeruleus,venomous,cc-by-nc,https://inaturalist-open-data.s3.amazonaws.com/photos/532763202/medium.jpg,E:\Coding_Notes\Faunari\data\raw\inat_targeted\Bungarus_caeruleus\295911876.jpg,2025-07-06
inat_targeted,295653310,Bungarus caeruleus,venomous,,https://static.inaturalist.org/photos/532269055/medium.jpg,E:\Coding_Notes\Faunari\data\raw\inat_targeted\Bungarus_caeruleus\295653310.jpg,2025-07-06
inat_targeted,295423900,Bungarus caeruleus,venomous,cc-by-nc,https://inaturalist-open-data.s3.amazonaws.com/photos/531832719/medium.jpg,E:\Coding_Notes\Faunari\data\raw\inat_targeted\Bungarus_caeruleus\295423900.jpg,2025-06-01
inat_targeted,295367447,Bungarus caeruleus,venomous,,https://static.inaturalist.org/photos/531727021/medium.jpg,E:\Coding_Notes\Faunari\data\raw\inat_targeted\Bungarus_caeruleus\295367447.jpg,2020-07-21
inat_targeted,295315089,Bungarus caeruleus,venomous,cc-by-nc,https://inaturalist-open-data.s3.amazonaws.com/photos/531628102/medium.jpg,E:\Coding_Notes\Faunari\data\raw\inat_targeted\Bungarus_caeruleus\295315089.jpg,2025-07-05
inat_targeted,295261810,Bungarus caeruleus,venomous,,https://static.inaturalist.org/photos/531468500/medium.jpg,E:\Coding_Notes\Faunari\data\raw\inat_targeted\Bungarus_caeruleus\295261810.jpg,2025-06-29
inat_targeted,295129654,Bungarus caeruleus,venomous,,https://static.inaturalist.org/photos/531276045/medium.jpg,E:\Coding_Notes\Faunari\data\raw\inat_targeted\Bungarus_caeruleus\295129654.jpg,2025-05-16
inat_targeted,295033819,Bungarus caeruleus,venomous,cc-by-nc,https://inaturalist-open-data.s3.amazonaws.com/photos/531095905/medium.jpg,E:\Coding_Notes\Faunari\data\raw\inat_targeted\Bungarus_caeruleus\295033819.jpg,2016-08-01
inat_targeted,294875364,Bungarus caeruleus,venomous,cc-by-nc,https://inaturalist-open-data.s3.amazonaws.com/photos/530796772/medium.jpg,E:\Coding_Notes\Faunari\data\raw\inat_targeted\Bungarus_caeruleus\294875364.jpg,2025-07-02
inat_targeted,294770006,Bungarus caeruleus,venomous,cc-by-nc,https://inaturalist-open-data.s3.amazonaws.com/photos/530602337/medium.jpg,E:\Coding_Notes\Faunari\data\raw\inat_targeted\Bungarus_caeruleus\294770006.jpg,2025-06-30
inat_targeted,294514286,Bungarus caeruleus,venomous,cc-by-nc,https://inaturalist-open-data.s3.amazonaws.com/photos/530118513/medium.jpg,E:\Coding_Notes\Faunari\data\raw\inat_targeted\Bungarus_caeruleus\294514286.jpg,2025-06-28
inat_targeted,294348009,Bungarus caeruleus,venomous,cc-by-nc,https://inaturalist-open-data.s3.amazonaws.com/photos/529805595/medium.jpg,E:\Coding_Notes\Faunari\data\raw\inat_targeted\Bungarus_caeruleus\294348009.jpg,2025-07-01
inat_targeted,294254153,Bungarus caeruleus,venomous,cc-by-nc,https://inaturalist-open-data.s3.amazonaws.com/photos/529631081/medium.jpg,E:\Coding_Notes\Faunari\data\raw\inat_targeted\Bungarus_caeruleus\294254153.jpg,2024-05-16
inat_targeted,294241912,Bungarus caeruleus,venomous,cc-by-nc,https://inaturalist-open-data.s3.amazonaws.com/photos/529607477/medium.jpg,E:\Coding_Notes\Faunari\data\raw\inat_targeted\Bungarus_caeruleus\294241912.jpg,2025-06-20
inat_targeted,293996344,Bungarus caeruleus,venomous,,https://static.inaturalist.org/photos/529144366/medium.jpg,E:\Coding_Notes\Faunari\data\raw\inat_targeted\Bungarus_caeruleus\293996344.jpg,2025-06-24
inat_targeted,293084792,Bungarus caeruleus,venomous,,https://static.inaturalist.org/photos/527490177/medium.jpg,E:\Coding_Notes\Faunari\data\raw\inat_targeted\Bungarus_caeruleus\293084792.jpg,2023-07-24
inat_targeted,292616007,Bungarus caeruleus,venomous,cc-by-nc,https://inaturalist-open-data.s3.amazonaws.com/photos/526600225/medium.jpg,E:\Coding_Notes\Faunari\data\raw\inat_targeted\Bungarus_caeruleus\292616007.jpg,2025-06-25
inat_targeted,292604459,Bungarus caeruleus,venomous,cc-by-nc,https://inaturalist-open-data.s3.amazonaws.com/photos/526579384/medium.jpg,E:\Coding_Notes\Faunari\data\raw\inat_targeted\Bungarus_caeruleus\292604459.jpg,2025-06-25
inat_targeted,291699928,Bungarus caeruleus,venomous,,https://static.inaturalist.org/photos/524856974/medium.jpg,E:\Coding_Notes\Faunari\data\raw\inat_targeted\Bungarus_caeruleus\291699928.jpg,2025-06-22
inat_targeted,291697840,Bungarus caeruleus,venomous,,https://static.inaturalist.org/photos/524853058/medium.jpg,E:\Coding_Notes\Faunari\data\raw\inat_targeted\Bungarus_caeruleus\291697840.jpg,2025-06-22
inat_targeted,291236526,Bungarus caeruleus,venomous,cc-by-nc,https://inaturalist-open-data.s3.amazonaws.com/photos/523979876/medium.jpg,E:\Coding_Notes\Faunari\data\raw\inat_targeted\Bungarus_caeruleus\291236526.jpg,2025-06-20
inat_targeted,290968113,Bungarus caeruleus,venomous,cc-by-nc,https://inaturalist-open-data.s3.amazonaws.com/photos/523474240/medium.jpg,E:\Coding_Notes\Faunari\data\raw\inat_targeted\Bungarus_caeruleus\290968113.jpg,2025-06-19
inat_targeted,289754112,Bungarus caeruleus,venomous,cc-by-nc,https://inaturalist-open-data.s3.amazonaws.com/photos/521186063/medium.jpg,E:\Coding_Notes\Faunari\data\raw\inat_targeted\Bungarus_caeruleus\289754112.jpg,2025-06-15
inat_targeted,289594504,Bungarus caeruleus,venomous,cc-by-nc,https://inaturalist-open-data.s3.amazonaws.com/photos/520874346/medium.jpg,E:\Coding_Notes\Faunari\data\raw\inat_targeted\Bungarus_caeruleus\289594504.jpg,2016-08-20
inat_targeted,289494286,Bungarus caeruleus,venomous,cc-by-nc,https://inaturalist-open-data.s3.amazonaws.com/photos/520698409/medium.jpg,E:\Coding_Notes\Faunari\data\raw\inat_targeted\Bungarus_caeruleus\289494286.jpg,2025-06-13
inat_targeted,288408038,Bungarus caeruleus,venomous,cc-by-nc,https://inaturalist-open-data.s3.amazonaws.com/photos/518662843/medium.jpg,E:\Coding_Notes\Faunari\data\raw\inat_targeted\Bungarus_caeruleus\288408038.jpg,2023-06-10
inat_targeted,288368169,Bungarus caeruleus,venomous,,https://static.inaturalist.org/photos/518581142/medium.jpg,E:\Coding_Notes\Faunari\data\raw\inat_targeted\Bungarus_caeruleus\288368169.jpg,2025-06-07
inat_targeted,287983803,Bungarus caeruleus,venomous,cc-by-nc,https://inaturalist-open-data.s3.amazonaws.com/photos/517845221/medium.jpg,E:\Coding_Notes\Faunari\data\raw\inat_targeted\Bungarus_caeruleus\287983803.jpg,2025-06-07
inat_targeted,287982778,Bungarus caeruleus,venomous,cc-by-nc,https://inaturalist-open-data.s3.amazonaws.com/photos/517843343/medium.jpg,E:\Coding_Notes\Faunari\data\raw\inat_targeted\Bungarus_caeruleus\287982778.jpg,2025-06-07
inat_targeted,287982727,Bungarus caeruleus,venomous,cc-by-nc,https://inaturalist-open-data.s3.amazonaws.com/photos/517843225/medium.jpg,E:\Coding_Notes\Faunari\data\raw\inat_targeted\Bungarus_caeruleus\287982727.jpg,2025-06-07
inat_targeted,287119420,Bungarus caeruleus,venomous,cc-by-nc,https://inaturalist-open-data.s3.amazonaws.com/photos/516234627/medium.jpg,E:\Coding_Notes\Faunari\data\raw\inat_targeted\Bungarus_caeruleus\287119420.jpg,2025-06-05
inat_targeted,286950610,Bungarus caeruleus,venomous,,https://static.inaturalist.org/photos/515921168/medium.jpg,E:\Coding_Notes\Faunari\data\raw\inat_targeted\Bungarus_caeruleus\286950610.jpg,2025-06-04
inat_targeted,285665066,Bungarus caeruleus,venomous,cc-by-nc,https://inaturalist-open-data.s3.amazonaws.com/photos/513473365/medium.jpg,E:\Coding_Notes\Faunari\data\raw\inat_targeted\Bungarus_caeruleus\285665066.jpg,2018-10-31
inat_targeted,284265167,Bungarus caeruleus,venomous,,https://static.inaturalist.org/photos/510856203/medium.jpg,E:\Coding_Notes\Faunari\data\raw\inat_targeted\Bungarus_caeruleus\284265167.jpg,2025-05-25
inat_targeted,284111644,Bungarus caeruleus,venomous,cc-by-nc,https://inaturalist-open-data.s3.amazonaws.com/photos/510560990/medium.jpg,E:\Coding_Notes\Faunari\data\raw\inat_targeted\Bungarus_caeruleus\284111644.jpg,2024-11-13
inat_targeted,284108682,Bungarus caeruleus,venomous,cc-by-nc,https://inaturalist-open-data.s3.amazonaws.com/photos/510555786/medium.jpg,E:\Coding_Notes\Faunari\data\raw\inat_targeted\Bungarus_caeruleus\284108682.jpg,2024-11-07
inat_targeted,283948196,Bungarus caeruleus,venomous,cc-by-nc,https://inaturalist-open-data.s3.amazonaws.com/photos/510255470/medium.jpg,E:\Coding_Notes\Faunari\data\raw\inat_targeted\Bungarus_caeruleus\283948196.jpg,2025-05-25
inat_targeted,283862418,Bungarus caeruleus,venomous,cc-by-nc,https://inaturalist-open-data.s3.amazonaws.com/photos/510096170/medium.jpg,E:\Coding_Notes\Faunari\data\raw\inat_targeted\Bungarus_caeruleus\283862418.jpg,2025-05-25
inat_targeted,283709659,Bungarus caeruleus,venomous,,https://static.inaturalist.org/photos/509801152/medium.jpg,E:\Coding_Notes\Faunari\data\raw\inat_targeted\Bungarus_caeruleus\283709659.jpg,2025-05-25
inat_targeted,283311339,Bungarus caeruleus,venomous,,https://static.inaturalist.org/photos/509061778/medium.jpg,E:\Coding_Notes\Faunari\data\raw\inat_targeted\Bungarus_caeruleus\283311339.jpg,2025-05-21
inat_targeted,283079415,Bungarus caeruleus,venomous,cc-by-nc,https://inaturalist-open-data.s3.amazonaws.com/photos/508634108/medium.jpg,E:\Coding_Notes\Faunari\data\raw\inat_targeted\Bungarus_caeruleus\283079415.jpg,2022-01-05
inat_targeted,282601610,Bungarus caeruleus,venomous,cc-by-nc,https://inaturalist-open-data.s3.amazonaws.com/photos/507740017/medium.jpg,E:\Coding_Notes\Faunari\data\raw\inat_targeted\Bungarus_caeruleus\282601610.jpg,2017-05-07
inat_targeted,282053291,Bungarus caeruleus,venomous,cc-by-nc,https://inaturalist-open-data.s3.amazonaws.com/photos/506716181/medium.jpg,E:\Coding_Notes\Faunari\data\raw\inat_targeted\Bungarus_caeruleus\282053291.jpg,2025-05-15
inat_targeted,281975951,Bungarus caeruleus,venomous,,https://static.inaturalist.org/photos/506569237/medium.jpg,E:\Coding_Notes\Faunari\data\raw\inat_targeted\Bungarus_caeruleus\281975951.jpg,2025-05-18
inat_targeted,281221070,Bungarus caeruleus,venomous,cc-by-nc,https://inaturalist-open-data.s3.amazonaws.com/photos/505157453/medium.jpg,E:\Coding_Notes\Faunari\data\raw\inat_targeted\Bungarus_caeruleus\281221070.jpg,2019-06-05
inat_targeted,280764425,Bungarus caeruleus,venomous,cc-by-nc,https://inaturalist-open-data.s3.amazonaws.com/photos/504297969/medium.jpeg,E:\Coding_Notes\Faunari\data\raw\inat_targeted\Bungarus_caeruleus\280764425.jpg,2024-10-19
inat_targeted,280195230,Bungarus caeruleus,venomous,,https://static.inaturalist.org/photos/503220708/medium.jpg,E:\Coding_Notes\Faunari\data\raw\inat_targeted\Bungarus_caeruleus\280195230.jpg,2025-05-11
inat_targeted,280183917,Bungarus caeruleus,venomous,,https://static.inaturalist.org/photos/503200405/medium.jpeg,E:\Coding_Notes\Faunari\data\raw\inat_targeted\Bungarus_caeruleus\280183917.jpg,2020-09-11
inat_targeted,278895631,Bungarus caeruleus,venomous,cc-by,https://inaturalist-open-data.s3.amazonaws.com/photos/500796723/medium.jpg,E:\Coding_Notes\Faunari\data\raw\inat_targeted\Bungarus_caeruleus\278895631.jpg,2015-06-15
inat_targeted,278648783,Bungarus caeruleus,venomous,,https://static.inaturalist.org/photos/500343452/medium.jpeg,E:\Coding_Notes\Faunari\data\raw\inat_targeted\Bungarus_caeruleus\278648783.jpg,2025-05-01
inat_targeted,277783914,Bungarus caeruleus,venomous,,https://static.inaturalist.org/photos/498772670/medium.jpeg,E:\Coding_Notes\Faunari\data\raw\inat_targeted\Bungarus_caeruleus\277783914.jpg,2022-01-20
inat_targeted,277683247,Bungarus caeruleus,venomous,cc-by,https://inaturalist-open-data.s3.amazonaws.com/photos/498598544/medium.jpg,E:\Coding_Notes\Faunari\data\raw\inat_targeted\Bungarus_caeruleus\277683247.jpg,2017-06-03
inat_targeted,277592387,Bungarus caeruleus,venomous,cc-by-nc,https://inaturalist-open-data.s3.amazonaws.com/photos/498445201/medium.jpeg,E:\Coding_Notes\Faunari\data\raw\inat_targeted\Bungarus_caeruleus\277592387.jpg,2025-05-02
inat_targeted,277401290,Bungarus caeruleus,venomous,cc-by-nc,https://inaturalist-open-data.s3.amazonaws.com/photos/498101113/medium.jpeg,E:\Coding_Notes\Faunari\data\raw\inat_targeted\Bungarus_caeruleus\277401290.jpg,2025-05-01
inat_targeted,277400858,Bungarus caeruleus,venomous,cc-by-nc,https://inaturalist-open-data.s3.amazonaws.com/photos/498100357/medium.jpeg,E:\Coding_Notes\Faunari\data\raw\inat_targeted\Bungarus_caeruleus\277400858.jpg,2025-05-01
inat_targeted,277399936,Bungarus caeruleus,venomous,cc-by-nc,https://inaturalist-open-data.s3.amazonaws.com/photos/498098522/medium.jpeg,E:\Coding_Notes\Faunari\data\raw\inat_targeted\Bungarus_caeruleus\277399936.jpg,2025-05-01
inat_targeted,277058776,Bungarus caeruleus,venomous,,https://static.inaturalist.org/photos/497500125/medium.jpeg,E:\Coding_Notes\Faunari\data\raw\inat_targeted\Bungarus_caeruleus\277058776.jpg,2025-04-30
inat_targeted,274403811,Bungarus caeruleus,venomous,,https://static.inaturalist.org/photos/493326303/medium.jpg,E:\Coding_Notes\Faunari\data\raw\inat_targeted\Bungarus_caeruleus\274403811.jpg,2025-04-25
inat_targeted,273227594,Bungarus caeruleus,venomous,,https://static.inaturalist.org/photos/491457865/medium.jpeg,E:\Coding_Notes\Faunari\data\raw\inat_targeted\Bungarus_caeruleus\273227594.jpg,2023-12-23
inat_targeted,273162057,Bungarus caeruleus,venomous,,https://static.inaturalist.org/photos/491019825/medium.jpeg,E:\Coding_Notes\Faunari\data\raw\inat_targeted\Bungarus_caeruleus\273162057.jpg,2023-07-18
inat_targeted,272870828,Bungarus caeruleus,venomous,cc-by-nc,https://inaturalist-open-data.s3.amazonaws.com/photos/490920608/medium.jpeg,E:\Coding_Notes\Faunari\data\raw\inat_targeted\Bungarus_caeruleus\272870828.jpg,2025-04-24
inat_targeted,272360241,Bungarus caeruleus,venomous,,https://static.inaturalist.org/photos/489997693/medium.jpeg,E:\Coding_Notes\Faunari\data\raw\inat_targeted\Bungarus_caeruleus\272360241.jpg,2025-04-23
inat_targeted,269984264,Bungarus caeruleus,venomous,,https://static.inaturalist.org/photos/485492574/medium.jpeg,E:\Coding_Notes\Faunari\data\raw\inat_targeted\Bungarus_caeruleus\269984264.jpg,2025-04-12
inat_targeted,268958607,Bungarus caeruleus,venomous,cc-by,https://inaturalist-open-data.s3.amazonaws.com/photos/483517296/medium.jpeg,E:\Coding_Notes\Faunari\data\raw\inat_targeted\Bungarus_caeruleus\268958607.jpg,2025-04-06
inat_targeted,266995292,Bungarus caeruleus,venomous,,https://static.inaturalist.org/photos/479759456/medium.jpeg,E:\Coding_Notes\Faunari\data\raw\inat_targeted\Bungarus_caeruleus\266995292.jpg,2019-04-28
inat_targeted,266994015,Bungarus caeruleus,venomous,,https://static.inaturalist.org/photos/479757014/medium.jpeg,E:\Coding_Notes\Faunari\data\raw\inat_targeted\Bungarus_caeruleus\266994015.jpg,2022-04-24
inat_targeted,263134251,Bungarus caeruleus,venomous,,https://static.inaturalist.org/photos/472663313/medium.jpeg,E:\Coding_Notes\Faunari\data\raw\inat_targeted\Bungarus_caeruleus\263134251.jpg,2023-05-14
inat_targeted,263018713,Bungarus caeruleus,venomous,,https://static.inaturalist.org/photos/472428103/medium.jpeg,E:\Coding_Notes\Faunari\data\raw\inat_targeted\Bungarus_caeruleus\263018713.jpg,2024-10-17
inat_targeted,261434353,Bungarus caeruleus,venomous,cc-by-nc,https://inaturalist-open-data.s3.amazonaws.com/photos/469679620/medium.jpeg,E:\Coding_Notes\Faunari\data\raw\inat_targeted\Bungarus_caeruleus\261434353.jpg,2020-11-10
inat_targeted,260511812,Bungarus caeruleus,venomous,cc-by,https://inaturalist-open-data.s3.amazonaws.com/photos/467853533/medium.jpeg,E:\Coding_Notes\Faunari\data\raw\inat_targeted\Bungarus_caeruleus\260511812.jpg,2024-12-18
inat_targeted,260342284,Bungarus caeruleus,venomous,cc-by-nc,https://inaturalist-open-data.s3.amazonaws.com/photos/467516859/medium.jpeg,E:\Coding_Notes\Faunari\data\raw\inat_targeted\Bungarus_caeruleus\260342284.jpg,2025-01-30
inat_targeted,260063890,Bungarus caeruleus,venomous,cc-by-nc,https://inaturalist-open-data.s3.amazonaws.com/photos/466960581/medium.jpeg,E:\Coding_Notes\Faunari\data\raw\inat_targeted\Bungarus_caeruleus\260063890.jpg,2025-01-30
inat_targeted,259222819,Bungarus caeruleus,venomous,cc-by,https://inaturalist-open-data.s3.amazonaws.com/photos/465283570/medium.jpeg,E:\Coding_Notes\Faunari\data\raw\inat_targeted\Bungarus_caeruleus\259222819.jpg,2025-01-20
inat_targeted,259215257,Bungarus caeruleus,venomous,cc-by,https://inaturalist-open-data.s3.amazonaws.com/photos/465266483/medium.jpg,E:\Coding_Notes\Faunari\data\raw\inat_targeted\Bungarus_caeruleus\259215257.jpg,2025-01-21
inat_targeted,259069572,Bungarus caeruleus,venomous,cc-by,https://inaturalist-open-data.s3.amazonaws.com/photos/464970055/medium.jpg,E:\Coding_Notes\Faunari\data\raw\inat_targeted\Bungarus_caeruleus\259069572.jpg,2025-01-20
inat_targeted,259062239,Bungarus caeruleus,venomous,cc-by,https://inaturalist-open-data.s3.amazonaws.com/photos/464955484/medium.jpeg,E:\Coding_Notes\Faunari\data\raw\inat_targeted\Bungarus_caeruleus\259062239.jpg,2025-01-20
inat_targeted,258550335,Bungarus caeruleus,venomous,,https://static.inaturalist.org/photos/463912603/medium.jpeg,E:\Coding_Notes\Faunari\data\raw\inat_targeted\Bungarus_caeruleus\258550335.jpg,2025-01-15
inat_targeted,258530942,Bungarus caeruleus,venomous,cc-by-nc,https://inaturalist-open-data.s3.amazonaws.com/photos/463869334/medium.jpeg,E:\Coding_Notes\Faunari\data\raw\inat_targeted\Bungarus_caeruleus\258530942.jpg,2023-10-12
inat_targeted,258113736,Bungarus caeruleus,venomous,,https://static.inaturalist.org/photos/463054855/medium.jpeg,E:\Coding_Notes\Faunari\data\raw\inat_targeted\Bungarus_caeruleus\258113736.jpg,2025-01-11
inat_targeted,257798468,Bungarus caeruleus,venomous,cc-by-nc,https://inaturalist-open-data.s3.amazonaws.com/photos/462518239/medium.jpeg,E:\Coding_Notes\Faunari\data\raw\inat_targeted\Bungarus_caeruleus\257798468.jpg,2024-10-06
inat_targeted,257238011,Bungarus caeruleus,venomous,,https://static.inaturalist.org/photos/461412300/medium.jpeg,E:\Coding_Notes\Faunari\data\raw\inat_targeted\Bungarus_caeruleus\257238011.jpg,2025-01-03
inat_targeted,257236701,Bungarus caeruleus,venomous,cc-by-nc,https://inaturalist-open-data.s3.amazonaws.com/photos/461409118/medium.jpeg,E:\Coding_Notes\Faunari\data\raw\inat_targeted\Bungarus_caeruleus\257236701.jpg,2024-03-07
inat_targeted,257144245,Bungarus caeruleus,venomous,cc-by-nc,https://inaturalist-open-data.s3.amazonaws.com/photos/461223618/medium.jpeg,E:\Coding_Notes\Faunari\data\raw\inat_targeted\Bungarus_caeruleus\257144245.jpg,2025-01-02
inat_targeted,256406384,Bungarus caeruleus,venomous,,https://static.inaturalist.org/photos/459714089/medium.jpeg,E:\Coding_Notes\Faunari\data\raw\inat_targeted\Bungarus_caeruleus\256406384.jpg,2024-10-07
inat_targeted,255979106,Bungarus caeruleus,venomous,cc-by-nc,https://inaturalist-open-data.s3.amazonaws.com/photos/458844988/medium.jpeg,E:\Coding_Notes\Faunari\data\raw\inat_targeted\Bungarus_caeruleus\255979106.jpg,2024-12-23
inat_targeted,255054262,Bungarus caeruleus,venomous,,https://static.inaturalist.org/photos/456991181/medium.jpeg,E:\Coding_Notes\Faunari\data\raw\inat_targeted\Bungarus_caeruleus\255054262.jpg,2024-12-14
inat_targeted,254878419,Bungarus caeruleus,venomous,cc-by-nc,https://inaturalist-open-data.s3.amazonaws.com/photos/456636058/medium.jpeg,E:\Coding_Notes\Faunari\data\raw\inat_targeted\Bungarus_caeruleus\254878419.jpg,2024-09-29
inat_targeted,254623570,Bungarus caeruleus,venomous,cc-by-nc,https://inaturalist-open-data.s3.amazonaws.com/photos/456118739/medium.jpeg,E:\Coding_Notes\Faunari\data\raw\inat_targeted\Bungarus_caeruleus\254623570.jpg,2024-12-09
inat_targeted,254313252,Bungarus caeruleus,venomous,cc-by-nc,https://inaturalist-open-data.s3.amazonaws.com/photos/455495262/medium.jpg,E:\Coding_Notes\Faunari\data\raw\inat_targeted\Bungarus_caeruleus\254313252.jpg,2024-12-06
inat_targeted,254304308,Bungarus caeruleus,venomous,cc-by-nc,https://inaturalist-open-data.s3.amazonaws.com/photos/455479060/medium.jpeg,E:\Coding_Notes\Faunari\data\raw\inat_targeted\Bungarus_caeruleus\254304308.jpg,2024-12-03
inat_targeted,254272865,Bungarus caeruleus,venomous,cc-by-nc,https://inaturalist-open-data.s3.amazonaws.com/photos/455414345/medium.jpg,E:\Coding_Notes\Faunari\data\raw\inat_targeted\Bungarus_caeruleus\254272865.jpg,2024-06-16
inat_targeted,254172569,Bungarus caeruleus,venomous,cc-by-nc,https://inaturalist-open-data.s3.amazonaws.com/photos/455211845/medium.jpeg,E:\Coding_Notes\Faunari\data\raw\inat_targeted\Bungarus_caeruleus\254172569.jpg,2024-12-03
inat_targeted,254112105,Bungarus caeruleus,venomous,,https://static.inaturalist.org/photos/455094991/medium.jpeg,E:\Coding_Notes\Faunari\data\raw\inat_targeted\Bungarus_caeruleus\254112105.jpg,2024-12-04
inat_targeted,253286317,Bungarus caeruleus,venomous,cc-by-nc,https://inaturalist-open-data.s3.amazonaws.com/photos/453490605/medium.jpeg,E:\Coding_Notes\Faunari\data\raw\inat_targeted\Bungarus_caeruleus\253286317.jpg,2024-11-26
inat_targeted,253189414,Bungarus caeruleus,venomous,,https://static.inaturalist.org/photos/453301823/medium.jpeg,E:\Coding_Notes\Faunari\data\raw\inat_targeted\Bungarus_caeruleus\253189414.jpg,2024-11-26
inat_targeted,253144170,Bungarus caeruleus,venomous,,https://static.inaturalist.org/photos/453219052/medium.jpeg,E:\Coding_Notes\Faunari\data\raw\inat_targeted\Bungarus_caeruleus\253144170.jpg,2022-01-23
inat_targeted,252366171,Bungarus caeruleus,venomous,,https://static.inaturalist.org/photos/451755430/medium.png,E:\Coding_Notes\Faunari\data\raw\inat_targeted\Bungarus_caeruleus\252366171.jpg,2024-11-03
inat_targeted,252031449,Bungarus caeruleus,venomous,cc-by-nc,https://inaturalist-open-data.s3.amazonaws.com/photos/451083272/medium.jpeg,E:\Coding_Notes\Faunari\data\raw\inat_targeted\Bungarus_caeruleus\252031449.jpg,2024-11-17
inat_targeted,374621184,Bungarus fasciatus,venomous,,https://static.inaturalist.org/photos/684756504/medium.jpg,E:\Coding_Notes\Faunari\data\raw\inat_targeted\Bungarus_fasciatus\374621184.jpg,2026-06-23
inat_targeted,345297824,Bungarus fasciatus,venomous,cc-by-nc,https://inaturalist-open-data.s3.amazonaws.com/photos/629258239/medium.jpg,E:\Coding_Notes\Faunari\data\raw\inat_targeted\Bungarus_fasciatus\345297824.jpg,2026-03-26
inat_targeted,337669153,Bungarus fasciatus,venomous,cc-by-nc,https://inaturalist-open-data.s3.amazonaws.com/photos/613893229/medium.jpg,E:\Coding_Notes\Faunari\data\raw\inat_targeted\Bungarus_fasciatus\337669153.jpg,2025-10-28
inat_targeted,336367859,Bungarus fasciatus,venomous,cc-by-nc,https://inaturalist-open-data.s3.amazonaws.com/photos/611236856/medium.jpg,E:\Coding_Notes\Faunari\data\raw\inat_targeted\Bungarus_fasciatus\336367859.jpg,2026-01-27
inat_targeted,333361774,Bungarus fasciatus,venomous,cc-by-nc,https://inaturalist-open-data.s3.amazonaws.com/photos/605533461/medium.jpg,E:\Coding_Notes\Faunari\data\raw\inat_targeted\Bungarus_fasciatus\333361774.jpg,2026-01-02
inat_targeted,331773600,Bungarus fasciatus,venomous,cc-by-nc,https://inaturalist-open-data.s3.amazonaws.com/photos/601966659/medium.jpg,E:\Coding_Notes\Faunari\data\raw\inat_targeted\Bungarus_fasciatus\331773600.jpg,2025-12-22
inat_targeted,331756559,Bungarus fasciatus,venomous,,https://static.inaturalist.org/photos/601909138/medium.jpg,E:\Coding_Notes\Faunari\data\raw\inat_targeted\Bungarus_fasciatus\331756559.jpg,2023-07-08
inat_targeted,330946560,Bungarus fasciatus,venomous,cc-by-nc,https://inaturalist-open-data.s3.amazonaws.com/photos/600243848/medium.jpg,E:\Coding_Notes\Faunari\data\raw\inat_targeted\Bungarus_fasciatus\330946560.jpg,2025-12-07
inat_targeted,326834134,Bungarus fasciatus,venomous,,https://static.inaturalist.org/photos/592004371/medium.jpg,E:\Coding_Notes\Faunari\data\raw\inat_targeted\Bungarus_fasciatus\326834134.jpg,2022-11-18
inat_targeted,326644090,Bungarus fasciatus,venomous,cc-by-nc,https://inaturalist-open-data.s3.amazonaws.com/photos/591627490/medium.jpg,E:\Coding_Notes\Faunari\data\raw\inat_targeted\Bungarus_fasciatus\326644090.jpg,2025-10-29
inat_targeted,325356685,Bungarus fasciatus,venomous,cc-by-nc,https://inaturalist-open-data.s3.amazonaws.com/photos/589335143/medium.jpg,E:\Coding_Notes\Faunari\data\raw\inat_targeted\Bungarus_fasciatus\325356685.jpg,2023-05-14
inat_targeted,324691331,Bungarus fasciatus,venomous,cc-by-nc,https://inaturalist-open-data.s3.amazonaws.com/photos/587731963/medium.jpg,E:\Coding_Notes\Faunari\data\raw\inat_targeted\Bungarus_fasciatus\324691331.jpg,2025-11-02
inat_targeted,324507700,Bungarus fasciatus,venomous,cc-by-nc,https://inaturalist-open-data.s3.amazonaws.com/photos/587360475/medium.jpg,E:\Coding_Notes\Faunari\data\raw\inat_targeted\Bungarus_fasciatus\324507700.jpg,2025-11-02
inat_targeted,323056919,Bungarus fasciatus,venomous,cc-by-nc,https://inaturalist-open-data.s3.amazonaws.com/photos/584515988/medium.jpg,E:\Coding_Notes\Faunari\data\raw\inat_targeted\Bungarus_fasciatus\323056919.jpg,2025-10-08
inat_targeted,319803776,Bungarus fasciatus,venomous,cc-by-nc,https://inaturalist-open-data.s3.amazonaws.com/photos/578295135/medium.jpg,E:\Coding_Notes\Faunari\data\raw\inat_targeted\Bungarus_fasciatus\319803776.jpg,2021-09-13
inat_targeted,317170137,Bungarus fasciatus,venomous,cc-by,https://inaturalist-open-data.s3.amazonaws.com/photos/573100257/medium.jpg,E:\Coding_Notes\Faunari\data\raw\inat_targeted\Bungarus_fasciatus\317170137.jpg,2025-09-24
inat_targeted,314289895,Bungarus fasciatus,venomous,cc-by,https://inaturalist-open-data.s3.amazonaws.com/photos/567655992/medium.jpg,E:\Coding_Notes\Faunari\data\raw\inat_targeted\Bungarus_fasciatus\314289895.jpg,2025-09-12
inat_targeted,311438963,Bungarus fasciatus,venomous,cc-by,https://inaturalist-open-data.s3.amazonaws.com/photos/562210667/medium.jpg,E:\Coding_Notes\Faunari\data\raw\inat_targeted\Bungarus_fasciatus\311438963.jpg,2025-07-19
inat_targeted,311084249,Bungarus fasciatus,venomous,cc-by-nc,https://inaturalist-open-data.s3.amazonaws.com/photos/561520941/medium.jpg,E:\Coding_Notes\Faunari\data\raw\inat_targeted\Bungarus_fasciatus\311084249.jpg,2025-09-02
inat_targeted,310768820,Bungarus fasciatus,venomous,cc-by-nc,https://inaturalist-open-data.s3.amazonaws.com/photos/560916890/medium.jpg,E:\Coding_Notes\Faunari\data\raw\inat_targeted\Bungarus_fasciatus\310768820.jpg,2025-09-01
inat_targeted,310749366,Bungarus fasciatus,venomous,cc-by-nc,https://inaturalist-open-data.s3.amazonaws.com/photos/560881689/medium.jpg,E:\Coding_Notes\Faunari\data\raw\inat_targeted\Bungarus_fasciatus\310749366.jpg,2025-09-01
inat_targeted,310438633,Bungarus fasciatus,venomous,cc-by-nc,https://inaturalist-open-data.s3.amazonaws.com/photos/560286757/medium.jpg,E:\Coding_Notes\Faunari\data\raw\inat_targeted\Bungarus_fasciatus\310438633.jpg,2025-08-30
inat_targeted,305773521,Bungarus fasciatus,venomous,cc-by-nc,https://inaturalist-open-data.s3.amazonaws.com/photos/551349811/medium.jpg,E:\Coding_Notes\Faunari\data\raw\inat_targeted\Bungarus_fasciatus\305773521.jpg,2025-04-29
inat_targeted,305717417,Bungarus fasciatus,venomous,cc-by-nc,https://inaturalist-open-data.s3.amazonaws.com/photos/551249731/medium.jpg,E:\Coding_Notes\Faunari\data\raw\inat_targeted\Bungarus_fasciatus\305717417.jpg,2024-06-26
inat_targeted,304743617,Bungarus fasciatus,venomous,cc-by-nc,https://inaturalist-open-data.s3.amazonaws.com/photos/549403664/medium.jpg,E:\Coding_Notes\Faunari\data\raw\inat_targeted\Bungarus_fasciatus\304743617.jpg,2025-08-08
inat_targeted,304736964,Bungarus fasciatus,venomous,cc-by-nc,https://inaturalist-open-data.s3.amazonaws.com/photos/549391124/medium.jpg,E:\Coding_Notes\Faunari\data\raw\inat_targeted\Bungarus_fasciatus\304736964.jpg,2025-08-08
inat_targeted,304624656,Bungarus fasciatus,venomous,cc-by-nc,https://inaturalist-open-data.s3.amazonaws.com/photos/549179608/medium.jpg,E:\Coding_Notes\Faunari\data\raw\inat_targeted\Bungarus_fasciatus\304624656.jpg,2025-08-07
inat_targeted,302774464,Bungarus fasciatus,venomous,cc-by-nc,https://inaturalist-open-data.s3.amazonaws.com/photos/545673076/medium.jpg,E:\Coding_Notes\Faunari\data\raw\inat_targeted\Bungarus_fasciatus\302774464.jpg,2025-07-31
inat_targeted,302578509,Bungarus fasciatus,venomous,cc-by-nc,https://inaturalist-open-data.s3.amazonaws.com/photos/545317353/medium.jpg,E:\Coding_Notes\Faunari\data\raw\inat_targeted\Bungarus_fasciatus\302578509.jpg,2025-07-24
inat_targeted,302282593,Bungarus fasciatus,venomous,,https://static.inaturalist.org/photos/544765205/medium.jpg,E:\Coding_Notes\Faunari\data\raw\inat_targeted\Bungarus_fasciatus\302282593.jpg,2025-07-24
inat_targeted,302282592,Bungarus fasciatus,venomous,,https://static.inaturalist.org/photos/544765201/medium.jpg,E:\Coding_Notes\Faunari\data\raw\inat_targeted\Bungarus_fasciatus\302282592.jpg,2025-07-24
inat_targeted,302282590,Bungarus fasciatus,venomous,,https://static.inaturalist.org/photos/544765193/medium.jpg,E:\Coding_Notes\Faunari\data\raw\inat_targeted\Bungarus_fasciatus\302282590.jpg,2025-07-24
inat_targeted,302282587,Bungarus fasciatus,venomous,,https://static.inaturalist.org/photos/544765194/medium.jpg,E:\Coding_Notes\Faunari\data\raw\inat_targeted\Bungarus_fasciatus\302282587.jpg,2025-07-24
inat_targeted,300887387,Bungarus fasciatus,venomous,cc-by-nc,https://inaturalist-open-data.s3.amazonaws.com/photos/542167095/medium.jpg,E:\Coding_Notes\Faunari\data\raw\inat_targeted\Bungarus_fasciatus\300887387.jpg,2025-07-24
inat_targeted,300110439,Bungarus fasciatus,venomous,,https://static.inaturalist.org/photos/540713168/medium.jpg,E:\Coding_Notes\Faunari\data\raw\inat_targeted\Bungarus_fasciatus\300110439.jpg,2025-07-20
inat_targeted,299432950,Bungarus fasciatus,venomous,,https://static.inaturalist.org/photos/541640462/medium.jpg,E:\Coding_Notes\Faunari\data\raw\inat_targeted\Bungarus_fasciatus\299432950.jpg,2024-12-05
inat_targeted,298593595,Bungarus fasciatus,venomous,,https://static.inaturalist.org/photos/537867015/medium.jpg,E:\Coding_Notes\Faunari\data\raw\inat_targeted\Bungarus_fasciatus\298593595.jpg,2025-07-17
inat_targeted,296971013,Bungarus fasciatus,venomous,,https://static.inaturalist.org/photos/534790414/medium.jpg,E:\Coding_Notes\Faunari\data\raw\inat_targeted\Bungarus_fasciatus\296971013.jpg,2018-11-27
inat_targeted,287820014,Bungarus fasciatus,venomous,,https://static.inaturalist.org/photos/556052618/medium.jpg,E:\Coding_Notes\Faunari\data\raw\inat_targeted\Bungarus_fasciatus\287820014.jpg,2025-06-07
inat_targeted,287033934,Bungarus fasciatus,venomous,cc-by,https://inaturalist-open-data.s3.amazonaws.com/photos/516078854/medium.jpg,E:\Coding_Notes\Faunari\data\raw\inat_targeted\Bungarus_fasciatus\287033934.jpg,2025-04-29
inat_targeted,276826815,Bungarus fasciatus,venomous,,https://static.inaturalist.org/photos/497092482/medium.jpeg,E:\Coding_Notes\Faunari\data\raw\inat_targeted\Bungarus_fasciatus\276826815.jpg,2025-04-29
inat_targeted,261439087,Bungarus fasciatus,venomous,cc-by,https://inaturalist-open-data.s3.amazonaws.com/photos/469687991/medium.jpg,E:\Coding_Notes\Faunari\data\raw\inat_targeted\Bungarus_fasciatus\261439087.jpg,2014-11-02
inat_targeted,260681746,Bungarus fasciatus,venomous,,https://static.inaturalist.org/photos/468188994/medium.jpeg,E:\Coding_Notes\Faunari\data\raw\inat_targeted\Bungarus_fasciatus\260681746.jpg,2024-04-18
inat_targeted,253972607,Bungarus fasciatus,venomous,,https://static.inaturalist.org/photos/454821477/medium.jpeg,E:\Coding_Notes\Faunari\data\raw\inat_targeted\Bungarus_fasciatus\253972607.jpg,2024-08-06
inat_targeted,250654578,Bungarus fasciatus,venomous,cc-by-nc,https://inaturalist-open-data.s3.amazonaws.com/photos/448334994/medium.jpeg,E:\Coding_Notes\Faunari\data\raw\inat_targeted\Bungarus_fasciatus\250654578.jpg,2024-11-06
inat_targeted,248834434,Bungarus fasciatus,venomous,,https://static.inaturalist.org/photos/444704373/medium.jpeg,E:\Coding_Notes\Faunari\data\raw\inat_targeted\Bungarus_fasciatus\248834434.jpg,2023-12-02
inat_targeted,248765494,Bungarus fasciatus,venomous,cc-by-nc,https://inaturalist-open-data.s3.amazonaws.com/photos/444564336/medium.jpeg,E:\Coding_Notes\Faunari\data\raw\inat_targeted\Bungarus_fasciatus\248765494.jpg,2024-10-23
inat_targeted,248584782,Bungarus fasciatus,venomous,,https://static.inaturalist.org/photos/444443322/medium.jpeg,E:\Coding_Notes\Faunari\data\raw\inat_targeted\Bungarus_fasciatus\248584782.jpg,2024-10-09
inat_targeted,245766947,Bungarus fasciatus,venomous,cc-by-nc,https://inaturalist-open-data.s3.amazonaws.com/photos/438621896/medium.jpeg,E:\Coding_Notes\Faunari\data\raw\inat_targeted\Bungarus_fasciatus\245766947.jpg,2024-10-05
inat_targeted,245400637,Bungarus fasciatus,venomous,,https://static.inaturalist.org/photos/437900934/medium.jpeg,E:\Coding_Notes\Faunari\data\raw\inat_targeted\Bungarus_fasciatus\245400637.jpg,2024-09-14
inat_targeted,244914813,Bungarus fasciatus,venomous,cc-by-nc,https://inaturalist-open-data.s3.amazonaws.com/photos/436952699/medium.jpeg,E:\Coding_Notes\Faunari\data\raw\inat_targeted\Bungarus_fasciatus\244914813.jpg,2024-09-11
inat_targeted,244702834,Bungarus fasciatus,venomous,cc-by-nc,https://inaturalist-open-data.s3.amazonaws.com/photos/436538435/medium.jpeg,E:\Coding_Notes\Faunari\data\raw\inat_targeted\Bungarus_fasciatus\244702834.jpg,2024-09-29
inat_targeted,238808121,Bungarus fasciatus,venomous,cc-by-nc,https://inaturalist-open-data.s3.amazonaws.com/photos/425215478/medium.jpeg,E:\Coding_Notes\Faunari\data\raw\inat_targeted\Bungarus_fasciatus\238808121.jpg,2024-08-22
inat_targeted,238023063,Bungarus fasciatus,venomous,,https://static.inaturalist.org/photos/423697162/medium.jpeg,E:\Coding_Notes\Faunari\data\raw\inat_targeted\Bungarus_fasciatus\238023063.jpg,2024-07-16
inat_targeted,237663712,Bungarus fasciatus,venomous,,https://static.inaturalist.org/photos/423001133/medium.jpeg,E:\Coding_Notes\Faunari\data\raw\inat_targeted\Bungarus_fasciatus\237663712.jpg,2024-08-24
inat_targeted,236186519,Bungarus fasciatus,venomous,,https://static.inaturalist.org/photos/420160501/medium.jpeg,E:\Coding_Notes\Faunari\data\raw\inat_targeted\Bungarus_fasciatus\236186519.jpg,2024-08-17
inat_targeted,234370604,Bungarus fasciatus,venomous,,https://static.inaturalist.org/photos/416638193/medium.jpeg,E:\Coding_Notes\Faunari\data\raw\inat_targeted\Bungarus_fasciatus\234370604.jpg,2024-08-07
inat_targeted,233422049,Bungarus fasciatus,venomous,cc-by-nc,https://inaturalist-open-data.s3.amazonaws.com/photos/414833668/medium.jpeg,E:\Coding_Notes\Faunari\data\raw\inat_targeted\Bungarus_fasciatus\233422049.jpg,2024-08-02
inat_targeted,231899161,Bungarus fasciatus,venomous,cc-by-nc,https://inaturalist-open-data.s3.amazonaws.com/photos/411928391/medium.jpeg,E:\Coding_Notes\Faunari\data\raw\inat_targeted\Bungarus_fasciatus\231899161.jpg,2023-08-10
inat_targeted,230213451,Bungarus fasciatus,venomous,cc-by-nc,https://inaturalist-open-data.s3.amazonaws.com/photos/409619480/medium.jpeg,E:\Coding_Notes\Faunari\data\raw\inat_targeted\Bungarus_fasciatus\230213451.jpg,2024-07-18
inat_targeted,229742424,Bungarus fasciatus,venomous,cc-by-nc,https://inaturalist-open-data.s3.amazonaws.com/photos/407842011/medium.jpeg,E:\Coding_Notes\Faunari\data\raw\inat_targeted\Bungarus_fasciatus\229742424.jpg,2021-07-24
inat_targeted,229653747,Bungarus fasciatus,venomous,cc-by-nc,https://inaturalist-open-data.s3.amazonaws.com/photos/407676166/medium.jpeg,E:\Coding_Notes\Faunari\data\raw\inat_targeted\Bungarus_fasciatus\229653747.jpg,2024-07-16
inat_targeted,229643381,Bungarus fasciatus,venomous,cc-by-nc,https://inaturalist-open-data.s3.amazonaws.com/photos/407657609/medium.jpeg,E:\Coding_Notes\Faunari\data\raw\inat_targeted\Bungarus_fasciatus\229643381.jpg,2024-07-13
inat_targeted,227712086,Bungarus fasciatus,venomous,,https://static.inaturalist.org/photos/404000286/medium.jpg,E:\Coding_Notes\Faunari\data\raw\inat_targeted\Bungarus_fasciatus\227712086.jpg,2024-07-06
inat_targeted,221022753,Bungarus fasciatus,venomous,cc-by-nc,https://inaturalist-open-data.s3.amazonaws.com/photos/391378770/medium.jpeg,E:\Coding_Notes\Faunari\data\raw\inat_targeted\Bungarus_fasciatus\221022753.jpg,2024-05-14
inat_targeted,210728364,Bungarus fasciatus,venomous,,https://static.inaturalist.org/photos/372690403/medium.jpeg,E:\Coding_Notes\Faunari\data\raw\inat_targeted\Bungarus_fasciatus\210728364.jpg,2024-04-28
inat_targeted,209417442,Bungarus fasciatus,venomous,,https://static.inaturalist.org/photos/370601488/medium.jpeg,E:\Coding_Notes\Faunari\data\raw\inat_targeted\Bungarus_fasciatus\209417442.jpg,2023-09-30
inat_targeted,205054951,Bungarus fasciatus,venomous,cc-by-nc,https://inaturalist-open-data.s3.amazonaws.com/photos/362520666/medium.jpeg,E:\Coding_Notes\Faunari\data\raw\inat_targeted\Bungarus_fasciatus\205054951.jpg,2024-04-02
inat_targeted,200389288,Bungarus fasciatus,venomous,,https://static.inaturalist.org/photos/353541230/medium.jpeg,E:\Coding_Notes\Faunari\data\raw\inat_targeted\Bungarus_fasciatus\200389288.jpg,2024-02-24
inat_targeted,189386780,Bungarus fasciatus,venomous,,https://static.inaturalist.org/photos/331751152/medium.jpeg,E:\Coding_Notes\Faunari\data\raw\inat_targeted\Bungarus_fasciatus\189386780.jpg,2023-09-16
inat_targeted,178238626,Bungarus fasciatus,venomous,cc-by-nc,https://inaturalist-open-data.s3.amazonaws.com/photos/310114514/medium.jpeg,E:\Coding_Notes\Faunari\data\raw\inat_targeted\Bungarus_fasciatus\178238626.jpg,2023-08-13
inat_targeted,177367605,Bungarus fasciatus,venomous,cc-by-nc,https://inaturalist-open-data.s3.amazonaws.com/photos/308473345/medium.jpeg,E:\Coding_Notes\Faunari\data\raw\inat_targeted\Bungarus_fasciatus\177367605.jpg,2023-08-08
inat_targeted,175881914,Bungarus fasciatus,venomous,,https://static.inaturalist.org/photos/305118011/medium.jpg,E:\Coding_Notes\Faunari\data\raw\inat_targeted\Bungarus_fasciatus\175881914.jpg,2022-07-06
inat_targeted,175881911,Bungarus fasciatus,venomous,,https://static.inaturalist.org/photos/305117355/medium.jpg,E:\Coding_Notes\Faunari\data\raw\inat_targeted\Bungarus_fasciatus\175881911.jpg,2022-07-06
inat_targeted,174808044,Bungarus fasciatus,venomous,,https://static.inaturalist.org/photos/303734188/medium.jpeg,E:\Coding_Notes\Faunari\data\raw\inat_targeted\Bungarus_fasciatus\174808044.jpg,2023-04-16
inat_targeted,163789255,Bungarus fasciatus,venomous,,https://static.inaturalist.org/photos/283332108/medium.jpeg,E:\Coding_Notes\Faunari\data\raw\inat_targeted\Bungarus_fasciatus\163789255.jpg,2023-05-26
inat_targeted,157448392,Bungarus fasciatus,venomous,,https://static.inaturalist.org/photos/272236925/medium.jpeg,E:\Coding_Notes\Faunari\data\raw\inat_targeted\Bungarus_fasciatus\157448392.jpg,2023-04-12
inat_targeted,156262855,Bungarus fasciatus,venomous,cc-by-nc,https://inaturalist-open-data.s3.amazonaws.com/photos/270187739/medium.jpeg,E:\Coding_Notes\Faunari\data\raw\inat_targeted\Bungarus_fasciatus\156262855.jpg,2023-04-13
inat_targeted,156045957,Bungarus fasciatus,venomous,cc-by-nc,https://inaturalist-open-data.s3.amazonaws.com/photos/269794772/medium.jpeg,E:\Coding_Notes\Faunari\data\raw\inat_targeted\Bungarus_fasciatus\156045957.jpg,2023-04-22
inat_targeted,151695822,Bungarus fasciatus,venomous,,https://static.inaturalist.org/photos/261787199/medium.jpeg,E:\Coding_Notes\Faunari\data\raw\inat_targeted\Bungarus_fasciatus\151695822.jpg,2021-10-27
inat_targeted,138837543,Bungarus fasciatus,venomous,,https://static.inaturalist.org/photos/237353238/medium.jpeg,E:\Coding_Notes\Faunari\data\raw\inat_targeted\Bungarus_fasciatus\138837543.jpg,2020-06-17
inat_targeted,138583838,Bungarus fasciatus,venomous,,https://static.inaturalist.org/photos/236897731/medium.jpeg,E:\Coding_Notes\Faunari\data\raw\inat_targeted\Bungarus_fasciatus\138583838.jpg,2019-10-29
inat_targeted,137117270,Bungarus fasciatus,venomous,,https://static.inaturalist.org/photos/234122667/medium.jpeg,E:\Coding_Notes\Faunari\data\raw\inat_targeted\Bungarus_fasciatus\137117270.jpg,2022-09-18
inat_targeted,136658715,Bungarus fasciatus,venomous,cc-by-nc,https://inaturalist-open-data.s3.amazonaws.com/photos/233270564/medium.jpeg,E:\Coding_Notes\Faunari\data\raw\inat_targeted\Bungarus_fasciatus\136658715.jpg,2022-08-22
inat_targeted,131431976,Bungarus fasciatus,venomous,cc-by-nc,https://inaturalist-open-data.s3.amazonaws.com/photos/223669747/medium.jpeg,E:\Coding_Notes\Faunari\data\raw\inat_targeted\Bungarus_fasciatus\131431976.jpg,2022-08-19
inat_targeted,130286253,Bungarus fasciatus,venomous,cc-by-nc,https://inaturalist-open-data.s3.amazonaws.com/photos/221541866/medium.jpg,E:\Coding_Notes\Faunari\data\raw\inat_targeted\Bungarus_fasciatus\130286253.jpg,2020-05-28
inat_targeted,126932806,Bungarus fasciatus,venomous,,https://static.inaturalist.org/photos/215432460/medium.jpeg,E:\Coding_Notes\Faunari\data\raw\inat_targeted\Bungarus_fasciatus\126932806.jpg,2022-07-06
inat_targeted,124948546,Bungarus fasciatus,venomous,,https://static.inaturalist.org/photos/211841838/medium.jpeg,E:\Coding_Notes\Faunari\data\raw\inat_targeted\Bungarus_fasciatus\124948546.jpg,2022-07-05
inat_targeted,99071061,Bungarus fasciatus,venomous,cc-by-nc,https://inaturalist-open-data.s3.amazonaws.com/photos/165080184/medium.jpeg,E:\Coding_Notes\Faunari\data\raw\inat_targeted\Bungarus_fasciatus\99071061.jpg,2021-10-18
inat_targeted,97019689,Bungarus fasciatus,venomous,,https://static.inaturalist.org/photos/163734316/medium.jpeg,E:\Coding_Notes\Faunari\data\raw\inat_targeted\Bungarus_fasciatus\97019689.jpg,2021-10-03
inat_targeted,96678513,Bungarus fasciatus,venomous,,https://static.inaturalist.org/photos/160648719/medium.jpeg,E:\Coding_Notes\Faunari\data\raw\inat_targeted\Bungarus_fasciatus\96678513.jpg,2021-07-22
inat_targeted,96554911,Bungarus fasciatus,venomous,cc-by-nc,https://inaturalist-open-data.s3.amazonaws.com/photos/160427984/medium.jpg,E:\Coding_Notes\Faunari\data\raw\inat_targeted\Bungarus_fasciatus\96554911.jpg,2021-09-28
inat_targeted,93150475,Bungarus fasciatus,venomous,,https://static.inaturalist.org/photos/154346446/medium.jpeg,E:\Coding_Notes\Faunari\data\raw\inat_targeted\Bungarus_fasciatus\93150475.jpg,2021-08-31
inat_targeted,91820311,Bungarus fasciatus,venomous,,https://static.inaturalist.org/photos/151943922/medium.jpeg,E:\Coding_Notes\Faunari\data\raw\inat_targeted\Bungarus_fasciatus\91820311.jpg,2021-08-18
inat_targeted,91648098,Bungarus fasciatus,venomous,,https://static.inaturalist.org/photos/151632039/medium.jpeg,E:\Coding_Notes\Faunari\data\raw\inat_targeted\Bungarus_fasciatus\91648098.jpg,2021-08-17
inat_targeted,90860175,Bungarus fasciatus,venomous,,https://static.inaturalist.org/photos/150209550/medium.jpeg,E:\Coding_Notes\Faunari\data\raw\inat_targeted\Bungarus_fasciatus\90860175.jpg,2021-08-09
inat_targeted,90796464,Bungarus fasciatus,venomous,,https://static.inaturalist.org/photos/150092839/medium.jpeg,E:\Coding_Notes\Faunari\data\raw\inat_targeted\Bungarus_fasciatus\90796464.jpg,2021-08-11
inat_targeted,87564991,Bungarus fasciatus,venomous,cc-by-nc,https://inaturalist-open-data.s3.amazonaws.com/photos/144382117/medium.jpeg,E:\Coding_Notes\Faunari\data\raw\inat_targeted\Bungarus_fasciatus\87564991.jpg,2017-11-08
inat_targeted,86832636,Bungarus fasciatus,venomous,cc-by-nc,https://inaturalist-open-data.s3.amazonaws.com/photos/143117648/medium.png,E:\Coding_Notes\Faunari\data\raw\inat_targeted\Bungarus_fasciatus\86832636.jpg,2018-07-12
inat_targeted,79648765,Bungarus fasciatus,venomous,cc-by-nc,https://inaturalist-open-data.s3.amazonaws.com/photos/130474227/medium.jpg,E:\Coding_Notes\Faunari\data\raw\inat_targeted\Bungarus_fasciatus\79648765.jpg,2021-05-18
inat_targeted,79590641,Bungarus fasciatus,venomous,cc-by-nc,https://inaturalist-open-data.s3.amazonaws.com/photos/130376089/medium.jpeg,E:\Coding_Notes\Faunari\data\raw\inat_targeted\Bungarus_fasciatus\79590641.jpg,2021-05-21
inat_targeted,65989082,Bungarus fasciatus,venomous,,https://static.inaturalist.org/photos/106285837/medium.jpeg,E:\Coding_Notes\Faunari\data\raw\inat_targeted\Bungarus_fasciatus\65989082.jpg,2020-11-30
inat_targeted,65278959,Bungarus fasciatus,venomous,cc-by-nc,https://inaturalist-open-data.s3.amazonaws.com/photos/105038224/medium.jpeg,E:\Coding_Notes\Faunari\data\raw\inat_targeted\Bungarus_fasciatus\65278959.jpg,2011-08-13
inat_targeted,63060460,Bungarus fasciatus,venomous,,https://static.inaturalist.org/photos/101143877/medium.jpeg,E:\Coding_Notes\Faunari\data\raw\inat_targeted\Bungarus_fasciatus\63060460.jpg,2020-10-20
inat_targeted,62372260,Bungarus fasciatus,venomous,,https://static.inaturalist.org/photos/99925131/medium.jpeg,E:\Coding_Notes\Faunari\data\raw\inat_targeted\Bungarus_fasciatus\62372260.jpg,2019-10-12
inat_targeted,59882897,Bungarus fasciatus,venomous,cc-by-nc,https://inaturalist-open-data.s3.amazonaws.com/photos/95717041/medium.jpeg,E:\Coding_Notes\Faunari\data\raw\inat_targeted\Bungarus_fasciatus\59882897.jpg,2016-12-04
inat_targeted,59563338,Bungarus fasciatus,venomous,,https://static.inaturalist.org/photos/95180939/medium.jpeg,E:\Coding_Notes\Faunari\data\raw\inat_targeted\Bungarus_fasciatus\59563338.jpg,2020-07-03
inat_targeted,57898337,Bungarus fasciatus,venomous,,https://static.inaturalist.org/photos/92392494/medium.jpeg,E:\Coding_Notes\Faunari\data\raw\inat_targeted\Bungarus_fasciatus\57898337.jpg,2011-12-01
inat_targeted,55484390,Bungarus fasciatus,venomous,cc-by-nc,https://inaturalist-open-data.s3.amazonaws.com/photos/88354123/medium.jpeg,E:\Coding_Notes\Faunari\data\raw\inat_targeted\Bungarus_fasciatus\55484390.jpg,2015-11-16
inat_targeted,52813781,Bungarus fasciatus,venomous,,https://static.inaturalist.org/photos/83977004/medium.jpg,E:\Coding_Notes\Faunari\data\raw\inat_targeted\Bungarus_fasciatus\52813781.jpg,2020-07-12
inat_targeted,52439498,Bungarus fasciatus,venomous,cc-by-nc,https://inaturalist-open-data.s3.amazonaws.com/photos/83361868/medium.jpg,E:\Coding_Notes\Faunari\data\raw\inat_targeted\Bungarus_fasciatus\52439498.jpg,2020-06-16
inat_targeted,52319479,Bungarus fasciatus,venomous,,https://static.inaturalist.org/photos/83163742/medium.jpg,E:\Coding_Notes\Faunari\data\raw\inat_targeted\Bungarus_fasciatus\52319479.jpg,2020-07-08
inat_targeted,51205213,Bungarus fasciatus,venomous,,https://static.inaturalist.org/photos/81341505/medium.jpg,E:\Coding_Notes\Faunari\data\raw\inat_targeted\Bungarus_fasciatus\51205213.jpg,2020-03-15
inat_targeted,49563463,Bungarus fasciatus,venomous,cc-by,https://inaturalist-open-data.s3.amazonaws.com/photos/78681196/medium.jpg,E:\Coding_Notes\Faunari\data\raw\inat_targeted\Bungarus_fasciatus\49563463.jpg,2001-01-15
inat_targeted,49208998,Bungarus fasciatus,venomous,,https://static.inaturalist.org/photos/78123120/medium.jpeg,E:\Coding_Notes\Faunari\data\raw\inat_targeted\Bungarus_fasciatus\49208998.jpg,2013-08-02
inat_targeted,45854453,Bungarus fasciatus,venomous,cc-by-sa,https://inaturalist-open-data.s3.amazonaws.com/photos/72725308/medium.jpeg,E:\Coding_Notes\Faunari\data\raw\inat_targeted\Bungarus_fasciatus\45854453.jpg,2017-12-21
inat_targeted,42865975,Bungarus fasciatus,venomous,cc-by-nc,https://inaturalist-open-data.s3.amazonaws.com/photos/68068498/medium.jpeg,E:\Coding_Notes\Faunari\data\raw\inat_targeted\Bungarus_fasciatus\42865975.jpg,2018-03-29
inat_targeted,34595640,Bungarus fasciatus,venomous,cc-by-nc,https://inaturalist-open-data.s3.amazonaws.com/photos/54461965/medium.jpeg,E:\Coding_Notes\Faunari\data\raw\inat_targeted\Bungarus_fasciatus\34595640.jpg,2019-10-17
inat_targeted,33736844,Bungarus fasciatus,venomous,cc-by-nc,https://inaturalist-open-data.s3.amazonaws.com/photos/53017740/medium.jpg,E:\Coding_Notes\Faunari\data\raw\inat_targeted\Bungarus_fasciatus\33736844.jpg,2019-10-01
inat_targeted,33736843,Bungarus fasciatus,venomous,cc-by-nc,https://inaturalist-open-data.s3.amazonaws.com/photos/53017729/medium.jpg,E:\Coding_Notes\Faunari\data\raw\inat_targeted\Bungarus_fasciatus\33736843.jpg,2019-10-01
inat_targeted,32236260,Bungarus fasciatus,venomous,cc-by-nc,https://inaturalist-open-data.s3.amazonaws.com/photos/50542510/medium.jpeg,E:\Coding_Notes\Faunari\data\raw\inat_targeted\Bungarus_fasciatus\32236260.jpg,2019-06-22
inat_targeted,13879804,Bungarus fasciatus,venomous,cc-by-nc,https://inaturalist-open-data.s3.amazonaws.com/photos/20493897/medium.jpeg,E:\Coding_Notes\Faunari\data\raw\inat_targeted\Bungarus_fasciatus\13879804.jpg,2018-06-28
inat_targeted,13371497,Bungarus fasciatus,venomous,cc-by-nc-nd,https://inaturalist-open-data.s3.amazonaws.com/photos/43293107/medium.jpeg,E:\Coding_Notes\Faunari\data\raw\inat_targeted\Bungarus_fasciatus\13371497.jpg,2018-06-03
inat_targeted,126214,Bungarus fasciatus,venomous,cc-by-nc-sa,https://inaturalist-open-data.s3.amazonaws.com/photos/178643/medium.jpg,E:\Coding_Notes\Faunari\data\raw\inat_targeted\Bungarus_fasciatus\126214.jpg,2012-09-19
inat_targeted,375254879,Daboia russelii,venomous,cc-by-nc,https://inaturalist-open-data.s3.amazonaws.com/photos/685980465/medium.jpg,E:\Coding_Notes\Faunari\data\raw\inat_targeted\Daboia_russelii\375254879.jpg,2026-06-24
inat_targeted,374683309,Daboia russelii,venomous,cc-by-nc,https://inaturalist-open-data.s3.amazonaws.com/photos/684871688/medium.jpg,E:\Coding_Notes\Faunari\data\raw\inat_targeted\Daboia_russelii\374683309.jpg,2026-06-19
inat_targeted,374682582,Daboia russelii,venomous,cc-by-nc,https://inaturalist-open-data.s3.amazonaws.com/photos/684870314/medium.jpg,E:\Coding_Notes\Faunari\data\raw\inat_targeted\Daboia_russelii\374682582.jpg,2026-06-18
inat_targeted,374644592,Daboia russelii,venomous,cc-by-nc,https://inaturalist-open-data.s3.amazonaws.com/photos/684799755/medium.jpg,E:\Coding_Notes\Faunari\data\raw\inat_targeted\Daboia_russelii\374644592.jpg,2026-06-23
inat_targeted,374580911,Daboia russelii,venomous,cc-by-nc,https://inaturalist-open-data.s3.amazonaws.com/photos/684681377/medium.jpg,E:\Coding_Notes\Faunari\data\raw\inat_targeted\Daboia_russelii\374580911.jpg,2026-06-23
inat_targeted,374491369,Daboia russelii,venomous,cc-by,https://inaturalist-open-data.s3.amazonaws.com/photos/684507641/medium.jpg,E:\Coding_Notes\Faunari\data\raw\inat_targeted\Daboia_russelii\374491369.jpg,2026-06-23
inat_targeted,374307162,Daboia russelii,venomous,cc-by-nc,https://inaturalist-open-data.s3.amazonaws.com/photos/684146598/medium.jpg,E:\Coding_Notes\Faunari\data\raw\inat_targeted\Daboia_russelii\374307162.jpg,2026-06-04
inat_targeted,345240568,Daboia russelii,venomous,,https://static.inaturalist.org/photos/629148897/medium.jpg,E:\Coding_Notes\Faunari\data\raw\inat_targeted\Daboia_russelii\345240568.jpg,2024-06-10
inat_targeted,343752865,Daboia russelii,venomous,,https://static.inaturalist.org/photos/626246589/medium.jpg,E:\Coding_Notes\Faunari\data\raw\inat_targeted\Daboia_russelii\343752865.jpg,2026-03-19
inat_targeted,343322490,Daboia russelii,venomous,cc-by-nc,https://inaturalist-open-data.s3.amazonaws.com/photos/625369464/medium.jpg,E:\Coding_Notes\Faunari\data\raw\inat_targeted\Daboia_russelii\343322490.jpg,2026-03-16
inat_targeted,343263692,Daboia russelii,venomous,cc-by-nc,https://inaturalist-open-data.s3.amazonaws.com/photos/625251484/medium.jpg,E:\Coding_Notes\Faunari\data\raw\inat_targeted\Daboia_russelii\343263692.jpg,2026-03-16
inat_targeted,342847985,Daboia russelii,venomous,cc-by-nc,https://inaturalist-open-data.s3.amazonaws.com/photos/624408970/medium.jpg,E:\Coding_Notes\Faunari\data\raw\inat_targeted\Daboia_russelii\342847985.jpg,2025-06-20
inat_targeted,342052998,Daboia russelii,venomous,cc0,https://inaturalist-open-data.s3.amazonaws.com/photos/622819349/medium.jpg,E:\Coding_Notes\Faunari\data\raw\inat_targeted\Daboia_russelii\342052998.jpg,2026-03-09
inat_targeted,341529352,Daboia russelii,venomous,cc-by-nc,https://inaturalist-open-data.s3.amazonaws.com/photos/621759646/medium.jpg,E:\Coding_Notes\Faunari\data\raw\inat_targeted\Daboia_russelii\341529352.jpg,2024-09-24
inat_targeted,340565454,Daboia russelii,venomous,cc-by-nc,https://inaturalist-open-data.s3.amazonaws.com/photos/619784999/medium.jpg,E:\Coding_Notes\Faunari\data\raw\inat_targeted\Daboia_russelii\340565454.jpg,2011-03-24
inat_targeted,340440219,Daboia russelii,venomous,,https://static.inaturalist.org/photos/619532079/medium.jpg,E:\Coding_Notes\Faunari\data\raw\inat_targeted\Daboia_russelii\340440219.jpg,2026-02-27
inat_targeted,340406447,Daboia russelii,venomous,,https://static.inaturalist.org/photos/619464287/medium.jpg,E:\Coding_Notes\Faunari\data\raw\inat_targeted\Daboia_russelii\340406447.jpg,2026-02-26
inat_targeted,340269678,Daboia russelii,venomous,,https://static.inaturalist.org/photos/619186594/medium.jpg,E:\Coding_Notes\Faunari\data\raw\inat_targeted\Daboia_russelii\340269678.jpg,2026-02-20
inat_targeted,340261275,Daboia russelii,venomous,cc-by-nc,https://inaturalist-open-data.s3.amazonaws.com/photos/619171239/medium.jpg,E:\Coding_Notes\Faunari\data\raw\inat_targeted\Daboia_russelii\340261275.jpg,2026-02-19
inat_targeted,340056169,Daboia russelii,venomous,,https://static.inaturalist.org/photos/618745269/medium.jpg,E:\Coding_Notes\Faunari\data\raw\inat_targeted\Daboia_russelii\340056169.jpg,2026-02-19
inat_targeted,340054539,Daboia russelii,venomous,,https://static.inaturalist.org/photos/618741801/medium.jpg,E:\Coding_Notes\Faunari\data\raw\inat_targeted\Daboia_russelii\340054539.jpg,2026-02-24
inat_targeted,339280113,Daboia russelii,venomous,cc-by,https://inaturalist-open-data.s3.amazonaws.com/photos/617167812/medium.jpg,E:\Coding_Notes\Faunari\data\raw\inat_targeted\Daboia_russelii\339280113.jpg,2026-02-19
inat_targeted,339131699,Daboia russelii,venomous,cc-by-nc,https://inaturalist-open-data.s3.amazonaws.com/photos/616860272/medium.jpg,E:\Coding_Notes\Faunari\data\raw\inat_targeted\Daboia_russelii\339131699.jpg,2026-02-10
inat_targeted,339038880,Daboia russelii,venomous,cc-by-nc,https://inaturalist-open-data.s3.amazonaws.com/photos/616667427/medium.jpg,E:\Coding_Notes\Faunari\data\raw\inat_targeted\Daboia_russelii\339038880.jpg,2026-02-17
inat_targeted,339034881,Daboia russelii,venomous,cc-by-nc,https://inaturalist-open-data.s3.amazonaws.com/photos/616659449/medium.jpg,E:\Coding_Notes\Faunari\data\raw\inat_targeted\Daboia_russelii\339034881.jpg,2026-02-17
inat_targeted,339004205,Daboia russelii,venomous,,https://static.inaturalist.org/photos/616598318/medium.jpg,E:\Coding_Notes\Faunari\data\raw\inat_targeted\Daboia_russelii\339004205.jpg,2020-09-15
inat_targeted,338849938,Daboia russelii,venomous,cc-by-nc,https://inaturalist-open-data.s3.amazonaws.com/photos/616301448/medium.jpg,E:\Coding_Notes\Faunari\data\raw\inat_targeted\Daboia_russelii\338849938.jpg,2026-02-01
inat_targeted,338747558,Daboia russelii,venomous,,https://static.inaturalist.org/photos/616093205/medium.jpg,E:\Coding_Notes\Faunari\data\raw\inat_targeted\Daboia_russelii\338747558.jpg,2026-02-15
inat_targeted,338389958,Daboia russelii,venomous,cc-by-nc,https://inaturalist-open-data.s3.amazonaws.com/photos/615374563/medium.jpg,E:\Coding_Notes\Faunari\data\raw\inat_targeted\Daboia_russelii\338389958.jpg,2025-12-28
inat_targeted,337817840,Daboia russelii,venomous,cc-by-nc,https://inaturalist-open-data.s3.amazonaws.com/photos/614198979/medium.jpg,E:\Coding_Notes\Faunari\data\raw\inat_targeted\Daboia_russelii\337817840.jpg,2026-01-05
inat_targeted,337496032,Daboia russelii,venomous,,https://static.inaturalist.org/photos/613540881/medium.jpg,E:\Coding_Notes\Faunari\data\raw\inat_targeted\Daboia_russelii\337496032.jpg,2026-02-04
inat_targeted,337105495,Daboia russelii,venomous,cc-by-nc,https://inaturalist-open-data.s3.amazonaws.com/photos/612738166/medium.jpg,E:\Coding_Notes\Faunari\data\raw\inat_targeted\Daboia_russelii\337105495.jpg,2026-02-02
inat_targeted,337072072,Daboia russelii,venomous,cc-by-nc,https://inaturalist-open-data.s3.amazonaws.com/photos/612672808/medium.jpg,E:\Coding_Notes\Faunari\data\raw\inat_targeted\Daboia_russelii\337072072.jpg,2023-10-25
inat_targeted,337063079,Daboia russelii,venomous,cc-by-nc,https://inaturalist-open-data.s3.amazonaws.com/photos/612653215/medium.jpg,E:\Coding_Notes\Faunari\data\raw\inat_targeted\Daboia_russelii\337063079.jpg,2022-03-10
inat_targeted,337053241,Daboia russelii,venomous,,https://static.inaturalist.org/photos/612633281/medium.jpg,E:\Coding_Notes\Faunari\data\raw\inat_targeted\Daboia_russelii\337053241.jpg,2026-02-02
inat_targeted,336763250,Daboia russelii,venomous,,https://static.inaturalist.org/photos/612041322/medium.jpg,E:\Coding_Notes\Faunari\data\raw\inat_targeted\Daboia_russelii\336763250.jpg,2026-01-30
inat_targeted,336693132,Daboia russelii,venomous,cc-by,https://inaturalist-open-data.s3.amazonaws.com/photos/611900545/medium.jpg,E:\Coding_Notes\Faunari\data\raw\inat_targeted\Daboia_russelii\336693132.jpg,2026-01-30
inat_targeted,336368686,Daboia russelii,venomous,,https://static.inaturalist.org/photos/611238532/medium.jpg,E:\Coding_Notes\Faunari\data\raw\inat_targeted\Daboia_russelii\336368686.jpg,2025-11-17
inat_targeted,336368574,Daboia russelii,venomous,,https://static.inaturalist.org/photos/611238355/medium.jpg,E:\Coding_Notes\Faunari\data\raw\inat_targeted\Daboia_russelii\336368574.jpg,2025-11-09
inat_targeted,336112544,Daboia russelii,venomous,cc-by-nc,https://inaturalist-open-data.s3.amazonaws.com/photos/610726292/medium.jpg,E:\Coding_Notes\Faunari\data\raw\inat_targeted\Daboia_russelii\336112544.jpg,2026-01-25
inat_targeted,336063710,Daboia russelii,venomous,,https://static.inaturalist.org/photos/610627910/medium.jpg,E:\Coding_Notes\Faunari\data\raw\inat_targeted\Daboia_russelii\336063710.jpg,2026-01-20
inat_targeted,335982591,Daboia russelii,venomous,cc-by-nc,https://inaturalist-open-data.s3.amazonaws.com/photos/610466248/medium.jpg,E:\Coding_Notes\Faunari\data\raw\inat_targeted\Daboia_russelii\335982591.jpg,2026-01-24
inat_targeted,335854010,Daboia russelii,venomous,,https://static.inaturalist.org/photos/610212343/medium.jpg,E:\Coding_Notes\Faunari\data\raw\inat_targeted\Daboia_russelii\335854010.jpg,2025-12-22
inat_targeted,335845795,Daboia russelii,venomous,cc-by,https://inaturalist-open-data.s3.amazonaws.com/photos/610194826/medium.jpg,E:\Coding_Notes\Faunari\data\raw\inat_targeted\Daboia_russelii\335845795.jpg,2026-01-22
inat_targeted,335797815,Daboia russelii,venomous,,https://static.inaturalist.org/photos/610096341/medium.jpg,E:\Coding_Notes\Faunari\data\raw\inat_targeted\Daboia_russelii\335797815.jpg,2013-08-23
inat_targeted,335714242,Daboia russelii,venomous,cc-by,https://inaturalist-open-data.s3.amazonaws.com/photos/609929326/medium.jpg,E:\Coding_Notes\Faunari\data\raw\inat_targeted\Daboia_russelii\335714242.jpg,2026-01-22
inat_targeted,335375169,Daboia russelii,venomous,,https://static.inaturalist.org/photos/609244572/medium.jpg,E:\Coding_Notes\Faunari\data\raw\inat_targeted\Daboia_russelii\335375169.jpg,2025-05-08
inat_targeted,335323318,Daboia russelii,venomous,,https://static.inaturalist.org/photos/609140093/medium.jpg,E:\Coding_Notes\Faunari\data\raw\inat_targeted\Daboia_russelii\335323318.jpg,2026-01-19
inat_targeted,335102807,Daboia russelii,venomous,cc-by-nc,https://inaturalist-open-data.s3.amazonaws.com/photos/608698472/medium.jpg,E:\Coding_Notes\Faunari\data\raw\inat_targeted\Daboia_russelii\335102807.jpg,2026-01-17
inat_targeted,335086499,Daboia russelii,venomous,cc-by-nc,https://inaturalist-open-data.s3.amazonaws.com/photos/608666875/medium.jpg,E:\Coding_Notes\Faunari\data\raw\inat_targeted\Daboia_russelii\335086499.jpg,2026-01-17
inat_targeted,334627162,Daboia russelii,venomous,cc-by-nc,https://inaturalist-open-data.s3.amazonaws.com/photos/607724672/medium.jpg,E:\Coding_Notes\Faunari\data\raw\inat_targeted\Daboia_russelii\334627162.jpg,2024-01-15
inat_targeted,334582544,Daboia russelii,venomous,cc-by-nc,https://inaturalist-open-data.s3.amazonaws.com/photos/607635625/medium.jpg,E:\Coding_Notes\Faunari\data\raw\inat_targeted\Daboia_russelii\334582544.jpg,2025-03-19
inat_targeted,334510238,Daboia russelii,venomous,cc-by,https://inaturalist-open-data.s3.amazonaws.com/photos/607485309/medium.jpg,E:\Coding_Notes\Faunari\data\raw\inat_targeted\Daboia_russelii\334510238.jpg,2025-11-27
inat_targeted,334509193,Daboia russelii,venomous,cc-by,https://inaturalist-open-data.s3.amazonaws.com/photos/607483391/medium.jpg,E:\Coding_Notes\Faunari\data\raw\inat_targeted\Daboia_russelii\334509193.jpg,2025-12-17
inat_targeted,334499940,Daboia russelii,venomous,cc-by-nc,https://inaturalist-open-data.s3.amazonaws.com/photos/607465042/medium.jpg,E:\Coding_Notes\Faunari\data\raw\inat_targeted\Daboia_russelii\334499940.jpg,2023-01-16
inat_targeted,334185994,Daboia russelii,venomous,cc-by-nc,https://inaturalist-open-data.s3.amazonaws.com/photos/606824591/medium.jpg,E:\Coding_Notes\Faunari\data\raw\inat_targeted\Daboia_russelii\334185994.jpg,2026-01-07
inat_targeted,334090382,Daboia russelii,venomous,cc-by,https://inaturalist-open-data.s3.amazonaws.com/photos/606630890/medium.jpg,E:\Coding_Notes\Faunari\data\raw\inat_targeted\Daboia_russelii\334090382.jpg,2026-01-08
inat_targeted,334054123,Daboia russelii,venomous,cc-by-nc,https://inaturalist-open-data.s3.amazonaws.com/photos/606558371/medium.jpg,E:\Coding_Notes\Faunari\data\raw\inat_targeted\Daboia_russelii\334054123.jpg,2026-01-04
inat_targeted,333981871,Daboia russelii,venomous,cc-by,https://inaturalist-open-data.s3.amazonaws.com/photos/606408760/medium.jpg,E:\Coding_Notes\Faunari\data\raw\inat_targeted\Daboia_russelii\333981871.jpg,2026-01-08
inat_targeted,333586875,Daboia russelii,venomous,,https://static.inaturalist.org/photos/605665730/medium.jpg,E:\Coding_Notes\Faunari\data\raw\inat_targeted\Daboia_russelii\333586875.jpg,2025-12-31
inat_targeted,333439155,Daboia russelii,venomous,cc-by-nc,https://inaturalist-open-data.s3.amazonaws.com/photos/605357130/medium.jpg,E:\Coding_Notes\Faunari\data\raw\inat_targeted\Daboia_russelii\333439155.jpg,2026-01-03
inat_targeted,332883408,Daboia russelii,venomous,,https://static.inaturalist.org/photos/604223208/medium.jpg,E:\Coding_Notes\Faunari\data\raw\inat_targeted\Daboia_russelii\332883408.jpg,2025-12-30
inat_targeted,332129464,Daboia russelii,venomous,,https://static.inaturalist.org/photos/602678495/medium.jpg,E:\Coding_Notes\Faunari\data\raw\inat_targeted\Daboia_russelii\332129464.jpg,2025-12-26
inat_targeted,332122547,Daboia russelii,venomous,,https://static.inaturalist.org/photos/602659355/medium.jpg,E:\Coding_Notes\Faunari\data\raw\inat_targeted\Daboia_russelii\332122547.jpg,2025-12-24
inat_targeted,332050055,Daboia russelii,venomous,cc-by,https://inaturalist-open-data.s3.amazonaws.com/photos/602513492/medium.jpg,E:\Coding_Notes\Faunari\data\raw\inat_targeted\Daboia_russelii\332050055.jpg,2025-12-25
inat_targeted,331158732,Daboia russelii,venomous,,https://static.inaturalist.org/photos/600684514/medium.jpg,E:\Coding_Notes\Faunari\data\raw\inat_targeted\Daboia_russelii\331158732.jpg,2025-12-17
inat_targeted,330601334,Daboia russelii,venomous,cc-by,https://inaturalist-open-data.s3.amazonaws.com/photos/599533162/medium.jpg,E:\Coding_Notes\Faunari\data\raw\inat_targeted\Daboia_russelii\330601334.jpg,2025-12-13
inat_targeted,330470429,Daboia russelii,venomous,,https://static.inaturalist.org/photos/599258500/medium.jpg,E:\Coding_Notes\Faunari\data\raw\inat_targeted\Daboia_russelii\330470429.jpg,2025-11-12
inat_targeted,329807839,Daboia russelii,venomous,,https://static.inaturalist.org/photos/597910812/medium.jpg,E:\Coding_Notes\Faunari\data\raw\inat_targeted\Daboia_russelii\329807839.jpg,2025-12-01
inat_targeted,329682070,Daboia russelii,venomous,cc-by-nc,https://inaturalist-open-data.s3.amazonaws.com/photos/597657429/medium.jpg,E:\Coding_Notes\Faunari\data\raw\inat_targeted\Daboia_russelii\329682070.jpg,2020-06-20
inat_targeted,329585232,Daboia russelii,venomous,cc-by-nc,https://inaturalist-open-data.s3.amazonaws.com/photos/597464795/medium.jpg,E:\Coding_Notes\Faunari\data\raw\inat_targeted\Daboia_russelii\329585232.jpg,2025-10-06
inat_targeted,329429851,Daboia russelii,venomous,,https://static.inaturalist.org/photos/597150326/medium.jpg,E:\Coding_Notes\Faunari\data\raw\inat_targeted\Daboia_russelii\329429851.jpg,2025-12-04
inat_targeted,329349667,Daboia russelii,venomous,cc-by-nc,https://inaturalist-open-data.s3.amazonaws.com/photos/596987190/medium.jpg,E:\Coding_Notes\Faunari\data\raw\inat_targeted\Daboia_russelii\329349667.jpg,2025-12-03
inat_targeted,329171630,Daboia russelii,venomous,,https://static.inaturalist.org/photos/596648581/medium.jpg,E:\Coding_Notes\Faunari\data\raw\inat_targeted\Daboia_russelii\329171630.jpg,2025-12-02
inat_targeted,329060640,Daboia russelii,venomous,cc-by-nc,https://inaturalist-open-data.s3.amazonaws.com/photos/596407502/medium.jpg,E:\Coding_Notes\Faunari\data\raw\inat_targeted\Daboia_russelii\329060640.jpg,2025-12-01
inat_targeted,329027410,Daboia russelii,venomous,cc-by-nc,https://inaturalist-open-data.s3.amazonaws.com/photos/596341049/medium.jpg,E:\Coding_Notes\Faunari\data\raw\inat_targeted\Daboia_russelii\329027410.jpg,2025-10-10
inat_targeted,328737984,Daboia russelii,venomous,,https://static.inaturalist.org/photos/595760309/medium.jpg,E:\Coding_Notes\Faunari\data\raw\inat_targeted\Daboia_russelii\328737984.jpg,2013-12-08
inat_targeted,328440880,Daboia russelii,venomous,cc-by-nc,https://inaturalist-open-data.s3.amazonaws.com/photos/595157359/medium.jpg,E:\Coding_Notes\Faunari\data\raw\inat_targeted\Daboia_russelii\328440880.jpg,2025-11-06
inat_targeted,328280108,Daboia russelii,venomous,cc-by-nc,https://inaturalist-open-data.s3.amazonaws.com/photos/594832325/medium.jpg,E:\Coding_Notes\Faunari\data\raw\inat_targeted\Daboia_russelii\328280108.jpg,2025-11-26
inat_targeted,328196470,Daboia russelii,venomous,cc-by-nc,https://inaturalist-open-data.s3.amazonaws.com/photos/594667006/medium.jpg,E:\Coding_Notes\Faunari\data\raw\inat_targeted\Daboia_russelii\328196470.jpg,2025-11-25
inat_targeted,328177461,Daboia russelii,venomous,cc-by-nc,https://inaturalist-open-data.s3.amazonaws.com/photos/594631191/medium.jpg,E:\Coding_Notes\Faunari\data\raw\inat_targeted\Daboia_russelii\328177461.jpg,2025-11-25
inat_targeted,328001420,Daboia russelii,venomous,cc-by-nc,https://inaturalist-open-data.s3.amazonaws.com/photos/594281253/medium.jpg,E:\Coding_Notes\Faunari\data\raw\inat_targeted\Daboia_russelii\328001420.jpg,2025-11-24
inat_targeted,327656883,Daboia russelii,venomous,,https://static.inaturalist.org/photos/593644782/medium.jpg,E:\Coding_Notes\Faunari\data\raw\inat_targeted\Daboia_russelii\327656883.jpg,2025-11-22
inat_targeted,327632848,Daboia russelii,venomous,cc-by-nc,https://inaturalist-open-data.s3.amazonaws.com/photos/593596924/medium.jpg,E:\Coding_Notes\Faunari\data\raw\inat_targeted\Daboia_russelii\327632848.jpg,2025-09-07
inat_targeted,327619679,Daboia russelii,venomous,cc-by-nc,https://inaturalist-open-data.s3.amazonaws.com/photos/593570616/medium.jpg,E:\Coding_Notes\Faunari\data\raw\inat_targeted\Daboia_russelii\327619679.jpg,2025-11-21
inat_targeted,327597919,Daboia russelii,venomous,cc-by-nc,https://inaturalist-open-data.s3.amazonaws.com/photos/593526944/medium.jpg,E:\Coding_Notes\Faunari\data\raw\inat_targeted\Daboia_russelii\327597919.jpg,2025-11-22
inat_targeted,327589934,Daboia russelii,venomous,cc-by-nc,https://inaturalist-open-data.s3.amazonaws.com/photos/593511327/medium.jpg,E:\Coding_Notes\Faunari\data\raw\inat_targeted\Daboia_russelii\327589934.jpg,2025-11-22
inat_targeted,327545022,Daboia russelii,venomous,,https://static.inaturalist.org/photos/593425192/medium.jpg,E:\Coding_Notes\Faunari\data\raw\inat_targeted\Daboia_russelii\327545022.jpg,2025-11-21
inat_targeted,327530972,Daboia russelii,venomous,cc-by-nc,https://inaturalist-open-data.s3.amazonaws.com/photos/593398045/medium.jpg,E:\Coding_Notes\Faunari\data\raw\inat_targeted\Daboia_russelii\327530972.jpg,2025-11-21
inat_targeted,327490680,Daboia russelii,venomous,cc-by-nc,https://inaturalist-open-data.s3.amazonaws.com/photos/593319450/medium.jpg,E:\Coding_Notes\Faunari\data\raw\inat_targeted\Daboia_russelii\327490680.jpg,2025-11-21
inat_targeted,327343377,Daboia russelii,venomous,cc-by-nc,https://inaturalist-open-data.s3.amazonaws.com/photos/593023127/medium.jpg,E:\Coding_Notes\Faunari\data\raw\inat_targeted\Daboia_russelii\327343377.jpg,2025-11-20
inat_targeted,327343376,Daboia russelii,venomous,cc-by-nc,https://inaturalist-open-data.s3.amazonaws.com/photos/593023124/medium.jpg,E:\Coding_Notes\Faunari\data\raw\inat_targeted\Daboia_russelii\327343376.jpg,2025-11-20
inat_targeted,326979412,Daboia russelii,venomous,cc-by-nc,https://inaturalist-open-data.s3.amazonaws.com/photos/592296875/medium.jpg,E:\Coding_Notes\Faunari\data\raw\inat_targeted\Daboia_russelii\326979412.jpg,2025-09-25
inat_targeted,326940853,Daboia russelii,venomous,,https://static.inaturalist.org/photos/592221862/medium.jpg,E:\Coding_Notes\Faunari\data\raw\inat_targeted\Daboia_russelii\326940853.jpg,2025-11-12
inat_targeted,326766797,Daboia russelii,venomous,,https://static.inaturalist.org/photos/591876560/medium.jpg,E:\Coding_Notes\Faunari\data\raw\inat_targeted\Daboia_russelii\326766797.jpg,2025-11-16
inat_targeted,326341045,Daboia russelii,venomous,cc-by-nc,https://inaturalist-open-data.s3.amazonaws.com/photos/591022062/medium.jpg,E:\Coding_Notes\Faunari\data\raw\inat_targeted\Daboia_russelii\326341045.jpg,2025-11-13
inat_targeted,326215358,Daboia russelii,venomous,cc-by-nc,https://inaturalist-open-data.s3.amazonaws.com/photos/590776465/medium.jpg,E:\Coding_Notes\Faunari\data\raw\inat_targeted\Daboia_russelii\326215358.jpg,2025-06-30
inat_targeted,325849620,Daboia russelii,venomous,cc-by-nc,https://inaturalist-open-data.s3.amazonaws.com/photos/590047065/medium.jpg,E:\Coding_Notes\Faunari\data\raw\inat_targeted\Daboia_russelii\325849620.jpg,2025-11-10
inat_targeted,325702797,Daboia russelii,venomous,cc-by-nc,https://inaturalist-open-data.s3.amazonaws.com/photos/589752003/medium.jpg,E:\Coding_Notes\Faunari\data\raw\inat_targeted\Daboia_russelii\325702797.jpg,2025-06-27
inat_targeted,325446695,Daboia russelii,venomous,,https://static.inaturalist.org/photos/589246618/medium.jpg,E:\Coding_Notes\Faunari\data\raw\inat_targeted\Daboia_russelii\325446695.jpg,2025-11-08
inat_targeted,325284146,Daboia russelii,venomous,,https://static.inaturalist.org/photos/588916942/medium.jpg,E:\Coding_Notes\Faunari\data\raw\inat_targeted\Daboia_russelii\325284146.jpg,2025-07-11
inat_targeted,325170258,Daboia russelii,venomous,,https://static.inaturalist.org/photos/588693281/medium.jpg,E:\Coding_Notes\Faunari\data\raw\inat_targeted\Daboia_russelii\325170258.jpg,2025-11-06
inat_targeted,324783758,Daboia russelii,venomous,cc-by-nc,https://inaturalist-open-data.s3.amazonaws.com/photos/587922650/medium.jpg,E:\Coding_Notes\Faunari\data\raw\inat_targeted\Daboia_russelii\324783758.jpg,2025-11-03
inat_targeted,324576680,Daboia russelii,venomous,cc-by-nc,https://inaturalist-open-data.s3.amazonaws.com/photos/587498865/medium.jpg,E:\Coding_Notes\Faunari\data\raw\inat_targeted\Daboia_russelii\324576680.jpg,2025-11-02
inat_targeted,323805796,Daboia russelii,venomous,cc-by-nc,https://inaturalist-open-data.s3.amazonaws.com/photos/585967968/medium.jpg,E:\Coding_Notes\Faunari\data\raw\inat_targeted\Daboia_russelii\323805796.jpg,2025-10-28
inat_targeted,323272542,Daboia russelii,venomous,,https://static.inaturalist.org/photos/584910768/medium.jpg,E:\Coding_Notes\Faunari\data\raw\inat_targeted\Daboia_russelii\323272542.jpg,2019-04-11
inat_targeted,323271809,Daboia russelii,venomous,,https://static.inaturalist.org/photos/584909288/medium.jpg,E:\Coding_Notes\Faunari\data\raw\inat_targeted\Daboia_russelii\323271809.jpg,2019-04-19
inat_targeted,323270844,Daboia russelii,venomous,,https://static.inaturalist.org/photos/584906893/medium.jpg,E:\Coding_Notes\Faunari\data\raw\inat_targeted\Daboia_russelii\323270844.jpg,2019-04-10
inat_targeted,323269370,Daboia russelii,venomous,,https://static.inaturalist.org/photos/584904963/medium.jpg,E:\Coding_Notes\Faunari\data\raw\inat_targeted\Daboia_russelii\323269370.jpg,2017-11-26
inat_targeted,323266461,Daboia russelii,venomous,,https://static.inaturalist.org/photos/584899248/medium.jpg,E:\Coding_Notes\Faunari\data\raw\inat_targeted\Daboia_russelii\323266461.jpg,2017-11-17
inat_targeted,323265872,Daboia russelii,venomous,,https://static.inaturalist.org/photos/584898089/medium.jpg,E:\Coding_Notes\Faunari\data\raw\inat_targeted\Daboia_russelii\323265872.jpg,2015-06-17
inat_targeted,322902614,Daboia russelii,venomous,cc-by-nc,https://inaturalist-open-data.s3.amazonaws.com/photos/584219831/medium.jpg,E:\Coding_Notes\Faunari\data\raw\inat_targeted\Daboia_russelii\322902614.jpg,2025-10-24
inat_targeted,322853869,Daboia russelii,venomous,cc-by-nc,https://inaturalist-open-data.s3.amazonaws.com/photos/584119077/medium.jpg,E:\Coding_Notes\Faunari\data\raw\inat_targeted\Daboia_russelii\322853869.jpg,2025-06-24
inat_targeted,322702230,Daboia russelii,venomous,cc-by-nc,https://inaturalist-open-data.s3.amazonaws.com/photos/583825208/medium.jpg,E:\Coding_Notes\Faunari\data\raw\inat_targeted\Daboia_russelii\322702230.jpg,2025-10-23
inat_targeted,322564908,Daboia russelii,venomous,cc-by-nc,https://inaturalist-open-data.s3.amazonaws.com/photos/583555236/medium.jpg,E:\Coding_Notes\Faunari\data\raw\inat_targeted\Daboia_russelii\322564908.jpg,2025-10-23
inat_targeted,322541279,Daboia russelii,venomous,cc-by-nc,https://inaturalist-open-data.s3.amazonaws.com/photos/583506602/medium.jpg,E:\Coding_Notes\Faunari\data\raw\inat_targeted\Daboia_russelii\322541279.jpg,2025-10-22
inat_targeted,322359398,Daboia russelii,venomous,cc-by,https://inaturalist-open-data.s3.amazonaws.com/photos/583147344/medium.jpg,E:\Coding_Notes\Faunari\data\raw\inat_targeted\Daboia_russelii\322359398.jpg,2025-10-22
inat_targeted,322036269,Daboia russelii,venomous,,https://static.inaturalist.org/photos/582498770/medium.jpg,E:\Coding_Notes\Faunari\data\raw\inat_targeted\Daboia_russelii\322036269.jpg,2025-10-10
inat_targeted,321994941,Daboia russelii,venomous,cc-by-nc,https://inaturalist-open-data.s3.amazonaws.com/photos/582417603/medium.jpg,E:\Coding_Notes\Faunari\data\raw\inat_targeted\Daboia_russelii\321994941.jpg,2025-10-20
inat_targeted,321809700,Daboia russelii,venomous,cc-by-nc,https://inaturalist-open-data.s3.amazonaws.com/photos/582044694/medium.jpg,E:\Coding_Notes\Faunari\data\raw\inat_targeted\Daboia_russelii\321809700.jpg,2025-10-19
inat_targeted,321538155,Daboia russelii,venomous,cc-by-nc-nd,https://inaturalist-open-data.s3.amazonaws.com/photos/581520669/medium.jpg,E:\Coding_Notes\Faunari\data\raw\inat_targeted\Daboia_russelii\321538155.jpg,2025-10-18
inat_targeted,321374804,Daboia russelii,venomous,cc-by-nc,https://inaturalist-open-data.s3.amazonaws.com/photos/581203439/medium.jpg,E:\Coding_Notes\Faunari\data\raw\inat_targeted\Daboia_russelii\321374804.jpg,2023-10-11
inat_targeted,321297971,Daboia russelii,venomous,cc-by-nc,https://inaturalist-open-data.s3.amazonaws.com/photos/581047490/medium.jpg,E:\Coding_Notes\Faunari\data\raw\inat_targeted\Daboia_russelii\321297971.jpg,2023-10-01
inat_targeted,321226266,Daboia russelii,venomous,cc-by-nc,https://inaturalist-open-data.s3.amazonaws.com/photos/580911501/medium.jpg,E:\Coding_Notes\Faunari\data\raw\inat_targeted\Daboia_russelii\321226266.jpg,2025-10-16
inat_targeted,321013705,Daboia russelii,venomous,cc-by-nc,https://inaturalist-open-data.s3.amazonaws.com/photos/580496173/medium.jpg,E:\Coding_Notes\Faunari\data\raw\inat_targeted\Daboia_russelii\321013705.jpg,2025-06-09
inat_targeted,320353013,Daboia russelii,venomous,cc-by-nc,https://inaturalist-open-data.s3.amazonaws.com/photos/579197899/medium.jpg,E:\Coding_Notes\Faunari\data\raw\inat_targeted\Daboia_russelii\320353013.jpg,2025-10-12
inat_targeted,320310977,Daboia russelii,venomous,,https://static.inaturalist.org/photos/579113692/medium.jpg,E:\Coding_Notes\Faunari\data\raw\inat_targeted\Daboia_russelii\320310977.jpg,2025-10-12
inat_targeted,320249633,Daboia russelii,venomous,cc-by-nc,https://inaturalist-open-data.s3.amazonaws.com/photos/578990820/medium.jpg,E:\Coding_Notes\Faunari\data\raw\inat_targeted\Daboia_russelii\320249633.jpg,2025-05-21
inat_targeted,320134307,Daboia russelii,venomous,cc-by-nc,https://inaturalist-open-data.s3.amazonaws.com/photos/578773861/medium.jpg,E:\Coding_Notes\Faunari\data\raw\inat_targeted\Daboia_russelii\320134307.jpg,2025-10-11
inat_targeted,320111301,Daboia russelii,venomous,cc-by-nc,https://inaturalist-open-data.s3.amazonaws.com/photos/578728625/medium.jpg,E:\Coding_Notes\Faunari\data\raw\inat_targeted\Daboia_russelii\320111301.jpg,2025-10-11
inat_targeted,319934587,Daboia russelii,venomous,cc-by-nc,https://inaturalist-open-data.s3.amazonaws.com/photos/578388393/medium.jpg,E:\Coding_Notes\Faunari\data\raw\inat_targeted\Daboia_russelii\319934587.jpg,2025-10-10
inat_targeted,319736207,Daboia russelii,venomous,cc-by-nc,https://inaturalist-open-data.s3.amazonaws.com/photos/578008361/medium.jpg,E:\Coding_Notes\Faunari\data\raw\inat_targeted\Daboia_russelii\319736207.jpg,2025-10-09
inat_targeted,319720326,Daboia russelii,venomous,cc-by-nc,https://inaturalist-open-data.s3.amazonaws.com/photos/577977507/medium.jpg,E:\Coding_Notes\Faunari\data\raw\inat_targeted\Daboia_russelii\319720326.jpg,2005-04-16
inat_targeted,319508921,Daboia russelii,venomous,cc-by-nc,https://inaturalist-open-data.s3.amazonaws.com/photos/577570793/medium.jpg,E:\Coding_Notes\Faunari\data\raw\inat_targeted\Daboia_russelii\319508921.jpg,2025-08-20
inat_targeted,319136066,Daboia russelii,venomous,,https://static.inaturalist.org/photos/576856708/medium.jpg,E:\Coding_Notes\Faunari\data\raw\inat_targeted\Daboia_russelii\319136066.jpg,2025-10-06
inat_targeted,319128439,Daboia russelii,venomous,cc-by-nc,https://inaturalist-open-data.s3.amazonaws.com/photos/576842946/medium.jpg,E:\Coding_Notes\Faunari\data\raw\inat_targeted\Daboia_russelii\319128439.jpg,2025-03-11
inat_targeted,319119910,Daboia russelii,venomous,cc-by-nc,https://inaturalist-open-data.s3.amazonaws.com/photos/576826185/medium.jpg,E:\Coding_Notes\Faunari\data\raw\inat_targeted\Daboia_russelii\319119910.jpg,2025-10-06
inat_targeted,319077341,Daboia russelii,venomous,cc-by-nc,https://inaturalist-open-data.s3.amazonaws.com/photos/576751026/medium.jpg,E:\Coding_Notes\Faunari\data\raw\inat_targeted\Daboia_russelii\319077341.jpg,2025-04-11
inat_targeted,318896912,Daboia russelii,venomous,cc-by-nc,https://inaturalist-open-data.s3.amazonaws.com/photos/576398382/medium.jpg,E:\Coding_Notes\Faunari\data\raw\inat_targeted\Daboia_russelii\318896912.jpg,2025-10-02
inat_targeted,318670599,Daboia russelii,venomous,cc-by-nc,https://inaturalist-open-data.s3.amazonaws.com/photos/575966460/medium.jpg,E:\Coding_Notes\Faunari\data\raw\inat_targeted\Daboia_russelii\318670599.jpg,2025-10-04
inat_targeted,318164218,Daboia russelii,venomous,cc-by-nc,https://inaturalist-open-data.s3.amazonaws.com/photos/574999600/medium.jpg,E:\Coding_Notes\Faunari\data\raw\inat_targeted\Daboia_russelii\318164218.jpg,2025-09-27
inat_targeted,318136102,Daboia russelii,venomous,cc-by-nc,https://inaturalist-open-data.s3.amazonaws.com/photos/574943999/medium.jpg,E:\Coding_Notes\Faunari\data\raw\inat_targeted\Daboia_russelii\318136102.jpg,2025-10-02
inat_targeted,318098370,Daboia russelii,venomous,,https://static.inaturalist.org/photos/574867868/medium.jpg,E:\Coding_Notes\Faunari\data\raw\inat_targeted\Daboia_russelii\318098370.jpg,2025-01-30
inat_targeted,317959046,Daboia russelii,venomous,,https://static.inaturalist.org/photos/574604555/medium.jpg,E:\Coding_Notes\Faunari\data\raw\inat_targeted\Daboia_russelii\317959046.jpg,2025-09-26
inat_targeted,317751643,Daboia russelii,venomous,cc-by-nc,https://inaturalist-open-data.s3.amazonaws.com/photos/574208780/medium.jpg,E:\Coding_Notes\Faunari\data\raw\inat_targeted\Daboia_russelii\317751643.jpg,2025-09-27
inat_targeted,317690013,Daboia russelii,venomous,,https://static.inaturalist.org/photos/574091780/medium.jpg,E:\Coding_Notes\Faunari\data\raw\inat_targeted\Daboia_russelii\317690013.jpg,2025-09-29
inat_targeted,317184509,Daboia russelii,venomous,cc-by-nc,https://inaturalist-open-data.s3.amazonaws.com/photos/573129339/medium.jpg,E:\Coding_Notes\Faunari\data\raw\inat_targeted\Daboia_russelii\317184509.jpg,2024-07-01
inat_targeted,316688469,Daboia russelii,venomous,cc-by-nc,https://inaturalist-open-data.s3.amazonaws.com/photos/572199745/medium.jpg,E:\Coding_Notes\Faunari\data\raw\inat_targeted\Daboia_russelii\316688469.jpg,2015-12-23
inat_targeted,316669748,Daboia russelii,venomous,cc-by-nc,https://inaturalist-open-data.s3.amazonaws.com/photos/572166167/medium.jpg,E:\Coding_Notes\Faunari\data\raw\inat_targeted\Daboia_russelii\316669748.jpg,2025-09-26
inat_targeted,316265764,Daboia russelii,venomous,cc-by-nc,https://inaturalist-open-data.s3.amazonaws.com/photos/571399515/medium.jpg,E:\Coding_Notes\Faunari\data\raw\inat_targeted\Daboia_russelii\316265764.jpg,2025-09-24
inat_targeted,314966519,Daboia russelii,venomous,cc-by-nc,https://inaturalist-open-data.s3.amazonaws.com/photos/568935988/medium.jpg,E:\Coding_Notes\Faunari\data\raw\inat_targeted\Daboia_russelii\314966519.jpg,2025-09-19
inat_targeted,314718304,Daboia russelii,venomous,cc-by-nc,https://inaturalist-open-data.s3.amazonaws.com/photos/568457372/medium.jpg,E:\Coding_Notes\Faunari\data\raw\inat_targeted\Daboia_russelii\314718304.jpg,2025-09-17
inat_targeted,314309378,Daboia russelii,venomous,cc-by-nc,https://inaturalist-open-data.s3.amazonaws.com/photos/567694567/medium.jpg,E:\Coding_Notes\Faunari\data\raw\inat_targeted\Daboia_russelii\314309378.jpg,2025-09-13
inat_targeted,313775986,Daboia russelii,venomous,cc-by-nc,https://inaturalist-open-data.s3.amazonaws.com/photos/566671570/medium.jpg,E:\Coding_Notes\Faunari\data\raw\inat_targeted\Daboia_russelii\313775986.jpg,2025-09-14
inat_targeted,313517058,Daboia russelii,venomous,,https://static.inaturalist.org/photos/566181586/medium.jpg,E:\Coding_Notes\Faunari\data\raw\inat_targeted\Daboia_russelii\313517058.jpg,2022-10-05
inat_targeted,313048653,Daboia russelii,venomous,,https://static.inaturalist.org/photos/565284613/medium.jpg,E:\Coding_Notes\Faunari\data\raw\inat_targeted\Daboia_russelii\313048653.jpg,2025-09-11
inat_targeted,312490009,Daboia russelii,venomous,cc-by-nc,https://inaturalist-open-data.s3.amazonaws.com/photos/564196671/medium.jpg,E:\Coding_Notes\Faunari\data\raw\inat_targeted\Daboia_russelii\312490009.jpg,2024-10-02
inat_targeted,312473159,Daboia russelii,venomous,,https://static.inaturalist.org/photos/564172302/medium.jpg,E:\Coding_Notes\Faunari\data\raw\inat_targeted\Daboia_russelii\312473159.jpg,2024-06-17
inat_targeted,312421238,Daboia russelii,venomous,cc-by-nc,https://inaturalist-open-data.s3.amazonaws.com/photos/564072634/medium.jpg,E:\Coding_Notes\Faunari\data\raw\inat_targeted\Daboia_russelii\312421238.jpg,2025-09-08
inat_targeted,312421206,Daboia russelii,venomous,cc-by-nc,https://inaturalist-open-data.s3.amazonaws.com/photos/564072586/medium.jpg,E:\Coding_Notes\Faunari\data\raw\inat_targeted\Daboia_russelii\312421206.jpg,2025-09-08
inat_targeted,312421179,Daboia russelii,venomous,cc-by-nc,https://inaturalist-open-data.s3.amazonaws.com/photos/564072536/medium.jpg,E:\Coding_Notes\Faunari\data\raw\inat_targeted\Daboia_russelii\312421179.jpg,2025-09-08
inat_targeted,312421160,Daboia russelii,venomous,cc-by-nc,https://inaturalist-open-data.s3.amazonaws.com/photos/564072504/medium.jpg,E:\Coding_Notes\Faunari\data\raw\inat_targeted\Daboia_russelii\312421160.jpg,2025-09-08
inat_targeted,312421140,Daboia russelii,venomous,cc-by-nc,https://inaturalist-open-data.s3.amazonaws.com/photos/564072490/medium.jpg,E:\Coding_Notes\Faunari\data\raw\inat_targeted\Daboia_russelii\312421140.jpg,2025-09-08
inat_targeted,312421118,Daboia russelii,venomous,cc-by-nc,https://inaturalist-open-data.s3.amazonaws.com/photos/564072433/medium.jpg,E:\Coding_Notes\Faunari\data\raw\inat_targeted\Daboia_russelii\312421118.jpg,2025-09-08
inat_targeted,312229513,Daboia russelii,venomous,cc-by-nc,https://inaturalist-open-data.s3.amazonaws.com/photos/563700998/medium.jpg,E:\Coding_Notes\Faunari\data\raw\inat_targeted\Daboia_russelii\312229513.jpg,2025-09-07
inat_targeted,311712496,Daboia russelii,venomous,,https://static.inaturalist.org/photos/562720513/medium.jpg,E:\Coding_Notes\Faunari\data\raw\inat_targeted\Daboia_russelii\311712496.jpg,2025-09-05
inat_targeted,311452901,Daboia russelii,venomous,cc-by-nc,https://inaturalist-open-data.s3.amazonaws.com/photos/562236705/medium.jpg,E:\Coding_Notes\Faunari\data\raw\inat_targeted\Daboia_russelii\311452901.jpg,2021-03-05
inat_targeted,311194851,Daboia russelii,venomous,,https://static.inaturalist.org/photos/561745326/medium.jpg,E:\Coding_Notes\Faunari\data\raw\inat_targeted\Daboia_russelii\311194851.jpg,2025-05-20
inat_targeted,310423014,Daboia russelii,venomous,,https://static.inaturalist.org/photos/560258868/medium.jpg,E:\Coding_Notes\Faunari\data\raw\inat_targeted\Daboia_russelii\310423014.jpg,2025-08-31
inat_targeted,310158248,Daboia russelii,venomous,cc-by-nc,https://inaturalist-open-data.s3.amazonaws.com/photos/559746154/medium.jpg,E:\Coding_Notes\Faunari\data\raw\inat_targeted\Daboia_russelii\310158248.jpg,2025-08-28
inat_targeted,309628697,Daboia russelii,venomous,cc-by-nc,https://inaturalist-open-data.s3.amazonaws.com/photos/558750195/medium.jpg,E:\Coding_Notes\Faunari\data\raw\inat_targeted\Daboia_russelii\309628697.jpg,2022-09-08
inat_targeted,309049156,Daboia russelii,venomous,cc-by-nc,https://inaturalist-open-data.s3.amazonaws.com/photos/557638900/medium.jpg,E:\Coding_Notes\Faunari\data\raw\inat_targeted\Daboia_russelii\309049156.jpg,2025-08-25
inat_targeted,308953074,Daboia russelii,venomous,cc-by-nc,https://inaturalist-open-data.s3.amazonaws.com/photos/557455802/medium.jpg,E:\Coding_Notes\Faunari\data\raw\inat_targeted\Daboia_russelii\308953074.jpg,2014-08-29
inat_targeted,308941764,Daboia russelii,venomous,cc-by-nc,https://inaturalist-open-data.s3.amazonaws.com/photos/557435762/medium.jpg,E:\Coding_Notes\Faunari\data\raw\inat_targeted\Daboia_russelii\308941764.jpg,2012-12-07
inat_targeted,308386087,Daboia russelii,venomous,cc-by-nc,https://inaturalist-open-data.s3.amazonaws.com/photos/556369221/medium.jpg,E:\Coding_Notes\Faunari\data\raw\inat_targeted\Daboia_russelii\308386087.jpg,2025-08-23
inat_targeted,307928009,Daboia russelii,venomous,cc-by-nc,https://inaturalist-open-data.s3.amazonaws.com/photos/555488618/medium.jpg,E:\Coding_Notes\Faunari\data\raw\inat_targeted\Daboia_russelii\307928009.jpg,2025-08-21
inat_targeted,307906413,Daboia russelii,venomous,cc-by-nc,https://inaturalist-open-data.s3.amazonaws.com/photos/555447756/medium.jpg,E:\Coding_Notes\Faunari\data\raw\inat_targeted\Daboia_russelii\307906413.jpg,2025-08-21
inat_targeted,307740274,Daboia russelii,venomous,cc-by-nc,https://inaturalist-open-data.s3.amazonaws.com/photos/555120081/medium.jpg,E:\Coding_Notes\Faunari\data\raw\inat_targeted\Daboia_russelii\307740274.jpg,2015-01-25
inat_targeted,307553092,Daboia russelii,venomous,,https://static.inaturalist.org/photos/554755913/medium.jpg,E:\Coding_Notes\Faunari\data\raw\inat_targeted\Daboia_russelii\307553092.jpg,2025-08-19
inat_targeted,307306059,Daboia russelii,venomous,cc-by-nc,https://inaturalist-open-data.s3.amazonaws.com/photos/554278172/medium.jpg,E:\Coding_Notes\Faunari\data\raw\inat_targeted\Daboia_russelii\307306059.jpg,2025-08-14
inat_targeted,307131313,Daboia russelii,venomous,cc-by-nc,https://inaturalist-open-data.s3.amazonaws.com/photos/553936189/medium.jpg,E:\Coding_Notes\Faunari\data\raw\inat_targeted\Daboia_russelii\307131313.jpg,2025-08-15
inat_targeted,306918852,Daboia russelii,venomous,cc-by-nc,https://inaturalist-open-data.s3.amazonaws.com/photos/553535501/medium.jpg,E:\Coding_Notes\Faunari\data\raw\inat_targeted\Daboia_russelii\306918852.jpg,2025-08-16
inat_targeted,306727765,Daboia russelii,venomous,cc-by-nc,https://inaturalist-open-data.s3.amazonaws.com/photos/553170643/medium.jpg,E:\Coding_Notes\Faunari\data\raw\inat_targeted\Daboia_russelii\306727765.jpg,2025-08-16
inat_targeted,306463403,Daboia russelii,venomous,cc-by-nc,https://inaturalist-open-data.s3.amazonaws.com/photos/552673156/medium.jpg,E:\Coding_Notes\Faunari\data\raw\inat_targeted\Daboia_russelii\306463403.jpg,2025-08-15
inat_targeted,305714403,Daboia russelii,venomous,cc-by-nc,https://inaturalist-open-data.s3.amazonaws.com/photos/551243621/medium.jpg,E:\Coding_Notes\Faunari\data\raw\inat_targeted\Daboia_russelii\305714403.jpg,2023-06-25
inat_targeted,305704115,Daboia russelii,venomous,cc-by-nc,https://inaturalist-open-data.s3.amazonaws.com/photos/551224490/medium.jpg,E:\Coding_Notes\Faunari\data\raw\inat_targeted\Daboia_russelii\305704115.jpg,2025-08-09
inat_targeted,305668626,Daboia russelii,venomous,cc-by-nc,https://inaturalist-open-data.s3.amazonaws.com/photos/551157114/medium.jpg,E:\Coding_Notes\Faunari\data\raw\inat_targeted\Daboia_russelii\305668626.jpg,2025-08-11
inat_targeted,305164057,Daboia russelii,venomous,cc-by-nc,https://inaturalist-open-data.s3.amazonaws.com/photos/550193579/medium.jpg,E:\Coding_Notes\Faunari\data\raw\inat_targeted\Daboia_russelii\305164057.jpg,2025-08-10
inat_targeted,304757567,Daboia russelii,venomous,cc-by-nc,https://inaturalist-open-data.s3.amazonaws.com/photos/549428203/medium.jpg,E:\Coding_Notes\Faunari\data\raw\inat_targeted\Daboia_russelii\304757567.jpg,2025-08-05
inat_targeted,304717483,Daboia russelii,venomous,,https://static.inaturalist.org/photos/549355258/medium.jpg,E:\Coding_Notes\Faunari\data\raw\inat_targeted\Daboia_russelii\304717483.jpg,2023-09-13
inat_targeted,304489590,Daboia russelii,venomous,cc-by-nc,https://inaturalist-open-data.s3.amazonaws.com/photos/548934792/medium.jpg,E:\Coding_Notes\Faunari\data\raw\inat_targeted\Daboia_russelii\304489590.jpg,2025-08-07
inat_targeted,304048169,Daboia russelii,venomous,cc-by,https://inaturalist-open-data.s3.amazonaws.com/photos/548449617/medium.jpg,E:\Coding_Notes\Faunari\data\raw\inat_targeted\Daboia_russelii\304048169.jpg,2025-08-06
inat_targeted,304016192,Daboia russelii,venomous,cc-by-nc,https://inaturalist-open-data.s3.amazonaws.com/photos/548016312/medium.jpg,E:\Coding_Notes\Faunari\data\raw\inat_targeted\Daboia_russelii\304016192.jpg,2020-07-06
inat_targeted,303717281,Daboia russelii,venomous,cc-by-nc,https://inaturalist-open-data.s3.amazonaws.com/photos/547450161/medium.jpg,E:\Coding_Notes\Faunari\data\raw\inat_targeted\Daboia_russelii\303717281.jpg,2025-08-03
inat_targeted,303662919,Daboia russelii,venomous,cc-by-nc,https://inaturalist-open-data.s3.amazonaws.com/photos/547345176/medium.jpg,E:\Coding_Notes\Faunari\data\raw\inat_targeted\Daboia_russelii\303662919.jpg,2019-12-01
inat_targeted,303662244,Daboia russelii,venomous,cc-by-nc,https://inaturalist-open-data.s3.amazonaws.com/photos/547343451/medium.jpg,E:\Coding_Notes\Faunari\data\raw\inat_targeted\Daboia_russelii\303662244.jpg,2015-02-26
inat_targeted,303652030,Daboia russelii,venomous,,https://static.inaturalist.org/photos/547325086/medium.jpg,E:\Coding_Notes\Faunari\data\raw\inat_targeted\Daboia_russelii\303652030.jpg,2025-08-04
inat_targeted,303306948,Daboia russelii,venomous,cc-by-nc,https://inaturalist-open-data.s3.amazonaws.com/photos/546668220/medium.jpg,E:\Coding_Notes\Faunari\data\raw\inat_targeted\Daboia_russelii\303306948.jpg,2025-08-03
inat_targeted,303158668,Daboia russelii,venomous,cc-by-nc,https://inaturalist-open-data.s3.amazonaws.com/photos/546390603/medium.jpg,E:\Coding_Notes\Faunari\data\raw\inat_targeted\Daboia_russelii\303158668.jpg,2025-02-28
inat_targeted,303158352,Daboia russelii,venomous,cc-by-nc,https://inaturalist-open-data.s3.amazonaws.com/photos/548842707/medium.jpg,E:\Coding_Notes\Faunari\data\raw\inat_targeted\Daboia_russelii\303158352.jpg,2025-08-01
inat_targeted,303065279,Daboia russelii,venomous,cc-by-nc,https://inaturalist-open-data.s3.amazonaws.com/photos/546321895/medium.jpg,E:\Coding_Notes\Faunari\data\raw\inat_targeted\Daboia_russelii\303065279.jpg,2025-08-02
inat_targeted,302852248,Daboia russelii,venomous,,https://static.inaturalist.org/photos/545821580/medium.jpg,E:\Coding_Notes\Faunari\data\raw\inat_targeted\Daboia_russelii\302852248.jpg,2025-06-03
inat_targeted,302592900,Daboia russelii,venomous,,https://static.inaturalist.org/photos/545345716/medium.jpg,E:\Coding_Notes\Faunari\data\raw\inat_targeted\Daboia_russelii\302592900.jpg,2024-10-19
inat_targeted,302330614,Daboia russelii,venomous,,https://static.inaturalist.org/photos/544857972/medium.jpg,E:\Coding_Notes\Faunari\data\raw\inat_targeted\Daboia_russelii\302330614.jpg,2025-07-30
inat_targeted,302011648,Daboia russelii,venomous,,https://static.inaturalist.org/photos/544264045/medium.jpg,E:\Coding_Notes\Faunari\data\raw\inat_targeted\Daboia_russelii\302011648.jpg,2025-07-26
inat_targeted,301485622,Daboia russelii,venomous,cc-by-nc,https://inaturalist-open-data.s3.amazonaws.com/photos/543279447/medium.jpg,E:\Coding_Notes\Faunari\data\raw\inat_targeted\Daboia_russelii\301485622.jpg,2025-07-27
inat_targeted,301475144,Daboia russelii,venomous,,https://static.inaturalist.org/photos/543259846/medium.jpg,E:\Coding_Notes\Faunari\data\raw\inat_targeted\Daboia_russelii\301475144.jpg,2025-07-27
inat_targeted,301093516,Daboia russelii,venomous,,https://static.inaturalist.org/photos/542550738/medium.jpg,E:\Coding_Notes\Faunari\data\raw\inat_targeted\Daboia_russelii\301093516.jpg,2025-07-15
inat_targeted,300713366,Daboia russelii,venomous,cc-by-nc,https://inaturalist-open-data.s3.amazonaws.com/photos/541838159/medium.jpg,E:\Coding_Notes\Faunari\data\raw\inat_targeted\Daboia_russelii\300713366.jpg,2019-06-22
inat_targeted,300171871,Daboia russelii,venomous,,https://static.inaturalist.org/photos/540823489/medium.jpg,E:\Coding_Notes\Faunari\data\raw\inat_targeted\Daboia_russelii\300171871.jpg,2025-07-20
inat_targeted,299784374,Daboia russelii,venomous,,https://static.inaturalist.org/photos/540108830/medium.jpg,E:\Coding_Notes\Faunari\data\raw\inat_targeted\Daboia_russelii\299784374.jpg,2025-07-21
inat_targeted,299569828,Daboia russelii,venomous,cc-by-nc-nd,https://inaturalist-open-data.s3.amazonaws.com/photos/539703426/medium.jpg,E:\Coding_Notes\Faunari\data\raw\inat_targeted\Daboia_russelii\299569828.jpg,2024-07-06
inat_targeted,299202134,Daboia russelii,venomous,cc-by-nc,https://inaturalist-open-data.s3.amazonaws.com/photos/539030837/medium.jpg,E:\Coding_Notes\Faunari\data\raw\inat_targeted\Daboia_russelii\299202134.jpg,2025-06-07
inat_targeted,298332217,Daboia russelii,venomous,,https://static.inaturalist.org/photos/537365544/medium.jpg,E:\Coding_Notes\Faunari\data\raw\inat_targeted\Daboia_russelii\298332217.jpg,2025-07-16
inat_targeted,298235321,Daboia russelii,venomous,cc-by-nc,https://inaturalist-open-data.s3.amazonaws.com/photos/537175880/medium.jpg,E:\Coding_Notes\Faunari\data\raw\inat_targeted\Daboia_russelii\298235321.jpg,2018-07-11
inat_targeted,298144780,Daboia russelii,venomous,cc-by-nc,https://inaturalist-open-data.s3.amazonaws.com/photos/537007088/medium.jpg,E:\Coding_Notes\Faunari\data\raw\inat_targeted\Daboia_russelii\298144780.jpg,2025-07-15
inat_targeted,298121184,Daboia russelii,venomous,cc-by-nc,https://inaturalist-open-data.s3.amazonaws.com/photos/536966787/medium.jpg,E:\Coding_Notes\Faunari\data\raw\inat_targeted\Daboia_russelii\298121184.jpg,2025-07-15
inat_targeted,297974500,Daboia russelii,venomous,cc-by-nc,https://inaturalist-open-data.s3.amazonaws.com/photos/536682563/medium.jpg,E:\Coding_Notes\Faunari\data\raw\inat_targeted\Daboia_russelii\297974500.jpg,2024-10-16
inat_targeted,297922190,Daboia russelii,venomous,cc-by,https://inaturalist-open-data.s3.amazonaws.com/photos/536583359/medium.jpg,E:\Coding_Notes\Faunari\data\raw\inat_targeted\Daboia_russelii\297922190.jpg,2025-07-14
inat_targeted,297834120,Daboia russelii,venomous,cc-by-nc,https://inaturalist-open-data.s3.amazonaws.com/photos/536421798/medium.jpg,E:\Coding_Notes\Faunari\data\raw\inat_targeted\Daboia_russelii\297834120.jpg,2025-07-01
inat_targeted,297816631,Daboia russelii,venomous,cc-by,https://inaturalist-open-data.s3.amazonaws.com/photos/536386066/medium.jpg,E:\Coding_Notes\Faunari\data\raw\inat_targeted\Daboia_russelii\297816631.jpg,2025-07-13
inat_targeted,297527876,Daboia russelii,venomous,cc-by-nc,https://inaturalist-open-data.s3.amazonaws.com/photos/535840066/medium.jpg,E:\Coding_Notes\Faunari\data\raw\inat_targeted\Daboia_russelii\297527876.jpg,2025-07-11
inat_targeted,297476407,Daboia russelii,venomous,cc-by,https://inaturalist-open-data.s3.amazonaws.com/photos/535742694/medium.jpg,E:\Coding_Notes\Faunari\data\raw\inat_targeted\Daboia_russelii\297476407.jpg,2025-07-13
inat_targeted,296962887,Daboia russelii,venomous,cc-by-nc,https://inaturalist-open-data.s3.amazonaws.com/photos/534774648/medium.jpg,E:\Coding_Notes\Faunari\data\raw\inat_targeted\Daboia_russelii\296962887.jpg,2025-07-09
inat_targeted,296811040,Daboia russelii,venomous,,https://static.inaturalist.org/photos/534480973/medium.jpg,E:\Coding_Notes\Faunari\data\raw\inat_targeted\Daboia_russelii\296811040.jpg,2025-07-10
inat_targeted,296670726,Daboia russelii,venomous,cc-by-nc,https://inaturalist-open-data.s3.amazonaws.com/photos/534215767/medium.jpg,E:\Coding_Notes\Faunari\data\raw\inat_targeted\Daboia_russelii\296670726.jpg,2025-07-10
inat_targeted,296553191,Daboia russelii,venomous,cc-by-nc,https://inaturalist-open-data.s3.amazonaws.com/photos/533987119/medium.jpg,E:\Coding_Notes\Faunari\data\raw\inat_targeted\Daboia_russelii\296553191.jpg,2025-07-08
inat_targeted,296546850,Daboia russelii,venomous,,https://static.inaturalist.org/photos/533974279/medium.jpg,E:\Coding_Notes\Faunari\data\raw\inat_targeted\Daboia_russelii\296546850.jpg,2020-07-16
inat_targeted,296528951,Daboia russelii,venomous,cc-by-nc,https://inaturalist-open-data.s3.amazonaws.com/photos/533940957/medium.jpg,E:\Coding_Notes\Faunari\data\raw\inat_targeted\Daboia_russelii\296528951.jpg,2025-07-09
inat_targeted,296436017,Daboia russelii,venomous,cc-by-nc,https://inaturalist-open-data.s3.amazonaws.com/photos/533769785/medium.jpg,E:\Coding_Notes\Faunari\data\raw\inat_targeted\Daboia_russelii\296436017.jpg,2025-07-09
inat_targeted,296425537,Daboia russelii,venomous,cc-by-nc,https://inaturalist-open-data.s3.amazonaws.com/photos/533749903/medium.jpg,E:\Coding_Notes\Faunari\data\raw\inat_targeted\Daboia_russelii\296425537.jpg,2025-07-09
inat_targeted,296093937,Daboia russelii,venomous,cc-by-nc,https://inaturalist-open-data.s3.amazonaws.com/photos/533110549/medium.jpg,E:\Coding_Notes\Faunari\data\raw\inat_targeted\Daboia_russelii\296093937.jpg,2025-07-08
inat_targeted,296052514,Daboia russelii,venomous,cc-by-nc,https://inaturalist-open-data.s3.amazonaws.com/photos/533029172/medium.jpg,E:\Coding_Notes\Faunari\data\raw\inat_targeted\Daboia_russelii\296052514.jpg,2025-07-07
inat_targeted,295904754,Daboia russelii,venomous,,https://static.inaturalist.org/photos/532748818/medium.jpg,E:\Coding_Notes\Faunari\data\raw\inat_targeted\Daboia_russelii\295904754.jpg,2025-07-06
inat_targeted,294604378,Daboia russelii,venomous,cc-by,https://inaturalist-open-data.s3.amazonaws.com/photos/530282528/medium.jpg,E:\Coding_Notes\Faunari\data\raw\inat_targeted\Daboia_russelii\294604378.jpg,2025-07-02
inat_targeted,294230111,Daboia russelii,venomous,,https://static.inaturalist.org/photos/529584719/medium.jpg,E:\Coding_Notes\Faunari\data\raw\inat_targeted\Daboia_russelii\294230111.jpg,2025-06-30
inat_targeted,293771201,Daboia russelii,venomous,cc-by-nc,https://inaturalist-open-data.s3.amazonaws.com/photos/528717832/medium.jpg,E:\Coding_Notes\Faunari\data\raw\inat_targeted\Daboia_russelii\293771201.jpg,2025-06-29
inat_targeted,293719645,Daboia russelii,venomous,cc-by-nc,https://inaturalist-open-data.s3.amazonaws.com/photos/528624771/medium.jpg,E:\Coding_Notes\Faunari\data\raw\inat_targeted\Daboia_russelii\293719645.jpg,2025-06-28
inat_targeted,293342204,Daboia russelii,venomous,cc-by-nc-nd,https://inaturalist-open-data.s3.amazonaws.com/photos/527976074/medium.jpg,E:\Coding_Notes\Faunari\data\raw\inat_targeted\Daboia_russelii\293342204.jpg,2025-06-28
inat_targeted,293325949,Daboia russelii,venomous,,https://static.inaturalist.org/photos/527946088/medium.jpg,E:\Coding_Notes\Faunari\data\raw\inat_targeted\Daboia_russelii\293325949.jpg,2025-06-28
inat_targeted,293292374,Daboia russelii,venomous,cc-by-nc,https://inaturalist-open-data.s3.amazonaws.com/photos/527882345/medium.jpg,E:\Coding_Notes\Faunari\data\raw\inat_targeted\Daboia_russelii\293292374.jpg,2025-06-21
inat_targeted,293284278,Daboia russelii,venomous,cc-by,https://inaturalist-open-data.s3.amazonaws.com/photos/527867447/medium.jpg,E:\Coding_Notes\Faunari\data\raw\inat_targeted\Daboia_russelii\293284278.jpg,2025-06-28
inat_targeted,293170433,Daboia russelii,venomous,,https://static.inaturalist.org/photos/527647482/medium.jpg,E:\Coding_Notes\Faunari\data\raw\inat_targeted\Daboia_russelii\293170433.jpg,2025-06-12
inat_targeted,293096527,Daboia russelii,venomous,cc-by-nc,https://inaturalist-open-data.s3.amazonaws.com/photos/527510163/medium.jpg,E:\Coding_Notes\Faunari\data\raw\inat_targeted\Daboia_russelii\293096527.jpg,2025-05-26
inat_targeted,293086867,Daboia russelii,venomous,,https://static.inaturalist.org/photos/527494408/medium.jpg,E:\Coding_Notes\Faunari\data\raw\inat_targeted\Daboia_russelii\293086867.jpg,2023-11-22
inat_targeted,292902964,Daboia russelii,venomous,cc-by-nc,https://inaturalist-open-data.s3.amazonaws.com/photos/527143591/medium.jpg,E:\Coding_Notes\Faunari\data\raw\inat_targeted\Daboia_russelii\292902964.jpg,2025-06-26
inat_targeted,292795056,Daboia russelii,venomous,,https://static.inaturalist.org/photos/526944752/medium.jpg,E:\Coding_Notes\Faunari\data\raw\inat_targeted\Daboia_russelii\292795056.jpg,2025-06-26
inat_targeted,292583387,Daboia russelii,venomous,cc-by-nc,https://inaturalist-open-data.s3.amazonaws.com/photos/526540859/medium.jpg,E:\Coding_Notes\Faunari\data\raw\inat_targeted\Daboia_russelii\292583387.jpg,2025-06-24
inat_targeted,292041414,Daboia russelii,venomous,cc-by-nc,https://inaturalist-open-data.s3.amazonaws.com/photos/525506470/medium.jpg,E:\Coding_Notes\Faunari\data\raw\inat_targeted\Daboia_russelii\292041414.jpg,2024-08-04
inat_targeted,291203639,Daboia russelii,venomous,cc-by-nc,https://inaturalist-open-data.s3.amazonaws.com/photos/523920127/medium.jpg,E:\Coding_Notes\Faunari\data\raw\inat_targeted\Daboia_russelii\291203639.jpg,2019-03-03
inat_targeted,375202716,Echis carinatus,venomous,cc-by-nc,https://inaturalist-open-data.s3.amazonaws.com/photos/685881667/medium.jpg,E:\Coding_Notes\Faunari\data\raw\inat_targeted\Echis_carinatus\375202716.jpg,2026-06-20
inat_targeted,375159035,Echis carinatus,venomous,cc-by-nc,https://inaturalist-open-data.s3.amazonaws.com/photos/685795629/medium.jpg,E:\Coding_Notes\Faunari\data\raw\inat_targeted\Echis_carinatus\375159035.jpg,2026-06-24
inat_targeted,374658174,Echis carinatus,venomous,cc-by,https://inaturalist-open-data.s3.amazonaws.com/photos/684823774/medium.jpg,E:\Coding_Notes\Faunari\data\raw\inat_targeted\Echis_carinatus\374658174.jpg,2026-06-23
inat_targeted,374637553,Echis carinatus,venomous,cc-by-nc,https://inaturalist-open-data.s3.amazonaws.com/photos/684728998/medium.jpg,E:\Coding_Notes\Faunari\data\raw\inat_targeted\Echis_carinatus\374637553.jpg,2026-06-21
inat_targeted,374539034,Echis carinatus,venomous,cc-by-nc,https://inaturalist-open-data.s3.amazonaws.com/photos/684602411/medium.jpg,E:\Coding_Notes\Faunari\data\raw\inat_targeted\Echis_carinatus\374539034.jpg,2026-03-23
inat_targeted,345302150,Echis carinatus,venomous,cc-by-nc,https://inaturalist-open-data.s3.amazonaws.com/photos/629266226/medium.jpg,E:\Coding_Notes\Faunari\data\raw\inat_targeted\Echis_carinatus\345302150.jpg,2026-03-26
inat_targeted,345247887,Echis carinatus,venomous,cc-by-nc,https://inaturalist-open-data.s3.amazonaws.com/photos/629163434/medium.jpg,E:\Coding_Notes\Faunari\data\raw\inat_targeted\Echis_carinatus\345247887.jpg,2026-03-10
inat_targeted,342346256,Echis carinatus,venomous,cc-by-nc,https://inaturalist-open-data.s3.amazonaws.com/photos/623410791/medium.jpg,E:\Coding_Notes\Faunari\data\raw\inat_targeted\Echis_carinatus\342346256.jpg,2026-03-10
inat_targeted,341920850,Echis carinatus,venomous,,https://static.inaturalist.org/photos/622786089/medium.jpg,E:\Coding_Notes\Faunari\data\raw\inat_targeted\Echis_carinatus\341920850.jpg,2026-03-07
inat_targeted,341253038,Echis carinatus,venomous,,https://static.inaturalist.org/photos/621186940/medium.jpg,E:\Coding_Notes\Faunari\data\raw\inat_targeted\Echis_carinatus\341253038.jpg,2026-03-03
inat_targeted,340438202,Echis carinatus,venomous,cc-by,https://inaturalist-open-data.s3.amazonaws.com/photos/619528713/medium.jpg,E:\Coding_Notes\Faunari\data\raw\inat_targeted\Echis_carinatus\340438202.jpg,2026-02-27
inat_targeted,340438076,Echis carinatus,venomous,cc-by,https://inaturalist-open-data.s3.amazonaws.com/photos/619528513/medium.jpg,E:\Coding_Notes\Faunari\data\raw\inat_targeted\Echis_carinatus\340438076.jpg,2026-02-26
inat_targeted,340295196,Echis carinatus,venomous,cc-by-nc,https://inaturalist-open-data.s3.amazonaws.com/photos/619239293/medium.jpg,E:\Coding_Notes\Faunari\data\raw\inat_targeted\Echis_carinatus\340295196.jpg,2026-02-21
inat_targeted,339419279,Echis carinatus,venomous,cc-by-nc,https://inaturalist-open-data.s3.amazonaws.com/photos/617451383/medium.jpg,E:\Coding_Notes\Faunari\data\raw\inat_targeted\Echis_carinatus\339419279.jpg,2020-01-05
inat_targeted,339419211,Echis carinatus,venomous,cc-by-nc,https://inaturalist-open-data.s3.amazonaws.com/photos/617451279/medium.jpg,E:\Coding_Notes\Faunari\data\raw\inat_targeted\Echis_carinatus\339419211.jpg,2020-01-05
inat_targeted,338517912,Echis carinatus,venomous,cc-by-nc,https://inaturalist-open-data.s3.amazonaws.com/photos/615642144/medium.jpg,E:\Coding_Notes\Faunari\data\raw\inat_targeted\Echis_carinatus\338517912.jpg,2026-02-13
inat_targeted,337618322,Echis carinatus,venomous,cc-by-nc,https://inaturalist-open-data.s3.amazonaws.com/photos/613852585/medium.jpg,E:\Coding_Notes\Faunari\data\raw\inat_targeted\Echis_carinatus\337618322.jpg,2026-02-06
inat_targeted,337533077,Echis carinatus,venomous,cc-by-nc,https://inaturalist-open-data.s3.amazonaws.com/photos/613613899/medium.jpg,E:\Coding_Notes\Faunari\data\raw\inat_targeted\Echis_carinatus\337533077.jpg,2026-02-06
inat_targeted,337532559,Echis carinatus,venomous,cc-by-nc,https://inaturalist-open-data.s3.amazonaws.com/photos/613613625/medium.jpg,E:\Coding_Notes\Faunari\data\raw\inat_targeted\Echis_carinatus\337532559.jpg,2026-02-06
inat_targeted,337496089,Echis carinatus,venomous,,https://static.inaturalist.org/photos/613541025/medium.jpg,E:\Coding_Notes\Faunari\data\raw\inat_targeted\Echis_carinatus\337496089.jpg,2026-02-03
inat_targeted,337313677,Echis carinatus,venomous,cc-by-nc,https://inaturalist-open-data.s3.amazonaws.com/photos/613162666/medium.jpg,E:\Coding_Notes\Faunari\data\raw\inat_targeted\Echis_carinatus\337313677.jpg,2026-02-04
inat_targeted,336430048,Echis carinatus,venomous,cc-by-nc,https://inaturalist-open-data.s3.amazonaws.com/photos/611362797/medium.jpg,E:\Coding_Notes\Faunari\data\raw\inat_targeted\Echis_carinatus\336430048.jpg,2026-01-27
inat_targeted,336201458,Echis carinatus,venomous,,https://static.inaturalist.org/photos/610899834/medium.jpg,E:\Coding_Notes\Faunari\data\raw\inat_targeted\Echis_carinatus\336201458.jpg,2012-12-24
inat_targeted,336198236,Echis carinatus,venomous,cc-by-nc,https://inaturalist-open-data.s3.amazonaws.com/photos/610894779/medium.jpg,E:\Coding_Notes\Faunari\data\raw\inat_targeted\Echis_carinatus\336198236.jpg,2026-01-25
inat_targeted,335945197,Echis carinatus,venomous,,https://static.inaturalist.org/photos/610394078/medium.jpg,E:\Coding_Notes\Faunari\data\raw\inat_targeted\Echis_carinatus\335945197.jpg,2026-01-22
inat_targeted,334476411,Echis carinatus,venomous,cc-by-nc,https://inaturalist-open-data.s3.amazonaws.com/photos/607418303/medium.jpg,E:\Coding_Notes\Faunari\data\raw\inat_targeted\Echis_carinatus\334476411.jpg,2024-09-25
inat_targeted,334208601,Echis carinatus,venomous,cc-by-nc,https://inaturalist-open-data.s3.amazonaws.com/photos/606868793/medium.jpg,E:\Coding_Notes\Faunari\data\raw\inat_targeted\Echis_carinatus\334208601.jpg,2026-01-02
inat_targeted,333847377,Echis carinatus,venomous,,https://static.inaturalist.org/photos/606135220/medium.jpg,E:\Coding_Notes\Faunari\data\raw\inat_targeted\Echis_carinatus\333847377.jpg,2025-10-09
inat_targeted,333812477,Echis carinatus,venomous,,https://static.inaturalist.org/photos/606064306/medium.jpg,E:\Coding_Notes\Faunari\data\raw\inat_targeted\Echis_carinatus\333812477.jpg,2025-12-14
inat_targeted,333578588,Echis carinatus,venomous,cc-by-nc,https://inaturalist-open-data.s3.amazonaws.com/photos/605639745/medium.jpg,E:\Coding_Notes\Faunari\data\raw\inat_targeted\Echis_carinatus\333578588.jpg,2026-01-05
inat_targeted,333273793,Echis carinatus,venomous,cc-by-nc,https://inaturalist-open-data.s3.amazonaws.com/photos/605020498/medium.jpg,E:\Coding_Notes\Faunari\data\raw\inat_targeted\Echis_carinatus\333273793.jpg,2024-02-08
inat_targeted,333266587,Echis carinatus,venomous,cc-by-nc,https://inaturalist-open-data.s3.amazonaws.com/photos/605002918/medium.jpg,E:\Coding_Notes\Faunari\data\raw\inat_targeted\Echis_carinatus\333266587.jpg,2026-01-01
inat_targeted,332977483,Echis carinatus,venomous,,https://static.inaturalist.org/photos/604419919/medium.jpg,E:\Coding_Notes\Faunari\data\raw\inat_targeted\Echis_carinatus\332977483.jpg,2025-12-31
inat_targeted,332853719,Echis carinatus,venomous,cc-by-nc,https://inaturalist-open-data.s3.amazonaws.com/photos/604160532/medium.jpg,E:\Coding_Notes\Faunari\data\raw\inat_targeted\Echis_carinatus\332853719.jpg,2025-09-14
inat_targeted,332853715,Echis carinatus,venomous,cc-by-nc,https://inaturalist-open-data.s3.amazonaws.com/photos/604160475/medium.jpg,E:\Coding_Notes\Faunari\data\raw\inat_targeted\Echis_carinatus\332853715.jpg,2025-09-15
inat_targeted,332771747,Echis carinatus,venomous,cc-by-nc,https://inaturalist-open-data.s3.amazonaws.com/photos/603993059/medium.jpg,E:\Coding_Notes\Faunari\data\raw\inat_targeted\Echis_carinatus\332771747.jpg,2025-09-18
inat_targeted,332278398,Echis carinatus,venomous,cc-by-nc,https://inaturalist-open-data.s3.amazonaws.com/photos/602983883/medium.jpg,E:\Coding_Notes\Faunari\data\raw\inat_targeted\Echis_carinatus\332278398.jpg,2017-08-30
inat_targeted,331899182,Echis carinatus,venomous,cc-by,https://inaturalist-open-data.s3.amazonaws.com/photos/602204509/medium.jpg,E:\Coding_Notes\Faunari\data\raw\inat_targeted\Echis_carinatus\331899182.jpg,2025-12-21
inat_targeted,331636151,Echis carinatus,venomous,,https://static.inaturalist.org/photos/601665550/medium.jpg,E:\Coding_Notes\Faunari\data\raw\inat_targeted\Echis_carinatus\331636151.jpg,2025-12-16
inat_targeted,331538676,Echis carinatus,venomous,,https://static.inaturalist.org/photos/601466956/medium.jpg,E:\Coding_Notes\Faunari\data\raw\inat_targeted\Echis_carinatus\331538676.jpg,2025-10-21
inat_targeted,330475719,Echis carinatus,venomous,cc-by-nc,https://inaturalist-open-data.s3.amazonaws.com/photos/599271070/medium.jpg,E:\Coding_Notes\Faunari\data\raw\inat_targeted\Echis_carinatus\330475719.jpg,2015-06-16
inat_targeted,330099522,Echis carinatus,venomous,cc-by-nc,https://inaturalist-open-data.s3.amazonaws.com/photos/598505816/medium.jpg,E:\Coding_Notes\Faunari\data\raw\inat_targeted\Echis_carinatus\330099522.jpg,2025-12-07
inat_targeted,329463425,Echis carinatus,venomous,,https://static.inaturalist.org/photos/597218394/medium.jpg,E:\Coding_Notes\Faunari\data\raw\inat_targeted\Echis_carinatus\329463425.jpg,2025-12-04
inat_targeted,329457539,Echis carinatus,venomous,cc-by-nc,https://inaturalist-open-data.s3.amazonaws.com/photos/597206278/medium.jpg,E:\Coding_Notes\Faunari\data\raw\inat_targeted\Echis_carinatus\329457539.jpg,2025-12-04
inat_targeted,329455010,Echis carinatus,venomous,,https://static.inaturalist.org/photos/597200323/medium.jpg,E:\Coding_Notes\Faunari\data\raw\inat_targeted\Echis_carinatus\329455010.jpg,2025-12-04
inat_targeted,329065241,Echis carinatus,venomous,cc-by-nc,https://inaturalist-open-data.s3.amazonaws.com/photos/596417557/medium.jpg,E:\Coding_Notes\Faunari\data\raw\inat_targeted\Echis_carinatus\329065241.jpg,2025-11-30
inat_targeted,329064031,Echis carinatus,venomous,cc-by-nc,https://inaturalist-open-data.s3.amazonaws.com/photos/596414117/medium.jpg,E:\Coding_Notes\Faunari\data\raw\inat_targeted\Echis_carinatus\329064031.jpg,2025-11-06
inat_targeted,329063940,Echis carinatus,venomous,cc-by-nc,https://inaturalist-open-data.s3.amazonaws.com/photos/596413918/medium.jpg,E:\Coding_Notes\Faunari\data\raw\inat_targeted\Echis_carinatus\329063940.jpg,2025-10-28
inat_targeted,329063297,Echis carinatus,venomous,cc-by-nc,https://inaturalist-open-data.s3.amazonaws.com/photos/596412510/medium.jpg,E:\Coding_Notes\Faunari\data\raw\inat_targeted\Echis_carinatus\329063297.jpg,2025-10-28
inat_targeted,327632792,Echis carinatus,venomous,,https://static.inaturalist.org/photos/593596287/medium.jpg,E:\Coding_Notes\Faunari\data\raw\inat_targeted\Echis_carinatus\327632792.jpg,2025-11-21
inat_targeted,327472918,Echis carinatus,venomous,cc-by-nc,https://inaturalist-open-data.s3.amazonaws.com/photos/593284628/medium.jpg,E:\Coding_Notes\Faunari\data\raw\inat_targeted\Echis_carinatus\327472918.jpg,2019-11-21
inat_targeted,327049338,Echis carinatus,venomous,cc-by-nc,https://inaturalist-open-data.s3.amazonaws.com/photos/592436116/medium.jpg,E:\Coding_Notes\Faunari\data\raw\inat_targeted\Echis_carinatus\327049338.jpg,2025-09-19
inat_targeted,327049318,Echis carinatus,venomous,cc-by-nc,https://inaturalist-open-data.s3.amazonaws.com/photos/592435994/medium.jpg,E:\Coding_Notes\Faunari\data\raw\inat_targeted\Echis_carinatus\327049318.jpg,2025-08-15
inat_targeted,326983644,Echis carinatus,venomous,cc-by-nc,https://inaturalist-open-data.s3.amazonaws.com/photos/592304692/medium.jpg,E:\Coding_Notes\Faunari\data\raw\inat_targeted\Echis_carinatus\326983644.jpg,2024-07-15
inat_targeted,326983641,Echis carinatus,venomous,cc-by-nc,https://inaturalist-open-data.s3.amazonaws.com/photos/592304283/medium.jpg,E:\Coding_Notes\Faunari\data\raw\inat_targeted\Echis_carinatus\326983641.jpg,2024-07-14
inat_targeted,326447594,Echis carinatus,venomous,cc-by-nc,https://inaturalist-open-data.s3.amazonaws.com/photos/591236554/medium.jpg,E:\Coding_Notes\Faunari\data\raw\inat_targeted\Echis_carinatus\326447594.jpg,2025-10-02
inat_targeted,326296904,Echis carinatus,venomous,cc-by-nc,https://inaturalist-open-data.s3.amazonaws.com/photos/590937062/medium.jpg,E:\Coding_Notes\Faunari\data\raw\inat_targeted\Echis_carinatus\326296904.jpg,2025-08-02
inat_targeted,325015359,Echis carinatus,venomous,cc-by-nc,https://inaturalist-open-data.s3.amazonaws.com/photos/588386963/medium.jpg,E:\Coding_Notes\Faunari\data\raw\inat_targeted\Echis_carinatus\325015359.jpg,2024-06-16
inat_targeted,324885913,Echis carinatus,venomous,,https://static.inaturalist.org/photos/588126127/medium.jpg,E:\Coding_Notes\Faunari\data\raw\inat_targeted\Echis_carinatus\324885913.jpg,2025-10-15
inat_targeted,324015969,Echis carinatus,venomous,cc-by-nc,https://inaturalist-open-data.s3.amazonaws.com/photos/597358399/medium.jpg,E:\Coding_Notes\Faunari\data\raw\inat_targeted\Echis_carinatus\324015969.jpg,2025-10-29
inat_targeted,323780212,Echis carinatus,venomous,,https://static.inaturalist.org/photos/585915155/medium.jpg,E:\Coding_Notes\Faunari\data\raw\inat_targeted\Echis_carinatus\323780212.jpg,2025-10-24
inat_targeted,323435887,Echis carinatus,venomous,cc-by-nc,https://inaturalist-open-data.s3.amazonaws.com/photos/585232846/medium.jpg,E:\Coding_Notes\Faunari\data\raw\inat_targeted\Echis_carinatus\323435887.jpg,2025-10-22
inat_targeted,323010946,Echis carinatus,venomous,cc-by-nc,https://inaturalist-open-data.s3.amazonaws.com/photos/584425643/medium.jpg,E:\Coding_Notes\Faunari\data\raw\inat_targeted\Echis_carinatus\323010946.jpg,2025-10-22
inat_targeted,322568066,Echis carinatus,venomous,cc-by-nc,https://inaturalist-open-data.s3.amazonaws.com/photos/583561493/medium.jpg,E:\Coding_Notes\Faunari\data\raw\inat_targeted\Echis_carinatus\322568066.jpg,2025-10-11
inat_targeted,322558394,Echis carinatus,venomous,cc-by-nc,https://inaturalist-open-data.s3.amazonaws.com/photos/583541077/medium.jpg,E:\Coding_Notes\Faunari\data\raw\inat_targeted\Echis_carinatus\322558394.jpg,2025-10-11
inat_targeted,322189553,Echis carinatus,venomous,cc-by-nc,https://inaturalist-open-data.s3.amazonaws.com/photos/582802930/medium.jpg,E:\Coding_Notes\Faunari\data\raw\inat_targeted\Echis_carinatus\322189553.jpg,2025-10-21
inat_targeted,321591832,Echis carinatus,venomous,,https://static.inaturalist.org/photos/581623199/medium.jpg,E:\Coding_Notes\Faunari\data\raw\inat_targeted\Echis_carinatus\321591832.jpg,2020-02-29
inat_targeted,321384190,Echis carinatus,venomous,cc-by-nc,https://inaturalist-open-data.s3.amazonaws.com/photos/581223268/medium.jpg,E:\Coding_Notes\Faunari\data\raw\inat_targeted\Echis_carinatus\321384190.jpg,2025-10-16
inat_targeted,320004402,Echis carinatus,venomous,,https://static.inaturalist.org/photos/578515986/medium.jpg,E:\Coding_Notes\Faunari\data\raw\inat_targeted\Echis_carinatus\320004402.jpg,2020-02-29
inat_targeted,319521547,Echis carinatus,venomous,cc-by-nc,https://inaturalist-open-data.s3.amazonaws.com/photos/577594857/medium.jpg,E:\Coding_Notes\Faunari\data\raw\inat_targeted\Echis_carinatus\319521547.jpg,2025-07-07
inat_targeted,319342758,Echis carinatus,venomous,cc-by-nc,https://inaturalist-open-data.s3.amazonaws.com/photos/577250723/medium.jpg,E:\Coding_Notes\Faunari\data\raw\inat_targeted\Echis_carinatus\319342758.jpg,2024-09-10
inat_targeted,319340987,Echis carinatus,venomous,cc-by-nc,https://inaturalist-open-data.s3.amazonaws.com/photos/577247878/medium.jpg,E:\Coding_Notes\Faunari\data\raw\inat_targeted\Echis_carinatus\319340987.jpg,2025-10-07
inat_targeted,319337348,Echis carinatus,venomous,cc-by-nc,https://inaturalist-open-data.s3.amazonaws.com/photos/577241806/medium.jpg,E:\Coding_Notes\Faunari\data\raw\inat_targeted\Echis_carinatus\319337348.jpg,2025-10-07
inat_targeted,318894022,Echis carinatus,venomous,cc-by-nc,https://inaturalist-open-data.s3.amazonaws.com/photos/576393092/medium.jpg,E:\Coding_Notes\Faunari\data\raw\inat_targeted\Echis_carinatus\318894022.jpg,2025-10-02
inat_targeted,318834591,Echis carinatus,venomous,cc-by-nc,https://inaturalist-open-data.s3.amazonaws.com/photos/576279319/medium.jpg,E:\Coding_Notes\Faunari\data\raw\inat_targeted\Echis_carinatus\318834591.jpg,2025-10-05
inat_targeted,318406746,Echis carinatus,venomous,cc-by-nc,https://inaturalist-open-data.s3.amazonaws.com/photos/575459194/medium.jpg,E:\Coding_Notes\Faunari\data\raw\inat_targeted\Echis_carinatus\318406746.jpg,2025-08-23
inat_targeted,318346921,Echis carinatus,venomous,cc-by-nc,https://inaturalist-open-data.s3.amazonaws.com/photos/575347360/medium.jpg,E:\Coding_Notes\Faunari\data\raw\inat_targeted\Echis_carinatus\318346921.jpg,2025-10-03
inat_targeted,318136510,Echis carinatus,venomous,cc-by-nc,https://inaturalist-open-data.s3.amazonaws.com/photos/574944837/medium.jpg,E:\Coding_Notes\Faunari\data\raw\inat_targeted\Echis_carinatus\318136510.jpg,2025-10-02
inat_targeted,317719302,Echis carinatus,venomous,cc-by-nc,https://inaturalist-open-data.s3.amazonaws.com/photos/574147615/medium.jpg,E:\Coding_Notes\Faunari\data\raw\inat_targeted\Echis_carinatus\317719302.jpg,2025-09-27
inat_targeted,315840216,Echis carinatus,venomous,cc-by-nc,https://inaturalist-open-data.s3.amazonaws.com/photos/570597576/medium.jpg,E:\Coding_Notes\Faunari\data\raw\inat_targeted\Echis_carinatus\315840216.jpg,2025-09-21
inat_targeted,315514831,Echis carinatus,venomous,cc-by-nc,https://inaturalist-open-data.s3.amazonaws.com/photos/569977006/medium.jpg,E:\Coding_Notes\Faunari\data\raw\inat_targeted\Echis_carinatus\315514831.jpg,2025-09-20
inat_targeted,315434247,Echis carinatus,venomous,,https://static.inaturalist.org/photos/569824167/medium.jpg,E:\Coding_Notes\Faunari\data\raw\inat_targeted\Echis_carinatus\315434247.jpg,2025-09-20
inat_targeted,315419588,Echis carinatus,venomous,,https://static.inaturalist.org/photos/569797509/medium.jpg,E:\Coding_Notes\Faunari\data\raw\inat_targeted\Echis_carinatus\315419588.jpg,2025-09-20
inat_targeted,314736310,Echis carinatus,venomous,cc-by-nc,https://inaturalist-open-data.s3.amazonaws.com/photos/568489874/medium.jpg,E:\Coding_Notes\Faunari\data\raw\inat_targeted\Echis_carinatus\314736310.jpg,2025-09-17
inat_targeted,314714130,Echis carinatus,venomous,cc-by-nc,https://inaturalist-open-data.s3.amazonaws.com/photos/568448229/medium.jpg,E:\Coding_Notes\Faunari\data\raw\inat_targeted\Echis_carinatus\314714130.jpg,2024-06-15
inat_targeted,314581800,Echis carinatus,venomous,,https://static.inaturalist.org/photos/568191955/medium.jpg,E:\Coding_Notes\Faunari\data\raw\inat_targeted\Echis_carinatus\314581800.jpg,2025-09-17
inat_targeted,314576261,Echis carinatus,venomous,cc-by-nc,https://inaturalist-open-data.s3.amazonaws.com/photos/571530275/medium.jpg,E:\Coding_Notes\Faunari\data\raw\inat_targeted\Echis_carinatus\314576261.jpg,2025-09-17
inat_targeted,313907444,Echis carinatus,venomous,cc-by-nc,https://inaturalist-open-data.s3.amazonaws.com/photos/566919472/medium.jpg,E:\Coding_Notes\Faunari\data\raw\inat_targeted\Echis_carinatus\313907444.jpg,2025-09-14
inat_targeted,313827218,Echis carinatus,venomous,cc-by-nc,https://inaturalist-open-data.s3.amazonaws.com/photos/566768772/medium.jpg,E:\Coding_Notes\Faunari\data\raw\inat_targeted\Echis_carinatus\313827218.jpg,2025-09-14
inat_targeted,313279887,Echis carinatus,venomous,cc-by-nc,https://inaturalist-open-data.s3.amazonaws.com/photos/565727299/medium.jpg,E:\Coding_Notes\Faunari\data\raw\inat_targeted\Echis_carinatus\313279887.jpg,2025-09-12
inat_targeted,313036228,Echis carinatus,venomous,cc-by-nc,https://inaturalist-open-data.s3.amazonaws.com/photos/565259113/medium.jpg,E:\Coding_Notes\Faunari\data\raw\inat_targeted\Echis_carinatus\313036228.jpg,2025-09-10
inat_targeted,312506669,Echis carinatus,venomous,cc-by-nc,https://inaturalist-open-data.s3.amazonaws.com/photos/564235409/medium.jpg,E:\Coding_Notes\Faunari\data\raw\inat_targeted\Echis_carinatus\312506669.jpg,2025-09-07
inat_targeted,312415316,Echis carinatus,venomous,cc-by-nc,https://inaturalist-open-data.s3.amazonaws.com/photos/564059285/medium.jpg,E:\Coding_Notes\Faunari\data\raw\inat_targeted\Echis_carinatus\312415316.jpg,2025-09-06
inat_targeted,312405112,Echis carinatus,venomous,cc-by-nc,https://inaturalist-open-data.s3.amazonaws.com/photos/564039001/medium.jpg,E:\Coding_Notes\Faunari\data\raw\inat_targeted\Echis_carinatus\312405112.jpg,2025-09-07
inat_targeted,312223870,Echis carinatus,venomous,cc-by-nc,https://inaturalist-open-data.s3.amazonaws.com/photos/563689700/medium.jpg,E:\Coding_Notes\Faunari\data\raw\inat_targeted\Echis_carinatus\312223870.jpg,2025-09-07
inat_targeted,312136751,Echis carinatus,venomous,cc-by-nc,https://inaturalist-open-data.s3.amazonaws.com/photos/563525834/medium.jpg,E:\Coding_Notes\Faunari\data\raw\inat_targeted\Echis_carinatus\312136751.jpg,2025-09-07
inat_targeted,312039215,Echis carinatus,venomous,cc-by-nc,https://inaturalist-open-data.s3.amazonaws.com/photos/563337895/medium.jpg,E:\Coding_Notes\Faunari\data\raw\inat_targeted\Echis_carinatus\312039215.jpg,2025-09-07
inat_targeted,311281265,Echis carinatus,venomous,,https://static.inaturalist.org/photos/561908357/medium.jpg,E:\Coding_Notes\Faunari\data\raw\inat_targeted\Echis_carinatus\311281265.jpg,2025-09-02
inat_targeted,311275977,Echis carinatus,venomous,cc-by-nc,https://inaturalist-open-data.s3.amazonaws.com/photos/561897075/medium.jpg,E:\Coding_Notes\Faunari\data\raw\inat_targeted\Echis_carinatus\311275977.jpg,2024-05-21
inat_targeted,311211229,Echis carinatus,venomous,cc-by-nc,https://inaturalist-open-data.s3.amazonaws.com/photos/561776828/medium.jpg,E:\Coding_Notes\Faunari\data\raw\inat_targeted\Echis_carinatus\311211229.jpg,2025-09-03
inat_targeted,311002141,Echis carinatus,venomous,,https://static.inaturalist.org/photos/561367665/medium.jpg,E:\Coding_Notes\Faunari\data\raw\inat_targeted\Echis_carinatus\311002141.jpg,2023-06-19
inat_targeted,310802002,Echis carinatus,venomous,cc-by-nc,https://inaturalist-open-data.s3.amazonaws.com/photos/560979431/medium.jpg,E:\Coding_Notes\Faunari\data\raw\inat_targeted\Echis_carinatus\310802002.jpg,2025-08-31
inat_targeted,310403076,Echis carinatus,venomous,cc-by-nc,https://inaturalist-open-data.s3.amazonaws.com/photos/560220106/medium.jpg,E:\Coding_Notes\Faunari\data\raw\inat_targeted\Echis_carinatus\310403076.jpg,2025-04-08
inat_targeted,310226860,Echis carinatus,venomous,,https://static.inaturalist.org/photos/559876775/medium.jpg,E:\Coding_Notes\Faunari\data\raw\inat_targeted\Echis_carinatus\310226860.jpg,2023-09-22
inat_targeted,310140534,Echis carinatus,venomous,cc-by-nc,https://inaturalist-open-data.s3.amazonaws.com/photos/559718699/medium.jpg,E:\Coding_Notes\Faunari\data\raw\inat_targeted\Echis_carinatus\310140534.jpg,2025-08-30
inat_targeted,309724946,Echis carinatus,venomous,cc-by-nc,https://inaturalist-open-data.s3.amazonaws.com/photos/558937282/medium.jpg,E:\Coding_Notes\Faunari\data\raw\inat_targeted\Echis_carinatus\309724946.jpg,2018-08-05
inat_targeted,309668094,Echis carinatus,venomous,cc-by-nc,https://inaturalist-open-data.s3.amazonaws.com/photos/558830193/medium.jpg,E:\Coding_Notes\Faunari\data\raw\inat_targeted\Echis_carinatus\309668094.jpg,2025-08-22
inat_targeted,308942221,Echis carinatus,venomous,cc-by-nc,https://inaturalist-open-data.s3.amazonaws.com/photos/557436395/medium.jpg,E:\Coding_Notes\Faunari\data\raw\inat_targeted\Echis_carinatus\308942221.jpg,2024-12-08
inat_targeted,308168854,Echis carinatus,venomous,cc-by-nc,https://inaturalist-open-data.s3.amazonaws.com/photos/555950422/medium.jpg,E:\Coding_Notes\Faunari\data\raw\inat_targeted\Echis_carinatus\308168854.jpg,2025-08-22
inat_targeted,307955999,Echis carinatus,venomous,cc-by-nc,https://inaturalist-open-data.s3.amazonaws.com/photos/555543230/medium.jpg,E:\Coding_Notes\Faunari\data\raw\inat_targeted\Echis_carinatus\307955999.jpg,2020-05-22
inat_targeted,307270300,Echis carinatus,venomous,cc-by,https://inaturalist-open-data.s3.amazonaws.com/photos/554207932/medium.jpg,E:\Coding_Notes\Faunari\data\raw\inat_targeted\Echis_carinatus\307270300.jpg,2025-08-17
inat_targeted,307216749,Echis carinatus,venomous,cc-by-nc,https://inaturalist-open-data.s3.amazonaws.com/photos/554105638/medium.jpg,E:\Coding_Notes\Faunari\data\raw\inat_targeted\Echis_carinatus\307216749.jpg,2025-08-15
inat_targeted,306960553,Echis carinatus,venomous,cc-by-nc,https://inaturalist-open-data.s3.amazonaws.com/photos/553615072/medium.jpg,E:\Coding_Notes\Faunari\data\raw\inat_targeted\Echis_carinatus\306960553.jpg,2025-07-08
inat_targeted,306690192,Echis carinatus,venomous,cc-by-nc,https://inaturalist-open-data.s3.amazonaws.com/photos/553102003/medium.jpg,E:\Coding_Notes\Faunari\data\raw\inat_targeted\Echis_carinatus\306690192.jpg,2025-08-16
inat_targeted,306404883,Echis carinatus,venomous,cc-by-nc,https://inaturalist-open-data.s3.amazonaws.com/photos/552559939/medium.jpg,E:\Coding_Notes\Faunari\data\raw\inat_targeted\Echis_carinatus\306404883.jpg,2025-08-10
inat_targeted,305941951,Echis carinatus,venomous,cc-by-nc,https://inaturalist-open-data.s3.amazonaws.com/photos/551674930/medium.jpg,E:\Coding_Notes\Faunari\data\raw\inat_targeted\Echis_carinatus\305941951.jpg,2025-07-20
inat_targeted,305518909,Echis carinatus,venomous,,https://static.inaturalist.org/photos/550845571/medium.jpg,E:\Coding_Notes\Faunari\data\raw\inat_targeted\Echis_carinatus\305518909.jpg,2025-08-09
inat_targeted,305493436,Echis carinatus,venomous,,https://static.inaturalist.org/photos/550818267/medium.jpg,E:\Coding_Notes\Faunari\data\raw\inat_targeted\Echis_carinatus\305493436.jpg,2025-08-10
inat_targeted,305493435,Echis carinatus,venomous,,https://static.inaturalist.org/photos/550818222/medium.jpg,E:\Coding_Notes\Faunari\data\raw\inat_targeted\Echis_carinatus\305493435.jpg,2025-08-10
inat_targeted,305220216,Echis carinatus,venomous,,https://static.inaturalist.org/photos/550301942/medium.jpg,E:\Coding_Notes\Faunari\data\raw\inat_targeted\Echis_carinatus\305220216.jpg,2025-06-01
inat_targeted,305020653,Echis carinatus,venomous,,https://static.inaturalist.org/photos/549936757/medium.jpg,E:\Coding_Notes\Faunari\data\raw\inat_targeted\Echis_carinatus\305020653.jpg,2025-08-09
inat_targeted,304689877,Echis carinatus,venomous,cc-by-nc,https://inaturalist-open-data.s3.amazonaws.com/photos/549303028/medium.jpg,E:\Coding_Notes\Faunari\data\raw\inat_targeted\Echis_carinatus\304689877.jpg,2025-02-22
inat_targeted,304419440,Echis carinatus,venomous,cc-by-nc,https://inaturalist-open-data.s3.amazonaws.com/photos/548792635/medium.jpg,E:\Coding_Notes\Faunari\data\raw\inat_targeted\Echis_carinatus\304419440.jpg,2025-08-02
inat_targeted,302185884,Echis carinatus,venomous,cc-by,https://inaturalist-open-data.s3.amazonaws.com/photos/544588814/medium.jpg,E:\Coding_Notes\Faunari\data\raw\inat_targeted\Echis_carinatus\302185884.jpg,2025-07-28
inat_targeted,302015273,Echis carinatus,venomous,cc-by,https://inaturalist-open-data.s3.amazonaws.com/photos/544270312/medium.jpg,E:\Coding_Notes\Faunari\data\raw\inat_targeted\Echis_carinatus\302015273.jpg,2025-07-28
inat_targeted,301753878,Echis carinatus,venomous,cc-by-nc,https://inaturalist-open-data.s3.amazonaws.com/photos/543779559/medium.jpg,E:\Coding_Notes\Faunari\data\raw\inat_targeted\Echis_carinatus\301753878.jpg,2025-07-25
inat_targeted,301216101,Echis carinatus,venomous,cc-by-nc,https://inaturalist-open-data.s3.amazonaws.com/photos/542774253/medium.jpg,E:\Coding_Notes\Faunari\data\raw\inat_targeted\Echis_carinatus\301216101.jpg,2024-09-26
inat_targeted,301144858,Echis carinatus,venomous,cc-by-nc,https://inaturalist-open-data.s3.amazonaws.com/photos/542644740/medium.jpg,E:\Coding_Notes\Faunari\data\raw\inat_targeted\Echis_carinatus\301144858.jpg,2025-07-07
inat_targeted,300685406,Echis carinatus,venomous,,https://static.inaturalist.org/photos/541789390/medium.jpg,E:\Coding_Notes\Faunari\data\raw\inat_targeted\Echis_carinatus\300685406.jpg,2024-11-02
inat_targeted,300414988,Echis carinatus,venomous,,https://static.inaturalist.org/photos/541285364/medium.jpg,E:\Coding_Notes\Faunari\data\raw\inat_targeted\Echis_carinatus\300414988.jpg,2025-02-06
inat_targeted,300328974,Echis carinatus,venomous,,https://static.inaturalist.org/photos/541126396/medium.jpg,E:\Coding_Notes\Faunari\data\raw\inat_targeted\Echis_carinatus\300328974.jpg,2022-09-21
inat_targeted,299767471,Echis carinatus,venomous,,https://static.inaturalist.org/photos/540077448/medium.jpg,E:\Coding_Notes\Faunari\data\raw\inat_targeted\Echis_carinatus\299767471.jpg,2025-07-19
inat_targeted,299132862,Echis carinatus,venomous,cc-by-nc,https://inaturalist-open-data.s3.amazonaws.com/photos/538902197/medium.jpg,E:\Coding_Notes\Faunari\data\raw\inat_targeted\Echis_carinatus\299132862.jpg,2025-07-04
inat_targeted,298412228,Echis carinatus,venomous,cc-by-nc,https://inaturalist-open-data.s3.amazonaws.com/photos/537518477/medium.jpg,E:\Coding_Notes\Faunari\data\raw\inat_targeted\Echis_carinatus\298412228.jpg,2023-11-16
inat_targeted,298234970,Echis carinatus,venomous,cc-by-nc,https://inaturalist-open-data.s3.amazonaws.com/photos/537175166/medium.jpg,E:\Coding_Notes\Faunari\data\raw\inat_targeted\Echis_carinatus\298234970.jpg,2018-08-19
inat_targeted,298119312,Echis carinatus,venomous,cc-by-nc,https://inaturalist-open-data.s3.amazonaws.com/photos/536962900/medium.jpg,E:\Coding_Notes\Faunari\data\raw\inat_targeted\Echis_carinatus\298119312.jpg,2025-07-15
inat_targeted,297974691,Echis carinatus,venomous,cc-by-nc,https://inaturalist-open-data.s3.amazonaws.com/photos/536682939/medium.jpg,E:\Coding_Notes\Faunari\data\raw\inat_targeted\Echis_carinatus\297974691.jpg,2024-10-16
inat_targeted,297511129,Echis carinatus,venomous,,https://static.inaturalist.org/photos/535809302/medium.jpg,E:\Coding_Notes\Faunari\data\raw\inat_targeted\Echis_carinatus\297511129.jpg,2025-07-12
inat_targeted,297462290,Echis carinatus,venomous,cc-by-nc,https://inaturalist-open-data.s3.amazonaws.com/photos/535715210/medium.jpg,E:\Coding_Notes\Faunari\data\raw\inat_targeted\Echis_carinatus\297462290.jpg,2025-07-12
inat_targeted,297247404,Echis carinatus,venomous,,https://static.inaturalist.org/photos/535315067/medium.jpg,E:\Coding_Notes\Faunari\data\raw\inat_targeted\Echis_carinatus\297247404.jpg,2025-07-10
inat_targeted,297024398,Echis carinatus,venomous,cc-by-sa,https://inaturalist-open-data.s3.amazonaws.com/photos/534889128/medium.jpg,E:\Coding_Notes\Faunari\data\raw\inat_targeted\Echis_carinatus\297024398.jpg,2025-07-11
inat_targeted,296977501,Echis carinatus,venomous,cc-by-nc,https://inaturalist-open-data.s3.amazonaws.com/photos/534800902/medium.jpg,E:\Coding_Notes\Faunari\data\raw\inat_targeted\Echis_carinatus\296977501.jpg,2025-07-10
inat_targeted,296818128,Echis carinatus,venomous,,https://static.inaturalist.org/photos/534494882/medium.jpg,E:\Coding_Notes\Faunari\data\raw\inat_targeted\Echis_carinatus\296818128.jpg,2020-01-31
inat_targeted,294071447,Echis carinatus,venomous,,https://static.inaturalist.org/photos/529281503/medium.jpg,E:\Coding_Notes\Faunari\data\raw\inat_targeted\Echis_carinatus\294071447.jpg,2023-09-17
inat_targeted,294047593,Echis carinatus,venomous,cc-by-nc,https://inaturalist-open-data.s3.amazonaws.com/photos/529239325/medium.jpg,E:\Coding_Notes\Faunari\data\raw\inat_targeted\Echis_carinatus\294047593.jpg,2025-06-28
inat_targeted,293655317,Echis carinatus,venomous,cc-by,https://inaturalist-open-data.s3.amazonaws.com/photos/528506633/medium.jpg,E:\Coding_Notes\Faunari\data\raw\inat_targeted\Echis_carinatus\293655317.jpg,2025-06-28
inat_targeted,293116348,Echis carinatus,venomous,cc-by-nc,https://inaturalist-open-data.s3.amazonaws.com/photos/527546715/medium.jpg,E:\Coding_Notes\Faunari\data\raw\inat_targeted\Echis_carinatus\293116348.jpg,2025-06-07
inat_targeted,293080784,Echis carinatus,venomous,,https://static.inaturalist.org/photos/527483580/medium.jpg,E:\Coding_Notes\Faunari\data\raw\inat_targeted\Echis_carinatus\293080784.jpg,2025-06-24
inat_targeted,290867547,Echis carinatus,venomous,,https://static.inaturalist.org/photos/523294775/medium.jpg,E:\Coding_Notes\Faunari\data\raw\inat_targeted\Echis_carinatus\290867547.jpg,2025-06-18
inat_targeted,290867352,Echis carinatus,venomous,,https://static.inaturalist.org/photos/523294389/medium.jpg,E:\Coding_Notes\Faunari\data\raw\inat_targeted\Echis_carinatus\290867352.jpg,2025-06-18
inat_targeted,290866970,Echis carinatus,venomous,,https://static.inaturalist.org/photos/523293231/medium.jpg,E:\Coding_Notes\Faunari\data\raw\inat_targeted\Echis_carinatus\290866970.jpg,2025-06-18
inat_targeted,290403059,Echis carinatus,venomous,cc-by-nc,https://inaturalist-open-data.s3.amazonaws.com/photos/522415368/medium.jpg,E:\Coding_Notes\Faunari\data\raw\inat_targeted\Echis_carinatus\290403059.jpg,2025-06-17
inat_targeted,290374517,Echis carinatus,venomous,cc-by-nc,https://inaturalist-open-data.s3.amazonaws.com/photos/522363067/medium.jpg,E:\Coding_Notes\Faunari\data\raw\inat_targeted\Echis_carinatus\290374517.jpg,2025-06-05
inat_targeted,289902283,Echis carinatus,venomous,,https://static.inaturalist.org/photos/523850495/medium.jpg,E:\Coding_Notes\Faunari\data\raw\inat_targeted\Echis_carinatus\289902283.jpg,2025-06-15
inat_targeted,289741059,Echis carinatus,venomous,cc-by,https://inaturalist-open-data.s3.amazonaws.com/photos/521160727/medium.jpg,E:\Coding_Notes\Faunari\data\raw\inat_targeted\Echis_carinatus\289741059.jpg,2025-06-14
inat_targeted,289657513,Echis carinatus,venomous,cc-by-nc,https://inaturalist-open-data.s3.amazonaws.com/photos/520997576/medium.jpg,E:\Coding_Notes\Faunari\data\raw\inat_targeted\Echis_carinatus\289657513.jpg,2025-06-14
inat_targeted,288929765,Echis carinatus,venomous,cc-by-nc,https://inaturalist-open-data.s3.amazonaws.com/photos/519641809/medium.jpg,E:\Coding_Notes\Faunari\data\raw\inat_targeted\Echis_carinatus\288929765.jpg,2023-08-24
inat_targeted,288441644,Echis carinatus,venomous,cc-by,https://inaturalist-open-data.s3.amazonaws.com/photos/518694526/medium.jpg,E:\Coding_Notes\Faunari\data\raw\inat_targeted\Echis_carinatus\288441644.jpg,2025-06-01
inat_targeted,288418285,Echis carinatus,venomous,cc-by,https://inaturalist-open-data.s3.amazonaws.com/photos/518673255/medium.jpg,E:\Coding_Notes\Faunari\data\raw\inat_targeted\Echis_carinatus\288418285.jpg,2025-06-02
inat_targeted,288180970,Echis carinatus,venomous,cc-by-nc,https://inaturalist-open-data.s3.amazonaws.com/photos/518223196/medium.jpg,E:\Coding_Notes\Faunari\data\raw\inat_targeted\Echis_carinatus\288180970.jpg,2025-06-09
inat_targeted,288128287,Echis carinatus,venomous,cc-by-nc,https://inaturalist-open-data.s3.amazonaws.com/photos/518127601/medium.jpg,E:\Coding_Notes\Faunari\data\raw\inat_targeted\Echis_carinatus\288128287.jpg,2025-06-09
inat_targeted,287552049,Echis carinatus,venomous,cc-by-nc,https://inaturalist-open-data.s3.amazonaws.com/photos/517048466/medium.jpg,E:\Coding_Notes\Faunari\data\raw\inat_targeted\Echis_carinatus\287552049.jpg,2025-02-09
inat_targeted,287213891,Echis carinatus,venomous,,https://static.inaturalist.org/photos/516414743/medium.jpg,E:\Coding_Notes\Faunari\data\raw\inat_targeted\Echis_carinatus\287213891.jpg,2025-06-04
inat_targeted,286483121,Echis carinatus,venomous,cc-by-nc,https://inaturalist-open-data.s3.amazonaws.com/photos/515033432/medium.jpg,E:\Coding_Notes\Faunari\data\raw\inat_targeted\Echis_carinatus\286483121.jpg,2025-01-02
inat_targeted,286147711,Echis carinatus,venomous,cc-by-nc,https://inaturalist-open-data.s3.amazonaws.com/photos/514388546/medium.jpg,E:\Coding_Notes\Faunari\data\raw\inat_targeted\Echis_carinatus\286147711.jpg,2024-06-10
inat_targeted,285875527,Echis carinatus,venomous,cc-by-nc,https://inaturalist-open-data.s3.amazonaws.com/photos/513878137/medium.jpg,E:\Coding_Notes\Faunari\data\raw\inat_targeted\Echis_carinatus\285875527.jpg,2025-05-31
inat_targeted,284767078,Echis carinatus,venomous,,https://static.inaturalist.org/photos/511814583/medium.jpg,E:\Coding_Notes\Faunari\data\raw\inat_targeted\Echis_carinatus\284767078.jpg,2024-07-28
inat_targeted,282877600,Echis carinatus,venomous,,https://static.inaturalist.org/photos/508256702/medium.jpg,E:\Coding_Notes\Faunari\data\raw\inat_targeted\Echis_carinatus\282877600.jpg,2025-03-11
inat_targeted,282305671,Echis carinatus,venomous,cc-by-nc,https://inaturalist-open-data.s3.amazonaws.com/photos/507192703/medium.jpg,E:\Coding_Notes\Faunari\data\raw\inat_targeted\Echis_carinatus\282305671.jpg,2025-05-18
inat_targeted,278113119,Echis carinatus,venomous,,https://static.inaturalist.org/photos/499367751/medium.jpeg,E:\Coding_Notes\Faunari\data\raw\inat_targeted\Echis_carinatus\278113119.jpg,2025-04-27
inat_targeted,276908173,Echis carinatus,venomous,cc-by-nc,https://inaturalist-open-data.s3.amazonaws.com/photos/497237461/medium.jpg,E:\Coding_Notes\Faunari\data\raw\inat_targeted\Echis_carinatus\276908173.jpg,2024-12-20
inat_targeted,273162464,Echis carinatus,venomous,,https://static.inaturalist.org/photos/491278803/medium.jpg,E:\Coding_Notes\Faunari\data\raw\inat_targeted\Echis_carinatus\273162464.jpg,2025-04-18
inat_targeted,272715812,Echis carinatus,venomous,,https://static.inaturalist.org/photos/490645720/medium.jpeg,E:\Coding_Notes\Faunari\data\raw\inat_targeted\Echis_carinatus\272715812.jpg,2025-04-23
inat_targeted,272023371,Echis carinatus,venomous,cc-by-nc,https://inaturalist-open-data.s3.amazonaws.com/photos/489363763/medium.jpg,E:\Coding_Notes\Faunari\data\raw\inat_targeted\Echis_carinatus\272023371.jpg,2024-07-28
inat_targeted,271190349,Echis carinatus,venomous,cc-by-nc,https://inaturalist-open-data.s3.amazonaws.com/photos/487793730/medium.jpeg,E:\Coding_Notes\Faunari\data\raw\inat_targeted\Echis_carinatus\271190349.jpg,2025-04-11
inat_targeted,269990050,Echis carinatus,venomous,cc-by-nc,https://inaturalist-open-data.s3.amazonaws.com/photos/485502974/medium.jpeg,E:\Coding_Notes\Faunari\data\raw\inat_targeted\Echis_carinatus\269990050.jpg,2025-04-11
inat_targeted,268093186,Echis carinatus,venomous,cc-by-nc,https://inaturalist-open-data.s3.amazonaws.com/photos/481857294/medium.jpeg,E:\Coding_Notes\Faunari\data\raw\inat_targeted\Echis_carinatus\268093186.jpg,2020-08-03
inat_targeted,268092678,Echis carinatus,venomous,cc-by-nc,https://inaturalist-open-data.s3.amazonaws.com/photos/481856391/medium.jpeg,E:\Coding_Notes\Faunari\data\raw\inat_targeted\Echis_carinatus\268092678.jpg,2019-04-13
inat_targeted,268022359,Echis carinatus,venomous,cc-by,https://inaturalist-open-data.s3.amazonaws.com/photos/481725791/medium.jpg,E:\Coding_Notes\Faunari\data\raw\inat_targeted\Echis_carinatus\268022359.jpg,2025-03-31
inat_targeted,267550698,Echis carinatus,venomous,,https://static.inaturalist.org/photos/480823460/medium.jpeg,E:\Coding_Notes\Faunari\data\raw\inat_targeted\Echis_carinatus\267550698.jpg,2023-09-22
inat_targeted,267472721,Echis carinatus,venomous,,https://static.inaturalist.org/photos/480679195/medium.jpeg,E:\Coding_Notes\Faunari\data\raw\inat_targeted\Echis_carinatus\267472721.jpg,2025-03-29
inat_targeted,266517586,Echis carinatus,venomous,cc-by-nc,https://inaturalist-open-data.s3.amazonaws.com/photos/478874783/medium.jpg,E:\Coding_Notes\Faunari\data\raw\inat_targeted\Echis_carinatus\266517586.jpg,2025-03-06
inat_targeted,266330122,Echis carinatus,venomous,,https://static.inaturalist.org/photos/478513425/medium.jpeg,E:\Coding_Notes\Faunari\data\raw\inat_targeted\Echis_carinatus\266330122.jpg,2025-03-22
inat_targeted,266191632,Echis carinatus,venomous,cc-by-nc,https://inaturalist-open-data.s3.amazonaws.com/photos/478249012/medium.jpg,E:\Coding_Notes\Faunari\data\raw\inat_targeted\Echis_carinatus\266191632.jpg,2025-03-10
inat_targeted,265839802,Echis carinatus,venomous,,https://static.inaturalist.org/photos/477573118/medium.jpg,E:\Coding_Notes\Faunari\data\raw\inat_targeted\Echis_carinatus\265839802.jpg,2025-02-24
inat_targeted,265543644,Echis carinatus,venomous,,https://static.inaturalist.org/photos/478276418/medium.jpeg,E:\Coding_Notes\Faunari\data\raw\inat_targeted\Echis_carinatus\265543644.jpg,2025-03-15
inat_targeted,265163887,Echis carinatus,venomous,,https://static.inaturalist.org/photos/476245038/medium.jpeg,E:\Coding_Notes\Faunari\data\raw\inat_targeted\Echis_carinatus\265163887.jpg,2019-08-20
inat_targeted,264776018,Echis carinatus,venomous,,https://static.inaturalist.org/photos/475484337/medium.jpg,E:\Coding_Notes\Faunari\data\raw\inat_targeted\Echis_carinatus\264776018.jpg,2018-07-07
inat_targeted,264776017,Echis carinatus,venomous,,https://static.inaturalist.org/photos/475484329/medium.jpg,E:\Coding_Notes\Faunari\data\raw\inat_targeted\Echis_carinatus\264776017.jpg,2018-07-07
inat_targeted,264776016,Echis carinatus,venomous,,https://static.inaturalist.org/photos/475484331/medium.jpg,E:\Coding_Notes\Faunari\data\raw\inat_targeted\Echis_carinatus\264776016.jpg,2016-11-13
inat_targeted,264356542,Echis carinatus,venomous,cc-by-nc,https://inaturalist-open-data.s3.amazonaws.com/photos/474795915/medium.jpg,E:\Coding_Notes\Faunari\data\raw\inat_targeted\Echis_carinatus\264356542.jpg,2019-03-26
inat_targeted,262554135,Echis carinatus,venomous,cc-by-nc-sa,https://inaturalist-open-data.s3.amazonaws.com/photos/471585210/medium.jpg,E:\Coding_Notes\Faunari\data\raw\inat_targeted\Echis_carinatus\262554135.jpg,2024-09-26
inat_targeted,262333082,Echis carinatus,venomous,,https://static.inaturalist.org/photos/471281468/medium.jpeg,E:\Coding_Notes\Faunari\data\raw\inat_targeted\Echis_carinatus\262333082.jpg,2023-04-29
inat_targeted,261839701,Echis carinatus,venomous,cc-by-nc,https://inaturalist-open-data.s3.amazonaws.com/photos/470491197/medium.jpeg,E:\Coding_Notes\Faunari\data\raw\inat_targeted\Echis_carinatus\261839701.jpg,2025-01-30
inat_targeted,261003059,Echis carinatus,venomous,,https://static.inaturalist.org/photos/468824123/medium.jpeg,E:\Coding_Notes\Faunari\data\raw\inat_targeted\Echis_carinatus\261003059.jpg,2025-02-08
inat_targeted,260808435,Echis carinatus,venomous,cc-by-nc,https://inaturalist-open-data.s3.amazonaws.com/photos/468434494/medium.jpeg,E:\Coding_Notes\Faunari\data\raw\inat_targeted\Echis_carinatus\260808435.jpg,2023-11-22
inat_targeted,260808351,Echis carinatus,venomous,cc-by-nc,https://inaturalist-open-data.s3.amazonaws.com/photos/468434386/medium.jpeg,E:\Coding_Notes\Faunari\data\raw\inat_targeted\Echis_carinatus\260808351.jpg,2024-01-12
inat_targeted,260607811,Echis carinatus,venomous,cc-by,https://inaturalist-open-data.s3.amazonaws.com/photos/468043354/medium.jpeg,E:\Coding_Notes\Faunari\data\raw\inat_targeted\Echis_carinatus\260607811.jpg,2024-10-12
inat_targeted,260352464,Echis carinatus,venomous,,https://static.inaturalist.org/photos/467536500/medium.jpeg,E:\Coding_Notes\Faunari\data\raw\inat_targeted\Echis_carinatus\260352464.jpg,2025-01-26
inat_targeted,260069757,Echis carinatus,venomous,cc-by-nc,https://inaturalist-open-data.s3.amazonaws.com/photos/466972991/medium.jpg,E:\Coding_Notes\Faunari\data\raw\inat_targeted\Echis_carinatus\260069757.jpg,2025-01-27
inat_targeted,259868980,Echis carinatus,venomous,,https://static.inaturalist.org/photos/466574445/medium.jpeg,E:\Coding_Notes\Faunari\data\raw\inat_targeted\Echis_carinatus\259868980.jpg,2024-09-09
inat_targeted,259421112,Echis carinatus,venomous,cc-by-nc,https://inaturalist-open-data.s3.amazonaws.com/photos/465684937/medium.jpg,E:\Coding_Notes\Faunari\data\raw\inat_targeted\Echis_carinatus\259421112.jpg,2025-01-04
inat_targeted,259411053,Echis carinatus,venomous,,https://static.inaturalist.org/photos/465666024/medium.jpeg,E:\Coding_Notes\Faunari\data\raw\inat_targeted\Echis_carinatus\259411053.jpg,2024-03-14
inat_targeted,259355086,Echis carinatus,venomous,cc-by,https://inaturalist-open-data.s3.amazonaws.com/photos/465550340/medium.jpeg,E:\Coding_Notes\Faunari\data\raw\inat_targeted\Echis_carinatus\259355086.jpg,2025-01-23
inat_targeted,258914841,Echis carinatus,venomous,cc-by-nc,https://inaturalist-open-data.s3.amazonaws.com/photos/464653122/medium.jpeg,E:\Coding_Notes\Faunari\data\raw\inat_targeted\Echis_carinatus\258914841.jpg,2025-01-19
inat_targeted,258564484,Echis carinatus,venomous,cc-by-nc,https://inaturalist-open-data.s3.amazonaws.com/photos/463940394/medium.jpeg,E:\Coding_Notes\Faunari\data\raw\inat_targeted\Echis_carinatus\258564484.jpg,2025-01-14
inat_targeted,258294046,Echis carinatus,venomous,cc-by,https://inaturalist-open-data.s3.amazonaws.com/photos/463384964/medium.jpg,E:\Coding_Notes\Faunari\data\raw\inat_targeted\Echis_carinatus\258294046.jpg,2025-01-12
inat_targeted,257707590,Echis carinatus,venomous,cc-by,https://inaturalist-open-data.s3.amazonaws.com/photos/462345701/medium.jpg,E:\Coding_Notes\Faunari\data\raw\inat_targeted\Echis_carinatus\257707590.jpg,2025-01-07
inat_targeted,256795094,Echis carinatus,venomous,,https://static.inaturalist.org/photos/460501719/medium.jpeg,E:\Coding_Notes\Faunari\data\raw\inat_targeted\Echis_carinatus\256795094.jpg,2024-12-22
inat_targeted,256639242,Echis carinatus,venomous,cc-by-nc-nd,https://inaturalist-open-data.s3.amazonaws.com/photos/460191728/medium.jpeg,E:\Coding_Notes\Faunari\data\raw\inat_targeted\Echis_carinatus\256639242.jpg,2024-12-23
inat_targeted,256447452,Echis carinatus,venomous,,https://static.inaturalist.org/photos/459800572/medium.jpeg,E:\Coding_Notes\Faunari\data\raw\inat_targeted\Echis_carinatus\256447452.jpg,2024-12-28
inat_targeted,256406249,Echis carinatus,venomous,,https://static.inaturalist.org/photos/459713826/medium.jpeg,E:\Coding_Notes\Faunari\data\raw\inat_targeted\Echis_carinatus\256406249.jpg,2024-10-20
inat_targeted,256276785,Echis carinatus,venomous,,https://static.inaturalist.org/photos/459450586/medium.jpg,E:\Coding_Notes\Faunari\data\raw\inat_targeted\Echis_carinatus\256276785.jpg,2024-12-25
inat_targeted,256276783,Echis carinatus,venomous,,https://static.inaturalist.org/photos/459450569/medium.jpg,E:\Coding_Notes\Faunari\data\raw\inat_targeted\Echis_carinatus\256276783.jpg,2024-12-25
inat_targeted,255991491,Echis carinatus,venomous,cc-by-nc-nd,https://inaturalist-open-data.s3.amazonaws.com/photos/458870521/medium.jpeg,E:\Coding_Notes\Faunari\data\raw\inat_targeted\Echis_carinatus\255991491.jpg,2024-12-23
inat_targeted,255789083,Echis carinatus,venomous,cc-by-nc,https://inaturalist-open-data.s3.amazonaws.com/photos/458471831/medium.jpeg,E:\Coding_Notes\Faunari\data\raw\inat_targeted\Echis_carinatus\255789083.jpg,2024-09-27
inat_targeted,255788239,Echis carinatus,venomous,cc-by-nc,https://inaturalist-open-data.s3.amazonaws.com/photos/458470260/medium.jpeg,E:\Coding_Notes\Faunari\data\raw\inat_targeted\Echis_carinatus\255788239.jpg,2024-11-30
inat_targeted,255782045,Echis carinatus,venomous,cc-by-nc,https://inaturalist-open-data.s3.amazonaws.com/photos/458458462/medium.jpeg,E:\Coding_Notes\Faunari\data\raw\inat_targeted\Echis_carinatus\255782045.jpg,2023-01-17
inat_targeted,255575548,Echis carinatus,venomous,cc-by-nc,https://inaturalist-open-data.s3.amazonaws.com/photos/458035372/medium.jpeg,E:\Coding_Notes\Faunari\data\raw\inat_targeted\Echis_carinatus\255575548.jpg,2023-09-14
inat_targeted,254994603,Echis carinatus,venomous,cc-by-nc-sa,https://inaturalist-open-data.s3.amazonaws.com/photos/456871862/medium.jpeg,E:\Coding_Notes\Faunari\data\raw\inat_targeted\Echis_carinatus\254994603.jpg,2024-12-13
inat_targeted,254898320,Echis carinatus,venomous,cc-by-nc,https://inaturalist-open-data.s3.amazonaws.com/photos/456679341/medium.jpeg,E:\Coding_Notes\Faunari\data\raw\inat_targeted\Echis_carinatus\254898320.jpg,2024-07-10
inat_targeted,254778063,Echis carinatus,venomous,,https://static.inaturalist.org/photos/456432621/medium.jpeg,E:\Coding_Notes\Faunari\data\raw\inat_targeted\Echis_carinatus\254778063.jpg,2024-07-10
inat_targeted,254077935,Echis carinatus,venomous,cc-by-nc,https://inaturalist-open-data.s3.amazonaws.com/photos/455026965/medium.jpeg,E:\Coding_Notes\Faunari\data\raw\inat_targeted\Echis_carinatus\254077935.jpg,2024-12-03
inat_targeted,254076288,Echis carinatus,venomous,cc-by-nc,https://inaturalist-open-data.s3.amazonaws.com/photos/455023197/medium.jpeg,E:\Coding_Notes\Faunari\data\raw\inat_targeted\Echis_carinatus\254076288.jpg,2024-12-04
inat_targeted,253982696,Echis carinatus,venomous,,https://static.inaturalist.org/photos/454841302/medium.jpeg,E:\Coding_Notes\Faunari\data\raw\inat_targeted\Echis_carinatus\253982696.jpg,2024-10-25
inat_targeted,253543668,Echis carinatus,venomous,cc-by-nc,https://inaturalist-open-data.s3.amazonaws.com/photos/454000955/medium.jpeg,E:\Coding_Notes\Faunari\data\raw\inat_targeted\Echis_carinatus\253543668.jpg,2024-11-22
inat_targeted,253124741,Echis carinatus,venomous,cc-by,https://inaturalist-open-data.s3.amazonaws.com/photos/453178376/medium.jpeg,E:\Coding_Notes\Faunari\data\raw\inat_targeted\Echis_carinatus\253124741.jpg,2024-11-22
inat_targeted,253117255,Echis carinatus,venomous,,https://static.inaturalist.org/photos/453162950/medium.jpeg,E:\Coding_Notes\Faunari\data\raw\inat_targeted\Echis_carinatus\253117255.jpg,2024-07-16
inat_targeted,252130924,Echis carinatus,venomous,cc-by-nd,https://inaturalist-open-data.s3.amazonaws.com/photos/451283311/medium.jpeg,E:\Coding_Notes\Faunari\data\raw\inat_targeted\Echis_carinatus\252130924.jpg,2024-11-18
inat_targeted,251853735,Echis carinatus,venomous,cc-by-nc,https://inaturalist-open-data.s3.amazonaws.com/photos/450727741/medium.jpeg,E:\Coding_Notes\Faunari\data\raw\inat_targeted\Echis_carinatus\251853735.jpg,2024-11-16
inat_targeted,251759720,Echis carinatus,venomous,cc-by-nc,https://inaturalist-open-data.s3.amazonaws.com/photos/450538742/medium.jpeg,E:\Coding_Notes\Faunari\data\raw\inat_targeted\Echis_carinatus\251759720.jpg,2024-11-15
inat_targeted,251479752,Echis carinatus,venomous,cc-by-nc,https://inaturalist-open-data.s3.amazonaws.com/photos/449979328/medium.jpeg,E:\Coding_Notes\Faunari\data\raw\inat_targeted\Echis_carinatus\251479752.jpg,2024-11-12
inat_targeted,251434567,Echis carinatus,venomous,,https://static.inaturalist.org/photos/449889885/medium.jpg,E:\Coding_Notes\Faunari\data\raw\inat_targeted\Echis_carinatus\251434567.jpg,2024-10-07
inat_targeted,250894873,Echis carinatus,venomous,cc-by-nc,https://inaturalist-open-data.s3.amazonaws.com/photos/453239540/medium.jpeg,E:\Coding_Notes\Faunari\data\raw\inat_targeted\Echis_carinatus\250894873.jpg,2024-10-29
inat_targeted,250888631,Echis carinatus,venomous,cc-by,https://inaturalist-open-data.s3.amazonaws.com/photos/448802050/medium.jpeg,E:\Coding_Notes\Faunari\data\raw\inat_targeted\Echis_carinatus\250888631.jpg,2024-11-03
inat_targeted,249985449,Echis carinatus,venomous,,https://static.inaturalist.org/photos/446987138/medium.jpeg,E:\Coding_Notes\Faunari\data\raw\inat_targeted\Echis_carinatus\249985449.jpg,2023-10-22
inat_targeted,249024126,Echis carinatus,venomous,cc-by-nc,https://inaturalist-open-data.s3.amazonaws.com/photos/445072337/medium.jpeg,E:\Coding_Notes\Faunari\data\raw\inat_targeted\Echis_carinatus\249024126.jpg,2008-01-16
inat_targeted,247866534,Echis carinatus,venomous,cc-by-nc,https://inaturalist-open-data.s3.amazonaws.com/photos/442779302/medium.jpeg,E:\Coding_Notes\Faunari\data\raw\inat_targeted\Echis_carinatus\247866534.jpg,2024-10-18
inat_targeted,247654622,Echis carinatus,venomous,,https://static.inaturalist.org/photos/442358492/medium.jpeg,E:\Coding_Notes\Faunari\data\raw\inat_targeted\Echis_carinatus\247654622.jpg,2024-09-29
inat_targeted,247636970,Echis carinatus,venomous,cc-by-nc,https://inaturalist-open-data.s3.amazonaws.com/photos/442324495/medium.jpeg,E:\Coding_Notes\Faunari\data\raw\inat_targeted\Echis_carinatus\247636970.jpg,2024-10-12
inat_targeted,247574396,Echis carinatus,venomous,cc-by-nc,https://inaturalist-open-data.s3.amazonaws.com/photos/442199190/medium.jpeg,E:\Coding_Notes\Faunari\data\raw\inat_targeted\Echis_carinatus\247574396.jpg,2024-10-12
inat_targeted,247121688,Echis carinatus,venomous,cc-by-nc,https://inaturalist-open-data.s3.amazonaws.com/photos/441297472/medium.jpeg,E:\Coding_Notes\Faunari\data\raw\inat_targeted\Echis_carinatus\247121688.jpg,2024-10-12
inat_targeted,246884240,Echis carinatus,venomous,cc-by-nc,https://inaturalist-open-data.s3.amazonaws.com/photos/440832458/medium.jpeg,E:\Coding_Notes\Faunari\data\raw\inat_targeted\Echis_carinatus\246884240.jpg,2024-10-12
inat_targeted,246344656,Echis carinatus,venomous,cc-by-nc,https://inaturalist-open-data.s3.amazonaws.com/photos/439763302/medium.jpeg,E:\Coding_Notes\Faunari\data\raw\inat_targeted\Echis_carinatus\246344656.jpg,2024-09-27
inat_targeted,246194586,Echis carinatus,venomous,cc-by-nc,https://inaturalist-open-data.s3.amazonaws.com/photos/439461292/medium.jpeg,E:\Coding_Notes\Faunari\data\raw\inat_targeted\Echis_carinatus\246194586.jpg,2024-09-25
inat_targeted,245534266,Echis carinatus,venomous,,https://static.inaturalist.org/photos/438167045/medium.jpg,E:\Coding_Notes\Faunari\data\raw\inat_targeted\Echis_carinatus\245534266.jpg,2021-02-23
inat_targeted,245159698,Echis carinatus,venomous,cc-by-nc,https://inaturalist-open-data.s3.amazonaws.com/photos/437420886/medium.jpeg,E:\Coding_Notes\Faunari\data\raw\inat_targeted\Echis_carinatus\245159698.jpg,2024-07-19
inat_targeted,245026164,Echis carinatus,venomous,cc-by-nc,https://inaturalist-open-data.s3.amazonaws.com/photos/437168338/medium.jpeg,E:\Coding_Notes\Faunari\data\raw\inat_targeted\Echis_carinatus\245026164.jpg,2024-09-27
inat_targeted,244744396,Echis carinatus,venomous,cc-by,https://inaturalist-open-data.s3.amazonaws.com/photos/436613056/medium.jpg,E:\Coding_Notes\Faunari\data\raw\inat_targeted\Echis_carinatus\244744396.jpg,2024-09-23
inat_targeted,243265034,Echis carinatus,venomous,,https://static.inaturalist.org/photos/433760583/medium.jpeg,E:\Coding_Notes\Faunari\data\raw\inat_targeted\Echis_carinatus\243265034.jpg,2024-09-22
inat_targeted,375201876,Hypnale hypnale,venomous,cc-by-nc,https://inaturalist-open-data.s3.amazonaws.com/photos/685880101/medium.jpg,E:\Coding_Notes\Faunari\data\raw\inat_targeted\Hypnale_hypnale\375201876.jpg,2026-06-22
inat_targeted,375201189,Hypnale hypnale,venomous,cc-by-nc,https://inaturalist-open-data.s3.amazonaws.com/photos/685878954/medium.jpg,E:\Coding_Notes\Faunari\data\raw\inat_targeted\Hypnale_hypnale\375201189.jpg,2026-06-22
inat_targeted,374829749,Hypnale hypnale,venomous,,https://static.inaturalist.org/photos/685164088/medium.jpg,E:\Coding_Notes\Faunari\data\raw\inat_targeted\Hypnale_hypnale\374829749.jpg,2026-06-19
inat_targeted,361091611,Hypnale hypnale,venomous,cc-by-nc,https://inaturalist-open-data.s3.amazonaws.com/photos/658967931/medium.jpg,E:\Coding_Notes\Faunari\data\raw\inat_targeted\Hypnale_hypnale\361091611.jpg,2026-05-13
inat_targeted,343968308,Hypnale hypnale,venomous,cc-by-nc,https://inaturalist-open-data.s3.amazonaws.com/photos/626669963/medium.jpg,E:\Coding_Notes\Faunari\data\raw\inat_targeted\Hypnale_hypnale\343968308.jpg,2024-06-16
inat_targeted,343349754,Hypnale hypnale,venomous,,https://static.inaturalist.org/photos/625414122/medium.jpg,E:\Coding_Notes\Faunari\data\raw\inat_targeted\Hypnale_hypnale\343349754.jpg,2025-10-23
inat_targeted,341529698,Hypnale hypnale,venomous,cc-by-nc,https://inaturalist-open-data.s3.amazonaws.com/photos/621760235/medium.jpg,E:\Coding_Notes\Faunari\data\raw\inat_targeted\Hypnale_hypnale\341529698.jpg,2025-10-25
inat_targeted,341352356,Hypnale hypnale,venomous,cc-by-nc,https://inaturalist-open-data.s3.amazonaws.com/photos/621397758/medium.jpg,E:\Coding_Notes\Faunari\data\raw\inat_targeted\Hypnale_hypnale\341352356.jpg,2025-11-10
inat_targeted,339535477,Hypnale hypnale,venomous,cc-by-nc,https://inaturalist-open-data.s3.amazonaws.com/photos/617686418/medium.jpg,E:\Coding_Notes\Faunari\data\raw\inat_targeted\Hypnale_hypnale\339535477.jpg,2026-02-12
inat_targeted,338895173,Hypnale hypnale,venomous,cc-by-nc,https://inaturalist-open-data.s3.amazonaws.com/photos/616385091/medium.jpg,E:\Coding_Notes\Faunari\data\raw\inat_targeted\Hypnale_hypnale\338895173.jpg,2026-02-02
inat_targeted,338078158,Hypnale hypnale,venomous,,https://static.inaturalist.org/photos/614733361/medium.jpg,E:\Coding_Notes\Faunari\data\raw\inat_targeted\Hypnale_hypnale\338078158.jpg,2025-08-14
inat_targeted,338077572,Hypnale hypnale,venomous,,https://static.inaturalist.org/photos/614732024/medium.jpg,E:\Coding_Notes\Faunari\data\raw\inat_targeted\Hypnale_hypnale\338077572.jpg,2025-10-29
inat_targeted,337539734,Hypnale hypnale,venomous,cc-by-nc,https://inaturalist-open-data.s3.amazonaws.com/photos/613626501/medium.jpg,E:\Coding_Notes\Faunari\data\raw\inat_targeted\Hypnale_hypnale\337539734.jpg,2009-05-23
inat_targeted,337208304,Hypnale hypnale,venomous,,https://static.inaturalist.org/photos/612949203/medium.jpg,E:\Coding_Notes\Faunari\data\raw\inat_targeted\Hypnale_hypnale\337208304.jpg,2026-01-26
inat_targeted,336837503,Hypnale hypnale,venomous,cc-by-nc,https://inaturalist-open-data.s3.amazonaws.com/photos/612190937/medium.jpg,E:\Coding_Notes\Faunari\data\raw\inat_targeted\Hypnale_hypnale\336837503.jpg,2025-11-09
inat_targeted,336322410,Hypnale hypnale,venomous,cc-by-nc,https://inaturalist-open-data.s3.amazonaws.com/photos/611146748/medium.jpg,E:\Coding_Notes\Faunari\data\raw\inat_targeted\Hypnale_hypnale\336322410.jpg,2005-11-16
inat_targeted,336230365,Hypnale hypnale,venomous,,https://static.inaturalist.org/photos/610958711/medium.jpg,E:\Coding_Notes\Faunari\data\raw\inat_targeted\Hypnale_hypnale\336230365.jpg,2026-01-26
inat_targeted,336057611,Hypnale hypnale,venomous,cc-by-nc,https://inaturalist-open-data.s3.amazonaws.com/photos/610614325/medium.jpg,E:\Coding_Notes\Faunari\data\raw\inat_targeted\Hypnale_hypnale\336057611.jpg,2009-12-23
inat_targeted,334488337,Hypnale hypnale,venomous,cc-by-nc,https://inaturalist-open-data.s3.amazonaws.com/photos/607442741/medium.jpg,E:\Coding_Notes\Faunari\data\raw\inat_targeted\Hypnale_hypnale\334488337.jpg,2022-11-23
inat_targeted,334487582,Hypnale hypnale,venomous,cc-by-nc,https://inaturalist-open-data.s3.amazonaws.com/photos/607441139/medium.jpg,E:\Coding_Notes\Faunari\data\raw\inat_targeted\Hypnale_hypnale\334487582.jpg,2022-10-27
inat_targeted,334487055,Hypnale hypnale,venomous,cc-by-nc,https://inaturalist-open-data.s3.amazonaws.com/photos/607439814/medium.jpg,E:\Coding_Notes\Faunari\data\raw\inat_targeted\Hypnale_hypnale\334487055.jpg,2022-10-16
inat_targeted,334484456,Hypnale hypnale,venomous,cc-by-nc,https://inaturalist-open-data.s3.amazonaws.com/photos/607434803/medium.jpg,E:\Coding_Notes\Faunari\data\raw\inat_targeted\Hypnale_hypnale\334484456.jpg,2022-09-20
inat_targeted,334484252,Hypnale hypnale,venomous,cc-by-nc,https://inaturalist-open-data.s3.amazonaws.com/photos/607434330/medium.jpg,E:\Coding_Notes\Faunari\data\raw\inat_targeted\Hypnale_hypnale\334484252.jpg,2022-09-19
inat_targeted,334478500,Hypnale hypnale,venomous,cc-by-nc,https://inaturalist-open-data.s3.amazonaws.com/photos/607422582/medium.jpg,E:\Coding_Notes\Faunari\data\raw\inat_targeted\Hypnale_hypnale\334478500.jpg,2022-08-04
inat_targeted,334478377,Hypnale hypnale,venomous,cc-by-nc,https://inaturalist-open-data.s3.amazonaws.com/photos/607422309/medium.jpg,E:\Coding_Notes\Faunari\data\raw\inat_targeted\Hypnale_hypnale\334478377.jpg,2022-08-03
inat_targeted,333456944,Hypnale hypnale,venomous,cc-by-nc,https://inaturalist-open-data.s3.amazonaws.com/photos/605392127/medium.jpg,E:\Coding_Notes\Faunari\data\raw\inat_targeted\Hypnale_hypnale\333456944.jpg,2025-07-08
inat_targeted,332135869,Hypnale hypnale,venomous,cc-by-nc,https://inaturalist-open-data.s3.amazonaws.com/photos/602689410/medium.jpg,E:\Coding_Notes\Faunari\data\raw\inat_targeted\Hypnale_hypnale\332135869.jpg,2025-11-01
inat_targeted,329682662,Hypnale hypnale,venomous,cc-by-nc,https://inaturalist-open-data.s3.amazonaws.com/photos/597658643/medium.jpg,E:\Coding_Notes\Faunari\data\raw\inat_targeted\Hypnale_hypnale\329682662.jpg,2022-07-12
inat_targeted,329342079,Hypnale hypnale,venomous,cc-by,https://inaturalist-open-data.s3.amazonaws.com/photos/596966556/medium.jpg,E:\Coding_Notes\Faunari\data\raw\inat_targeted\Hypnale_hypnale\329342079.jpg,2025-05-25
inat_targeted,329192612,Hypnale hypnale,venomous,cc-by,https://inaturalist-open-data.s3.amazonaws.com/photos/596669622/medium.jpg,E:\Coding_Notes\Faunari\data\raw\inat_targeted\Hypnale_hypnale\329192612.jpg,2025-11-21
inat_targeted,329192606,Hypnale hypnale,venomous,cc-by,https://inaturalist-open-data.s3.amazonaws.com/photos/596669586/medium.jpg,E:\Coding_Notes\Faunari\data\raw\inat_targeted\Hypnale_hypnale\329192606.jpg,2025-11-21
inat_targeted,328633849,Hypnale hypnale,venomous,cc-by-nc,https://inaturalist-open-data.s3.amazonaws.com/photos/595551301/medium.jpg,E:\Coding_Notes\Faunari\data\raw\inat_targeted\Hypnale_hypnale\328633849.jpg,2025-03-05
inat_targeted,328292848,Hypnale hypnale,venomous,,https://static.inaturalist.org/photos/594858801/medium.jpg,E:\Coding_Notes\Faunari\data\raw\inat_targeted\Hypnale_hypnale\328292848.jpg,2025-08-22
inat_targeted,327101842,Hypnale hypnale,venomous,,https://static.inaturalist.org/photos/592539507/medium.jpg,E:\Coding_Notes\Faunari\data\raw\inat_targeted\Hypnale_hypnale\327101842.jpg,2025-11-17
inat_targeted,326051332,Hypnale hypnale,venomous,cc-by-nc,https://inaturalist-open-data.s3.amazonaws.com/photos/590444518/medium.jpg,E:\Coding_Notes\Faunari\data\raw\inat_targeted\Hypnale_hypnale\326051332.jpg,2025-11-08
inat_targeted,326048499,Hypnale hypnale,venomous,cc-by-nc,https://inaturalist-open-data.s3.amazonaws.com/photos/590438772/medium.jpg,E:\Coding_Notes\Faunari\data\raw\inat_targeted\Hypnale_hypnale\326048499.jpg,2025-11-08
inat_targeted,325873548,Hypnale hypnale,venomous,cc-by,https://inaturalist-open-data.s3.amazonaws.com/photos/590093948/medium.jpg,E:\Coding_Notes\Faunari\data\raw\inat_targeted\Hypnale_hypnale\325873548.jpg,2025-11-09
inat_targeted,325651298,Hypnale hypnale,venomous,cc-by-nc,https://inaturalist-open-data.s3.amazonaws.com/photos/589651815/medium.jpg,E:\Coding_Notes\Faunari\data\raw\inat_targeted\Hypnale_hypnale\325651298.jpg,2025-11-09
inat_targeted,325493638,Hypnale hypnale,venomous,cc-by,https://inaturalist-open-data.s3.amazonaws.com/photos/589338503/medium.jpg,E:\Coding_Notes\Faunari\data\raw\inat_targeted\Hypnale_hypnale\325493638.jpg,2025-11-08
inat_targeted,325048708,Hypnale hypnale,venomous,cc-by-nc,https://inaturalist-open-data.s3.amazonaws.com/photos/588448762/medium.jpg,E:\Coding_Notes\Faunari\data\raw\inat_targeted\Hypnale_hypnale\325048708.jpg,2021-10-17
inat_targeted,323952939,Hypnale hypnale,venomous,,https://static.inaturalist.org/photos/591281033/medium.jpg,E:\Coding_Notes\Faunari\data\raw\inat_targeted\Hypnale_hypnale\323952939.jpg,2025-10-30
inat_targeted,323485198,Hypnale hypnale,venomous,cc-by-nc-nd,https://inaturalist-open-data.s3.amazonaws.com/photos/585330383/medium.jpg,E:\Coding_Notes\Faunari\data\raw\inat_targeted\Hypnale_hypnale\323485198.jpg,2025-10-27
inat_targeted,323485163,Hypnale hypnale,venomous,cc-by-nc-nd,https://inaturalist-open-data.s3.amazonaws.com/photos/585330295/medium.jpg,E:\Coding_Notes\Faunari\data\raw\inat_targeted\Hypnale_hypnale\323485163.jpg,2025-10-27
inat_targeted,323484293,Hypnale hypnale,venomous,cc-by-nc,https://inaturalist-open-data.s3.amazonaws.com/photos/585328285/medium.jpg,E:\Coding_Notes\Faunari\data\raw\inat_targeted\Hypnale_hypnale\323484293.jpg,2025-10-27
inat_targeted,323483934,Hypnale hypnale,venomous,cc-by-nc,https://inaturalist-open-data.s3.amazonaws.com/photos/585327546/medium.jpg,E:\Coding_Notes\Faunari\data\raw\inat_targeted\Hypnale_hypnale\323483934.jpg,2025-10-27
inat_targeted,323480221,Hypnale hypnale,venomous,cc-by-nc,https://inaturalist-open-data.s3.amazonaws.com/photos/585319561/medium.jpg,E:\Coding_Notes\Faunari\data\raw\inat_targeted\Hypnale_hypnale\323480221.jpg,2009-06-07
inat_targeted,322560469,Hypnale hypnale,venomous,cc-by-nc,https://inaturalist-open-data.s3.amazonaws.com/photos/583545341/medium.jpg,E:\Coding_Notes\Faunari\data\raw\inat_targeted\Hypnale_hypnale\322560469.jpg,2025-10-09
inat_targeted,321839738,Hypnale hypnale,venomous,cc-by-nc,https://inaturalist-open-data.s3.amazonaws.com/photos/582104127/medium.jpg,E:\Coding_Notes\Faunari\data\raw\inat_targeted\Hypnale_hypnale\321839738.jpg,2025-10-18
inat_targeted,321556124,Hypnale hypnale,venomous,cc-by-nc,https://inaturalist-open-data.s3.amazonaws.com/photos/581555784/medium.jpg,E:\Coding_Notes\Faunari\data\raw\inat_targeted\Hypnale_hypnale\321556124.jpg,2024-09-09
inat_targeted,321174682,Hypnale hypnale,venomous,cc-by-nc,https://inaturalist-open-data.s3.amazonaws.com/photos/580804737/medium.jpg,E:\Coding_Notes\Faunari\data\raw\inat_targeted\Hypnale_hypnale\321174682.jpg,2025-10-09
inat_targeted,321174656,Hypnale hypnale,venomous,cc-by-nc,https://inaturalist-open-data.s3.amazonaws.com/photos/580804688/medium.jpg,E:\Coding_Notes\Faunari\data\raw\inat_targeted\Hypnale_hypnale\321174656.jpg,2025-10-09
inat_targeted,321174647,Hypnale hypnale,venomous,cc-by-nc,https://inaturalist-open-data.s3.amazonaws.com/photos/580804676/medium.jpg,E:\Coding_Notes\Faunari\data\raw\inat_targeted\Hypnale_hypnale\321174647.jpg,2025-10-09
inat_targeted,321174627,Hypnale hypnale,venomous,cc-by-nc,https://inaturalist-open-data.s3.amazonaws.com/photos/580804599/medium.jpg,E:\Coding_Notes\Faunari\data\raw\inat_targeted\Hypnale_hypnale\321174627.jpg,2025-10-09
inat_targeted,321109923,Hypnale hypnale,venomous,cc-by-nc,https://inaturalist-open-data.s3.amazonaws.com/photos/580610725/medium.jpg,E:\Coding_Notes\Faunari\data\raw\inat_targeted\Hypnale_hypnale\321109923.jpg,2025-10-07
inat_targeted,321085383,Hypnale hypnale,venomous,,https://static.inaturalist.org/photos/580632614/medium.jpg,E:\Coding_Notes\Faunari\data\raw\inat_targeted\Hypnale_hypnale\321085383.jpg,2025-07-13
inat_targeted,320341063,Hypnale hypnale,venomous,cc-by-nc,https://inaturalist-open-data.s3.amazonaws.com/photos/579173974/medium.jpg,E:\Coding_Notes\Faunari\data\raw\inat_targeted\Hypnale_hypnale\320341063.jpg,2025-10-12
inat_targeted,320263787,Hypnale hypnale,venomous,,https://static.inaturalist.org/photos/579018340/medium.jpg,E:\Coding_Notes\Faunari\data\raw\inat_targeted\Hypnale_hypnale\320263787.jpg,2025-10-12
inat_targeted,319744640,Hypnale hypnale,venomous,cc-by-nc,https://inaturalist-open-data.s3.amazonaws.com/photos/578024779/medium.jpg,E:\Coding_Notes\Faunari\data\raw\inat_targeted\Hypnale_hypnale\319744640.jpg,2025-10-06
inat_targeted,318858036,Hypnale hypnale,venomous,cc-by-nc,https://inaturalist-open-data.s3.amazonaws.com/photos/576326470/medium.jpg,E:\Coding_Notes\Faunari\data\raw\inat_targeted\Hypnale_hypnale\318858036.jpg,2018-08-17
inat_targeted,318836368,Hypnale hypnale,venomous,cc-by-nc,https://inaturalist-open-data.s3.amazonaws.com/photos/576280206/medium.jpg,E:\Coding_Notes\Faunari\data\raw\inat_targeted\Hypnale_hypnale\318836368.jpg,2025-08-14
inat_targeted,318183210,Hypnale hypnale,venomous,,https://static.inaturalist.org/photos/575034814/medium.jpg,E:\Coding_Notes\Faunari\data\raw\inat_targeted\Hypnale_hypnale\318183210.jpg,2025-09-28
inat_targeted,317753184,Hypnale hypnale,venomous,cc-by-nc,https://inaturalist-open-data.s3.amazonaws.com/photos/574211364/medium.jpg,E:\Coding_Notes\Faunari\data\raw\inat_targeted\Hypnale_hypnale\317753184.jpg,2024-12-12
inat_targeted,317715747,Hypnale hypnale,venomous,cc-by-nc,https://inaturalist-open-data.s3.amazonaws.com/photos/574135213/medium.jpg,E:\Coding_Notes\Faunari\data\raw\inat_targeted\Hypnale_hypnale\317715747.jpg,2025-09-26
inat_targeted,317709300,Hypnale hypnale,venomous,cc-by-nc,https://inaturalist-open-data.s3.amazonaws.com/photos/574129061/medium.jpg,E:\Coding_Notes\Faunari\data\raw\inat_targeted\Hypnale_hypnale\317709300.jpg,2025-07-24
inat_targeted,317610070,Hypnale hypnale,venomous,cc-by-nc,https://inaturalist-open-data.s3.amazonaws.com/photos/573935255/medium.jpg,E:\Coding_Notes\Faunari\data\raw\inat_targeted\Hypnale_hypnale\317610070.jpg,2025-09-27
inat_targeted,316666972,Hypnale hypnale,venomous,cc-by-nc,https://inaturalist-open-data.s3.amazonaws.com/photos/572160884/medium.jpg,E:\Coding_Notes\Faunari\data\raw\inat_targeted\Hypnale_hypnale\316666972.jpg,2025-09-13
inat_targeted,315754774,Hypnale hypnale,venomous,cc-by-nc,https://inaturalist-open-data.s3.amazonaws.com/photos/570438971/medium.jpg,E:\Coding_Notes\Faunari\data\raw\inat_targeted\Hypnale_hypnale\315754774.jpg,2025-09-19
inat_targeted,315459622,Hypnale hypnale,venomous,cc-by-nc,https://inaturalist-open-data.s3.amazonaws.com/photos/569873203/medium.jpg,E:\Coding_Notes\Faunari\data\raw\inat_targeted\Hypnale_hypnale\315459622.jpg,2025-09-21
inat_targeted,313268214,Hypnale hypnale,venomous,cc-by-nc,https://inaturalist-open-data.s3.amazonaws.com/photos/565703299/medium.jpg,E:\Coding_Notes\Faunari\data\raw\inat_targeted\Hypnale_hypnale\313268214.jpg,2025-09-11
inat_targeted,313126907,Hypnale hypnale,venomous,cc-by-nc,https://inaturalist-open-data.s3.amazonaws.com/photos/565456028/medium.jpg,E:\Coding_Notes\Faunari\data\raw\inat_targeted\Hypnale_hypnale\313126907.jpg,2025-09-11
inat_targeted,312490007,Hypnale hypnale,venomous,cc-by-nc,https://inaturalist-open-data.s3.amazonaws.com/photos/564196681/medium.jpg,E:\Coding_Notes\Faunari\data\raw\inat_targeted\Hypnale_hypnale\312490007.jpg,2024-06-29
inat_targeted,312171082,Hypnale hypnale,venomous,,https://static.inaturalist.org/photos/563590022/medium.jpg,E:\Coding_Notes\Faunari\data\raw\inat_targeted\Hypnale_hypnale\312171082.jpg,2025-08-20
inat_targeted,311882006,Hypnale hypnale,venomous,,https://static.inaturalist.org/photos/563047911/medium.jpg,E:\Coding_Notes\Faunari\data\raw\inat_targeted\Hypnale_hypnale\311882006.jpg,2025-09-06
inat_targeted,311656848,Hypnale hypnale,venomous,cc-by-nc,https://inaturalist-open-data.s3.amazonaws.com/photos/562625447/medium.jpg,E:\Coding_Notes\Faunari\data\raw\inat_targeted\Hypnale_hypnale\311656848.jpg,2025-07-12
inat_targeted,310955861,Hypnale hypnale,venomous,,https://static.inaturalist.org/photos/561275427/medium.jpg,E:\Coding_Notes\Faunari\data\raw\inat_targeted\Hypnale_hypnale\310955861.jpg,2025-08-15
inat_targeted,310955614,Hypnale hypnale,venomous,,https://static.inaturalist.org/photos/561275091/medium.jpg,E:\Coding_Notes\Faunari\data\raw\inat_targeted\Hypnale_hypnale\310955614.jpg,2025-08-15
inat_targeted,310445409,Hypnale hypnale,venomous,cc-by-nc,https://inaturalist-open-data.s3.amazonaws.com/photos/560300156/medium.jpg,E:\Coding_Notes\Faunari\data\raw\inat_targeted\Hypnale_hypnale\310445409.jpg,2025-08-31
inat_targeted,310405472,Hypnale hypnale,venomous,cc-by-nc,https://inaturalist-open-data.s3.amazonaws.com/photos/560224636/medium.jpg,E:\Coding_Notes\Faunari\data\raw\inat_targeted\Hypnale_hypnale\310405472.jpg,2025-08-31
inat_targeted,310258894,Hypnale hypnale,venomous,cc-by-nc,https://inaturalist-open-data.s3.amazonaws.com/photos/559936796/medium.jpg,E:\Coding_Notes\Faunari\data\raw\inat_targeted\Hypnale_hypnale\310258894.jpg,2019-08-30
inat_targeted,309439359,Hypnale hypnale,venomous,,https://static.inaturalist.org/photos/558393596/medium.jpg,E:\Coding_Notes\Faunari\data\raw\inat_targeted\Hypnale_hypnale\309439359.jpg,2025-08-23
inat_targeted,309174566,Hypnale hypnale,venomous,cc-by-nc,https://inaturalist-open-data.s3.amazonaws.com/photos/557884864/medium.jpg,E:\Coding_Notes\Faunari\data\raw\inat_targeted\Hypnale_hypnale\309174566.jpg,2025-08-24
inat_targeted,309160759,Hypnale hypnale,venomous,cc-by-nc,https://inaturalist-open-data.s3.amazonaws.com/photos/557858167/medium.jpg,E:\Coding_Notes\Faunari\data\raw\inat_targeted\Hypnale_hypnale\309160759.jpg,2025-08-24
inat_targeted,309154782,Hypnale hypnale,venomous,cc-by-nc,https://inaturalist-open-data.s3.amazonaws.com/photos/557844974/medium.jpg,E:\Coding_Notes\Faunari\data\raw\inat_targeted\Hypnale_hypnale\309154782.jpg,2025-08-23
inat_targeted,308918720,Hypnale hypnale,venomous,cc-by-nc,https://inaturalist-open-data.s3.amazonaws.com/photos/557389868/medium.jpg,E:\Coding_Notes\Faunari\data\raw\inat_targeted\Hypnale_hypnale\308918720.jpg,2025-08-21
inat_targeted,308913219,Hypnale hypnale,venomous,cc-by-nc,https://inaturalist-open-data.s3.amazonaws.com/photos/557378539/medium.jpg,E:\Coding_Notes\Faunari\data\raw\inat_targeted\Hypnale_hypnale\308913219.jpg,2025-08-15
inat_targeted,307745470,Hypnale hypnale,venomous,cc-by-nc,https://inaturalist-open-data.s3.amazonaws.com/photos/555130272/medium.jpg,E:\Coding_Notes\Faunari\data\raw\inat_targeted\Hypnale_hypnale\307745470.jpg,2025-08-15
inat_targeted,307226424,Hypnale hypnale,venomous,cc-by-nc,https://inaturalist-open-data.s3.amazonaws.com/photos/554124611/medium.jpg,E:\Coding_Notes\Faunari\data\raw\inat_targeted\Hypnale_hypnale\307226424.jpg,2025-08-15
inat_targeted,306948732,Hypnale hypnale,venomous,cc-by-nc,https://inaturalist-open-data.s3.amazonaws.com/photos/553592797/medium.jpg,E:\Coding_Notes\Faunari\data\raw\inat_targeted\Hypnale_hypnale\306948732.jpg,2025-08-16
inat_targeted,306771562,Hypnale hypnale,venomous,cc0,https://inaturalist-open-data.s3.amazonaws.com/photos/553252220/medium.jpg,E:\Coding_Notes\Faunari\data\raw\inat_targeted\Hypnale_hypnale\306771562.jpg,2025-08-16
inat_targeted,306709987,Hypnale hypnale,venomous,,https://static.inaturalist.org/photos/553138407/medium.jpg,E:\Coding_Notes\Faunari\data\raw\inat_targeted\Hypnale_hypnale\306709987.jpg,2025-08-16
inat_targeted,306298024,Hypnale hypnale,venomous,cc-by-nc,https://inaturalist-open-data.s3.amazonaws.com/photos/552350032/medium.jpg,E:\Coding_Notes\Faunari\data\raw\inat_targeted\Hypnale_hypnale\306298024.jpg,2025-08-09
inat_targeted,306280109,Hypnale hypnale,venomous,cc-by,https://inaturalist-open-data.s3.amazonaws.com/photos/552317311/medium.jpg,E:\Coding_Notes\Faunari\data\raw\inat_targeted\Hypnale_hypnale\306280109.jpg,2025-08-09
inat_targeted,305901495,Hypnale hypnale,venomous,cc-by,https://inaturalist-open-data.s3.amazonaws.com/photos/551596399/medium.jpg,E:\Coding_Notes\Faunari\data\raw\inat_targeted\Hypnale_hypnale\305901495.jpg,2017-04-10
inat_targeted,305493423,Hypnale hypnale,venomous,,https://static.inaturalist.org/photos/550817993/medium.jpg,E:\Coding_Notes\Faunari\data\raw\inat_targeted\Hypnale_hypnale\305493423.jpg,2025-08-10
inat_targeted,305493422,Hypnale hypnale,venomous,,https://static.inaturalist.org/photos/550818008/medium.jpg,E:\Coding_Notes\Faunari\data\raw\inat_targeted\Hypnale_hypnale\305493422.jpg,2025-08-09
inat_targeted,305493390,Hypnale hypnale,venomous,,https://static.inaturalist.org/photos/550817206/medium.jpg,E:\Coding_Notes\Faunari\data\raw\inat_targeted\Hypnale_hypnale\305493390.jpg,2025-08-08
inat_targeted,305126439,Hypnale hypnale,venomous,cc-by-nc-nd,https://inaturalist-open-data.s3.amazonaws.com/photos/551712555/medium.jpg,E:\Coding_Notes\Faunari\data\raw\inat_targeted\Hypnale_hypnale\305126439.jpg,2025-08-10
inat_targeted,305126341,Hypnale hypnale,venomous,cc-by-nc-nd,https://inaturalist-open-data.s3.amazonaws.com/photos/550123340/medium.jpg,E:\Coding_Notes\Faunari\data\raw\inat_targeted\Hypnale_hypnale\305126341.jpg,2025-08-10
inat_targeted,305053879,Hypnale hypnale,venomous,,https://static.inaturalist.org/photos/549985570/medium.jpg,E:\Coding_Notes\Faunari\data\raw\inat_targeted\Hypnale_hypnale\305053879.jpg,2025-07-13
inat_targeted,303925376,Hypnale hypnale,venomous,cc-by-nc,https://inaturalist-open-data.s3.amazonaws.com/photos/547843990/medium.jpg,E:\Coding_Notes\Faunari\data\raw\inat_targeted\Hypnale_hypnale\303925376.jpg,2025-07-25
inat_targeted,303602611,Hypnale hypnale,venomous,cc-by-nc,https://inaturalist-open-data.s3.amazonaws.com/photos/547225882/medium.jpg,E:\Coding_Notes\Faunari\data\raw\inat_targeted\Hypnale_hypnale\303602611.jpg,2025-07-19
inat_targeted,302943424,Hypnale hypnale,venomous,,https://static.inaturalist.org/photos/545990664/medium.jpg,E:\Coding_Notes\Faunari\data\raw\inat_targeted\Hypnale_hypnale\302943424.jpg,2025-08-01
inat_targeted,300614377,Hypnale hypnale,venomous,cc-by-nc,https://inaturalist-open-data.s3.amazonaws.com/photos/541659339/medium.jpg,E:\Coding_Notes\Faunari\data\raw\inat_targeted\Hypnale_hypnale\300614377.jpg,2025-07-08
inat_targeted,299769463,Hypnale hypnale,venomous,cc-by-nc,https://inaturalist-open-data.s3.amazonaws.com/photos/540068747/medium.jpg,E:\Coding_Notes\Faunari\data\raw\inat_targeted\Hypnale_hypnale\299769463.jpg,2025-07-08
inat_targeted,299433931,Hypnale hypnale,venomous,,https://static.inaturalist.org/photos/539451565/medium.jpg,E:\Coding_Notes\Faunari\data\raw\inat_targeted\Hypnale_hypnale\299433931.jpg,2025-06-28
inat_targeted,299375618,Hypnale hypnale,venomous,cc-by-nc,https://inaturalist-open-data.s3.amazonaws.com/photos/539340890/medium.jpg,E:\Coding_Notes\Faunari\data\raw\inat_targeted\Hypnale_hypnale\299375618.jpg,2024-09-17
inat_targeted,297867549,Hypnale hypnale,venomous,cc-by-nc,https://inaturalist-open-data.s3.amazonaws.com/photos/536482327/medium.jpg,E:\Coding_Notes\Faunari\data\raw\inat_targeted\Hypnale_hypnale\297867549.jpg,2025-07-08
inat_targeted,297502807,Hypnale hypnale,venomous,,https://static.inaturalist.org/photos/535791545/medium.jpg,E:\Coding_Notes\Faunari\data\raw\inat_targeted\Hypnale_hypnale\297502807.jpg,2025-07-09
inat_targeted,297248948,Hypnale hypnale,venomous,,https://static.inaturalist.org/photos/535317905/medium.jpg,E:\Coding_Notes\Faunari\data\raw\inat_targeted\Hypnale_hypnale\297248948.jpg,2025-07-11
inat_targeted,296209858,Hypnale hypnale,venomous,cc-by-nc,https://inaturalist-open-data.s3.amazonaws.com/photos/533340420/medium.jpg,E:\Coding_Notes\Faunari\data\raw\inat_targeted\Hypnale_hypnale\296209858.jpg,2024-06-29
inat_targeted,292412526,Hypnale hypnale,venomous,cc-by-nc,https://inaturalist-open-data.s3.amazonaws.com/photos/526208226/medium.jpg,E:\Coding_Notes\Faunari\data\raw\inat_targeted\Hypnale_hypnale\292412526.jpg,2025-06-24
inat_targeted,292374164,Hypnale hypnale,venomous,cc-by-nc,https://inaturalist-open-data.s3.amazonaws.com/photos/526138039/medium.jpg,E:\Coding_Notes\Faunari\data\raw\inat_targeted\Hypnale_hypnale\292374164.jpg,2025-05-22
inat_targeted,290587319,Hypnale hypnale,venomous,cc-by-nc,https://inaturalist-open-data.s3.amazonaws.com/photos/522758463/medium.jpg,E:\Coding_Notes\Faunari\data\raw\inat_targeted\Hypnale_hypnale\290587319.jpg,2025-06-14
inat_targeted,288402301,Hypnale hypnale,venomous,,https://static.inaturalist.org/photos/518650749/medium.jpg,E:\Coding_Notes\Faunari\data\raw\inat_targeted\Hypnale_hypnale\288402301.jpg,2025-06-10
inat_targeted,287294131,Hypnale hypnale,venomous,cc-by-nc,https://inaturalist-open-data.s3.amazonaws.com/photos/516565258/medium.jpg,E:\Coding_Notes\Faunari\data\raw\inat_targeted\Hypnale_hypnale\287294131.jpg,2025-05-24
inat_targeted,286823769,Hypnale hypnale,venomous,cc-by-nc,https://inaturalist-open-data.s3.amazonaws.com/photos/515677577/medium.jpg,E:\Coding_Notes\Faunari\data\raw\inat_targeted\Hypnale_hypnale\286823769.jpg,2025-06-03
inat_targeted,286146281,Hypnale hypnale,venomous,cc-by-nc,https://inaturalist-open-data.s3.amazonaws.com/photos/514385334/medium.jpg,E:\Coding_Notes\Faunari\data\raw\inat_targeted\Hypnale_hypnale\286146281.jpg,2024-10-09
inat_targeted,284581502,Hypnale hypnale,venomous,cc-by-nc,https://inaturalist-open-data.s3.amazonaws.com/photos/511456744/medium.jpg,E:\Coding_Notes\Faunari\data\raw\inat_targeted\Hypnale_hypnale\284581502.jpg,2025-01-26
inat_targeted,284296050,Hypnale hypnale,venomous,cc-by-nc,https://inaturalist-open-data.s3.amazonaws.com/photos/510909959/medium.jpg,E:\Coding_Notes\Faunari\data\raw\inat_targeted\Hypnale_hypnale\284296050.jpg,2018-07-25
inat_targeted,283923109,Hypnale hypnale,venomous,,https://static.inaturalist.org/photos/510204183/medium.jpg,E:\Coding_Notes\Faunari\data\raw\inat_targeted\Hypnale_hypnale\283923109.jpg,2024-09-08
inat_targeted,283923105,Hypnale hypnale,venomous,,https://static.inaturalist.org/photos/510204054/medium.jpg,E:\Coding_Notes\Faunari\data\raw\inat_targeted\Hypnale_hypnale\283923105.jpg,2024-08-18
inat_targeted,283386247,Hypnale hypnale,venomous,cc-by-sa,https://inaturalist-open-data.s3.amazonaws.com/photos/509199064/medium.jpg,E:\Coding_Notes\Faunari\data\raw\inat_targeted\Hypnale_hypnale\283386247.jpg,2025-05-22
inat_targeted,283320514,Hypnale hypnale,venomous,cc-by-nc-sa,https://inaturalist-open-data.s3.amazonaws.com/photos/509078255/medium.jpg,E:\Coding_Notes\Faunari\data\raw\inat_targeted\Hypnale_hypnale\283320514.jpg,2024-07-24
inat_targeted,282933308,Hypnale hypnale,venomous,cc-by-nc,https://inaturalist-open-data.s3.amazonaws.com/photos/508356283/medium.jpg,E:\Coding_Notes\Faunari\data\raw\inat_targeted\Hypnale_hypnale\282933308.jpg,2025-05-19
inat_targeted,281978265,Hypnale hypnale,venomous,,https://static.inaturalist.org/photos/506574292/medium.jpg,E:\Coding_Notes\Faunari\data\raw\inat_targeted\Hypnale_hypnale\281978265.jpg,2025-05-18
inat_targeted,281834339,Hypnale hypnale,venomous,,https://static.inaturalist.org/photos/506305795/medium.jpg,E:\Coding_Notes\Faunari\data\raw\inat_targeted\Hypnale_hypnale\281834339.jpg,2018-02-23
inat_targeted,281829146,Hypnale hypnale,venomous,,https://static.inaturalist.org/photos/506295452/medium.jpg,E:\Coding_Notes\Faunari\data\raw\inat_targeted\Hypnale_hypnale\281829146.jpg,2018-04-20
inat_targeted,280142424,Hypnale hypnale,venomous,cc-by-nc,https://inaturalist-open-data.s3.amazonaws.com/photos/503120106/medium.jpeg,E:\Coding_Notes\Faunari\data\raw\inat_targeted\Hypnale_hypnale\280142424.jpg,2024-08-07
inat_targeted,279002480,Hypnale hypnale,venomous,cc-by-nc,https://inaturalist-open-data.s3.amazonaws.com/photos/500990381/medium.jpeg,E:\Coding_Notes\Faunari\data\raw\inat_targeted\Hypnale_hypnale\279002480.jpg,2024-12-09
inat_targeted,278683205,Hypnale hypnale,venomous,cc-by-nc,https://inaturalist-open-data.s3.amazonaws.com/photos/500403441/medium.jpg,E:\Coding_Notes\Faunari\data\raw\inat_targeted\Hypnale_hypnale\278683205.jpg,2025-05-04
inat_targeted,278617802,Hypnale hypnale,venomous,cc-by,https://inaturalist-open-data.s3.amazonaws.com/photos/500258295/medium.jpg,E:\Coding_Notes\Faunari\data\raw\inat_targeted\Hypnale_hypnale\278617802.jpg,2014-06-07
inat_targeted,276968487,Hypnale hypnale,venomous,cc-by-nc,https://inaturalist-open-data.s3.amazonaws.com/photos/497340390/medium.jpeg,E:\Coding_Notes\Faunari\data\raw\inat_targeted\Hypnale_hypnale\276968487.jpg,2025-04-29
inat_targeted,273246115,Hypnale hypnale,venomous,cc-by-nc,https://inaturalist-open-data.s3.amazonaws.com/photos/491484242/medium.jpeg,E:\Coding_Notes\Faunari\data\raw\inat_targeted\Hypnale_hypnale\273246115.jpg,2024-08-01
inat_targeted,272023363,Hypnale hypnale,venomous,cc-by-sa,https://inaturalist-open-data.s3.amazonaws.com/photos/489363915/medium.jpeg,E:\Coding_Notes\Faunari\data\raw\inat_targeted\Hypnale_hypnale\272023363.jpg,2025-04-21
inat_targeted,271981124,Hypnale hypnale,venomous,cc-by-nc,https://inaturalist-open-data.s3.amazonaws.com/photos/489246970/medium.jpeg,E:\Coding_Notes\Faunari\data\raw\inat_targeted\Hypnale_hypnale\271981124.jpg,2019-12-15
inat_targeted,270983109,Hypnale hypnale,venomous,,https://static.inaturalist.org/photos/487398375/medium.jpeg,E:\Coding_Notes\Faunari\data\raw\inat_targeted\Hypnale_hypnale\270983109.jpg,2025-03-16
inat_targeted,269751570,Hypnale hypnale,venomous,,https://static.inaturalist.org/photos/485051941/medium.jpeg,E:\Coding_Notes\Faunari\data\raw\inat_targeted\Hypnale_hypnale\269751570.jpg,2025-03-15
inat_targeted,267164925,Hypnale hypnale,venomous,,https://static.inaturalist.org/photos/480085246/medium.jpeg,E:\Coding_Notes\Faunari\data\raw\inat_targeted\Hypnale_hypnale\267164925.jpg,2025-03-16
inat_targeted,267164888,Hypnale hypnale,venomous,,https://static.inaturalist.org/photos/480082676/medium.jpeg,E:\Coding_Notes\Faunari\data\raw\inat_targeted\Hypnale_hypnale\267164888.jpg,2025-03-15
inat_targeted,267160915,Hypnale hypnale,venomous,,https://static.inaturalist.org/photos/480080247/medium.jpeg,E:\Coding_Notes\Faunari\data\raw\inat_targeted\Hypnale_hypnale\267160915.jpg,2025-03-15
inat_targeted,267007540,Hypnale hypnale,venomous,cc-by-nc,https://inaturalist-open-data.s3.amazonaws.com/photos/479784640/medium.jpg,E:\Coding_Notes\Faunari\data\raw\inat_targeted\Hypnale_hypnale\267007540.jpg,2016-07-08
inat_targeted,267007532,Hypnale hypnale,venomous,cc-by-nc,https://inaturalist-open-data.s3.amazonaws.com/photos/479784579/medium.jpg,E:\Coding_Notes\Faunari\data\raw\inat_targeted\Hypnale_hypnale\267007532.jpg,2016-07-09
inat_targeted,267006119,Hypnale hypnale,venomous,cc-by-nc,https://inaturalist-open-data.s3.amazonaws.com/photos/479781330/medium.jpg,E:\Coding_Notes\Faunari\data\raw\inat_targeted\Hypnale_hypnale\267006119.jpg,2015-08-15
inat_targeted,265978639,Hypnale hypnale,venomous,cc-by-nc,https://inaturalist-open-data.s3.amazonaws.com/photos/477841320/medium.jpg,E:\Coding_Notes\Faunari\data\raw\inat_targeted\Hypnale_hypnale\265978639.jpg,2017-06-18
inat_targeted,265974965,Hypnale hypnale,venomous,cc-by-nc,https://inaturalist-open-data.s3.amazonaws.com/photos/477833665/medium.jpg,E:\Coding_Notes\Faunari\data\raw\inat_targeted\Hypnale_hypnale\265974965.jpg,2014-10-18
inat_targeted,263054147,Hypnale hypnale,venomous,cc-by-nc,https://inaturalist-open-data.s3.amazonaws.com/photos/472496489/medium.jpg,E:\Coding_Notes\Faunari\data\raw\inat_targeted\Hypnale_hypnale\263054147.jpg,2023-10-19
inat_targeted,262812825,Hypnale hypnale,venomous,,https://static.inaturalist.org/photos/472020076/medium.jpg,E:\Coding_Notes\Faunari\data\raw\inat_targeted\Hypnale_hypnale\262812825.jpg,2022-11-24
inat_targeted,261340192,Hypnale hypnale,venomous,cc-by,https://inaturalist-open-data.s3.amazonaws.com/photos/469492015/medium.jpg,E:\Coding_Notes\Faunari\data\raw\inat_targeted\Hypnale_hypnale\261340192.jpg,2015-08-16
inat_targeted,261329750,Hypnale hypnale,venomous,,https://static.inaturalist.org/photos/469472684/medium.jpeg,E:\Coding_Notes\Faunari\data\raw\inat_targeted\Hypnale_hypnale\261329750.jpg,2010-11-25
inat_targeted,259773140,Hypnale hypnale,venomous,,https://static.inaturalist.org/photos/466390306/medium.jpg,E:\Coding_Notes\Faunari\data\raw\inat_targeted\Hypnale_hypnale\259773140.jpg,2025-01-27
inat_targeted,258386130,Hypnale hypnale,venomous,cc-by-nc,https://inaturalist-open-data.s3.amazonaws.com/photos/463574206/medium.jpeg,E:\Coding_Notes\Faunari\data\raw\inat_targeted\Hypnale_hypnale\258386130.jpg,2025-01-12
inat_targeted,258021013,Hypnale hypnale,venomous,cc-by-nc,https://inaturalist-open-data.s3.amazonaws.com/photos/462869233/medium.jpeg,E:\Coding_Notes\Faunari\data\raw\inat_targeted\Hypnale_hypnale\258021013.jpg,2025-01-10
inat_targeted,257895260,Hypnale hypnale,venomous,cc-by,https://inaturalist-open-data.s3.amazonaws.com/photos/462644998/medium.jpg,E:\Coding_Notes\Faunari\data\raw\inat_targeted\Hypnale_hypnale\257895260.jpg,2012-07-19
inat_targeted,257218749,Hypnale hypnale,venomous,cc-by-nc,https://inaturalist-open-data.s3.amazonaws.com/photos/461373187/medium.jpeg,E:\Coding_Notes\Faunari\data\raw\inat_targeted\Hypnale_hypnale\257218749.jpg,2024-12-05
inat_targeted,256957252,Hypnale hypnale,venomous,,https://static.inaturalist.org/photos/460869331/medium.jpeg,E:\Coding_Notes\Faunari\data\raw\inat_targeted\Hypnale_hypnale\256957252.jpg,2024-12-28
inat_targeted,256881227,Hypnale hypnale,venomous,,https://static.inaturalist.org/photos/460672033/medium.jpeg,E:\Coding_Notes\Faunari\data\raw\inat_targeted\Hypnale_hypnale\256881227.jpg,2024-12-28
inat_targeted,256864388,Hypnale hypnale,venomous,cc-by-nc,https://inaturalist-open-data.s3.amazonaws.com/photos/460644303/medium.jpeg,E:\Coding_Notes\Faunari\data\raw\inat_targeted\Hypnale_hypnale\256864388.jpg,2024-12-27
inat_targeted,256768576,Hypnale hypnale,venomous,,https://static.inaturalist.org/photos/460450652/medium.jpeg,E:\Coding_Notes\Faunari\data\raw\inat_targeted\Hypnale_hypnale\256768576.jpg,2024-07-14
inat_targeted,256737546,Hypnale hypnale,venomous,cc-by-nc,https://inaturalist-open-data.s3.amazonaws.com/photos/460388392/medium.jpeg,E:\Coding_Notes\Faunari\data\raw\inat_targeted\Hypnale_hypnale\256737546.jpg,2024-12-30
inat_targeted,256371268,Hypnale hypnale,venomous,,https://static.inaturalist.org/photos/459643891/medium.jpeg,E:\Coding_Notes\Faunari\data\raw\inat_targeted\Hypnale_hypnale\256371268.jpg,2024-12-27
inat_targeted,255980225,Hypnale hypnale,venomous,,https://static.inaturalist.org/photos/458847863/medium.jpeg,E:\Coding_Notes\Faunari\data\raw\inat_targeted\Hypnale_hypnale\255980225.jpg,2023-11-13
inat_targeted,255640374,Hypnale hypnale,venomous,cc-by,https://inaturalist-open-data.s3.amazonaws.com/photos/458169390/medium.jpg,E:\Coding_Notes\Faunari\data\raw\inat_targeted\Hypnale_hypnale\255640374.jpg,2024-06-14
inat_targeted,255508800,Hypnale hypnale,venomous,,https://static.inaturalist.org/photos/457895903/medium.jpg,E:\Coding_Notes\Faunari\data\raw\inat_targeted\Hypnale_hypnale\255508800.jpg,2024-12-07
inat_targeted,255389093,Hypnale hypnale,venomous,cc-by-nc,https://inaturalist-open-data.s3.amazonaws.com/photos/457674262/medium.jpeg,E:\Coding_Notes\Faunari\data\raw\inat_targeted\Hypnale_hypnale\255389093.jpg,2024-10-19
inat_targeted,255133677,Hypnale hypnale,venomous,,https://static.inaturalist.org/photos/457150947/medium.jpg,E:\Coding_Notes\Faunari\data\raw\inat_targeted\Hypnale_hypnale\255133677.jpg,2024-12-07
inat_targeted,255133661,Hypnale hypnale,venomous,,https://static.inaturalist.org/photos/457150878/medium.jpg,E:\Coding_Notes\Faunari\data\raw\inat_targeted\Hypnale_hypnale\255133661.jpg,2024-12-05
inat_targeted,255102259,Hypnale hypnale,venomous,cc-by-nc,https://inaturalist-open-data.s3.amazonaws.com/photos/457087804/medium.jpeg,E:\Coding_Notes\Faunari\data\raw\inat_targeted\Hypnale_hypnale\255102259.jpg,2024-06-23
inat_targeted,254959487,Hypnale hypnale,venomous,,https://static.inaturalist.org/photos/456801670/medium.jpeg,E:\Coding_Notes\Faunari\data\raw\inat_targeted\Hypnale_hypnale\254959487.jpg,2024-12-13
inat_targeted,254803716,Hypnale hypnale,venomous,,https://static.inaturalist.org/photos/456485366/medium.jpg,E:\Coding_Notes\Faunari\data\raw\inat_targeted\Hypnale_hypnale\254803716.jpg,2024-12-07
inat_targeted,254293130,Hypnale hypnale,venomous,cc-by-nc,https://inaturalist-open-data.s3.amazonaws.com/photos/455456609/medium.jpg,E:\Coding_Notes\Faunari\data\raw\inat_targeted\Hypnale_hypnale\254293130.jpg,2024-12-01
inat_targeted,254075239,Hypnale hypnale,venomous,cc-by-nc,https://inaturalist-open-data.s3.amazonaws.com/photos/455016799/medium.jpeg,E:\Coding_Notes\Faunari\data\raw\inat_targeted\Hypnale_hypnale\254075239.jpg,2023-06-16
inat_targeted,254075164,Hypnale hypnale,venomous,cc-by-nc,https://inaturalist-open-data.s3.amazonaws.com/photos/455016501/medium.jpeg,E:\Coding_Notes\Faunari\data\raw\inat_targeted\Hypnale_hypnale\254075164.jpg,2023-06-14
inat_targeted,253266502,Hypnale hypnale,venomous,,https://static.inaturalist.org/photos/453450342/medium.jpeg,E:\Coding_Notes\Faunari\data\raw\inat_targeted\Hypnale_hypnale\253266502.jpg,2024-11-24
inat_targeted,253265538,Hypnale hypnale,venomous,,https://static.inaturalist.org/photos/453448993/medium.jpeg,E:\Coding_Notes\Faunari\data\raw\inat_targeted\Hypnale_hypnale\253265538.jpg,2024-11-22
inat_targeted,253115974,Hypnale hypnale,venomous,cc-by-nc,https://inaturalist-open-data.s3.amazonaws.com/photos/453157338/medium.jpg,E:\Coding_Notes\Faunari\data\raw\inat_targeted\Hypnale_hypnale\253115974.jpg,2021-09-26
inat_targeted,253021529,Hypnale hypnale,venomous,cc-by-nc,https://inaturalist-open-data.s3.amazonaws.com/photos/452976522/medium.jpg,E:\Coding_Notes\Faunari\data\raw\inat_targeted\Hypnale_hypnale\253021529.jpg,2024-11-24
inat_targeted,253021528,Hypnale hypnale,venomous,cc-by-nc,https://inaturalist-open-data.s3.amazonaws.com/photos/452976524/medium.jpg,E:\Coding_Notes\Faunari\data\raw\inat_targeted\Hypnale_hypnale\253021528.jpg,2024-11-24
inat_targeted,252998486,Hypnale hypnale,venomous,cc-by-nc,https://inaturalist-open-data.s3.amazonaws.com/photos/452934326/medium.jpg,E:\Coding_Notes\Faunari\data\raw\inat_targeted\Hypnale_hypnale\252998486.jpg,2024-10-21
inat_targeted,252682473,Hypnale hypnale,venomous,,https://static.inaturalist.org/photos/452450772/medium.jpeg,E:\Coding_Notes\Faunari\data\raw\inat_targeted\Hypnale_hypnale\252682473.jpg,2024-11-08
inat_targeted,251434570,Hypnale hypnale,venomous,,https://static.inaturalist.org/photos/449889893/medium.jpg,E:\Coding_Notes\Faunari\data\raw\inat_targeted\Hypnale_hypnale\251434570.jpg,2024-10-07
inat_targeted,250455428,Hypnale hypnale,venomous,cc-by,https://inaturalist-open-data.s3.amazonaws.com/photos/447931406/medium.jpeg,E:\Coding_Notes\Faunari\data\raw\inat_targeted\Hypnale_hypnale\250455428.jpg,2024-10-05
inat_targeted,249335006,Hypnale hypnale,venomous,cc-by-nc,https://inaturalist-open-data.s3.amazonaws.com/photos/445688391/medium.jpeg,E:\Coding_Notes\Faunari\data\raw\inat_targeted\Hypnale_hypnale\249335006.jpg,2024-10-27
inat_targeted,249268635,Hypnale hypnale,venomous,,https://static.inaturalist.org/photos/445557070/medium.jpeg,E:\Coding_Notes\Faunari\data\raw\inat_targeted\Hypnale_hypnale\249268635.jpg,2024-10-26
inat_targeted,249021976,Hypnale hypnale,venomous,cc-by-nc,https://inaturalist-open-data.s3.amazonaws.com/photos/445068130/medium.jpeg,E:\Coding_Notes\Faunari\data\raw\inat_targeted\Hypnale_hypnale\249021976.jpg,2010-12-11
inat_targeted,248607927,Hypnale hypnale,venomous,cc-by-nc,https://inaturalist-open-data.s3.amazonaws.com/photos/444245055/medium.jpeg,E:\Coding_Notes\Faunari\data\raw\inat_targeted\Hypnale_hypnale\248607927.jpg,2024-10-22
inat_targeted,248439979,Hypnale hypnale,venomous,,https://static.inaturalist.org/photos/443911254/medium.jpeg,E:\Coding_Notes\Faunari\data\raw\inat_targeted\Hypnale_hypnale\248439979.jpg,2024-10-13
inat_targeted,247760632,Hypnale hypnale,venomous,,https://static.inaturalist.org/photos/442573860/medium.jpeg,E:\Coding_Notes\Faunari\data\raw\inat_targeted\Hypnale_hypnale\247760632.jpg,2024-10-16
inat_targeted,247605693,Hypnale hypnale,venomous,cc-by-nc,https://inaturalist-open-data.s3.amazonaws.com/photos/442264270/medium.jpeg,E:\Coding_Notes\Faunari\data\raw\inat_targeted\Hypnale_hypnale\247605693.jpg,2024-09-28
inat_targeted,247595335,Hypnale hypnale,venomous,,https://static.inaturalist.org/photos/442244360/medium.jpeg,E:\Coding_Notes\Faunari\data\raw\inat_targeted\Hypnale_hypnale\247595335.jpg,2024-09-29
inat_targeted,246290104,Hypnale hypnale,venomous,,https://static.inaturalist.org/photos/439653493/medium.jpeg,E:\Coding_Notes\Faunari\data\raw\inat_targeted\Hypnale_hypnale\246290104.jpg,2024-10-05
inat_targeted,246168304,Hypnale hypnale,venomous,,https://static.inaturalist.org/photos/439409657/medium.jpeg,E:\Coding_Notes\Faunari\data\raw\inat_targeted\Hypnale_hypnale\246168304.jpg,2024-05-23
inat_targeted,245992362,Hypnale hypnale,venomous,cc-by,https://inaturalist-open-data.s3.amazonaws.com/photos/439060666/medium.jpeg,E:\Coding_Notes\Faunari\data\raw\inat_targeted\Hypnale_hypnale\245992362.jpg,2024-09-28
inat_targeted,245914124,Hypnale hypnale,venomous,,https://static.inaturalist.org/photos/438910621/medium.jpeg,E:\Coding_Notes\Faunari\data\raw\inat_targeted\Hypnale_hypnale\245914124.jpg,2024-10-06
inat_targeted,245780998,Hypnale hypnale,venomous,cc-by,https://inaturalist-open-data.s3.amazonaws.com/photos/438647251/medium.jpeg,E:\Coding_Notes\Faunari\data\raw\inat_targeted\Hypnale_hypnale\245780998.jpg,2024-09-28
inat_targeted,245736112,Hypnale hypnale,venomous,cc-by-nc,https://inaturalist-open-data.s3.amazonaws.com/photos/438561415/medium.jpg,E:\Coding_Notes\Faunari\data\raw\inat_targeted\Hypnale_hypnale\245736112.jpg,2024-10-05
inat_targeted,245529745,Hypnale hypnale,venomous,cc-by-nc,https://inaturalist-open-data.s3.amazonaws.com/photos/438157608/medium.jpg,E:\Coding_Notes\Faunari\data\raw\inat_targeted\Hypnale_hypnale\245529745.jpg,2024-10-01
inat_targeted,245217676,Hypnale hypnale,venomous,cc-by-nc,https://inaturalist-open-data.s3.amazonaws.com/photos/437009044/medium.jpg,E:\Coding_Notes\Faunari\data\raw\inat_targeted\Hypnale_hypnale\245217676.jpg,2024-09-28
inat_targeted,245076459,Hypnale hypnale,venomous,cc-by-nc,https://inaturalist-open-data.s3.amazonaws.com/photos/437262696/medium.jpeg,E:\Coding_Notes\Faunari\data\raw\inat_targeted\Hypnale_hypnale\245076459.jpg,2024-09-26
inat_targeted,245060899,Hypnale hypnale,venomous,,https://static.inaturalist.org/photos/437235291/medium.jpeg,E:\Coding_Notes\Faunari\data\raw\inat_targeted\Hypnale_hypnale\245060899.jpg,2024-10-01
inat_targeted,244846624,Hypnale hypnale,venomous,cc-by-nc,https://inaturalist-open-data.s3.amazonaws.com/photos/436818114/medium.jpeg,E:\Coding_Notes\Faunari\data\raw\inat_targeted\Hypnale_hypnale\244846624.jpg,2024-09-25
inat_targeted,244744395,Hypnale hypnale,venomous,cc-by,https://inaturalist-open-data.s3.amazonaws.com/photos/436613020/medium.jpg,E:\Coding_Notes\Faunari\data\raw\inat_targeted\Hypnale_hypnale\244744395.jpg,2024-09-23
inat_targeted,244089078,Hypnale hypnale,venomous,,https://static.inaturalist.org/photos/435355310/medium.jpeg,E:\Coding_Notes\Faunari\data\raw\inat_targeted\Hypnale_hypnale\244089078.jpg,2024-08-06
inat_targeted,243973694,Hypnale hypnale,venomous,cc-by-nc,https://inaturalist-open-data.s3.amazonaws.com/photos/435124443/medium.jpeg,E:\Coding_Notes\Faunari\data\raw\inat_targeted\Hypnale_hypnale\243973694.jpg,2023-07-28
inat_targeted,243930653,Hypnale hypnale,venomous,cc-by-nc,https://inaturalist-open-data.s3.amazonaws.com/photos/435039861/medium.jpeg,E:\Coding_Notes\Faunari\data\raw\inat_targeted\Hypnale_hypnale\243930653.jpg,2024-09-23
inat_targeted,242829893,Hypnale hypnale,venomous,,https://static.inaturalist.org/photos/432935650/medium.jpg,E:\Coding_Notes\Faunari\data\raw\inat_targeted\Hypnale_hypnale\242829893.jpg,2023-09-01
inat_targeted,241820209,Hypnale hypnale,venomous,cc-by-nc,https://inaturalist-open-data.s3.amazonaws.com/photos/431035791/medium.jpeg,E:\Coding_Notes\Faunari\data\raw\inat_targeted\Hypnale_hypnale\241820209.jpg,2024-09-11
inat_targeted,241637558,Hypnale hypnale,venomous,cc-by-nc,https://inaturalist-open-data.s3.amazonaws.com/photos/430683855/medium.jpeg,E:\Coding_Notes\Faunari\data\raw\inat_targeted\Hypnale_hypnale\241637558.jpg,2024-09-13
inat_targeted,241511573,Hypnale hypnale,venomous,cc-by-nc,https://inaturalist-open-data.s3.amazonaws.com/photos/430436889/medium.jpg,E:\Coding_Notes\Faunari\data\raw\inat_targeted\Hypnale_hypnale\241511573.jpg,2024-08-23
inat_targeted,240536852,Hypnale hypnale,venomous,,https://static.inaturalist.org/photos/428558614/medium.jpeg,E:\Coding_Notes\Faunari\data\raw\inat_targeted\Hypnale_hypnale\240536852.jpg,2024-09-08
inat_targeted,239338379,Hypnale hypnale,venomous,cc-by-nc,https://inaturalist-open-data.s3.amazonaws.com/photos/426249166/medium.jpg,E:\Coding_Notes\Faunari\data\raw\inat_targeted\Hypnale_hypnale\239338379.jpg,2024-08-31
inat_targeted,238563815,Hypnale hypnale,venomous,,https://static.inaturalist.org/photos/424741031/medium.jpeg,E:\Coding_Notes\Faunari\data\raw\inat_targeted\Hypnale_hypnale\238563815.jpg,2024-05-01
inat_targeted,238093067,Hypnale hypnale,venomous,cc-by-nc,https://inaturalist-open-data.s3.amazonaws.com/photos/423828844/medium.jpeg,E:\Coding_Notes\Faunari\data\raw\inat_targeted\Hypnale_hypnale\238093067.jpg,2024-08-25
inat_targeted,237498718,Hypnale hypnale,venomous,cc-by-nc,https://inaturalist-open-data.s3.amazonaws.com/photos/422682490/medium.jpeg,E:\Coding_Notes\Faunari\data\raw\inat_targeted\Hypnale_hypnale\237498718.jpg,2024-08-16
inat_targeted,236906396,Hypnale hypnale,venomous,,https://static.inaturalist.org/photos/421542757/medium.jpeg,E:\Coding_Notes\Faunari\data\raw\inat_targeted\Hypnale_hypnale\236906396.jpg,2024-08-11
inat_targeted,236225012,Hypnale hypnale,venomous,,https://static.inaturalist.org/photos/420235813/medium.jpeg,E:\Coding_Notes\Faunari\data\raw\inat_targeted\Hypnale_hypnale\236225012.jpg,2024-08-04
inat_targeted,235875019,Hypnale hypnale,venomous,,https://static.inaturalist.org/photos/419554648/medium.jpeg,E:\Coding_Notes\Faunari\data\raw\inat_targeted\Hypnale_hypnale\235875019.jpg,2024-08-13
inat_targeted,235684248,Hypnale hypnale,venomous,cc-by-nc-nd,https://inaturalist-open-data.s3.amazonaws.com/photos/418945801/medium.jpeg,E:\Coding_Notes\Faunari\data\raw\inat_targeted\Hypnale_hypnale\235684248.jpg,2022-10-27
inat_targeted,235545129,Hypnale hypnale,venomous,cc-by-nc-nd,https://inaturalist-open-data.s3.amazonaws.com/photos/418915679/medium.jpeg,E:\Coding_Notes\Faunari\data\raw\inat_targeted\Hypnale_hypnale\235545129.jpg,2022-11-21
inat_targeted,235219490,Hypnale hypnale,venomous,,https://static.inaturalist.org/photos/418284352/medium.jpeg,E:\Coding_Notes\Faunari\data\raw\inat_targeted\Hypnale_hypnale\235219490.jpg,2023-09-06
inat_targeted,235087415,Hypnale hypnale,venomous,cc-by,https://inaturalist-open-data.s3.amazonaws.com/photos/418034229/medium.jpeg,E:\Coding_Notes\Faunari\data\raw\inat_targeted\Hypnale_hypnale\235087415.jpg,2024-08-11
inat_targeted,234712316,Hypnale hypnale,venomous,,https://static.inaturalist.org/photos/417306626/medium.jpeg,E:\Coding_Notes\Faunari\data\raw\inat_targeted\Hypnale_hypnale\234712316.jpg,2024-08-06
inat_targeted,234659714,Hypnale hypnale,venomous,cc-by-nc,https://inaturalist-open-data.s3.amazonaws.com/photos/417205700/medium.jpg,E:\Coding_Notes\Faunari\data\raw\inat_targeted\Hypnale_hypnale\234659714.jpg,2024-04-09
inat_targeted,234503343,Hypnale hypnale,venomous,,https://static.inaturalist.org/photos/416900237/medium.jpeg,E:\Coding_Notes\Faunari\data\raw\inat_targeted\Hypnale_hypnale\234503343.jpg,2024-08-07
inat_targeted,234168232,Hypnale hypnale,venomous,,https://static.inaturalist.org/photos/416246454/medium.jpeg,E:\Coding_Notes\Faunari\data\raw\inat_targeted\Hypnale_hypnale\234168232.jpg,2024-07-30
inat_targeted,233958255,Hypnale hypnale,venomous,cc-by-nc,https://inaturalist-open-data.s3.amazonaws.com/photos/415849503/medium.jpeg,E:\Coding_Notes\Faunari\data\raw\inat_targeted\Hypnale_hypnale\233958255.jpg,2024-08-03
inat_targeted,233725503,Hypnale hypnale,venomous,cc-by-nc,https://inaturalist-open-data.s3.amazonaws.com/photos/415405688/medium.jpeg,E:\Coding_Notes\Faunari\data\raw\inat_targeted\Hypnale_hypnale\233725503.jpg,2024-07-05
inat_targeted,233686865,Hypnale hypnale,venomous,cc-by-nc,https://inaturalist-open-data.s3.amazonaws.com/photos/415334725/medium.jpeg,E:\Coding_Notes\Faunari\data\raw\inat_targeted\Hypnale_hypnale\233686865.jpg,2024-08-04
inat_targeted,233546133,Hypnale hypnale,venomous,cc-by-nc,https://inaturalist-open-data.s3.amazonaws.com/photos/415062449/medium.jpeg,E:\Coding_Notes\Faunari\data\raw\inat_targeted\Hypnale_hypnale\233546133.jpg,2024-07-07
inat_targeted,232658234,Hypnale hypnale,venomous,cc-by,https://inaturalist-open-data.s3.amazonaws.com/photos/413372680/medium.jpeg,E:\Coding_Notes\Faunari\data\raw\inat_targeted\Hypnale_hypnale\232658234.jpg,2024-07-29
inat_targeted,232645515,Hypnale hypnale,venomous,cc-by-nc,https://inaturalist-open-data.s3.amazonaws.com/photos/413347127/medium.jpg,E:\Coding_Notes\Faunari\data\raw\inat_targeted\Hypnale_hypnale\232645515.jpg,2024-06-14
inat_targeted,232515065,Hypnale hypnale,venomous,cc-by-nc,https://inaturalist-open-data.s3.amazonaws.com/photos/413095783/medium.jpeg,E:\Coding_Notes\Faunari\data\raw\inat_targeted\Hypnale_hypnale\232515065.jpg,2024-07-28
inat_targeted,232185194,Hypnale hypnale,venomous,cc-by-nc,https://inaturalist-open-data.s3.amazonaws.com/photos/412470807/medium.jpeg,E:\Coding_Notes\Faunari\data\raw\inat_targeted\Hypnale_hypnale\232185194.jpg,2024-07-27
inat_targeted,232085259,Hypnale hypnale,venomous,,https://static.inaturalist.org/photos/412275369/medium.jpg,E:\Coding_Notes\Faunari\data\raw\inat_targeted\Hypnale_hypnale\232085259.jpg,2024-07-24
inat_targeted,231410240,Hypnale hypnale,venomous,cc-by,https://inaturalist-open-data.s3.amazonaws.com/photos/410999167/medium.jpg,E:\Coding_Notes\Faunari\data\raw\inat_targeted\Hypnale_hypnale\231410240.jpg,2024-07-07
inat_targeted,231410186,Hypnale hypnale,venomous,cc-by,https://inaturalist-open-data.s3.amazonaws.com/photos/410997907/medium.jpg,E:\Coding_Notes\Faunari\data\raw\inat_targeted\Hypnale_hypnale\231410186.jpg,2024-07-07
inat_targeted,231410176,Hypnale hypnale,venomous,cc-by,https://inaturalist-open-data.s3.amazonaws.com/photos/410996979/medium.jpg,E:\Coding_Notes\Faunari\data\raw\inat_targeted\Hypnale_hypnale\231410176.jpg,2024-07-07
inat_targeted,231017744,Hypnale hypnale,venomous,cc-by-nc,https://inaturalist-open-data.s3.amazonaws.com/photos/410253162/medium.jpeg,E:\Coding_Notes\Faunari\data\raw\inat_targeted\Hypnale_hypnale\231017744.jpg,2024-07-22
inat_targeted,229828914,Hypnale hypnale,venomous,cc-by-nc,https://inaturalist-open-data.s3.amazonaws.com/photos/408796337/medium.jpeg,E:\Coding_Notes\Faunari\data\raw\inat_targeted\Hypnale_hypnale\229828914.jpg,2024-07-11
inat_targeted,229628539,Hypnale hypnale,venomous,,https://static.inaturalist.org/photos/407628949/medium.jpeg,E:\Coding_Notes\Faunari\data\raw\inat_targeted\Hypnale_hypnale\229628539.jpg,2021-09-14
inat_targeted,229529362,Hypnale hypnale,venomous,,https://static.inaturalist.org/photos/407437259/medium.jpeg,E:\Coding_Notes\Faunari\data\raw\inat_targeted\Hypnale_hypnale\229529362.jpg,2022-10-25
inat_targeted,229458487,Hypnale hypnale,venomous,cc-by,https://inaturalist-open-data.s3.amazonaws.com/photos/407306328/medium.jpg,E:\Coding_Notes\Faunari\data\raw\inat_targeted\Hypnale_hypnale\229458487.jpg,2024-06-23
inat_targeted,228989852,Hypnale hypnale,venomous,cc-by-nc,https://inaturalist-open-data.s3.amazonaws.com/photos/406427932/medium.jpeg,E:\Coding_Notes\Faunari\data\raw\inat_targeted\Hypnale_hypnale\228989852.jpg,2023-11-27
inat_targeted,228967866,Hypnale hypnale,venomous,cc-by,https://inaturalist-open-data.s3.amazonaws.com/photos/406387280/medium.jpeg,E:\Coding_Notes\Faunari\data\raw\inat_targeted\Hypnale_hypnale\228967866.jpg,2024-05-24
inat_targeted,228569378,Hypnale hypnale,venomous,cc-by-nc,https://inaturalist-open-data.s3.amazonaws.com/photos/405620952/medium.jpeg,E:\Coding_Notes\Faunari\data\raw\inat_targeted\Hypnale_hypnale\228569378.jpg,2024-02-08
inat_targeted,227832498,Hypnale hypnale,venomous,cc-by-nc,https://inaturalist-open-data.s3.amazonaws.com/photos/404222029/medium.jpg,E:\Coding_Notes\Faunari\data\raw\inat_targeted\Hypnale_hypnale\227832498.jpg,2024-07-07
inat_targeted,227676751,Hypnale hypnale,venomous,,https://static.inaturalist.org/photos/403931886/medium.jpeg,E:\Coding_Notes\Faunari\data\raw\inat_targeted\Hypnale_hypnale\227676751.jpg,2024-06-07
inat_targeted,227503243,Hypnale hypnale,venomous,,https://static.inaturalist.org/photos/406886085/medium.jpeg,E:\Coding_Notes\Faunari\data\raw\inat_targeted\Hypnale_hypnale\227503243.jpg,2024-07-05
inat_targeted,227079833,Hypnale hypnale,venomous,cc-by-nc-sa,https://inaturalist-open-data.s3.amazonaws.com/photos/402797696/medium.jpeg,E:\Coding_Notes\Faunari\data\raw\inat_targeted\Hypnale_hypnale\227079833.jpg,2024-06-19
inat_targeted,226403564,Hypnale hypnale,venomous,cc-by-nc,https://inaturalist-open-data.s3.amazonaws.com/photos/401526303/medium.jpeg,E:\Coding_Notes\Faunari\data\raw\inat_targeted\Hypnale_hypnale\226403564.jpg,2024-07-01
inat_targeted,225249396,Hypnale hypnale,venomous,cc-by-nc,https://inaturalist-open-data.s3.amazonaws.com/photos/399339956/medium.jpg,E:\Coding_Notes\Faunari\data\raw\inat_targeted\Hypnale_hypnale\225249396.jpg,2024-06-22
inat_targeted,374884858,Ptyas mucosa,non_venomous,cc-by-nc,https://inaturalist-open-data.s3.amazonaws.com/photos/685271085/medium.jpg,E:\Coding_Notes\Faunari\data\raw\inat_targeted\Ptyas_mucosa\374884858.jpg,2026-06-24
inat_targeted,374578970,Ptyas mucosa,non_venomous,cc-by-nc,https://inaturalist-open-data.s3.amazonaws.com/photos/684677436/medium.jpg,E:\Coding_Notes\Faunari\data\raw\inat_targeted\Ptyas_mucosa\374578970.jpg,2026-06-19
inat_targeted,374245154,Ptyas mucosa,non_venomous,cc-by-nc,https://inaturalist-open-data.s3.amazonaws.com/photos/684027454/medium.jpg,E:\Coding_Notes\Faunari\data\raw\inat_targeted\Ptyas_mucosa\374245154.jpg,2026-06-21
inat_targeted,374207096,Ptyas mucosa,non_venomous,cc-by-nc,https://inaturalist-open-data.s3.amazonaws.com/photos/683953324/medium.jpg,E:\Coding_Notes\Faunari\data\raw\inat_targeted\Ptyas_mucosa\374207096.jpg,2026-06-22
inat_targeted,346132795,Ptyas mucosa,non_venomous,cc-by-nc,https://inaturalist-open-data.s3.amazonaws.com/photos/630899289/medium.jpg,E:\Coding_Notes\Faunari\data\raw\inat_targeted\Ptyas_mucosa\346132795.jpg,2025-12-06
inat_targeted,346122858,Ptyas mucosa,non_venomous,,https://static.inaturalist.org/photos/630880803/medium.jpg,E:\Coding_Notes\Faunari\data\raw\inat_targeted\Ptyas_mucosa\346122858.jpg,2026-03-30
inat_targeted,346106333,Ptyas mucosa,non_venomous,cc-by-nc,https://inaturalist-open-data.s3.amazonaws.com/photos/630848389/medium.jpg,E:\Coding_Notes\Faunari\data\raw\inat_targeted\Ptyas_mucosa\346106333.jpg,2026-03-30
inat_targeted,346105668,Ptyas mucosa,non_venomous,cc-by-nc,https://inaturalist-open-data.s3.amazonaws.com/photos/630846976/medium.jpg,E:\Coding_Notes\Faunari\data\raw\inat_targeted\Ptyas_mucosa\346105668.jpg,2026-02-21
inat_targeted,346101438,Ptyas mucosa,non_venomous,,https://static.inaturalist.org/photos/630839170/medium.jpg,E:\Coding_Notes\Faunari\data\raw\inat_targeted\Ptyas_mucosa\346101438.jpg,2026-03-30
inat_targeted,346079019,Ptyas mucosa,non_venomous,cc-by,https://inaturalist-open-data.s3.amazonaws.com/photos/630792839/medium.jpg,E:\Coding_Notes\Faunari\data\raw\inat_targeted\Ptyas_mucosa\346079019.jpg,2026-03-30
inat_targeted,346052127,Ptyas mucosa,non_venomous,,https://static.inaturalist.org/photos/630739031/medium.jpg,E:\Coding_Notes\Faunari\data\raw\inat_targeted\Ptyas_mucosa\346052127.jpg,2026-03-22
inat_targeted,345958610,Ptyas mucosa,non_venomous,cc-by-nc,https://inaturalist-open-data.s3.amazonaws.com/photos/630556346/medium.jpg,E:\Coding_Notes\Faunari\data\raw\inat_targeted\Ptyas_mucosa\345958610.jpg,2025-08-16
inat_targeted,345855247,Ptyas mucosa,non_venomous,,https://static.inaturalist.org/photos/630358304/medium.jpg,E:\Coding_Notes\Faunari\data\raw\inat_targeted\Ptyas_mucosa\345855247.jpg,2026-03-29
inat_targeted,345678827,Ptyas mucosa,non_venomous,cc-by-nc,https://inaturalist-open-data.s3.amazonaws.com/photos/630021504/medium.jpg,E:\Coding_Notes\Faunari\data\raw\inat_targeted\Ptyas_mucosa\345678827.jpg,2026-03-28
inat_targeted,345633656,Ptyas mucosa,non_venomous,cc-by-nc,https://inaturalist-open-data.s3.amazonaws.com/photos/629925347/medium.jpg,E:\Coding_Notes\Faunari\data\raw\inat_targeted\Ptyas_mucosa\345633656.jpg,2026-03-27
inat_targeted,345519653,Ptyas mucosa,non_venomous,cc-by-nc,https://inaturalist-open-data.s3.amazonaws.com/photos/629692429/medium.jpg,E:\Coding_Notes\Faunari\data\raw\inat_targeted\Ptyas_mucosa\345519653.jpg,2026-03-27
inat_targeted,345391782,Ptyas mucosa,non_venomous,cc-by-nc,https://inaturalist-open-data.s3.amazonaws.com/photos/629441736/medium.jpg,E:\Coding_Notes\Faunari\data\raw\inat_targeted\Ptyas_mucosa\345391782.jpg,2026-03-26
inat_targeted,345313252,Ptyas mucosa,non_venomous,,https://static.inaturalist.org/photos/629286706/medium.jpg,E:\Coding_Notes\Faunari\data\raw\inat_targeted\Ptyas_mucosa\345313252.jpg,2026-03-25
inat_targeted,345237891,Ptyas mucosa,non_venomous,cc-by-nc,https://inaturalist-open-data.s3.amazonaws.com/photos/629142964/medium.jpg,E:\Coding_Notes\Faunari\data\raw\inat_targeted\Ptyas_mucosa\345237891.jpg,2025-04-13
inat_targeted,345105709,Ptyas mucosa,non_venomous,,https://static.inaturalist.org/photos/628874715/medium.jpg,E:\Coding_Notes\Faunari\data\raw\inat_targeted\Ptyas_mucosa\345105709.jpg,2026-03-10
inat_targeted,345065757,Ptyas mucosa,non_venomous,cc-by-nc,https://inaturalist-open-data.s3.amazonaws.com/photos/628801054/medium.jpg,E:\Coding_Notes\Faunari\data\raw\inat_targeted\Ptyas_mucosa\345065757.jpg,2026-03-25
inat_targeted,345052046,Ptyas mucosa,non_venomous,,https://static.inaturalist.org/photos/628774522/medium.jpg,E:\Coding_Notes\Faunari\data\raw\inat_targeted\Ptyas_mucosa\345052046.jpg,2026-03-25
inat_targeted,345040020,Ptyas mucosa,non_venomous,cc0,https://inaturalist-open-data.s3.amazonaws.com/photos/628750464/medium.jpg,E:\Coding_Notes\Faunari\data\raw\inat_targeted\Ptyas_mucosa\345040020.jpg,2026-03-22
inat_targeted,344671122,Ptyas mucosa,non_venomous,cc-by-nc,https://inaturalist-open-data.s3.amazonaws.com/photos/628041837/medium.jpg,E:\Coding_Notes\Faunari\data\raw\inat_targeted\Ptyas_mucosa\344671122.jpg,2026-03-23
inat_targeted,344622413,Ptyas mucosa,non_venomous,cc-by-nc,https://inaturalist-open-data.s3.amazonaws.com/photos/627946807/medium.jpg,E:\Coding_Notes\Faunari\data\raw\inat_targeted\Ptyas_mucosa\344622413.jpg,2026-03-21
inat_targeted,344446483,Ptyas mucosa,non_venomous,cc-by-nc,https://inaturalist-open-data.s3.amazonaws.com/photos/627597587/medium.jpg,E:\Coding_Notes\Faunari\data\raw\inat_targeted\Ptyas_mucosa\344446483.jpg,2026-03-08
inat_targeted,344368539,Ptyas mucosa,non_venomous,cc-by-nc,https://inaturalist-open-data.s3.amazonaws.com/photos/627453283/medium.jpg,E:\Coding_Notes\Faunari\data\raw\inat_targeted\Ptyas_mucosa\344368539.jpg,2026-03-22
inat_targeted,344125398,Ptyas mucosa,non_venomous,cc-by-nc,https://inaturalist-open-data.s3.amazonaws.com/photos/626979593/medium.jpg,E:\Coding_Notes\Faunari\data\raw\inat_targeted\Ptyas_mucosa\344125398.jpg,2026-03-21
inat_targeted,344125190,Ptyas mucosa,non_venomous,cc-by-nc,https://inaturalist-open-data.s3.amazonaws.com/photos/626979128/medium.jpg,E:\Coding_Notes\Faunari\data\raw\inat_targeted\Ptyas_mucosa\344125190.jpg,2026-03-19
inat_targeted,343948952,Ptyas mucosa,non_venomous,cc-by,https://inaturalist-open-data.s3.amazonaws.com/photos/626632515/medium.jpg,E:\Coding_Notes\Faunari\data\raw\inat_targeted\Ptyas_mucosa\343948952.jpg,2026-03-20
inat_targeted,343802734,Ptyas mucosa,non_venomous,cc-by-nc,https://inaturalist-open-data.s3.amazonaws.com/photos/626342435/medium.jpg,E:\Coding_Notes\Faunari\data\raw\inat_targeted\Ptyas_mucosa\343802734.jpg,2026-03-19
inat_targeted,343759308,Ptyas mucosa,non_venomous,cc-by-nc,https://inaturalist-open-data.s3.amazonaws.com/photos/626259113/medium.jpg,E:\Coding_Notes\Faunari\data\raw\inat_targeted\Ptyas_mucosa\343759308.jpg,2026-03-14
inat_targeted,343510993,Ptyas mucosa,non_venomous,cc-by-nc,https://inaturalist-open-data.s3.amazonaws.com/photos/625752285/medium.jpg,E:\Coding_Notes\Faunari\data\raw\inat_targeted\Ptyas_mucosa\343510993.jpg,2026-03-17
inat_targeted,343083074,Ptyas mucosa,non_venomous,cc-by-nc,https://inaturalist-open-data.s3.amazonaws.com/photos/624856134/medium.jpg,E:\Coding_Notes\Faunari\data\raw\inat_targeted\Ptyas_mucosa\343083074.jpg,2026-03-13
inat_targeted,343065727,Ptyas mucosa,non_venomous,cc-by-nc,https://inaturalist-open-data.s3.amazonaws.com/photos/624847820/medium.jpg,E:\Coding_Notes\Faunari\data\raw\inat_targeted\Ptyas_mucosa\343065727.jpg,2026-03-15
inat_targeted,342917575,Ptyas mucosa,non_venomous,cc-by-nc,https://inaturalist-open-data.s3.amazonaws.com/photos/624548571/medium.jpg,E:\Coding_Notes\Faunari\data\raw\inat_targeted\Ptyas_mucosa\342917575.jpg,2026-03-05
inat_targeted,342703919,Ptyas mucosa,non_venomous,cc-by-nc,https://inaturalist-open-data.s3.amazonaws.com/photos/624125253/medium.jpg,E:\Coding_Notes\Faunari\data\raw\inat_targeted\Ptyas_mucosa\342703919.jpg,2026-01-01
inat_targeted,342698370,Ptyas mucosa,non_venomous,cc-by-nc,https://inaturalist-open-data.s3.amazonaws.com/photos/624123646/medium.jpg,E:\Coding_Notes\Faunari\data\raw\inat_targeted\Ptyas_mucosa\342698370.jpg,2026-03-13
inat_targeted,342697103,Ptyas mucosa,non_venomous,cc-by-nc,https://inaturalist-open-data.s3.amazonaws.com/photos/624121145/medium.jpg,E:\Coding_Notes\Faunari\data\raw\inat_targeted\Ptyas_mucosa\342697103.jpg,2026-03-13
inat_targeted,342596478,Ptyas mucosa,non_venomous,cc-by-nc,https://inaturalist-open-data.s3.amazonaws.com/photos/623919158/medium.jpg,E:\Coding_Notes\Faunari\data\raw\inat_targeted\Ptyas_mucosa\342596478.jpg,2026-03-12
inat_targeted,342538788,Ptyas mucosa,non_venomous,cc-by-nc,https://inaturalist-open-data.s3.amazonaws.com/photos/623804515/medium.jpg,E:\Coding_Notes\Faunari\data\raw\inat_targeted\Ptyas_mucosa\342538788.jpg,2026-02-14
inat_targeted,342525467,Ptyas mucosa,non_venomous,,https://static.inaturalist.org/photos/623777127/medium.jpg,E:\Coding_Notes\Faunari\data\raw\inat_targeted\Ptyas_mucosa\342525467.jpg,2025-06-04
inat_targeted,342398757,Ptyas mucosa,non_venomous,,https://static.inaturalist.org/photos/623521143/medium.jpg,E:\Coding_Notes\Faunari\data\raw\inat_targeted\Ptyas_mucosa\342398757.jpg,2026-03-11
inat_targeted,342208684,Ptyas mucosa,non_venomous,,https://static.inaturalist.org/photos/623132960/medium.jpg,E:\Coding_Notes\Faunari\data\raw\inat_targeted\Ptyas_mucosa\342208684.jpg,2026-03-10
inat_targeted,342097793,Ptyas mucosa,non_venomous,cc-by-nc,https://inaturalist-open-data.s3.amazonaws.com/photos/622909463/medium.jpg,E:\Coding_Notes\Faunari\data\raw\inat_targeted\Ptyas_mucosa\342097793.jpg,2026-03-09
inat_targeted,341834363,Ptyas mucosa,non_venomous,,https://static.inaturalist.org/photos/622384005/medium.jpg,E:\Coding_Notes\Faunari\data\raw\inat_targeted\Ptyas_mucosa\341834363.jpg,2026-03-08
inat_targeted,341539673,Ptyas mucosa,non_venomous,cc-by-nc,https://inaturalist-open-data.s3.amazonaws.com/photos/621778761/medium.jpg,E:\Coding_Notes\Faunari\data\raw\inat_targeted\Ptyas_mucosa\341539673.jpg,2022-09-04
inat_targeted,341479899,Ptyas mucosa,non_venomous,cc-by-nc,https://inaturalist-open-data.s3.amazonaws.com/photos/621658906/medium.jpg,E:\Coding_Notes\Faunari\data\raw\inat_targeted\Ptyas_mucosa\341479899.jpg,2026-02-15
inat_targeted,341333889,Ptyas mucosa,non_venomous,cc-by-nc,https://inaturalist-open-data.s3.amazonaws.com/photos/621356224/medium.jpg,E:\Coding_Notes\Faunari\data\raw\inat_targeted\Ptyas_mucosa\341333889.jpg,2026-03-05
inat_targeted,341186945,Ptyas mucosa,non_venomous,cc-by-nc,https://inaturalist-open-data.s3.amazonaws.com/photos/621053475/medium.jpg,E:\Coding_Notes\Faunari\data\raw\inat_targeted\Ptyas_mucosa\341186945.jpg,2026-02-11
inat_targeted,341116697,Ptyas mucosa,non_venomous,,https://static.inaturalist.org/photos/620907494/medium.jpg,E:\Coding_Notes\Faunari\data\raw\inat_targeted\Ptyas_mucosa\341116697.jpg,2021-11-12
inat_targeted,341087328,Ptyas mucosa,non_venomous,,https://static.inaturalist.org/photos/620848906/medium.jpg,E:\Coding_Notes\Faunari\data\raw\inat_targeted\Ptyas_mucosa\341087328.jpg,2026-03-01
inat_targeted,341078170,Ptyas mucosa,non_venomous,,https://static.inaturalist.org/photos/620830004/medium.jpg,E:\Coding_Notes\Faunari\data\raw\inat_targeted\Ptyas_mucosa\341078170.jpg,2022-02-24
inat_targeted,341040518,Ptyas mucosa,non_venomous,cc-by-nc,https://inaturalist-open-data.s3.amazonaws.com/photos/620749190/medium.jpg,E:\Coding_Notes\Faunari\data\raw\inat_targeted\Ptyas_mucosa\341040518.jpg,2026-02-27
inat_targeted,340737472,Ptyas mucosa,non_venomous,,https://static.inaturalist.org/photos/620131470/medium.jpg,E:\Coding_Notes\Faunari\data\raw\inat_targeted\Ptyas_mucosa\340737472.jpg,2026-03-01
inat_targeted,340591594,Ptyas mucosa,non_venomous,cc-by-nc-nd,https://inaturalist-open-data.s3.amazonaws.com/photos/619836475/medium.jpg,E:\Coding_Notes\Faunari\data\raw\inat_targeted\Ptyas_mucosa\340591594.jpg,2026-02-28
inat_targeted,340537718,Ptyas mucosa,non_venomous,cc-by-nc,https://inaturalist-open-data.s3.amazonaws.com/photos/619728957/medium.jpg,E:\Coding_Notes\Faunari\data\raw\inat_targeted\Ptyas_mucosa\340537718.jpg,2026-02-28
inat_targeted,340417873,Ptyas mucosa,non_venomous,,https://static.inaturalist.org/photos/619487349/medium.jpg,E:\Coding_Notes\Faunari\data\raw\inat_targeted\Ptyas_mucosa\340417873.jpg,2026-02-27
inat_targeted,340261260,Ptyas mucosa,non_venomous,cc-by-nc,https://inaturalist-open-data.s3.amazonaws.com/photos/619171211/medium.jpg,E:\Coding_Notes\Faunari\data\raw\inat_targeted\Ptyas_mucosa\340261260.jpg,2026-02-23
inat_targeted,340204782,Ptyas mucosa,non_venomous,,https://static.inaturalist.org/photos/619052597/medium.jpg,E:\Coding_Notes\Faunari\data\raw\inat_targeted\Ptyas_mucosa\340204782.jpg,2026-02-24
inat_targeted,340183769,Ptyas mucosa,non_venomous,,https://static.inaturalist.org/photos/619011702/medium.jpg,E:\Coding_Notes\Faunari\data\raw\inat_targeted\Ptyas_mucosa\340183769.jpg,2026-02-24
inat_targeted,340159668,Ptyas mucosa,non_venomous,cc-by-nc,https://inaturalist-open-data.s3.amazonaws.com/photos/618962060/medium.jpg,E:\Coding_Notes\Faunari\data\raw\inat_targeted\Ptyas_mucosa\340159668.jpg,2024-05-06
inat_targeted,340133476,Ptyas mucosa,non_venomous,cc-by-nc,https://inaturalist-open-data.s3.amazonaws.com/photos/618905845/medium.jpg,E:\Coding_Notes\Faunari\data\raw\inat_targeted\Ptyas_mucosa\340133476.jpg,2026-02-24
inat_targeted,340060654,Ptyas mucosa,non_venomous,cc-by-nc,https://inaturalist-open-data.s3.amazonaws.com/photos/618753978/medium.jpg,E:\Coding_Notes\Faunari\data\raw\inat_targeted\Ptyas_mucosa\340060654.jpg,2026-02-24
inat_targeted,340003772,Ptyas mucosa,non_venomous,,https://static.inaturalist.org/photos/618637923/medium.jpg,E:\Coding_Notes\Faunari\data\raw\inat_targeted\Ptyas_mucosa\340003772.jpg,2026-02-24
inat_targeted,339969214,Ptyas mucosa,non_venomous,cc-by-nc,https://inaturalist-open-data.s3.amazonaws.com/photos/618565111/medium.jpg,E:\Coding_Notes\Faunari\data\raw\inat_targeted\Ptyas_mucosa\339969214.jpg,2026-02-22
inat_targeted,339838128,Ptyas mucosa,non_venomous,,https://static.inaturalist.org/photos/618300865/medium.jpg,E:\Coding_Notes\Faunari\data\raw\inat_targeted\Ptyas_mucosa\339838128.jpg,2026-02-21
inat_targeted,339715766,Ptyas mucosa,non_venomous,cc-by-nc,https://inaturalist-open-data.s3.amazonaws.com/photos/618048334/medium.jpg,E:\Coding_Notes\Faunari\data\raw\inat_targeted\Ptyas_mucosa\339715766.jpg,2026-02-22
inat_targeted,339705950,Ptyas mucosa,non_venomous,cc-by-nc,https://inaturalist-open-data.s3.amazonaws.com/photos/618031369/medium.jpg,E:\Coding_Notes\Faunari\data\raw\inat_targeted\Ptyas_mucosa\339705950.jpg,2026-02-22
inat_targeted,339702767,Ptyas mucosa,non_venomous,,https://static.inaturalist.org/photos/618024252/medium.jpg,E:\Coding_Notes\Faunari\data\raw\inat_targeted\Ptyas_mucosa\339702767.jpg,2026-02-22
inat_targeted,339549932,Ptyas mucosa,non_venomous,,https://static.inaturalist.org/photos/622826755/medium.jpg,E:\Coding_Notes\Faunari\data\raw\inat_targeted\Ptyas_mucosa\339549932.jpg,2026-01-28
inat_targeted,339516939,Ptyas mucosa,non_venomous,cc-by-sa,https://inaturalist-open-data.s3.amazonaws.com/photos/617645135/medium.jpg,E:\Coding_Notes\Faunari\data\raw\inat_targeted\Ptyas_mucosa\339516939.jpg,2025-07-03
inat_targeted,339447439,Ptyas mucosa,non_venomous,cc-by-nc,https://inaturalist-open-data.s3.amazonaws.com/photos/617503427/medium.jpg,E:\Coding_Notes\Faunari\data\raw\inat_targeted\Ptyas_mucosa\339447439.jpg,2026-02-13
inat_targeted,339405220,Ptyas mucosa,non_venomous,,https://static.inaturalist.org/photos/617422648/medium.jpg,E:\Coding_Notes\Faunari\data\raw\inat_targeted\Ptyas_mucosa\339405220.jpg,2026-02-20
inat_targeted,339399729,Ptyas mucosa,non_venomous,,https://static.inaturalist.org/photos/617411583/medium.jpg,E:\Coding_Notes\Faunari\data\raw\inat_targeted\Ptyas_mucosa\339399729.jpg,2026-02-20
inat_targeted,339378234,Ptyas mucosa,non_venomous,cc-by-nc,https://inaturalist-open-data.s3.amazonaws.com/photos/617365848/medium.jpg,E:\Coding_Notes\Faunari\data\raw\inat_targeted\Ptyas_mucosa\339378234.jpg,2026-02-18
inat_targeted,339151824,Ptyas mucosa,non_venomous,,https://static.inaturalist.org/photos/616902185/medium.jpg,E:\Coding_Notes\Faunari\data\raw\inat_targeted\Ptyas_mucosa\339151824.jpg,2026-02-18
inat_targeted,338902793,Ptyas mucosa,non_venomous,cc-by-nc,https://inaturalist-open-data.s3.amazonaws.com/photos/616398054/medium.jpg,E:\Coding_Notes\Faunari\data\raw\inat_targeted\Ptyas_mucosa\338902793.jpg,2026-02-15
inat_targeted,338867488,Ptyas mucosa,non_venomous,cc-by-nc,https://inaturalist-open-data.s3.amazonaws.com/photos/616335087/medium.jpg,E:\Coding_Notes\Faunari\data\raw\inat_targeted\Ptyas_mucosa\338867488.jpg,2026-02-16
inat_targeted,338843321,Ptyas mucosa,non_venomous,cc-by,https://inaturalist-open-data.s3.amazonaws.com/photos/616288215/medium.jpg,E:\Coding_Notes\Faunari\data\raw\inat_targeted\Ptyas_mucosa\338843321.jpg,2026-02-16
inat_targeted,338746213,Ptyas mucosa,non_venomous,cc-by,https://inaturalist-open-data.s3.amazonaws.com/photos/616090912/medium.jpg,E:\Coding_Notes\Faunari\data\raw\inat_targeted\Ptyas_mucosa\338746213.jpg,2026-02-15
inat_targeted,338697192,Ptyas mucosa,non_venomous,cc-by-nc,https://inaturalist-open-data.s3.amazonaws.com/photos/615994667/medium.jpg,E:\Coding_Notes\Faunari\data\raw\inat_targeted\Ptyas_mucosa\338697192.jpg,2026-02-15
inat_targeted,338551722,Ptyas mucosa,non_venomous,,https://static.inaturalist.org/photos/615712407/medium.jpg,E:\Coding_Notes\Faunari\data\raw\inat_targeted\Ptyas_mucosa\338551722.jpg,2026-02-14
inat_targeted,338517068,Ptyas mucosa,non_venomous,cc-by-nc,https://inaturalist-open-data.s3.amazonaws.com/photos/615707391/medium.jpg,E:\Coding_Notes\Faunari\data\raw\inat_targeted\Ptyas_mucosa\338517068.jpg,2026-02-13
inat_targeted,338438691,Ptyas mucosa,non_venomous,,https://static.inaturalist.org/photos/615474832/medium.jpg,E:\Coding_Notes\Faunari\data\raw\inat_targeted\Ptyas_mucosa\338438691.jpg,2025-06-01
inat_targeted,338339363,Ptyas mucosa,non_venomous,,https://static.inaturalist.org/photos/615267159/medium.jpg,E:\Coding_Notes\Faunari\data\raw\inat_targeted\Ptyas_mucosa\338339363.jpg,2026-02-12
inat_targeted,338212602,Ptyas mucosa,non_venomous,,https://static.inaturalist.org/photos/615006272/medium.jpg,E:\Coding_Notes\Faunari\data\raw\inat_targeted\Ptyas_mucosa\338212602.jpg,2026-02-02
inat_targeted,338181839,Ptyas mucosa,non_venomous,,https://static.inaturalist.org/photos/614943220/medium.jpg,E:\Coding_Notes\Faunari\data\raw\inat_targeted\Ptyas_mucosa\338181839.jpg,2026-02-08
inat_targeted,337823951,Ptyas mucosa,non_venomous,cc-by-nc,https://inaturalist-open-data.s3.amazonaws.com/photos/614210375/medium.jpg,E:\Coding_Notes\Faunari\data\raw\inat_targeted\Ptyas_mucosa\337823951.jpg,2026-02-04
inat_targeted,337683342,Ptyas mucosa,non_venomous,,https://static.inaturalist.org/photos/613922377/medium.jpg,E:\Coding_Notes\Faunari\data\raw\inat_targeted\Ptyas_mucosa\337683342.jpg,2026-02-04
inat_targeted,337521902,Ptyas mucosa,non_venomous,cc-by-nc,https://inaturalist-open-data.s3.amazonaws.com/photos/613592508/medium.jpg,E:\Coding_Notes\Faunari\data\raw\inat_targeted\Ptyas_mucosa\337521902.jpg,2026-02-06
inat_targeted,337439560,Ptyas mucosa,non_venomous,cc-by,https://inaturalist-open-data.s3.amazonaws.com/photos/613424613/medium.jpg,E:\Coding_Notes\Faunari\data\raw\inat_targeted\Ptyas_mucosa\337439560.jpg,2026-02-05
inat_targeted,337427872,Ptyas mucosa,non_venomous,cc-by-nc,https://inaturalist-open-data.s3.amazonaws.com/photos/613401718/medium.jpg,E:\Coding_Notes\Faunari\data\raw\inat_targeted\Ptyas_mucosa\337427872.jpg,2026-02-05
inat_targeted,337393692,Ptyas mucosa,non_venomous,,https://static.inaturalist.org/photos/613328906/medium.jpg,E:\Coding_Notes\Faunari\data\raw\inat_targeted\Ptyas_mucosa\337393692.jpg,2025-12-21
inat_targeted,337189481,Ptyas mucosa,non_venomous,cc-by-nc,https://inaturalist-open-data.s3.amazonaws.com/photos/612910065/medium.jpg,E:\Coding_Notes\Faunari\data\raw\inat_targeted\Ptyas_mucosa\337189481.jpg,2025-11-03
inat_targeted,336985615,Ptyas mucosa,non_venomous,cc-by-nc,https://inaturalist-open-data.s3.amazonaws.com/photos/612493450/medium.jpg,E:\Coding_Notes\Faunari\data\raw\inat_targeted\Ptyas_mucosa\336985615.jpg,2026-01-26
inat_targeted,336956698,Ptyas mucosa,non_venomous,cc-by-nc,https://inaturalist-open-data.s3.amazonaws.com/photos/612435878/medium.jpg,E:\Coding_Notes\Faunari\data\raw\inat_targeted\Ptyas_mucosa\336956698.jpg,2026-01-30
inat_targeted,336933225,Ptyas mucosa,non_venomous,cc-by,https://inaturalist-open-data.s3.amazonaws.com/photos/612388337/medium.jpg,E:\Coding_Notes\Faunari\data\raw\inat_targeted\Ptyas_mucosa\336933225.jpg,2026-01-29
inat_targeted,336702538,Ptyas mucosa,non_venomous,cc-by-nc,https://inaturalist-open-data.s3.amazonaws.com/photos/611919433/medium.jpg,E:\Coding_Notes\Faunari\data\raw\inat_targeted\Ptyas_mucosa\336702538.jpg,2023-09-17
inat_targeted,336669346,Ptyas mucosa,non_venomous,cc-by-nc,https://inaturalist-open-data.s3.amazonaws.com/photos/611849057/medium.jpg,E:\Coding_Notes\Faunari\data\raw\inat_targeted\Ptyas_mucosa\336669346.jpg,2025-12-26
inat_targeted,336463061,Ptyas mucosa,non_venomous,,https://static.inaturalist.org/photos/611427144/medium.jpg,E:\Coding_Notes\Faunari\data\raw\inat_targeted\Ptyas_mucosa\336463061.jpg,2026-01-18
inat_targeted,336344783,Ptyas mucosa,non_venomous,cc-by-nc,https://inaturalist-open-data.s3.amazonaws.com/photos/611190401/medium.jpg,E:\Coding_Notes\Faunari\data\raw\inat_targeted\Ptyas_mucosa\336344783.jpg,2025-12-31
inat_targeted,336339013,Ptyas mucosa,non_venomous,cc-by-nc,https://inaturalist-open-data.s3.amazonaws.com/photos/611179965/medium.jpg,E:\Coding_Notes\Faunari\data\raw\inat_targeted\Ptyas_mucosa\336339013.jpg,2026-01-27
inat_targeted,336329197,Ptyas mucosa,non_venomous,,https://static.inaturalist.org/photos/611166474/medium.jpg,E:\Coding_Notes\Faunari\data\raw\inat_targeted\Ptyas_mucosa\336329197.jpg,2026-01-27
inat_targeted,336216152,Ptyas mucosa,non_venomous,cc-by-nc,https://inaturalist-open-data.s3.amazonaws.com/photos/610929512/medium.jpg,E:\Coding_Notes\Faunari\data\raw\inat_targeted\Ptyas_mucosa\336216152.jpg,2025-11-20
inat_targeted,336054693,Ptyas mucosa,non_venomous,cc-by-nc,https://inaturalist-open-data.s3.amazonaws.com/photos/610610132/medium.jpg,E:\Coding_Notes\Faunari\data\raw\inat_targeted\Ptyas_mucosa\336054693.jpg,2026-01-25
inat_targeted,335850965,Ptyas mucosa,non_venomous,,https://static.inaturalist.org/photos/610201435/medium.jpg,E:\Coding_Notes\Faunari\data\raw\inat_targeted\Ptyas_mucosa\335850965.jpg,2020-05-21
inat_targeted,335850886,Ptyas mucosa,non_venomous,,https://static.inaturalist.org/photos/610200762/medium.jpg,E:\Coding_Notes\Faunari\data\raw\inat_targeted\Ptyas_mucosa\335850886.jpg,2020-07-06
inat_targeted,335827457,Ptyas mucosa,non_venomous,,https://static.inaturalist.org/photos/610158134/medium.jpg,E:\Coding_Notes\Faunari\data\raw\inat_targeted\Ptyas_mucosa\335827457.jpg,2026-01-23
inat_targeted,335808799,Ptyas mucosa,non_venomous,cc-by-nc,https://inaturalist-open-data.s3.amazonaws.com/photos/610121174/medium.jpg,E:\Coding_Notes\Faunari\data\raw\inat_targeted\Ptyas_mucosa\335808799.jpg,2026-01-23
inat_targeted,335726451,Ptyas mucosa,non_venomous,cc-by-nc,https://inaturalist-open-data.s3.amazonaws.com/photos/609954986/medium.jpg,E:\Coding_Notes\Faunari\data\raw\inat_targeted\Ptyas_mucosa\335726451.jpg,2026-01-19
inat_targeted,335710441,Ptyas mucosa,non_venomous,cc-by-nc,https://inaturalist-open-data.s3.amazonaws.com/photos/609916704/medium.jpg,E:\Coding_Notes\Faunari\data\raw\inat_targeted\Ptyas_mucosa\335710441.jpg,2005-08-15
inat_targeted,335710439,Ptyas mucosa,non_venomous,cc-by-nc,https://inaturalist-open-data.s3.amazonaws.com/photos/609916698/medium.jpg,E:\Coding_Notes\Faunari\data\raw\inat_targeted\Ptyas_mucosa\335710439.jpg,2005-07-13
inat_targeted,335705420,Ptyas mucosa,non_venomous,cc-by-nc-nd,https://inaturalist-open-data.s3.amazonaws.com/photos/609911911/medium.jpg,E:\Coding_Notes\Faunari\data\raw\inat_targeted\Ptyas_mucosa\335705420.jpg,2026-01-15
inat_targeted,335692138,Ptyas mucosa,non_venomous,cc-by-nc,https://inaturalist-open-data.s3.amazonaws.com/photos/609883735/medium.jpg,E:\Coding_Notes\Faunari\data\raw\inat_targeted\Ptyas_mucosa\335692138.jpg,2025-08-12
inat_targeted,335601327,Ptyas mucosa,non_venomous,,https://static.inaturalist.org/photos/609699122/medium.jpg,E:\Coding_Notes\Faunari\data\raw\inat_targeted\Ptyas_mucosa\335601327.jpg,2026-01-21
inat_targeted,335588976,Ptyas mucosa,non_venomous,cc-by-nc,https://inaturalist-open-data.s3.amazonaws.com/photos/609674726/medium.jpg,E:\Coding_Notes\Faunari\data\raw\inat_targeted\Ptyas_mucosa\335588976.jpg,2026-01-21
inat_targeted,335588551,Ptyas mucosa,non_venomous,cc-by-nc,https://inaturalist-open-data.s3.amazonaws.com/photos/609673776/medium.jpg,E:\Coding_Notes\Faunari\data\raw\inat_targeted\Ptyas_mucosa\335588551.jpg,2026-01-21
inat_targeted,335411065,Ptyas mucosa,non_venomous,cc-by-nc,https://inaturalist-open-data.s3.amazonaws.com/photos/609314862/medium.jpg,E:\Coding_Notes\Faunari\data\raw\inat_targeted\Ptyas_mucosa\335411065.jpg,2026-01-15
inat_targeted,335312032,Ptyas mucosa,non_venomous,cc-by-nc,https://inaturalist-open-data.s3.amazonaws.com/photos/609116706/medium.jpg,E:\Coding_Notes\Faunari\data\raw\inat_targeted\Ptyas_mucosa\335312032.jpg,2026-01-19
inat_targeted,335060089,Ptyas mucosa,non_venomous,cc-by-nc,https://inaturalist-open-data.s3.amazonaws.com/photos/608621104/medium.jpg,E:\Coding_Notes\Faunari\data\raw\inat_targeted\Ptyas_mucosa\335060089.jpg,2026-01-17
inat_targeted,335051197,Ptyas mucosa,non_venomous,,https://static.inaturalist.org/photos/608593921/medium.jpg,E:\Coding_Notes\Faunari\data\raw\inat_targeted\Ptyas_mucosa\335051197.jpg,2026-01-17
inat_targeted,335034763,Ptyas mucosa,non_venomous,cc-by,https://inaturalist-open-data.s3.amazonaws.com/photos/608560332/medium.jpg,E:\Coding_Notes\Faunari\data\raw\inat_targeted\Ptyas_mucosa\335034763.jpg,2026-01-14
inat_targeted,334980341,Ptyas mucosa,non_venomous,cc-by-nc,https://inaturalist-open-data.s3.amazonaws.com/photos/608445599/medium.jpg,E:\Coding_Notes\Faunari\data\raw\inat_targeted\Ptyas_mucosa\334980341.jpg,2026-01-03
inat_targeted,334961981,Ptyas mucosa,non_venomous,cc-by-nc,https://inaturalist-open-data.s3.amazonaws.com/photos/608407374/medium.jpg,E:\Coding_Notes\Faunari\data\raw\inat_targeted\Ptyas_mucosa\334961981.jpg,2026-01-16
inat_targeted,334906022,Ptyas mucosa,non_venomous,cc-by-nc,https://inaturalist-open-data.s3.amazonaws.com/photos/608292072/medium.jpg,E:\Coding_Notes\Faunari\data\raw\inat_targeted\Ptyas_mucosa\334906022.jpg,2026-01-14
inat_targeted,334837485,Ptyas mucosa,non_venomous,cc-by-nc,https://inaturalist-open-data.s3.amazonaws.com/photos/608151069/medium.jpg,E:\Coding_Notes\Faunari\data\raw\inat_targeted\Ptyas_mucosa\334837485.jpg,2021-03-26
inat_targeted,334833371,Ptyas mucosa,non_venomous,cc-by-nc,https://inaturalist-open-data.s3.amazonaws.com/photos/608139964/medium.jpg,E:\Coding_Notes\Faunari\data\raw\inat_targeted\Ptyas_mucosa\334833371.jpg,2025-11-03
inat_targeted,334708051,Ptyas mucosa,non_venomous,cc-by-nc,https://inaturalist-open-data.s3.amazonaws.com/photos/607886169/medium.jpg,E:\Coding_Notes\Faunari\data\raw\inat_targeted\Ptyas_mucosa\334708051.jpg,2025-10-04
inat_targeted,334684588,Ptyas mucosa,non_venomous,cc-by-nc,https://inaturalist-open-data.s3.amazonaws.com/photos/607838461/medium.jpg,E:\Coding_Notes\Faunari\data\raw\inat_targeted\Ptyas_mucosa\334684588.jpg,2025-12-10
inat_targeted,334599437,Ptyas mucosa,non_venomous,,https://static.inaturalist.org/photos/607669497/medium.jpg,E:\Coding_Notes\Faunari\data\raw\inat_targeted\Ptyas_mucosa\334599437.jpg,2026-01-11
inat_targeted,334591154,Ptyas mucosa,non_venomous,cc-by-nc,https://inaturalist-open-data.s3.amazonaws.com/photos/607652672/medium.jpg,E:\Coding_Notes\Faunari\data\raw\inat_targeted\Ptyas_mucosa\334591154.jpg,2023-08-26
inat_targeted,334574128,Ptyas mucosa,non_venomous,cc-by-nc,https://inaturalist-open-data.s3.amazonaws.com/photos/607617568/medium.jpg,E:\Coding_Notes\Faunari\data\raw\inat_targeted\Ptyas_mucosa\334574128.jpg,2026-01-13
inat_targeted,334483407,Ptyas mucosa,non_venomous,cc-by-nc,https://inaturalist-open-data.s3.amazonaws.com/photos/607432973/medium.jpg,E:\Coding_Notes\Faunari\data\raw\inat_targeted\Ptyas_mucosa\334483407.jpg,2026-01-08
inat_targeted,334375512,Ptyas mucosa,non_venomous,,https://static.inaturalist.org/photos/607212944/medium.jpg,E:\Coding_Notes\Faunari\data\raw\inat_targeted\Ptyas_mucosa\334375512.jpg,2026-01-11
inat_targeted,334337278,Ptyas mucosa,non_venomous,cc-by-nc,https://inaturalist-open-data.s3.amazonaws.com/photos/607133608/medium.jpg,E:\Coding_Notes\Faunari\data\raw\inat_targeted\Ptyas_mucosa\334337278.jpg,2026-01-11
inat_targeted,334329561,Ptyas mucosa,non_venomous,cc-by-nc,https://inaturalist-open-data.s3.amazonaws.com/photos/607117809/medium.jpg,E:\Coding_Notes\Faunari\data\raw\inat_targeted\Ptyas_mucosa\334329561.jpg,2026-01-08
inat_targeted,334178243,Ptyas mucosa,non_venomous,,https://static.inaturalist.org/photos/606808950/medium.jpg,E:\Coding_Notes\Faunari\data\raw\inat_targeted\Ptyas_mucosa\334178243.jpg,2026-01-10
inat_targeted,334067550,Ptyas mucosa,non_venomous,cc-by-nc,https://inaturalist-open-data.s3.amazonaws.com/photos/606590785/medium.jpg,E:\Coding_Notes\Faunari\data\raw\inat_targeted\Ptyas_mucosa\334067550.jpg,2026-01-09
inat_targeted,333928403,Ptyas mucosa,non_venomous,,https://static.inaturalist.org/photos/606306136/medium.jpg,E:\Coding_Notes\Faunari\data\raw\inat_targeted\Ptyas_mucosa\333928403.jpg,2026-01-07
inat_targeted,333849403,Ptyas mucosa,non_venomous,,https://static.inaturalist.org/photos/606139704/medium.jpg,E:\Coding_Notes\Faunari\data\raw\inat_targeted\Ptyas_mucosa\333849403.jpg,2026-01-07
inat_targeted,333469262,Ptyas mucosa,non_venomous,cc-by-nc,https://inaturalist-open-data.s3.amazonaws.com/photos/605414125/medium.jpg,E:\Coding_Notes\Faunari\data\raw\inat_targeted\Ptyas_mucosa\333469262.jpg,2026-01-02
inat_targeted,333423433,Ptyas mucosa,non_venomous,,https://static.inaturalist.org/photos/605325463/medium.jpg,E:\Coding_Notes\Faunari\data\raw\inat_targeted\Ptyas_mucosa\333423433.jpg,2026-01-04
inat_targeted,333423038,Ptyas mucosa,non_venomous,cc-by-sa,https://inaturalist-open-data.s3.amazonaws.com/photos/605324497/medium.jpg,E:\Coding_Notes\Faunari\data\raw\inat_targeted\Ptyas_mucosa\333423038.jpg,2024-12-31
inat_targeted,333309611,Ptyas mucosa,non_venomous,,https://static.inaturalist.org/photos/605095356/medium.jpg,E:\Coding_Notes\Faunari\data\raw\inat_targeted\Ptyas_mucosa\333309611.jpg,2026-01-03
inat_targeted,333272383,Ptyas mucosa,non_venomous,cc-by-nc,https://inaturalist-open-data.s3.amazonaws.com/photos/605019786/medium.jpg,E:\Coding_Notes\Faunari\data\raw\inat_targeted\Ptyas_mucosa\333272383.jpg,2024-09-14
inat_targeted,333148751,Ptyas mucosa,non_venomous,cc-by-nc,https://inaturalist-open-data.s3.amazonaws.com/photos/604968721/medium.jpg,E:\Coding_Notes\Faunari\data\raw\inat_targeted\Ptyas_mucosa\333148751.jpg,2026-01-02
inat_targeted,332995279,Ptyas mucosa,non_venomous,cc-by-nc-sa,https://inaturalist-open-data.s3.amazonaws.com/photos/604455567/medium.jpg,E:\Coding_Notes\Faunari\data\raw\inat_targeted\Ptyas_mucosa\332995279.jpg,2025-11-30
inat_targeted,332853832,Ptyas mucosa,non_venomous,,https://static.inaturalist.org/photos/604161256/medium.jpg,E:\Coding_Notes\Faunari\data\raw\inat_targeted\Ptyas_mucosa\332853832.jpg,2025-12-31
inat_targeted,332853723,Ptyas mucosa,non_venomous,cc-by-nc,https://inaturalist-open-data.s3.amazonaws.com/photos/604160529/medium.jpg,E:\Coding_Notes\Faunari\data\raw\inat_targeted\Ptyas_mucosa\332853723.jpg,2025-09-14
inat_targeted,332623305,Ptyas mucosa,non_venomous,cc-by,https://inaturalist-open-data.s3.amazonaws.com/photos/603691794/medium.jpg,E:\Coding_Notes\Faunari\data\raw\inat_targeted\Ptyas_mucosa\332623305.jpg,2025-09-16
inat_targeted,332612716,Ptyas mucosa,non_venomous,cc-by-nc,https://inaturalist-open-data.s3.amazonaws.com/photos/603671674/medium.jpg,E:\Coding_Notes\Faunari\data\raw\inat_targeted\Ptyas_mucosa\332612716.jpg,2025-12-29
inat_targeted,332424342,Ptyas mucosa,non_venomous,,https://static.inaturalist.org/photos/603284099/medium.jpg,E:\Coding_Notes\Faunari\data\raw\inat_targeted\Ptyas_mucosa\332424342.jpg,2025-12-28
inat_targeted,332397055,Ptyas mucosa,non_venomous,,https://static.inaturalist.org/photos/603228894/medium.jpg,E:\Coding_Notes\Faunari\data\raw\inat_targeted\Ptyas_mucosa\332397055.jpg,2025-12-27
inat_targeted,332273959,Ptyas mucosa,non_venomous,,https://static.inaturalist.org/photos/603294571/medium.jpg,E:\Coding_Notes\Faunari\data\raw\inat_targeted\Ptyas_mucosa\332273959.jpg,2025-12-27
inat_targeted,332264494,Ptyas mucosa,non_venomous,cc-by-nc,https://inaturalist-open-data.s3.amazonaws.com/photos/602957506/medium.jpg,E:\Coding_Notes\Faunari\data\raw\inat_targeted\Ptyas_mucosa\332264494.jpg,2025-12-27
inat_targeted,332260469,Ptyas mucosa,non_venomous,cc-by-nc,https://inaturalist-open-data.s3.amazonaws.com/photos/602948711/medium.jpg,E:\Coding_Notes\Faunari\data\raw\inat_targeted\Ptyas_mucosa\332260469.jpg,2025-12-27
inat_targeted,332245743,Ptyas mucosa,non_venomous,cc-by,https://inaturalist-open-data.s3.amazonaws.com/photos/602918822/medium.jpg,E:\Coding_Notes\Faunari\data\raw\inat_targeted\Ptyas_mucosa\332245743.jpg,2025-12-26
inat_targeted,332010790,Ptyas mucosa,non_venomous,,https://static.inaturalist.org/photos/602433483/medium.jpg,E:\Coding_Notes\Faunari\data\raw\inat_targeted\Ptyas_mucosa\332010790.jpg,2025-12-25
inat_targeted,331991442,Ptyas mucosa,non_venomous,cc-by-nc,https://inaturalist-open-data.s3.amazonaws.com/photos/602394343/medium.jpg,E:\Coding_Notes\Faunari\data\raw\inat_targeted\Ptyas_mucosa\331991442.jpg,2025-12-25
inat_targeted,331877355,Ptyas mucosa,non_venomous,cc-by-nc,https://inaturalist-open-data.s3.amazonaws.com/photos/602158836/medium.jpg,E:\Coding_Notes\Faunari\data\raw\inat_targeted\Ptyas_mucosa\331877355.jpg,2025-12-23
inat_targeted,331808619,Ptyas mucosa,non_venomous,,https://static.inaturalist.org/photos/602014585/medium.jpg,E:\Coding_Notes\Faunari\data\raw\inat_targeted\Ptyas_mucosa\331808619.jpg,2025-08-27
inat_targeted,331808420,Ptyas mucosa,non_venomous,cc-by-nc,https://inaturalist-open-data.s3.amazonaws.com/photos/602014137/medium.jpg,E:\Coding_Notes\Faunari\data\raw\inat_targeted\Ptyas_mucosa\331808420.jpg,2025-11-08
inat_targeted,331771094,Ptyas mucosa,non_venomous,cc-by-nc,https://inaturalist-open-data.s3.amazonaws.com/photos/601940592/medium.jpg,E:\Coding_Notes\Faunari\data\raw\inat_targeted\Ptyas_mucosa\331771094.jpg,2025-12-23
inat_targeted,331763469,Ptyas mucosa,non_venomous,,https://static.inaturalist.org/photos/601923933/medium.jpg,E:\Coding_Notes\Faunari\data\raw\inat_targeted\Ptyas_mucosa\331763469.jpg,2024-07-29
inat_targeted,331576304,Ptyas mucosa,non_venomous,,https://static.inaturalist.org/photos/601537535/medium.jpg,E:\Coding_Notes\Faunari\data\raw\inat_targeted\Ptyas_mucosa\331576304.jpg,2020-12-05
inat_targeted,331571458,Ptyas mucosa,non_venomous,cc-by-nc,https://inaturalist-open-data.s3.amazonaws.com/photos/601532037/medium.jpg,E:\Coding_Notes\Faunari\data\raw\inat_targeted\Ptyas_mucosa\331571458.jpg,2025-11-22
inat_targeted,331557616,Ptyas mucosa,non_venomous,,https://static.inaturalist.org/photos/601503574/medium.jpg,E:\Coding_Notes\Faunari\data\raw\inat_targeted\Ptyas_mucosa\331557616.jpg,2025-12-21
inat_targeted,331553297,Ptyas mucosa,non_venomous,,https://static.inaturalist.org/photos/601495132/medium.jpg,E:\Coding_Notes\Faunari\data\raw\inat_targeted\Ptyas_mucosa\331553297.jpg,2024-10-06
inat_targeted,331512084,Ptyas mucosa,non_venomous,cc-by-nc,https://inaturalist-open-data.s3.amazonaws.com/photos/601415245/medium.jpg,E:\Coding_Notes\Faunari\data\raw\inat_targeted\Ptyas_mucosa\331512084.jpg,2025-12-16
inat_targeted,331441365,Ptyas mucosa,non_venomous,cc-by-nc,https://inaturalist-open-data.s3.amazonaws.com/photos/601268629/medium.jpg,E:\Coding_Notes\Faunari\data\raw\inat_targeted\Ptyas_mucosa\331441365.jpg,2025-12-20
inat_targeted,331287287,Ptyas mucosa,non_venomous,cc-by-nc,https://inaturalist-open-data.s3.amazonaws.com/photos/600951427/medium.jpg,E:\Coding_Notes\Faunari\data\raw\inat_targeted\Ptyas_mucosa\331287287.jpg,2025-12-19
inat_targeted,331194079,Ptyas mucosa,non_venomous,cc-by-nc,https://inaturalist-open-data.s3.amazonaws.com/photos/600757078/medium.jpg,E:\Coding_Notes\Faunari\data\raw\inat_targeted\Ptyas_mucosa\331194079.jpg,2025-12-18
inat_targeted,331169013,Ptyas mucosa,non_venomous,,https://static.inaturalist.org/photos/600705318/medium.jpg,E:\Coding_Notes\Faunari\data\raw\inat_targeted\Ptyas_mucosa\331169013.jpg,2025-12-18
inat_targeted,331166152,Ptyas mucosa,non_venomous,cc-by-nc,https://inaturalist-open-data.s3.amazonaws.com/photos/601501608/medium.jpg,E:\Coding_Notes\Faunari\data\raw\inat_targeted\Ptyas_mucosa\331166152.jpg,2025-12-18
inat_targeted,331045096,Ptyas mucosa,non_venomous,,https://static.inaturalist.org/photos/600450481/medium.jpg,E:\Coding_Notes\Faunari\data\raw\inat_targeted\Ptyas_mucosa\331045096.jpg,2025-12-16
inat_targeted,330956425,Ptyas mucosa,non_venomous,cc-by-nc,https://inaturalist-open-data.s3.amazonaws.com/photos/601501669/medium.jpg,E:\Coding_Notes\Faunari\data\raw\inat_targeted\Ptyas_mucosa\330956425.jpg,2025-12-15
inat_targeted,330942235,Ptyas mucosa,non_venomous,cc-by-nc,https://inaturalist-open-data.s3.amazonaws.com/photos/600236336/medium.jpg,E:\Coding_Notes\Faunari\data\raw\inat_targeted\Ptyas_mucosa\330942235.jpg,2025-12-16
inat_targeted,330571395,Ptyas mucosa,non_venomous,cc0,https://inaturalist-open-data.s3.amazonaws.com/photos/599471572/medium.jpg,E:\Coding_Notes\Faunari\data\raw\inat_targeted\Ptyas_mucosa\330571395.jpg,2025-12-13
inat_targeted,330429770,Ptyas mucosa,non_venomous,cc-by-nc,https://inaturalist-open-data.s3.amazonaws.com/photos/599178665/medium.jpg,E:\Coding_Notes\Faunari\data\raw\inat_targeted\Ptyas_mucosa\330429770.jpg,2025-07-23
inat_targeted,330236580,Ptyas mucosa,non_venomous,,https://static.inaturalist.org/photos/598784467/medium.jpg,E:\Coding_Notes\Faunari\data\raw\inat_targeted\Ptyas_mucosa\330236580.jpg,2025-09-05
inat_targeted,330140303,Ptyas mucosa,non_venomous,,https://static.inaturalist.org/photos/598589250/medium.jpg,E:\Coding_Notes\Faunari\data\raw\inat_targeted\Ptyas_mucosa\330140303.jpg,2025-11-16
inat_targeted,329681887,Ptyas mucosa,non_venomous,cc-by-nc,https://inaturalist-open-data.s3.amazonaws.com/photos/597656917/medium.jpg,E:\Coding_Notes\Faunari\data\raw\inat_targeted\Ptyas_mucosa\329681887.jpg,2020-09-03
inat_targeted,329673943,Ptyas mucosa,non_venomous,cc-by-nc,https://inaturalist-open-data.s3.amazonaws.com/photos/597642152/medium.jpg,E:\Coding_Notes\Faunari\data\raw\inat_targeted\Ptyas_mucosa\329673943.jpg,2025-12-06
inat_targeted,329673787,Ptyas mucosa,non_venomous,cc-by-nc,https://inaturalist-open-data.s3.amazonaws.com/photos/597641751/medium.jpg,E:\Coding_Notes\Faunari\data\raw\inat_targeted\Ptyas_mucosa\329673787.jpg,2025-12-06
inat_targeted,329640659,Ptyas mucosa,non_venomous,cc-by-nc,https://inaturalist-open-data.s3.amazonaws.com/photos/597574142/medium.jpg,E:\Coding_Notes\Faunari\data\raw\inat_targeted\Ptyas_mucosa\329640659.jpg,2025-10-19
inat_targeted,329547308,Ptyas mucosa,non_venomous,cc-by-nc,https://inaturalist-open-data.s3.amazonaws.com/photos/597385925/medium.jpg,E:\Coding_Notes\Faunari\data\raw\inat_targeted\Ptyas_mucosa\329547308.jpg,2025-12-05
inat_targeted,329437449,Ptyas mucosa,non_venomous,cc-by-nc,https://inaturalist-open-data.s3.amazonaws.com/photos/597165579/medium.jpg,E:\Coding_Notes\Faunari\data\raw\inat_targeted\Ptyas_mucosa\329437449.jpg,2025-12-02
inat_targeted,329436251,Ptyas mucosa,non_venomous,,https://static.inaturalist.org/photos/597166452/medium.jpg,E:\Coding_Notes\Faunari\data\raw\inat_targeted\Ptyas_mucosa\329436251.jpg,2025-12-04
inat_targeted,329294478,Ptyas mucosa,non_venomous,cc-by-nc,https://inaturalist-open-data.s3.amazonaws.com/photos/596874626/medium.jpg,E:\Coding_Notes\Faunari\data\raw\inat_targeted\Ptyas_mucosa\329294478.jpg,2025-11-10
inat_targeted,329206079,Ptyas mucosa,non_venomous,,https://static.inaturalist.org/photos/596697008/medium.jpg,E:\Coding_Notes\Faunari\data\raw\inat_targeted\Ptyas_mucosa\329206079.jpg,2025-11-29
inat_targeted,329177526,Ptyas mucosa,non_venomous,cc-by,https://inaturalist-open-data.s3.amazonaws.com/photos/596641516/medium.jpg,E:\Coding_Notes\Faunari\data\raw\inat_targeted\Ptyas_mucosa\329177526.jpg,2025-08-23
inat_targeted,329050795,Ptyas mucosa,non_venomous,cc-by-nc,https://inaturalist-open-data.s3.amazonaws.com/photos/596397754/medium.jpg,E:\Coding_Notes\Faunari\data\raw\inat_targeted\Ptyas_mucosa\329050795.jpg,2025-12-01
inat_targeted,329012564,Ptyas mucosa,non_venomous,,https://static.inaturalist.org/photos/596312980/medium.jpg,E:\Coding_Notes\Faunari\data\raw\inat_targeted\Ptyas_mucosa\329012564.jpg,2025-11-28
inat_targeted,328951794,Ptyas mucosa,non_venomous,cc-by-nc,https://inaturalist-open-data.s3.amazonaws.com/photos/596191301/medium.jpg,E:\Coding_Notes\Faunari\data\raw\inat_targeted\Ptyas_mucosa\328951794.jpg,2025-11-30
inat_targeted,328895257,Ptyas mucosa,non_venomous,cc-by-nc,https://inaturalist-open-data.s3.amazonaws.com/photos/596077926/medium.jpg,E:\Coding_Notes\Faunari\data\raw\inat_targeted\Ptyas_mucosa\328895257.jpg,2025-06-30
inat_targeted,328884945,Ptyas mucosa,non_venomous,cc-by-nc-nd,https://inaturalist-open-data.s3.amazonaws.com/photos/596057681/medium.jpg,E:\Coding_Notes\Faunari\data\raw\inat_targeted\Ptyas_mucosa\328884945.jpg,2025-11-30
inat_targeted,328735716,Ptyas mucosa,non_venomous,,https://static.inaturalist.org/photos/595758579/medium.jpg,E:\Coding_Notes\Faunari\data\raw\inat_targeted\Ptyas_mucosa\328735716.jpg,2025-11-29
inat_targeted,328690762,Ptyas mucosa,non_venomous,cc-by-nc-sa,https://inaturalist-open-data.s3.amazonaws.com/photos/595665138/medium.jpg,E:\Coding_Notes\Faunari\data\raw\inat_targeted\Ptyas_mucosa\328690762.jpg,2025-11-28
inat_targeted,328618075,Ptyas mucosa,non_venomous,,https://static.inaturalist.org/photos/595519036/medium.jpg,E:\Coding_Notes\Faunari\data\raw\inat_targeted\Ptyas_mucosa\328618075.jpg,2025-11-27
inat_targeted,328606284,Ptyas mucosa,non_venomous,,https://static.inaturalist.org/photos/595494885/medium.jpg,E:\Coding_Notes\Faunari\data\raw\inat_targeted\Ptyas_mucosa\328606284.jpg,2025-11-28
inat_targeted,328490882,Ptyas mucosa,non_venomous,cc-by-nc,https://inaturalist-open-data.s3.amazonaws.com/photos/595260054/medium.jpg,E:\Coding_Notes\Faunari\data\raw\inat_targeted\Ptyas_mucosa\328490882.jpg,2025-11-27
inat_targeted,328475269,Ptyas mucosa,non_venomous,cc-by-nc,https://inaturalist-open-data.s3.amazonaws.com/photos/595229994/medium.jpg,E:\Coding_Notes\Faunari\data\raw\inat_targeted\Ptyas_mucosa\328475269.jpg,2025-10-02
inat_targeted,328464064,Ptyas mucosa,non_venomous,cc-by-nc,https://inaturalist-open-data.s3.amazonaws.com/photos/595205665/medium.jpg,E:\Coding_Notes\Faunari\data\raw\inat_targeted\Ptyas_mucosa\328464064.jpg,2025-11-27
inat_targeted,328463954,Ptyas mucosa,non_venomous,cc-by-nc,https://inaturalist-open-data.s3.amazonaws.com/photos/595205477/medium.jpg,E:\Coding_Notes\Faunari\data\raw\inat_targeted\Ptyas_mucosa\328463954.jpg,2025-11-27
inat_targeted,328426317,Ptyas mucosa,non_venomous,cc-by-nc,https://inaturalist-open-data.s3.amazonaws.com/photos/595127102/medium.jpg,E:\Coding_Notes\Faunari\data\raw\inat_targeted\Ptyas_mucosa\328426317.jpg,2025-11-23
inat_targeted,328355382,Ptyas mucosa,non_venomous,,https://static.inaturalist.org/photos/594983734/medium.jpg,E:\Coding_Notes\Faunari\data\raw\inat_targeted\Ptyas_mucosa\328355382.jpg,2025-11-26
inat_targeted,328229448,Ptyas mucosa,non_venomous,,https://static.inaturalist.org/photos/594732415/medium.jpg,E:\Coding_Notes\Faunari\data\raw\inat_targeted\Ptyas_mucosa\328229448.jpg,2025-11-25
inat_targeted,328203802,Ptyas mucosa,non_venomous,cc-by-nc,https://inaturalist-open-data.s3.amazonaws.com/photos/594681448/medium.jpg,E:\Coding_Notes\Faunari\data\raw\inat_targeted\Ptyas_mucosa\328203802.jpg,2024-04-17
inat_targeted,328192427,Ptyas mucosa,non_venomous,cc-by,https://inaturalist-open-data.s3.amazonaws.com/photos/594656418/medium.jpg,E:\Coding_Notes\Faunari\data\raw\inat_targeted\Ptyas_mucosa\328192427.jpg,2025-06-01
inat_targeted,328189348,Ptyas mucosa,non_venomous,cc-by-nc,https://inaturalist-open-data.s3.amazonaws.com/photos/594653360/medium.jpg,E:\Coding_Notes\Faunari\data\raw\inat_targeted\Ptyas_mucosa\328189348.jpg,2025-11-25
inat_targeted,328185847,Ptyas mucosa,non_venomous,cc-by-nc,https://inaturalist-open-data.s3.amazonaws.com/photos/594647421/medium.jpg,E:\Coding_Notes\Faunari\data\raw\inat_targeted\Ptyas_mucosa\328185847.jpg,2025-11-25
inat_targeted,328106969,Ptyas mucosa,non_venomous,,https://static.inaturalist.org/photos/594485468/medium.jpg,E:\Coding_Notes\Faunari\data\raw\inat_targeted\Ptyas_mucosa\328106969.jpg,2016-11-05
inat_targeted,328084669,Ptyas mucosa,non_venomous,,https://static.inaturalist.org/photos/594443306/medium.jpg,E:\Coding_Notes\Faunari\data\raw\inat_targeted\Ptyas_mucosa\328084669.jpg,2025-11-10
inat_targeted,328084616,Ptyas mucosa,non_venomous,,https://static.inaturalist.org/photos/594443192/medium.jpg,E:\Coding_Notes\Faunari\data\raw\inat_targeted\Ptyas_mucosa\328084616.jpg,2025-11-10
inat_targeted,328055664,Ptyas mucosa,non_venomous,cc-by-nc,https://inaturalist-open-data.s3.amazonaws.com/photos/594387054/medium.jpg,E:\Coding_Notes\Faunari\data\raw\inat_targeted\Ptyas_mucosa\328055664.jpg,2025-11-24
inat_targeted,328042480,Ptyas mucosa,non_venomous,cc-by-nc,https://inaturalist-open-data.s3.amazonaws.com/photos/594360205/medium.jpg,E:\Coding_Notes\Faunari\data\raw\inat_targeted\Ptyas_mucosa\328042480.jpg,2025-11-24
inat_targeted,328037489,Ptyas mucosa,non_venomous,cc-by-nc,https://inaturalist-open-data.s3.amazonaws.com/photos/594350925/medium.jpg,E:\Coding_Notes\Faunari\data\raw\inat_targeted\Ptyas_mucosa\328037489.jpg,2025-11-24
inat_targeted,328031197,Ptyas mucosa,non_venomous,cc-by-nc,https://inaturalist-open-data.s3.amazonaws.com/photos/594337097/medium.jpg,E:\Coding_Notes\Faunari\data\raw\inat_targeted\Ptyas_mucosa\328031197.jpg,2025-11-24
inat_targeted,327836698,Ptyas mucosa,non_venomous,cc-by-nc,https://inaturalist-open-data.s3.amazonaws.com/photos/593985289/medium.jpg,E:\Coding_Notes\Faunari\data\raw\inat_targeted\Ptyas_mucosa\327836698.jpg,2025-09-27
inat_targeted,327626683,Ptyas mucosa,non_venomous,cc-by-nc,https://inaturalist-open-data.s3.amazonaws.com/photos/593584257/medium.jpg,E:\Coding_Notes\Faunari\data\raw\inat_targeted\Ptyas_mucosa\327626683.jpg,2025-11-22
inat_targeted,327606556,Ptyas mucosa,non_venomous,cc-by-nc,https://inaturalist-open-data.s3.amazonaws.com/photos/593543932/medium.jpg,E:\Coding_Notes\Faunari\data\raw\inat_targeted\Ptyas_mucosa\327606556.jpg,2025-11-22
inat_targeted,327489802,Ptyas mucosa,non_venomous,,https://static.inaturalist.org/photos/593317669/medium.jpg,E:\Coding_Notes\Faunari\data\raw\inat_targeted\Ptyas_mucosa\327489802.jpg,2025-11-21
inat_targeted,327450197,Ptyas mucosa,non_venomous,,https://static.inaturalist.org/photos/593238924/medium.jpg,E:\Coding_Notes\Faunari\data\raw\inat_targeted\Ptyas_mucosa\327450197.jpg,2025-11-19
inat_targeted,327377109,Ptyas mucosa,non_venomous,cc-by-nc,https://inaturalist-open-data.s3.amazonaws.com/photos/593090738/medium.jpg,E:\Coding_Notes\Faunari\data\raw\inat_targeted\Ptyas_mucosa\327377109.jpg,2025-07-16
inat_targeted,327376085,Ptyas mucosa,non_venomous,cc-by-nc,https://inaturalist-open-data.s3.amazonaws.com/photos/593088594/medium.jpg,E:\Coding_Notes\Faunari\data\raw\inat_targeted\Ptyas_mucosa\327376085.jpg,2025-07-13
inat_targeted,327364225,Ptyas mucosa,non_venomous,cc-by-nc,https://inaturalist-open-data.s3.amazonaws.com/photos/593065565/medium.jpg,E:\Coding_Notes\Faunari\data\raw\inat_targeted\Ptyas_mucosa\327364225.jpg,2025-11-20
inat_targeted,327237149,Ptyas mucosa,non_venomous,,https://static.inaturalist.org/photos/592809959/medium.jpg,E:\Coding_Notes\Faunari\data\raw\inat_targeted\Ptyas_mucosa\327237149.jpg,2025-11-16
inat_targeted,327231843,Ptyas mucosa,non_venomous,,https://static.inaturalist.org/photos/592799995/medium.jpg,E:\Coding_Notes\Faunari\data\raw\inat_targeted\Ptyas_mucosa\327231843.jpg,2025-11-19
inat_targeted,327112034,Ptyas mucosa,non_venomous,cc-by-nc,https://inaturalist-open-data.s3.amazonaws.com/photos/592559028/medium.jpg,E:\Coding_Notes\Faunari\data\raw\inat_targeted\Ptyas_mucosa\327112034.jpg,2025-11-18
inat_targeted,327094907,Ptyas mucosa,non_venomous,cc-by-nc,https://inaturalist-open-data.s3.amazonaws.com/photos/592524777/medium.jpg,E:\Coding_Notes\Faunari\data\raw\inat_targeted\Ptyas_mucosa\327094907.jpg,2025-11-16
inat_targeted,327084101,Ptyas mucosa,non_venomous,cc-by-nc-nd,https://inaturalist-open-data.s3.amazonaws.com/photos/592504829/medium.jpg,E:\Coding_Notes\Faunari\data\raw\inat_targeted\Ptyas_mucosa\327084101.jpg,2014-02-11
inat_targeted,327076420,Ptyas mucosa,non_venomous,cc-by-nc,https://inaturalist-open-data.s3.amazonaws.com/photos/592489784/medium.jpg,E:\Coding_Notes\Faunari\data\raw\inat_targeted\Ptyas_mucosa\327076420.jpg,2025-11-18
inat_targeted,327049277,Ptyas mucosa,non_venomous,cc-by-nc,https://inaturalist-open-data.s3.amazonaws.com/photos/592435687/medium.jpg,E:\Coding_Notes\Faunari\data\raw\inat_targeted\Ptyas_mucosa\327049277.jpg,2025-05-10
inat_targeted,326980070,Ptyas mucosa,non_venomous,,https://static.inaturalist.org/photos/592298756/medium.jpg,E:\Coding_Notes\Faunari\data\raw\inat_targeted\Ptyas_mucosa\326980070.jpg,2025-11-15
inat_targeted,326945621,Ptyas mucosa,non_venomous,cc-by-nc,https://inaturalist-open-data.s3.amazonaws.com/photos/592558825/medium.jpg,E:\Coding_Notes\Faunari\data\raw\inat_targeted\Ptyas_mucosa\326945621.jpg,2025-11-17
inat_targeted,326776922,Ptyas mucosa,non_venomous,,https://static.inaturalist.org/photos/591895739/medium.jpg,E:\Coding_Notes\Faunari\data\raw\inat_targeted\Ptyas_mucosa\326776922.jpg,2025-11-16
inat_targeted,326433384,Ptyas mucosa,non_venomous,cc-by,https://inaturalist-open-data.s3.amazonaws.com/photos/591208845/medium.jpg,E:\Coding_Notes\Faunari\data\raw\inat_targeted\Ptyas_mucosa\326433384.jpg,2025-11-14
inat_targeted,326292186,Ptyas mucosa,non_venomous,cc-by-nc,https://inaturalist-open-data.s3.amazonaws.com/photos/590928057/medium.jpg,E:\Coding_Notes\Faunari\data\raw\inat_targeted\Ptyas_mucosa\326292186.jpg,2025-07-07
inat_targeted,326214725,Ptyas mucosa,non_venomous,cc-by-nc,https://inaturalist-open-data.s3.amazonaws.com/photos/590775120/medium.jpg,E:\Coding_Notes\Faunari\data\raw\inat_targeted\Ptyas_mucosa\326214725.jpg,2025-06-28
inat_targeted,326162912,Ptyas mucosa,non_venomous,,https://static.inaturalist.org/photos/590673410/medium.jpg,E:\Coding_Notes\Faunari\data\raw\inat_targeted\Ptyas_mucosa\326162912.jpg,2025-11-12
inat_targeted,326054396,Ptyas mucosa,non_venomous,cc-by-nc,https://inaturalist-open-data.s3.amazonaws.com/photos/590450543/medium.jpg,E:\Coding_Notes\Faunari\data\raw\inat_targeted\Ptyas_mucosa\326054396.jpg,2025-10-22
inat_targeted,325992119,Ptyas mucosa,non_venomous,cc-by-nc,https://inaturalist-open-data.s3.amazonaws.com/photos/590330893/medium.jpg,E:\Coding_Notes\Faunari\data\raw\inat_targeted\Ptyas_mucosa\325992119.jpg,2022-06-14
inat_targeted,325846412,Ptyas mucosa,non_venomous,cc-by-nc,https://inaturalist-open-data.s3.amazonaws.com/photos/590041168/medium.jpg,E:\Coding_Notes\Faunari\data\raw\inat_targeted\Ptyas_mucosa\325846412.jpg,2025-11-09
inat_targeted,325656715,Ptyas mucosa,non_venomous,,https://static.inaturalist.org/photos/589662239/medium.jpg,E:\Coding_Notes\Faunari\data\raw\inat_targeted\Ptyas_mucosa\325656715.jpg,2025-11-09
inat_targeted,325655502,Ptyas mucosa,non_venomous,,https://static.inaturalist.org/photos/589660048/medium.jpg,E:\Coding_Notes\Faunari\data\raw\inat_targeted\Ptyas_mucosa\325655502.jpg,2025-10-20
inat_targeted,325649811,Ptyas mucosa,non_venomous,cc-by,https://inaturalist-open-data.s3.amazonaws.com/photos/589649231/medium.jpg,E:\Coding_Notes\Faunari\data\raw\inat_targeted\Ptyas_mucosa\325649811.jpg,2025-11-09
inat_targeted,325623933,Ptyas mucosa,non_venomous,cc-by-nc,https://inaturalist-open-data.s3.amazonaws.com/photos/589594995/medium.jpg,E:\Coding_Notes\Faunari\data\raw\inat_targeted\Ptyas_mucosa\325623933.jpg,2025-11-08
inat_targeted,325469799,Ptyas mucosa,non_venomous,cc-by-nc,https://inaturalist-open-data.s3.amazonaws.com/photos/589291168/medium.jpg,E:\Coding_Notes\Faunari\data\raw\inat_targeted\Ptyas_mucosa\325469799.jpg,2025-11-08
inat_targeted,325344092,Ptyas mucosa,non_venomous,,https://static.inaturalist.org/photos/589036776/medium.jpg,E:\Coding_Notes\Faunari\data\raw\inat_targeted\Ptyas_mucosa\325344092.jpg,2025-05-18
inat_targeted,346209268,Lycodon aulicus,non_venomous,cc-by-nc,https://inaturalist-open-data.s3.amazonaws.com/photos/631050008/medium.jpg,E:\Coding_Notes\Faunari\data\raw\inat_targeted\Lycodon_aulicus\346209268.jpg,2026-03-30
inat_targeted,346168345,Lycodon aulicus,non_venomous,cc-by-nc,https://inaturalist-open-data.s3.amazonaws.com/photos/630969758/medium.jpg,E:\Coding_Notes\Faunari\data\raw\inat_targeted\Lycodon_aulicus\346168345.jpg,2026-03-30
inat_targeted,345055311,Lycodon aulicus,non_venomous,cc-by-nc,https://inaturalist-open-data.s3.amazonaws.com/photos/628780946/medium.jpg,E:\Coding_Notes\Faunari\data\raw\inat_targeted\Lycodon_aulicus\345055311.jpg,2026-02-23
inat_targeted,344469373,Lycodon aulicus,non_venomous,,https://static.inaturalist.org/photos/627646158/medium.jpg,E:\Coding_Notes\Faunari\data\raw\inat_targeted\Lycodon_aulicus\344469373.jpg,2026-03-10
inat_targeted,343501197,Lycodon aulicus,non_venomous,cc-by-nc,https://inaturalist-open-data.s3.amazonaws.com/photos/625784534/medium.jpg,E:\Coding_Notes\Faunari\data\raw\inat_targeted\Lycodon_aulicus\343501197.jpg,2025-03-07
inat_targeted,343323706,Lycodon aulicus,non_venomous,cc-by-nc,https://inaturalist-open-data.s3.amazonaws.com/photos/625372037/medium.jpg,E:\Coding_Notes\Faunari\data\raw\inat_targeted\Lycodon_aulicus\343323706.jpg,2026-03-16
inat_targeted,342081661,Lycodon aulicus,non_venomous,cc-by-nc,https://inaturalist-open-data.s3.amazonaws.com/photos/622876240/medium.jpg,E:\Coding_Notes\Faunari\data\raw\inat_targeted\Lycodon_aulicus\342081661.jpg,2026-02-11
inat_targeted,342052352,Lycodon aulicus,non_venomous,,https://static.inaturalist.org/photos/622818340/medium.jpg,E:\Coding_Notes\Faunari\data\raw\inat_targeted\Lycodon_aulicus\342052352.jpg,2026-03-09
inat_targeted,342043370,Lycodon aulicus,non_venomous,,https://static.inaturalist.org/photos/622800634/medium.jpg,E:\Coding_Notes\Faunari\data\raw\inat_targeted\Lycodon_aulicus\342043370.jpg,2026-03-09
inat_targeted,341528925,Lycodon aulicus,non_venomous,cc-by-nc,https://inaturalist-open-data.s3.amazonaws.com/photos/621758917/medium.jpg,E:\Coding_Notes\Faunari\data\raw\inat_targeted\Lycodon_aulicus\341528925.jpg,2021-12-06
inat_targeted,341351936,Lycodon aulicus,non_venomous,cc-by-nc,https://inaturalist-open-data.s3.amazonaws.com/photos/621396973/medium.jpg,E:\Coding_Notes\Faunari\data\raw\inat_targeted\Lycodon_aulicus\341351936.jpg,2022-10-08
inat_targeted,341079942,Lycodon aulicus,non_venomous,,https://static.inaturalist.org/photos/620833441/medium.jpg,E:\Coding_Notes\Faunari\data\raw\inat_targeted\Lycodon_aulicus\341079942.jpg,2022-11-02
inat_targeted,341063358,Lycodon aulicus,non_venomous,cc-by-nc,https://inaturalist-open-data.s3.amazonaws.com/photos/620798817/medium.jpg,E:\Coding_Notes\Faunari\data\raw\inat_targeted\Lycodon_aulicus\341063358.jpg,2026-03-03
inat_targeted,340708099,Lycodon aulicus,non_venomous,cc-by-nc,https://inaturalist-open-data.s3.amazonaws.com/photos/620070020/medium.jpg,E:\Coding_Notes\Faunari\data\raw\inat_targeted\Lycodon_aulicus\340708099.jpg,2026-02-28
inat_targeted,340386641,Lycodon aulicus,non_venomous,,https://static.inaturalist.org/photos/619422200/medium.jpg,E:\Coding_Notes\Faunari\data\raw\inat_targeted\Lycodon_aulicus\340386641.jpg,2026-02-27
inat_targeted,340347963,Lycodon aulicus,non_venomous,cc-by-nc,https://inaturalist-open-data.s3.amazonaws.com/photos/619342823/medium.jpg,E:\Coding_Notes\Faunari\data\raw\inat_targeted\Lycodon_aulicus\340347963.jpg,2026-02-26
inat_targeted,340261248,Lycodon aulicus,non_venomous,cc-by-nc,https://inaturalist-open-data.s3.amazonaws.com/photos/619171190/medium.jpg,E:\Coding_Notes\Faunari\data\raw\inat_targeted\Lycodon_aulicus\340261248.jpg,2026-02-23
inat_targeted,340188239,Lycodon aulicus,non_venomous,cc-by-nc,https://inaturalist-open-data.s3.amazonaws.com/photos/618946395/medium.jpg,E:\Coding_Notes\Faunari\data\raw\inat_targeted\Lycodon_aulicus\340188239.jpg,2026-02-21
inat_targeted,339378144,Lycodon aulicus,non_venomous,cc-by-nc,https://inaturalist-open-data.s3.amazonaws.com/photos/617365777/medium.jpg,E:\Coding_Notes\Faunari\data\raw\inat_targeted\Lycodon_aulicus\339378144.jpg,2025-11-20
inat_targeted,338676610,Lycodon aulicus,non_venomous,cc-by-nc,https://inaturalist-open-data.s3.amazonaws.com/photos/615954104/medium.jpg,E:\Coding_Notes\Faunari\data\raw\inat_targeted\Lycodon_aulicus\338676610.jpg,2026-02-15
inat_targeted,338674521,Lycodon aulicus,non_venomous,cc-by,https://inaturalist-open-data.s3.amazonaws.com/photos/615949829/medium.jpg,E:\Coding_Notes\Faunari\data\raw\inat_targeted\Lycodon_aulicus\338674521.jpg,2026-02-15
inat_targeted,338595213,Lycodon aulicus,non_venomous,cc-by-nc,https://inaturalist-open-data.s3.amazonaws.com/photos/615793382/medium.jpg,E:\Coding_Notes\Faunari\data\raw\inat_targeted\Lycodon_aulicus\338595213.jpg,2026-02-14
inat_targeted,337909236,Lycodon aulicus,non_venomous,,https://static.inaturalist.org/photos/614386460/medium.jpg,E:\Coding_Notes\Faunari\data\raw\inat_targeted\Lycodon_aulicus\337909236.jpg,2026-02-09
inat_targeted,337835934,Lycodon aulicus,non_venomous,cc-by-nc,https://inaturalist-open-data.s3.amazonaws.com/photos/614234597/medium.jpg,E:\Coding_Notes\Faunari\data\raw\inat_targeted\Lycodon_aulicus\337835934.jpg,2025-06-01
inat_targeted,337779987,Lycodon aulicus,non_venomous,,https://static.inaturalist.org/photos/614122562/medium.jpg,E:\Coding_Notes\Faunari\data\raw\inat_targeted\Lycodon_aulicus\337779987.jpg,2025-04-06
inat_targeted,337054846,Lycodon aulicus,non_venomous,cc-by-nc,https://inaturalist-open-data.s3.amazonaws.com/photos/612635242/medium.jpg,E:\Coding_Notes\Faunari\data\raw\inat_targeted\Lycodon_aulicus\337054846.jpg,2026-02-02
inat_targeted,336198189,Lycodon aulicus,non_venomous,cc-by-nc,https://inaturalist-open-data.s3.amazonaws.com/photos/610894547/medium.jpg,E:\Coding_Notes\Faunari\data\raw\inat_targeted\Lycodon_aulicus\336198189.jpg,2026-01-25
inat_targeted,335217955,Lycodon aulicus,non_venomous,cc-by,https://inaturalist-open-data.s3.amazonaws.com/photos/608928768/medium.jpg,E:\Coding_Notes\Faunari\data\raw\inat_targeted\Lycodon_aulicus\335217955.jpg,2026-01-16
inat_targeted,334915808,Lycodon aulicus,non_venomous,cc-by,https://inaturalist-open-data.s3.amazonaws.com/photos/608312609/medium.jpg,E:\Coding_Notes\Faunari\data\raw\inat_targeted\Lycodon_aulicus\334915808.jpg,2026-01-16
inat_targeted,334850777,Lycodon aulicus,non_venomous,,https://static.inaturalist.org/photos/608179443/medium.jpg,E:\Coding_Notes\Faunari\data\raw\inat_targeted\Lycodon_aulicus\334850777.jpg,2026-01-01
inat_targeted,334804556,Lycodon aulicus,non_venomous,cc-by-nc,https://inaturalist-open-data.s3.amazonaws.com/photos/608081900/medium.jpg,E:\Coding_Notes\Faunari\data\raw\inat_targeted\Lycodon_aulicus\334804556.jpg,2025-12-31
inat_targeted,334511107,Lycodon aulicus,non_venomous,cc-by-nc,https://inaturalist-open-data.s3.amazonaws.com/photos/607487022/medium.jpg,E:\Coding_Notes\Faunari\data\raw\inat_targeted\Lycodon_aulicus\334511107.jpg,2023-02-08
inat_targeted,333957594,Lycodon aulicus,non_venomous,cc-by-nc,https://inaturalist-open-data.s3.amazonaws.com/photos/606361147/medium.jpg,E:\Coding_Notes\Faunari\data\raw\inat_targeted\Lycodon_aulicus\333957594.jpg,2026-01-07
inat_targeted,333941451,Lycodon aulicus,non_venomous,cc-by-nc,https://inaturalist-open-data.s3.amazonaws.com/photos/606330900/medium.jpg,E:\Coding_Notes\Faunari\data\raw\inat_targeted\Lycodon_aulicus\333941451.jpg,2024-12-23
inat_targeted,333862027,Lycodon aulicus,non_venomous,,https://static.inaturalist.org/photos/606166365/medium.jpg,E:\Coding_Notes\Faunari\data\raw\inat_targeted\Lycodon_aulicus\333862027.jpg,2026-01-07
inat_targeted,333561330,Lycodon aulicus,non_venomous,cc-by-nc,https://inaturalist-open-data.s3.amazonaws.com/photos/605604772/medium.jpg,E:\Coding_Notes\Faunari\data\raw\inat_targeted\Lycodon_aulicus\333561330.jpg,2026-01-04
inat_targeted,333548780,Lycodon aulicus,non_venomous,cc-by-nc,https://inaturalist-open-data.s3.amazonaws.com/photos/605579958/medium.jpg,E:\Coding_Notes\Faunari\data\raw\inat_targeted\Lycodon_aulicus\333548780.jpg,2026-01-05
inat_targeted,332227406,Lycodon aulicus,non_venomous,cc-by-nc,https://inaturalist-open-data.s3.amazonaws.com/photos/602880011/medium.jpg,E:\Coding_Notes\Faunari\data\raw\inat_targeted\Lycodon_aulicus\332227406.jpg,2025-12-25
inat_targeted,332097981,Lycodon aulicus,non_venomous,cc-by-nc,https://inaturalist-open-data.s3.amazonaws.com/photos/602613418/medium.jpg,E:\Coding_Notes\Faunari\data\raw\inat_targeted\Lycodon_aulicus\332097981.jpg,2025-08-23
inat_targeted,332017122,Lycodon aulicus,non_venomous,cc-by-nc,https://inaturalist-open-data.s3.amazonaws.com/photos/602445986/medium.jpg,E:\Coding_Notes\Faunari\data\raw\inat_targeted\Lycodon_aulicus\332017122.jpg,2025-12-25
inat_targeted,331414416,Lycodon aulicus,non_venomous,,https://static.inaturalist.org/photos/601212810/medium.jpg,E:\Coding_Notes\Faunari\data\raw\inat_targeted\Lycodon_aulicus\331414416.jpg,2025-12-20
inat_targeted,331382820,Lycodon aulicus,non_venomous,cc-by-nc-nd,https://inaturalist-open-data.s3.amazonaws.com/photos/601147768/medium.jpg,E:\Coding_Notes\Faunari\data\raw\inat_targeted\Lycodon_aulicus\331382820.jpg,2025-12-13
inat_targeted,331045143,Lycodon aulicus,non_venomous,,https://static.inaturalist.org/photos/600450560/medium.jpg,E:\Coding_Notes\Faunari\data\raw\inat_targeted\Lycodon_aulicus\331045143.jpg,2025-12-16
inat_targeted,330969287,Lycodon aulicus,non_venomous,,https://static.inaturalist.org/photos/600293975/medium.jpg,E:\Coding_Notes\Faunari\data\raw\inat_targeted\Lycodon_aulicus\330969287.jpg,2025-12-15
inat_targeted,330939356,Lycodon aulicus,non_venomous,cc-by-nc,https://inaturalist-open-data.s3.amazonaws.com/photos/600230215/medium.jpg,E:\Coding_Notes\Faunari\data\raw\inat_targeted\Lycodon_aulicus\330939356.jpg,2025-12-16
inat_targeted,330869020,Lycodon aulicus,non_venomous,cc-by,https://inaturalist-open-data.s3.amazonaws.com/photos/600080401/medium.jpg,E:\Coding_Notes\Faunari\data\raw\inat_targeted\Lycodon_aulicus\330869020.jpg,2025-12-15
inat_targeted,330800575,Lycodon aulicus,non_venomous,cc-by,https://inaturalist-open-data.s3.amazonaws.com/photos/599945070/medium.jpg,E:\Coding_Notes\Faunari\data\raw\inat_targeted\Lycodon_aulicus\330800575.jpg,2025-06-15
inat_targeted,330470329,Lycodon aulicus,non_venomous,,https://static.inaturalist.org/photos/599257447/medium.jpg,E:\Coding_Notes\Faunari\data\raw\inat_targeted\Lycodon_aulicus\330470329.jpg,2025-08-31
inat_targeted,330092295,Lycodon aulicus,non_venomous,cc-by-nc,https://inaturalist-open-data.s3.amazonaws.com/photos/598491820/medium.jpg,E:\Coding_Notes\Faunari\data\raw\inat_targeted\Lycodon_aulicus\330092295.jpg,2025-11-22
inat_targeted,329426252,Lycodon aulicus,non_venomous,cc-by-nc,https://inaturalist-open-data.s3.amazonaws.com/photos/597143172/medium.jpg,E:\Coding_Notes\Faunari\data\raw\inat_targeted\Lycodon_aulicus\329426252.jpg,2018-12-14
inat_targeted,329037261,Lycodon aulicus,non_venomous,cc-by-nc,https://inaturalist-open-data.s3.amazonaws.com/photos/596360919/medium.jpg,E:\Coding_Notes\Faunari\data\raw\inat_targeted\Lycodon_aulicus\329037261.jpg,2025-11-29
inat_targeted,328649416,Lycodon aulicus,non_venomous,,https://static.inaturalist.org/photos/595579119/medium.jpg,E:\Coding_Notes\Faunari\data\raw\inat_targeted\Lycodon_aulicus\328649416.jpg,2023-11-02
inat_targeted,328499028,Lycodon aulicus,non_venomous,,https://static.inaturalist.org/photos/595275353/medium.jpg,E:\Coding_Notes\Faunari\data\raw\inat_targeted\Lycodon_aulicus\328499028.jpg,2022-06-18
inat_targeted,328489852,Lycodon aulicus,non_venomous,cc-by-nc,https://inaturalist-open-data.s3.amazonaws.com/photos/595258165/medium.jpg,E:\Coding_Notes\Faunari\data\raw\inat_targeted\Lycodon_aulicus\328489852.jpg,2025-11-27
inat_targeted,328228805,Lycodon aulicus,non_venomous,cc-by-nc,https://inaturalist-open-data.s3.amazonaws.com/photos/594731473/medium.jpg,E:\Coding_Notes\Faunari\data\raw\inat_targeted\Lycodon_aulicus\328228805.jpg,2025-11-24
inat_targeted,328075450,Lycodon aulicus,non_venomous,cc-by-nc,https://inaturalist-open-data.s3.amazonaws.com/photos/594426368/medium.jpg,E:\Coding_Notes\Faunari\data\raw\inat_targeted\Lycodon_aulicus\328075450.jpg,2025-11-24
inat_targeted,327972796,Lycodon aulicus,non_venomous,,https://static.inaturalist.org/photos/594222797/medium.jpg,E:\Coding_Notes\Faunari\data\raw\inat_targeted\Lycodon_aulicus\327972796.jpg,2023-07-21
inat_targeted,327972793,Lycodon aulicus,non_venomous,,https://static.inaturalist.org/photos/594222719/medium.jpg,E:\Coding_Notes\Faunari\data\raw\inat_targeted\Lycodon_aulicus\327972793.jpg,2023-06-27
inat_targeted,327703809,Lycodon aulicus,non_venomous,cc-by-nc,https://inaturalist-open-data.s3.amazonaws.com/photos/593730558/medium.jpg,E:\Coding_Notes\Faunari\data\raw\inat_targeted\Lycodon_aulicus\327703809.jpg,2025-11-23
inat_targeted,327664658,Lycodon aulicus,non_venomous,cc-by-nc,https://inaturalist-open-data.s3.amazonaws.com/photos/593658387/medium.jpg,E:\Coding_Notes\Faunari\data\raw\inat_targeted\Lycodon_aulicus\327664658.jpg,2025-07-26
inat_targeted,327597585,Lycodon aulicus,non_venomous,cc-by-nc,https://inaturalist-open-data.s3.amazonaws.com/photos/593526283/medium.jpg,E:\Coding_Notes\Faunari\data\raw\inat_targeted\Lycodon_aulicus\327597585.jpg,2025-11-21
inat_targeted,327576895,Lycodon aulicus,non_venomous,,https://static.inaturalist.org/photos/593485431/medium.jpg,E:\Coding_Notes\Faunari\data\raw\inat_targeted\Lycodon_aulicus\327576895.jpg,2022-04-19
inat_targeted,327337916,Lycodon aulicus,non_venomous,cc-by-nc,https://inaturalist-open-data.s3.amazonaws.com/photos/593013836/medium.jpg,E:\Coding_Notes\Faunari\data\raw\inat_targeted\Lycodon_aulicus\327337916.jpg,2025-11-20
inat_targeted,327227844,Lycodon aulicus,non_venomous,cc-by-nc,https://inaturalist-open-data.s3.amazonaws.com/photos/592791542/medium.jpg,E:\Coding_Notes\Faunari\data\raw\inat_targeted\Lycodon_aulicus\327227844.jpg,2025-10-18
inat_targeted,327049392,Lycodon aulicus,non_venomous,cc-by-nc,https://inaturalist-open-data.s3.amazonaws.com/photos/592436659/medium.jpg,E:\Coding_Notes\Faunari\data\raw\inat_targeted\Lycodon_aulicus\327049392.jpg,2025-10-19
inat_targeted,327049391,Lycodon aulicus,non_venomous,cc-by-nc,https://inaturalist-open-data.s3.amazonaws.com/photos/592436649/medium.jpg,E:\Coding_Notes\Faunari\data\raw\inat_targeted\Lycodon_aulicus\327049391.jpg,2025-10-19
inat_targeted,327046512,Lycodon aulicus,non_venomous,cc-by-nc,https://inaturalist-open-data.s3.amazonaws.com/photos/592422949/medium.jpg,E:\Coding_Notes\Faunari\data\raw\inat_targeted\Lycodon_aulicus\327046512.jpg,2025-02-14
inat_targeted,326907438,Lycodon aulicus,non_venomous,cc-by-nc,https://inaturalist-open-data.s3.amazonaws.com/photos/592155685/medium.jpg,E:\Coding_Notes\Faunari\data\raw\inat_targeted\Lycodon_aulicus\326907438.jpg,2025-07-17
inat_targeted,326581314,Lycodon aulicus,non_venomous,cc-by-nc,https://inaturalist-open-data.s3.amazonaws.com/photos/591504735/medium.jpg,E:\Coding_Notes\Faunari\data\raw\inat_targeted\Lycodon_aulicus\326581314.jpg,2025-10-13
inat_targeted,326461519,Lycodon aulicus,non_venomous,cc-by-nc,https://inaturalist-open-data.s3.amazonaws.com/photos/591264184/medium.jpg,E:\Coding_Notes\Faunari\data\raw\inat_targeted\Lycodon_aulicus\326461519.jpg,2025-10-31
inat_targeted,326268530,Lycodon aulicus,non_venomous,cc-by-nc,https://inaturalist-open-data.s3.amazonaws.com/photos/590881088/medium.jpg,E:\Coding_Notes\Faunari\data\raw\inat_targeted\Lycodon_aulicus\326268530.jpg,2025-11-12
inat_targeted,326140214,Lycodon aulicus,non_venomous,cc-by-nc,https://inaturalist-open-data.s3.amazonaws.com/photos/590628134/medium.jpg,E:\Coding_Notes\Faunari\data\raw\inat_targeted\Lycodon_aulicus\326140214.jpg,2025-11-12
inat_targeted,326110786,Lycodon aulicus,non_venomous,,https://static.inaturalist.org/photos/590563058/medium.jpg,E:\Coding_Notes\Faunari\data\raw\inat_targeted\Lycodon_aulicus\326110786.jpg,2025-11-11
inat_targeted,325986757,Lycodon aulicus,non_venomous,cc-by-nc,https://inaturalist-open-data.s3.amazonaws.com/photos/590321340/medium.jpg,E:\Coding_Notes\Faunari\data\raw\inat_targeted\Lycodon_aulicus\325986757.jpg,2025-11-11
inat_targeted,325339708,Lycodon aulicus,non_venomous,cc-by-nc,https://inaturalist-open-data.s3.amazonaws.com/photos/589028983/medium.jpg,E:\Coding_Notes\Faunari\data\raw\inat_targeted\Lycodon_aulicus\325339708.jpg,2025-09-30
inat_targeted,324547321,Lycodon aulicus,non_venomous,,https://static.inaturalist.org/photos/587439976/medium.jpg,E:\Coding_Notes\Faunari\data\raw\inat_targeted\Lycodon_aulicus\324547321.jpg,2025-11-02
inat_targeted,324453669,Lycodon aulicus,non_venomous,cc-by-nc,https://inaturalist-open-data.s3.amazonaws.com/photos/587252704/medium.jpg,E:\Coding_Notes\Faunari\data\raw\inat_targeted\Lycodon_aulicus\324453669.jpg,2019-10-04
inat_targeted,324331442,Lycodon aulicus,non_venomous,cc-by-nc,https://inaturalist-open-data.s3.amazonaws.com/photos/587005404/medium.jpg,E:\Coding_Notes\Faunari\data\raw\inat_targeted\Lycodon_aulicus\324331442.jpg,2025-10-28
inat_targeted,324275779,Lycodon aulicus,non_venomous,,https://static.inaturalist.org/photos/586889799/medium.jpg,E:\Coding_Notes\Faunari\data\raw\inat_targeted\Lycodon_aulicus\324275779.jpg,2025-10-31
inat_targeted,324263213,Lycodon aulicus,non_venomous,cc-by-nc,https://inaturalist-open-data.s3.amazonaws.com/photos/586872273/medium.jpg,E:\Coding_Notes\Faunari\data\raw\inat_targeted\Lycodon_aulicus\324263213.jpg,2016-07-27
inat_targeted,323906482,Lycodon aulicus,non_venomous,,https://static.inaturalist.org/photos/586160327/medium.jpg,E:\Coding_Notes\Faunari\data\raw\inat_targeted\Lycodon_aulicus\323906482.jpg,2025-09-14
inat_targeted,323526921,Lycodon aulicus,non_venomous,,https://static.inaturalist.org/photos/585413251/medium.jpg,E:\Coding_Notes\Faunari\data\raw\inat_targeted\Lycodon_aulicus\323526921.jpg,2025-10-28
inat_targeted,323438348,Lycodon aulicus,non_venomous,,https://static.inaturalist.org/photos/585238398/medium.jpg,E:\Coding_Notes\Faunari\data\raw\inat_targeted\Lycodon_aulicus\323438348.jpg,2025-10-11
inat_targeted,323424261,Lycodon aulicus,non_venomous,,https://static.inaturalist.org/photos/585211139/medium.jpg,E:\Coding_Notes\Faunari\data\raw\inat_targeted\Lycodon_aulicus\323424261.jpg,2025-10-27
inat_targeted,323315407,Lycodon aulicus,non_venomous,,https://static.inaturalist.org/photos/584995119/medium.jpg,E:\Coding_Notes\Faunari\data\raw\inat_targeted\Lycodon_aulicus\323315407.jpg,2025-10-22
inat_targeted,322864399,Lycodon aulicus,non_venomous,cc-by-nc,https://inaturalist-open-data.s3.amazonaws.com/photos/584141848/medium.jpg,E:\Coding_Notes\Faunari\data\raw\inat_targeted\Lycodon_aulicus\322864399.jpg,2025-10-23
inat_targeted,322706988,Lycodon aulicus,non_venomous,cc-by-nc,https://inaturalist-open-data.s3.amazonaws.com/photos/583835406/medium.jpg,E:\Coding_Notes\Faunari\data\raw\inat_targeted\Lycodon_aulicus\322706988.jpg,2025-10-23
inat_targeted,322558535,Lycodon aulicus,non_venomous,cc-by-nc,https://inaturalist-open-data.s3.amazonaws.com/photos/583541367/medium.jpg,E:\Coding_Notes\Faunari\data\raw\inat_targeted\Lycodon_aulicus\322558535.jpg,2025-10-11
inat_targeted,322556750,Lycodon aulicus,non_venomous,,https://static.inaturalist.org/photos/583536857/medium.jpg,E:\Coding_Notes\Faunari\data\raw\inat_targeted\Lycodon_aulicus\322556750.jpg,2025-07-28
inat_targeted,322396613,Lycodon aulicus,non_venomous,,https://static.inaturalist.org/photos/583218388/medium.jpg,E:\Coding_Notes\Faunari\data\raw\inat_targeted\Lycodon_aulicus\322396613.jpg,2025-10-22
inat_targeted,322036764,Lycodon aulicus,non_venomous,,https://static.inaturalist.org/photos/582499714/medium.jpg,E:\Coding_Notes\Faunari\data\raw\inat_targeted\Lycodon_aulicus\322036764.jpg,2025-07-06
inat_targeted,322035219,Lycodon aulicus,non_venomous,,https://static.inaturalist.org/photos/582496813/medium.jpg,E:\Coding_Notes\Faunari\data\raw\inat_targeted\Lycodon_aulicus\322035219.jpg,2025-09-19
inat_targeted,321797635,Lycodon aulicus,non_venomous,cc-by-nc,https://inaturalist-open-data.s3.amazonaws.com/photos/582021507/medium.jpg,E:\Coding_Notes\Faunari\data\raw\inat_targeted\Lycodon_aulicus\321797635.jpg,2022-05-23
inat_targeted,321418123,Lycodon aulicus,non_venomous,cc-by-nc,https://inaturalist-open-data.s3.amazonaws.com/photos/581288510/medium.jpg,E:\Coding_Notes\Faunari\data\raw\inat_targeted\Lycodon_aulicus\321418123.jpg,2025-10-17
inat_targeted,321395669,Lycodon aulicus,non_venomous,cc-by,https://inaturalist-open-data.s3.amazonaws.com/photos/581246149/medium.jpg,E:\Coding_Notes\Faunari\data\raw\inat_targeted\Lycodon_aulicus\321395669.jpg,2025-10-17
inat_targeted,321237646,Lycodon aulicus,non_venomous,cc-by-nc,https://inaturalist-open-data.s3.amazonaws.com/photos/580932825/medium.jpg,E:\Coding_Notes\Faunari\data\raw\inat_targeted\Lycodon_aulicus\321237646.jpg,2025-10-16
inat_targeted,321191006,Lycodon aulicus,non_venomous,cc-by-nc,https://inaturalist-open-data.s3.amazonaws.com/photos/580844444/medium.jpg,E:\Coding_Notes\Faunari\data\raw\inat_targeted\Lycodon_aulicus\321191006.jpg,2025-10-16
inat_targeted,321152515,Lycodon aulicus,non_venomous,,https://static.inaturalist.org/photos/580766039/medium.jpg,E:\Coding_Notes\Faunari\data\raw\inat_targeted\Lycodon_aulicus\321152515.jpg,2025-10-11
inat_targeted,320632328,Lycodon aulicus,non_venomous,,https://static.inaturalist.org/photos/579743791/medium.jpg,E:\Coding_Notes\Faunari\data\raw\inat_targeted\Lycodon_aulicus\320632328.jpg,2025-10-13
inat_targeted,320344744,Lycodon aulicus,non_venomous,cc-by,https://inaturalist-open-data.s3.amazonaws.com/photos/579182546/medium.jpg,E:\Coding_Notes\Faunari\data\raw\inat_targeted\Lycodon_aulicus\320344744.jpg,2025-10-12
inat_targeted,319978549,Lycodon aulicus,non_venomous,,https://static.inaturalist.org/photos/578470269/medium.jpg,E:\Coding_Notes\Faunari\data\raw\inat_targeted\Lycodon_aulicus\319978549.jpg,2024-03-24
inat_targeted,319769751,Lycodon aulicus,non_venomous,cc-by-nc,https://inaturalist-open-data.s3.amazonaws.com/photos/578072195/medium.jpg,E:\Coding_Notes\Faunari\data\raw\inat_targeted\Lycodon_aulicus\319769751.jpg,2025-10-05
inat_targeted,319359663,Lycodon aulicus,non_venomous,cc-by-nc,https://inaturalist-open-data.s3.amazonaws.com/photos/577282397/medium.jpg,E:\Coding_Notes\Faunari\data\raw\inat_targeted\Lycodon_aulicus\319359663.jpg,2023-06-29
inat_targeted,319326458,Lycodon aulicus,non_venomous,cc-by-nc,https://inaturalist-open-data.s3.amazonaws.com/photos/577219388/medium.jpg,E:\Coding_Notes\Faunari\data\raw\inat_targeted\Lycodon_aulicus\319326458.jpg,2025-10-07
inat_targeted,319201040,Lycodon aulicus,non_venomous,cc-by-nc,https://inaturalist-open-data.s3.amazonaws.com/photos/576977561/medium.jpg,E:\Coding_Notes\Faunari\data\raw\inat_targeted\Lycodon_aulicus\319201040.jpg,2025-08-30
inat_targeted,319164485,Lycodon aulicus,non_venomous,,https://static.inaturalist.org/photos/576909558/medium.jpg,E:\Coding_Notes\Faunari\data\raw\inat_targeted\Lycodon_aulicus\319164485.jpg,2025-10-06
inat_targeted,319119967,Lycodon aulicus,non_venomous,cc-by-nc,https://inaturalist-open-data.s3.amazonaws.com/photos/576826253/medium.jpg,E:\Coding_Notes\Faunari\data\raw\inat_targeted\Lycodon_aulicus\319119967.jpg,2025-09-03
inat_targeted,319067607,Lycodon aulicus,non_venomous,,https://static.inaturalist.org/photos/576725889/medium.jpg,E:\Coding_Notes\Faunari\data\raw\inat_targeted\Lycodon_aulicus\319067607.jpg,2025-10-06
inat_targeted,319058708,Lycodon aulicus,non_venomous,,https://static.inaturalist.org/photos/576709437/medium.jpg,E:\Coding_Notes\Faunari\data\raw\inat_targeted\Lycodon_aulicus\319058708.jpg,2025-10-03
inat_targeted,318669433,Lycodon aulicus,non_venomous,cc-by-nc,https://inaturalist-open-data.s3.amazonaws.com/photos/575964268/medium.jpg,E:\Coding_Notes\Faunari\data\raw\inat_targeted\Lycodon_aulicus\318669433.jpg,2025-10-04
inat_targeted,318189164,Lycodon aulicus,non_venomous,cc-by-nc,https://inaturalist-open-data.s3.amazonaws.com/photos/575045825/medium.jpg,E:\Coding_Notes\Faunari\data\raw\inat_targeted\Lycodon_aulicus\318189164.jpg,2025-10-02
inat_targeted,317939000,Lycodon aulicus,non_venomous,,https://static.inaturalist.org/photos/574567310/medium.jpg,E:\Coding_Notes\Faunari\data\raw\inat_targeted\Lycodon_aulicus\317939000.jpg,2025-10-01
inat_targeted,316764467,Lycodon aulicus,non_venomous,,https://static.inaturalist.org/photos/573875647/medium.jpg,E:\Coding_Notes\Faunari\data\raw\inat_targeted\Lycodon_aulicus\316764467.jpg,2025-09-24
inat_targeted,316678452,Lycodon aulicus,non_venomous,,https://static.inaturalist.org/photos/572182182/medium.jpg,E:\Coding_Notes\Faunari\data\raw\inat_targeted\Lycodon_aulicus\316678452.jpg,2025-09-26
inat_targeted,316195439,Lycodon aulicus,non_venomous,cc-by-nc,https://inaturalist-open-data.s3.amazonaws.com/photos/571260536/medium.jpg,E:\Coding_Notes\Faunari\data\raw\inat_targeted\Lycodon_aulicus\316195439.jpg,2025-09-21
inat_targeted,316023715,Lycodon aulicus,non_venomous,cc-by-nc,https://inaturalist-open-data.s3.amazonaws.com/photos/570937238/medium.jpg,E:\Coding_Notes\Faunari\data\raw\inat_targeted\Lycodon_aulicus\316023715.jpg,2025-09-23
inat_targeted,315957996,Lycodon aulicus,non_venomous,cc-by,https://inaturalist-open-data.s3.amazonaws.com/photos/570823394/medium.jpg,E:\Coding_Notes\Faunari\data\raw\inat_targeted\Lycodon_aulicus\315957996.jpg,2025-09-23
inat_targeted,315763165,Lycodon aulicus,non_venomous,,https://static.inaturalist.org/photos/570449358/medium.jpg,E:\Coding_Notes\Faunari\data\raw\inat_targeted\Lycodon_aulicus\315763165.jpg,2025-09-14
inat_targeted,315746479,Lycodon aulicus,non_venomous,cc-by-nc,https://inaturalist-open-data.s3.amazonaws.com/photos/570423671/medium.jpg,E:\Coding_Notes\Faunari\data\raw\inat_targeted\Lycodon_aulicus\315746479.jpg,2025-09-22
inat_targeted,315679225,Lycodon aulicus,non_venomous,,https://static.inaturalist.org/photos/570291193/medium.jpg,E:\Coding_Notes\Faunari\data\raw\inat_targeted\Lycodon_aulicus\315679225.jpg,2025-09-21
inat_targeted,314834528,Lycodon aulicus,non_venomous,cc-by-nc,https://inaturalist-open-data.s3.amazonaws.com/photos/568675288/medium.jpg,E:\Coding_Notes\Faunari\data\raw\inat_targeted\Lycodon_aulicus\314834528.jpg,2025-09-18
inat_targeted,314794096,Lycodon aulicus,non_venomous,cc-by-nc,https://inaturalist-open-data.s3.amazonaws.com/photos/568600888/medium.jpg,E:\Coding_Notes\Faunari\data\raw\inat_targeted\Lycodon_aulicus\314794096.jpg,2025-08-29
inat_targeted,314516457,Lycodon aulicus,non_venomous,cc-by-nc,https://inaturalist-open-data.s3.amazonaws.com/photos/568069983/medium.jpg,E:\Coding_Notes\Faunari\data\raw\inat_targeted\Lycodon_aulicus\314516457.jpg,2025-09-17
inat_targeted,314512342,Lycodon aulicus,non_venomous,cc-by-nc,https://inaturalist-open-data.s3.amazonaws.com/photos/568062242/medium.jpg,E:\Coding_Notes\Faunari\data\raw\inat_targeted\Lycodon_aulicus\314512342.jpg,2025-09-17
inat_targeted,314377135,Lycodon aulicus,non_venomous,,https://static.inaturalist.org/photos/567821041/medium.jpg,E:\Coding_Notes\Faunari\data\raw\inat_targeted\Lycodon_aulicus\314377135.jpg,2025-09-16
inat_targeted,313497366,Lycodon aulicus,non_venomous,cc-by-nc,https://inaturalist-open-data.s3.amazonaws.com/photos/566143515/medium.jpg,E:\Coding_Notes\Faunari\data\raw\inat_targeted\Lycodon_aulicus\313497366.jpg,2023-04-13
inat_targeted,313375033,Lycodon aulicus,non_venomous,cc-by-nc,https://inaturalist-open-data.s3.amazonaws.com/photos/565905434/medium.jpg,E:\Coding_Notes\Faunari\data\raw\inat_targeted\Lycodon_aulicus\313375033.jpg,2025-08-16
inat_targeted,313338043,Lycodon aulicus,non_venomous,cc-by-nc,https://inaturalist-open-data.s3.amazonaws.com/photos/565836165/medium.jpg,E:\Coding_Notes\Faunari\data\raw\inat_targeted\Lycodon_aulicus\313338043.jpg,2025-09-12
inat_targeted,313055740,Lycodon aulicus,non_venomous,cc-by-nc,https://inaturalist-open-data.s3.amazonaws.com/photos/565302499/medium.jpg,E:\Coding_Notes\Faunari\data\raw\inat_targeted\Lycodon_aulicus\313055740.jpg,2025-09-11
inat_targeted,312974095,Lycodon aulicus,non_venomous,cc-by-nc,https://inaturalist-open-data.s3.amazonaws.com/photos/565136617/medium.jpg,E:\Coding_Notes\Faunari\data\raw\inat_targeted\Lycodon_aulicus\312974095.jpg,2025-08-26
inat_targeted,312953659,Lycodon aulicus,non_venomous,cc-by,https://inaturalist-open-data.s3.amazonaws.com/photos/565099141/medium.jpg,E:\Coding_Notes\Faunari\data\raw\inat_targeted\Lycodon_aulicus\312953659.jpg,2025-09-10
inat_targeted,312909368,Lycodon aulicus,non_venomous,cc-by-nc,https://inaturalist-open-data.s3.amazonaws.com/photos/565015805/medium.jpg,E:\Coding_Notes\Faunari\data\raw\inat_targeted\Lycodon_aulicus\312909368.jpg,2025-09-10
inat_targeted,312254218,Lycodon aulicus,non_venomous,cc-by-nc,https://inaturalist-open-data.s3.amazonaws.com/photos/563748461/medium.jpg,E:\Coding_Notes\Faunari\data\raw\inat_targeted\Lycodon_aulicus\312254218.jpg,2025-09-07
inat_targeted,312105693,Lycodon aulicus,non_venomous,cc-by-nc,https://inaturalist-open-data.s3.amazonaws.com/photos/563465418/medium.jpg,E:\Coding_Notes\Faunari\data\raw\inat_targeted\Lycodon_aulicus\312105693.jpg,2025-09-07
inat_targeted,311043695,Lycodon aulicus,non_venomous,cc-by-nc,https://inaturalist-open-data.s3.amazonaws.com/photos/561444005/medium.jpg,E:\Coding_Notes\Faunari\data\raw\inat_targeted\Lycodon_aulicus\311043695.jpg,2025-09-02
inat_targeted,311007775,Lycodon aulicus,non_venomous,cc-by-nc-nd,https://inaturalist-open-data.s3.amazonaws.com/photos/561378864/medium.jpg,E:\Coding_Notes\Faunari\data\raw\inat_targeted\Lycodon_aulicus\311007775.jpg,2025-08-23
inat_targeted,310987546,Lycodon aulicus,non_venomous,,https://static.inaturalist.org/photos/561338859/medium.jpg,E:\Coding_Notes\Faunari\data\raw\inat_targeted\Lycodon_aulicus\310987546.jpg,2025-05-30
inat_targeted,310539062,Lycodon aulicus,non_venomous,cc-by-nc,https://inaturalist-open-data.s3.amazonaws.com/photos/560460197/medium.jpg,E:\Coding_Notes\Faunari\data\raw\inat_targeted\Lycodon_aulicus\310539062.jpg,2025-08-31
inat_targeted,310471550,Lycodon aulicus,non_venomous,cc-by-nc,https://inaturalist-open-data.s3.amazonaws.com/photos/560727892/medium.jpg,E:\Coding_Notes\Faunari\data\raw\inat_targeted\Lycodon_aulicus\310471550.jpg,2025-08-31
inat_targeted,310463351,Lycodon aulicus,non_venomous,cc-by-nc,https://inaturalist-open-data.s3.amazonaws.com/photos/560331697/medium.jpg,E:\Coding_Notes\Faunari\data\raw\inat_targeted\Lycodon_aulicus\310463351.jpg,2025-08-31
inat_targeted,310110938,Lycodon aulicus,non_venomous,cc-by-nc,https://inaturalist-open-data.s3.amazonaws.com/photos/559795895/medium.jpg,E:\Coding_Notes\Faunari\data\raw\inat_targeted\Lycodon_aulicus\310110938.jpg,2025-08-30
inat_targeted,310001604,Lycodon aulicus,non_venomous,cc-by-nc,https://inaturalist-open-data.s3.amazonaws.com/photos/559420388/medium.jpg,E:\Coding_Notes\Faunari\data\raw\inat_targeted\Lycodon_aulicus\310001604.jpg,2025-08-28
inat_targeted,309432700,Lycodon aulicus,non_venomous,,https://static.inaturalist.org/photos/558380102/medium.jpg,E:\Coding_Notes\Faunari\data\raw\inat_targeted\Lycodon_aulicus\309432700.jpg,2025-08-27
inat_targeted,308964629,Lycodon aulicus,non_venomous,,https://static.inaturalist.org/photos/557478055/medium.jpg,E:\Coding_Notes\Faunari\data\raw\inat_targeted\Lycodon_aulicus\308964629.jpg,2025-08-24
inat_targeted,308954617,Lycodon aulicus,non_venomous,cc-by-nc,https://inaturalist-open-data.s3.amazonaws.com/photos/557458550/medium.jpg,E:\Coding_Notes\Faunari\data\raw\inat_targeted\Lycodon_aulicus\308954617.jpg,2014-11-16
inat_targeted,308954263,Lycodon aulicus,non_venomous,cc-by-nc,https://inaturalist-open-data.s3.amazonaws.com/photos/557458085/medium.jpg,E:\Coding_Notes\Faunari\data\raw\inat_targeted\Lycodon_aulicus\308954263.jpg,2013-08-07
inat_targeted,308953754,Lycodon aulicus,non_venomous,cc-by-nc,https://inaturalist-open-data.s3.amazonaws.com/photos/557457209/medium.jpg,E:\Coding_Notes\Faunari\data\raw\inat_targeted\Lycodon_aulicus\308953754.jpg,2014-07-30
inat_targeted,308897857,Lycodon aulicus,non_venomous,cc-by-nc,https://inaturalist-open-data.s3.amazonaws.com/photos/557348154/medium.jpg,E:\Coding_Notes\Faunari\data\raw\inat_targeted\Lycodon_aulicus\308897857.jpg,2025-08-25
inat_targeted,308407183,Lycodon aulicus,non_venomous,cc-by-nc,https://inaturalist-open-data.s3.amazonaws.com/photos/556405259/medium.jpg,E:\Coding_Notes\Faunari\data\raw\inat_targeted\Lycodon_aulicus\308407183.jpg,2019-08-05
inat_targeted,308370014,Lycodon aulicus,non_venomous,cc-by-nc,https://inaturalist-open-data.s3.amazonaws.com/photos/556338094/medium.jpg,E:\Coding_Notes\Faunari\data\raw\inat_targeted\Lycodon_aulicus\308370014.jpg,2025-08-23
inat_targeted,308368157,Lycodon aulicus,non_venomous,,https://static.inaturalist.org/photos/556334781/medium.jpg,E:\Coding_Notes\Faunari\data\raw\inat_targeted\Lycodon_aulicus\308368157.jpg,2025-08-22
inat_targeted,308366274,Lycodon aulicus,non_venomous,cc-by-nc,https://inaturalist-open-data.s3.amazonaws.com/photos/556331108/medium.jpg,E:\Coding_Notes\Faunari\data\raw\inat_targeted\Lycodon_aulicus\308366274.jpg,2025-08-23
inat_targeted,308131505,Lycodon aulicus,non_venomous,cc-by-nc,https://inaturalist-open-data.s3.amazonaws.com/photos/555881045/medium.jpg,E:\Coding_Notes\Faunari\data\raw\inat_targeted\Lycodon_aulicus\308131505.jpg,2025-08-02
inat_targeted,307966404,Lycodon aulicus,non_venomous,cc-by-nc,https://inaturalist-open-data.s3.amazonaws.com/photos/555560616/medium.jpg,E:\Coding_Notes\Faunari\data\raw\inat_targeted\Lycodon_aulicus\307966404.jpg,2025-08-21
inat_targeted,307709385,Lycodon aulicus,non_venomous,cc-by-nc,https://inaturalist-open-data.s3.amazonaws.com/photos/555061976/medium.jpg,E:\Coding_Notes\Faunari\data\raw\inat_targeted\Lycodon_aulicus\307709385.jpg,2025-08-18
inat_targeted,307265837,Lycodon aulicus,non_venomous,,https://static.inaturalist.org/photos/554199155/medium.jpg,E:\Coding_Notes\Faunari\data\raw\inat_targeted\Lycodon_aulicus\307265837.jpg,2025-08-15
inat_targeted,306935883,Lycodon aulicus,non_venomous,cc-by-nc,https://inaturalist-open-data.s3.amazonaws.com/photos/553568374/medium.jpg,E:\Coding_Notes\Faunari\data\raw\inat_targeted\Lycodon_aulicus\306935883.jpg,2025-08-17
inat_targeted,306208616,Lycodon aulicus,non_venomous,,https://static.inaturalist.org/photos/552186112/medium.jpg,E:\Coding_Notes\Faunari\data\raw\inat_targeted\Lycodon_aulicus\306208616.jpg,2025-08-12
inat_targeted,306083560,Lycodon aulicus,non_venomous,,https://static.inaturalist.org/photos/551932137/medium.jpg,E:\Coding_Notes\Faunari\data\raw\inat_targeted\Lycodon_aulicus\306083560.jpg,2025-07-29
inat_targeted,305158472,Lycodon aulicus,non_venomous,cc-by-nc,https://inaturalist-open-data.s3.amazonaws.com/photos/550182330/medium.jpg,E:\Coding_Notes\Faunari\data\raw\inat_targeted\Lycodon_aulicus\305158472.jpg,2025-08-10
inat_targeted,304501454,Lycodon aulicus,non_venomous,cc-by-nc,https://inaturalist-open-data.s3.amazonaws.com/photos/548942951/medium.jpg,E:\Coding_Notes\Faunari\data\raw\inat_targeted\Lycodon_aulicus\304501454.jpg,2025-08-07
inat_targeted,304284407,Lycodon aulicus,non_venomous,cc-by,https://inaturalist-open-data.s3.amazonaws.com/photos/548522286/medium.jpg,E:\Coding_Notes\Faunari\data\raw\inat_targeted\Lycodon_aulicus\304284407.jpg,2025-08-02
inat_targeted,304013858,Lycodon aulicus,non_venomous,cc-by-nc,https://inaturalist-open-data.s3.amazonaws.com/photos/548011925/medium.jpg,E:\Coding_Notes\Faunari\data\raw\inat_targeted\Lycodon_aulicus\304013858.jpg,2025-08-05
inat_targeted,303954084,Lycodon aulicus,non_venomous,,https://static.inaturalist.org/photos/547899792/medium.jpg,E:\Coding_Notes\Faunari\data\raw\inat_targeted\Lycodon_aulicus\303954084.jpg,2025-07-19
inat_targeted,303924791,Lycodon aulicus,non_venomous,cc-by,https://inaturalist-open-data.s3.amazonaws.com/photos/547841296/medium.jpg,E:\Coding_Notes\Faunari\data\raw\inat_targeted\Lycodon_aulicus\303924791.jpg,2025-05-29
inat_targeted,303442628,Lycodon aulicus,non_venomous,cc-by-nc,https://inaturalist-open-data.s3.amazonaws.com/photos/546924967/medium.jpg,E:\Coding_Notes\Faunari\data\raw\inat_targeted\Lycodon_aulicus\303442628.jpg,2016-06-25
inat_targeted,303120133,Lycodon aulicus,non_venomous,cc-by-nc,https://inaturalist-open-data.s3.amazonaws.com/photos/546325943/medium.jpg,E:\Coding_Notes\Faunari\data\raw\inat_targeted\Lycodon_aulicus\303120133.jpg,2025-07-31
inat_targeted,302589475,Lycodon aulicus,non_venomous,cc-by-nc,https://inaturalist-open-data.s3.amazonaws.com/photos/545335829/medium.jpg,E:\Coding_Notes\Faunari\data\raw\inat_targeted\Lycodon_aulicus\302589475.jpg,2025-07-25
inat_targeted,302543689,Lycodon aulicus,non_venomous,,https://static.inaturalist.org/photos/545252758/medium.jpg,E:\Coding_Notes\Faunari\data\raw\inat_targeted\Lycodon_aulicus\302543689.jpg,2025-07-31
inat_targeted,302325307,Lycodon aulicus,non_venomous,cc-by-nc,https://inaturalist-open-data.s3.amazonaws.com/photos/544848778/medium.jpg,E:\Coding_Notes\Faunari\data\raw\inat_targeted\Lycodon_aulicus\302325307.jpg,2025-07-30
inat_targeted,301510883,Lycodon aulicus,non_venomous,,https://static.inaturalist.org/photos/543323947/medium.jpg,E:\Coding_Notes\Faunari\data\raw\inat_targeted\Lycodon_aulicus\301510883.jpg,2025-05-21
inat_targeted,300902060,Lycodon aulicus,non_venomous,,https://static.inaturalist.org/photos/542193671/medium.jpg,E:\Coding_Notes\Faunari\data\raw\inat_targeted\Lycodon_aulicus\300902060.jpg,2025-07-25
inat_targeted,300769502,Lycodon aulicus,non_venomous,cc-by-nc,https://inaturalist-open-data.s3.amazonaws.com/photos/541941724/medium.jpg,E:\Coding_Notes\Faunari\data\raw\inat_targeted\Lycodon_aulicus\300769502.jpg,2025-07-24
inat_targeted,300599849,Lycodon aulicus,non_venomous,cc-by-nc,https://inaturalist-open-data.s3.amazonaws.com/photos/541634338/medium.jpg,E:\Coding_Notes\Faunari\data\raw\inat_targeted\Lycodon_aulicus\300599849.jpg,2025-07-24
inat_targeted,300155087,Lycodon aulicus,non_venomous,cc-by-nc,https://inaturalist-open-data.s3.amazonaws.com/photos/540791965/medium.jpg,E:\Coding_Notes\Faunari\data\raw\inat_targeted\Lycodon_aulicus\300155087.jpg,2025-07-22
inat_targeted,300138108,Lycodon aulicus,non_venomous,cc-by-nc,https://inaturalist-open-data.s3.amazonaws.com/photos/540760304/medium.jpg,E:\Coding_Notes\Faunari\data\raw\inat_targeted\Lycodon_aulicus\300138108.jpg,2025-07-19
inat_targeted,300105220,Lycodon aulicus,non_venomous,cc-by,https://inaturalist-open-data.s3.amazonaws.com/photos/540693339/medium.jpg,E:\Coding_Notes\Faunari\data\raw\inat_targeted\Lycodon_aulicus\300105220.jpg,2025-06-15
inat_targeted,299888575,Lycodon aulicus,non_venomous,cc-by-nc,https://inaturalist-open-data.s3.amazonaws.com/photos/540295774/medium.jpg,E:\Coding_Notes\Faunari\data\raw\inat_targeted\Lycodon_aulicus\299888575.jpg,2025-07-21
inat_targeted,299748286,Lycodon aulicus,non_venomous,cc-by-nc,https://inaturalist-open-data.s3.amazonaws.com/photos/540039728/medium.jpg,E:\Coding_Notes\Faunari\data\raw\inat_targeted\Lycodon_aulicus\299748286.jpg,2025-07-20
inat_targeted,299734327,Lycodon aulicus,non_venomous,cc-by-nc,https://inaturalist-open-data.s3.amazonaws.com/photos/540007477/medium.jpg,E:\Coding_Notes\Faunari\data\raw\inat_targeted\Lycodon_aulicus\299734327.jpg,2025-07-12
inat_targeted,299700658,Lycodon aulicus,non_venomous,,https://static.inaturalist.org/photos/539948599/medium.jpg,E:\Coding_Notes\Faunari\data\raw\inat_targeted\Lycodon_aulicus\299700658.jpg,2025-06-17
inat_targeted,299120623,Lycodon aulicus,non_venomous,cc-by-nc,https://inaturalist-open-data.s3.amazonaws.com/photos/538878472/medium.jpg,E:\Coding_Notes\Faunari\data\raw\inat_targeted\Lycodon_aulicus\299120623.jpg,2024-09-02
inat_targeted,298340487,Lycodon aulicus,non_venomous,cc-by-nc,https://inaturalist-open-data.s3.amazonaws.com/photos/537382426/medium.jpg,E:\Coding_Notes\Faunari\data\raw\inat_targeted\Lycodon_aulicus\298340487.jpg,2025-07-16
inat_targeted,298235895,Lycodon aulicus,non_venomous,cc-by-nc,https://inaturalist-open-data.s3.amazonaws.com/photos/537176999/medium.jpg,E:\Coding_Notes\Faunari\data\raw\inat_targeted\Lycodon_aulicus\298235895.jpg,2017-09-05
inat_targeted,298235172,Lycodon aulicus,non_venomous,cc-by-nc,https://inaturalist-open-data.s3.amazonaws.com/photos/537175648/medium.jpg,E:\Coding_Notes\Faunari\data\raw\inat_targeted\Lycodon_aulicus\298235172.jpg,2018-08-12
inat_targeted,297976139,Lycodon aulicus,non_venomous,cc-by-nc,https://inaturalist-open-data.s3.amazonaws.com/photos/536685682/medium.jpg,E:\Coding_Notes\Faunari\data\raw\inat_targeted\Lycodon_aulicus\297976139.jpg,2024-10-21
inat_targeted,297909782,Lycodon aulicus,non_venomous,,https://static.inaturalist.org/photos/536560820/medium.jpg,E:\Coding_Notes\Faunari\data\raw\inat_targeted\Lycodon_aulicus\297909782.jpg,2025-06-15
inat_targeted,297505975,Lycodon aulicus,non_venomous,cc-by,https://inaturalist-open-data.s3.amazonaws.com/photos/535798088/medium.jpg,E:\Coding_Notes\Faunari\data\raw\inat_targeted\Lycodon_aulicus\297505975.jpg,2025-07-12
inat_targeted,297342667,Lycodon aulicus,non_venomous,cc-by-nc,https://inaturalist-open-data.s3.amazonaws.com/photos/535489928/medium.jpg,E:\Coding_Notes\Faunari\data\raw\inat_targeted\Lycodon_aulicus\297342667.jpg,2025-06-03
inat_targeted,296713794,Lycodon aulicus,non_venomous,,https://static.inaturalist.org/photos/534299715/medium.jpg,E:\Coding_Notes\Faunari\data\raw\inat_targeted\Lycodon_aulicus\296713794.jpg,2024-06-16
inat_targeted,296461441,Lycodon aulicus,non_venomous,cc-by-nc,https://inaturalist-open-data.s3.amazonaws.com/photos/533817178/medium.jpg,E:\Coding_Notes\Faunari\data\raw\inat_targeted\Lycodon_aulicus\296461441.jpg,2025-07-09
inat_targeted,296281231,Lycodon aulicus,non_venomous,cc-by-nc,https://inaturalist-open-data.s3.amazonaws.com/photos/533470711/medium.jpg,E:\Coding_Notes\Faunari\data\raw\inat_targeted\Lycodon_aulicus\296281231.jpg,2025-07-08
inat_targeted,296258166,Lycodon aulicus,non_venomous,cc-by-nc,https://inaturalist-open-data.s3.amazonaws.com/photos/533424348/medium.jpg,E:\Coding_Notes\Faunari\data\raw\inat_targeted\Lycodon_aulicus\296258166.jpg,2025-06-03
inat_targeted,296258165,Lycodon aulicus,non_venomous,cc-by-nc,https://inaturalist-open-data.s3.amazonaws.com/photos/533424327/medium.jpg,E:\Coding_Notes\Faunari\data\raw\inat_targeted\Lycodon_aulicus\296258165.jpg,2025-06-03
inat_targeted,296255982,Lycodon aulicus,non_venomous,cc-by-nc,https://inaturalist-open-data.s3.amazonaws.com/photos/533425297/medium.jpg,E:\Coding_Notes\Faunari\data\raw\inat_targeted\Lycodon_aulicus\296255982.jpg,2025-07-08
inat_targeted,295605180,Lycodon aulicus,non_venomous,,https://static.inaturalist.org/photos/532177237/medium.jpg,E:\Coding_Notes\Faunari\data\raw\inat_targeted\Lycodon_aulicus\295605180.jpg,2025-06-27
inat_targeted,295396547,Lycodon aulicus,non_venomous,cc-by-nc,https://inaturalist-open-data.s3.amazonaws.com/photos/531780239/medium.jpg,E:\Coding_Notes\Faunari\data\raw\inat_targeted\Lycodon_aulicus\295396547.jpg,2025-07-05
inat_targeted,295171894,Lycodon aulicus,non_venomous,cc-by-nc,https://inaturalist-open-data.s3.amazonaws.com/photos/531353370/medium.jpg,E:\Coding_Notes\Faunari\data\raw\inat_targeted\Lycodon_aulicus\295171894.jpg,2025-07-02
inat_targeted,295057584,Lycodon aulicus,non_venomous,cc-by-nc,https://inaturalist-open-data.s3.amazonaws.com/photos/531141774/medium.jpg,E:\Coding_Notes\Faunari\data\raw\inat_targeted\Lycodon_aulicus\295057584.jpg,2025-06-03
inat_targeted,294647836,Lycodon aulicus,non_venomous,,https://static.inaturalist.org/photos/530360498/medium.jpg,E:\Coding_Notes\Faunari\data\raw\inat_targeted\Lycodon_aulicus\294647836.jpg,2025-07-02
inat_targeted,294502932,Lycodon aulicus,non_venomous,cc-by-nc,https://inaturalist-open-data.s3.amazonaws.com/photos/530096017/medium.jpg,E:\Coding_Notes\Faunari\data\raw\inat_targeted\Lycodon_aulicus\294502932.jpg,2025-07-02
inat_targeted,294280293,Lycodon aulicus,non_venomous,cc-by-nc,https://inaturalist-open-data.s3.amazonaws.com/photos/529680439/medium.jpg,E:\Coding_Notes\Faunari\data\raw\inat_targeted\Lycodon_aulicus\294280293.jpg,2024-07-25
inat_targeted,294203574,Lycodon aulicus,non_venomous,cc-by-nc,https://inaturalist-open-data.s3.amazonaws.com/photos/529532591/medium.jpg,E:\Coding_Notes\Faunari\data\raw\inat_targeted\Lycodon_aulicus\294203574.jpg,2025-07-01
inat_targeted,293319422,Lycodon aulicus,non_venomous,,https://static.inaturalist.org/photos/527933923/medium.jpg,E:\Coding_Notes\Faunari\data\raw\inat_targeted\Lycodon_aulicus\293319422.jpg,2025-06-27
inat_targeted,293171773,Lycodon aulicus,non_venomous,,https://static.inaturalist.org/photos/527650054/medium.jpg,E:\Coding_Notes\Faunari\data\raw\inat_targeted\Lycodon_aulicus\293171773.jpg,2025-06-24
inat_targeted,292662947,Lycodon aulicus,non_venomous,cc-by,https://inaturalist-open-data.s3.amazonaws.com/photos/526685723/medium.jpg,E:\Coding_Notes\Faunari\data\raw\inat_targeted\Lycodon_aulicus\292662947.jpg,2025-06-15
inat_targeted,292341202,Lycodon aulicus,non_venomous,cc-by-nc,https://inaturalist-open-data.s3.amazonaws.com/photos/526077849/medium.jpg,E:\Coding_Notes\Faunari\data\raw\inat_targeted\Lycodon_aulicus\292341202.jpg,2025-01-31
inat_targeted,291767572,Lycodon aulicus,non_venomous,,https://static.inaturalist.org/photos/524981656/medium.jpg,E:\Coding_Notes\Faunari\data\raw\inat_targeted\Lycodon_aulicus\291767572.jpg,2025-06-22
inat_targeted,291413787,Lycodon aulicus,non_venomous,cc-by-nc,https://inaturalist-open-data.s3.amazonaws.com/photos/524321641/medium.jpg,E:\Coding_Notes\Faunari\data\raw\inat_targeted\Lycodon_aulicus\291413787.jpg,2017-10-25
inat_targeted,291181532,Lycodon aulicus,non_venomous,cc-by,https://inaturalist-open-data.s3.amazonaws.com/photos/523881327/medium.jpg,E:\Coding_Notes\Faunari\data\raw\inat_targeted\Lycodon_aulicus\291181532.jpg,2025-06-15
inat_targeted,290414176,Lycodon aulicus,non_venomous,cc-by-nc,https://inaturalist-open-data.s3.amazonaws.com/photos/522436492/medium.jpg,E:\Coding_Notes\Faunari\data\raw\inat_targeted\Lycodon_aulicus\290414176.jpg,2025-06-15
inat_targeted,290173902,Lycodon aulicus,non_venomous,cc-by-nc,https://inaturalist-open-data.s3.amazonaws.com/photos/521976969/medium.jpg,E:\Coding_Notes\Faunari\data\raw\inat_targeted\Lycodon_aulicus\290173902.jpg,2025-06-16
inat_targeted,289848620,Lycodon aulicus,non_venomous,cc-by-nc,https://inaturalist-open-data.s3.amazonaws.com/photos/521358495/medium.jpg,E:\Coding_Notes\Faunari\data\raw\inat_targeted\Lycodon_aulicus\289848620.jpg,2025-06-15
inat_targeted,289771079,Lycodon aulicus,non_venomous,cc-by,https://inaturalist-open-data.s3.amazonaws.com/photos/521218004/medium.jpg,E:\Coding_Notes\Faunari\data\raw\inat_targeted\Lycodon_aulicus\289771079.jpg,2025-06-15
inat_targeted,289734188,Lycodon aulicus,non_venomous,,https://static.inaturalist.org/photos/521146638/medium.jpg,E:\Coding_Notes\Faunari\data\raw\inat_targeted\Lycodon_aulicus\289734188.jpg,2025-06-15
inat_targeted,289699695,Lycodon aulicus,non_venomous,cc-by-nc,https://inaturalist-open-data.s3.amazonaws.com/photos/521077377/medium.jpg,E:\Coding_Notes\Faunari\data\raw\inat_targeted\Lycodon_aulicus\289699695.jpg,2025-06-15
inat_targeted,289283526,Lycodon aulicus,non_venomous,,https://static.inaturalist.org/photos/520301132/medium.jpg,E:\Coding_Notes\Faunari\data\raw\inat_targeted\Lycodon_aulicus\289283526.jpg,2025-06-13
inat_targeted,289037377,Lycodon aulicus,non_venomous,,https://static.inaturalist.org/photos/519835575/medium.jpg,E:\Coding_Notes\Faunari\data\raw\inat_targeted\Lycodon_aulicus\289037377.jpg,2025-06-07
inat_targeted,288702147,Lycodon aulicus,non_venomous,cc-by,https://inaturalist-open-data.s3.amazonaws.com/photos/519217834/medium.jpg,E:\Coding_Notes\Faunari\data\raw\inat_targeted\Lycodon_aulicus\288702147.jpg,2025-06-11
inat_targeted,288648981,Lycodon aulicus,non_venomous,cc-by-nc,https://inaturalist-open-data.s3.amazonaws.com/photos/519116560/medium.jpg,E:\Coding_Notes\Faunari\data\raw\inat_targeted\Lycodon_aulicus\288648981.jpg,2025-06-07
inat_targeted,288130320,Lycodon aulicus,non_venomous,,https://static.inaturalist.org/photos/518131412/medium.jpg,E:\Coding_Notes\Faunari\data\raw\inat_targeted\Lycodon_aulicus\288130320.jpg,2025-06-09
inat_targeted,287017018,Lycodon aulicus,non_venomous,cc-by-nc,https://inaturalist-open-data.s3.amazonaws.com/photos/516047652/medium.jpg,E:\Coding_Notes\Faunari\data\raw\inat_targeted\Lycodon_aulicus\287017018.jpg,2025-06-05
inat_targeted,286942498,Lycodon aulicus,non_venomous,cc-by-nc,https://inaturalist-open-data.s3.amazonaws.com/photos/515904560/medium.jpg,E:\Coding_Notes\Faunari\data\raw\inat_targeted\Lycodon_aulicus\286942498.jpg,2025-06-05
inat_targeted,286478922,Lycodon aulicus,non_venomous,cc-by-nc,https://inaturalist-open-data.s3.amazonaws.com/photos/515020644/medium.jpg,E:\Coding_Notes\Faunari\data\raw\inat_targeted\Lycodon_aulicus\286478922.jpg,2023-02-07
inat_targeted,286145077,Lycodon aulicus,non_venomous,cc-by-nc,https://inaturalist-open-data.s3.amazonaws.com/photos/514382163/medium.jpg,E:\Coding_Notes\Faunari\data\raw\inat_targeted\Lycodon_aulicus\286145077.jpg,2024-06-30
inat_targeted,285287587,Lycodon aulicus,non_venomous,,https://static.inaturalist.org/photos/512788074/medium.jpg,E:\Coding_Notes\Faunari\data\raw\inat_targeted\Lycodon_aulicus\285287587.jpg,2025-05-29
inat_targeted,284549613,Lycodon aulicus,non_venomous,cc-by-nc,https://inaturalist-open-data.s3.amazonaws.com/photos/511399309/medium.jpg,E:\Coding_Notes\Faunari\data\raw\inat_targeted\Lycodon_aulicus\284549613.jpg,2025-05-21
inat_targeted,284208125,Lycodon aulicus,non_venomous,cc-by-nc,https://inaturalist-open-data.s3.amazonaws.com/photos/510751429/medium.jpg,E:\Coding_Notes\Faunari\data\raw\inat_targeted\Lycodon_aulicus\284208125.jpg,2025-05-25
inat_targeted,283809447,Lycodon aulicus,non_venomous,cc-by-nc,https://inaturalist-open-data.s3.amazonaws.com/photos/509989806/medium.jpg,E:\Coding_Notes\Faunari\data\raw\inat_targeted\Lycodon_aulicus\283809447.jpg,2025-05-24
inat_targeted,282550853,Lycodon aulicus,non_venomous,cc-by-nc,https://inaturalist-open-data.s3.amazonaws.com/photos/507645877/medium.jpg,E:\Coding_Notes\Faunari\data\raw\inat_targeted\Lycodon_aulicus\282550853.jpg,2025-05-20
inat_targeted,282550794,Lycodon aulicus,non_venomous,cc-by-nc,https://inaturalist-open-data.s3.amazonaws.com/photos/507645757/medium.jpg,E:\Coding_Notes\Faunari\data\raw\inat_targeted\Lycodon_aulicus\282550794.jpg,2025-05-20
inat_targeted,281048424,Lycodon aulicus,non_venomous,,https://static.inaturalist.org/photos/504830127/medium.jpg,E:\Coding_Notes\Faunari\data\raw\inat_targeted\Lycodon_aulicus\281048424.jpg,2025-05-13
inat_targeted,279728688,Lycodon aulicus,non_venomous,cc-by-nc,https://inaturalist-open-data.s3.amazonaws.com/photos/502339311/medium.jpg,E:\Coding_Notes\Faunari\data\raw\inat_targeted\Lycodon_aulicus\279728688.jpg,2025-04-03
inat_targeted,277286477,Lycodon aulicus,non_venomous,cc-by-nc,https://inaturalist-open-data.s3.amazonaws.com/photos/497905941/medium.jpeg,E:\Coding_Notes\Faunari\data\raw\inat_targeted\Lycodon_aulicus\277286477.jpg,2025-05-01
inat_targeted,276725130,Lycodon aulicus,non_venomous,cc-by-nc,https://inaturalist-open-data.s3.amazonaws.com/photos/496914910/medium.jpg,E:\Coding_Notes\Faunari\data\raw\inat_targeted\Lycodon_aulicus\276725130.jpg,2025-03-31
inat_targeted,275058268,Lycodon aulicus,non_venomous,,https://static.inaturalist.org/photos/494343145/medium.jpeg,E:\Coding_Notes\Faunari\data\raw\inat_targeted\Lycodon_aulicus\275058268.jpg,2025-01-06
inat_targeted,274413215,Lycodon aulicus,non_venomous,cc-by-nc,https://inaturalist-open-data.s3.amazonaws.com/photos/493378778/medium.jpeg,E:\Coding_Notes\Faunari\data\raw\inat_targeted\Lycodon_aulicus\274413215.jpg,2025-04-25
inat_targeted,274402198,Lycodon aulicus,non_venomous,,https://static.inaturalist.org/photos/493324158/medium.jpg,E:\Coding_Notes\Faunari\data\raw\inat_targeted\Lycodon_aulicus\274402198.jpg,2025-04-26
inat_targeted,273861308,Lycodon aulicus,non_venomous,,https://static.inaturalist.org/photos/492614061/medium.jpeg,E:\Coding_Notes\Faunari\data\raw\inat_targeted\Lycodon_aulicus\273861308.jpg,2025-04-26
inat_targeted,273649836,Lycodon aulicus,non_venomous,,https://static.inaturalist.org/photos/492136135/medium.jpg,E:\Coding_Notes\Faunari\data\raw\inat_targeted\Lycodon_aulicus\273649836.jpg,2025-04-26
inat_targeted,272945046,Lycodon aulicus,non_venomous,,https://static.inaturalist.org/photos/491034673/medium.jpeg,E:\Coding_Notes\Faunari\data\raw\inat_targeted\Lycodon_aulicus\272945046.jpg,2025-04-25
inat_targeted,271950056,Lycodon aulicus,non_venomous,,https://static.inaturalist.org/photos/489230160/medium.jpg,E:\Coding_Notes\Faunari\data\raw\inat_targeted\Lycodon_aulicus\271950056.jpg,2024-10-22
inat_targeted,271510389,Lycodon aulicus,non_venomous,,https://static.inaturalist.org/photos/493605330/medium.jpg,E:\Coding_Notes\Faunari\data\raw\inat_targeted\Lycodon_aulicus\271510389.jpg,2025-04-19
inat_targeted,270442740,Lycodon aulicus,non_venomous,,https://static.inaturalist.org/photos/486370446/medium.jpeg,E:\Coding_Notes\Faunari\data\raw\inat_targeted\Lycodon_aulicus\270442740.jpg,2025-04-11
inat_targeted,269122642,Lycodon aulicus,non_venomous,,https://static.inaturalist.org/photos/484141645/medium.jpeg,E:\Coding_Notes\Faunari\data\raw\inat_targeted\Lycodon_aulicus\269122642.jpg,2025-04-07
inat_targeted,268508986,Lycodon aulicus,non_venomous,cc-by-nc,https://inaturalist-open-data.s3.amazonaws.com/photos/482658868/medium.jpeg,E:\Coding_Notes\Faunari\data\raw\inat_targeted\Lycodon_aulicus\268508986.jpg,2025-04-04
inat_targeted,268094092,Lycodon aulicus,non_venomous,cc-by-nc,https://inaturalist-open-data.s3.amazonaws.com/photos/481859099/medium.jpeg,E:\Coding_Notes\Faunari\data\raw\inat_targeted\Lycodon_aulicus\268094092.jpg,2021-12-31
inat_targeted,266780262,Lycodon aulicus,non_venomous,cc-by-nc,https://inaturalist-open-data.s3.amazonaws.com/photos/479345148/medium.jpeg,E:\Coding_Notes\Faunari\data\raw\inat_targeted\Lycodon_aulicus\266780262.jpg,2025-03-24
inat_targeted,266486896,Lycodon aulicus,non_venomous,,https://static.inaturalist.org/photos/478811919/medium.jpeg,E:\Coding_Notes\Faunari\data\raw\inat_targeted\Lycodon_aulicus\266486896.jpg,2021-10-29
inat_targeted,266485950,Lycodon aulicus,non_venomous,,https://static.inaturalist.org/photos/478809850/medium.jpeg,E:\Coding_Notes\Faunari\data\raw\inat_targeted\Lycodon_aulicus\266485950.jpg,2019-03-21
inat_targeted,374166456,Lycodon travancoricus,non_venomous,,https://static.inaturalist.org/photos/683873039/medium.jpg,E:\Coding_Notes\Faunari\data\raw\inat_targeted\Lycodon_travancoricus\374166456.jpg,2026-06-21
inat_targeted,344370138,Lycodon travancoricus,non_venomous,cc-by-sa,https://inaturalist-open-data.s3.amazonaws.com/photos/627456675/medium.jpg,E:\Coding_Notes\Faunari\data\raw\inat_targeted\Lycodon_travancoricus\344370138.jpg,2015-06-27
inat_targeted,341855974,Lycodon travancoricus,non_venomous,cc-by-nc,https://inaturalist-open-data.s3.amazonaws.com/photos/622423429/medium.jpg,E:\Coding_Notes\Faunari\data\raw\inat_targeted\Lycodon_travancoricus\341855974.jpg,2026-03-07
inat_targeted,340895803,Lycodon travancoricus,non_venomous,cc-by-nc,https://inaturalist-open-data.s3.amazonaws.com/photos/620451693/medium.jpg,E:\Coding_Notes\Faunari\data\raw\inat_targeted\Lycodon_travancoricus\340895803.jpg,2026-02-28
inat_targeted,340548064,Lycodon travancoricus,non_venomous,cc-by,https://inaturalist-open-data.s3.amazonaws.com/photos/619749977/medium.jpg,E:\Coding_Notes\Faunari\data\raw\inat_targeted\Lycodon_travancoricus\340548064.jpg,2026-02-28
inat_targeted,340172772,Lycodon travancoricus,non_venomous,cc-by-nc,https://inaturalist-open-data.s3.amazonaws.com/photos/618989663/medium.jpg,E:\Coding_Notes\Faunari\data\raw\inat_targeted\Lycodon_travancoricus\340172772.jpg,2026-02-25
inat_targeted,338404751,Lycodon travancoricus,non_venomous,cc-by-nc,https://inaturalist-open-data.s3.amazonaws.com/photos/615405714/medium.jpg,E:\Coding_Notes\Faunari\data\raw\inat_targeted\Lycodon_travancoricus\338404751.jpg,2024-12-04
inat_targeted,336214795,Lycodon travancoricus,non_venomous,cc-by-nc,https://inaturalist-open-data.s3.amazonaws.com/photos/610926516/medium.jpg,E:\Coding_Notes\Faunari\data\raw\inat_targeted\Lycodon_travancoricus\336214795.jpg,2025-12-17
inat_targeted,336205165,Lycodon travancoricus,non_venomous,,https://static.inaturalist.org/photos/610907485/medium.jpg,E:\Coding_Notes\Faunari\data\raw\inat_targeted\Lycodon_travancoricus\336205165.jpg,2006-12-10
inat_targeted,335845460,Lycodon travancoricus,non_venomous,,https://static.inaturalist.org/photos/610193068/medium.jpg,E:\Coding_Notes\Faunari\data\raw\inat_targeted\Lycodon_travancoricus\335845460.jpg,2011-04-23
inat_targeted,335781789,Lycodon travancoricus,non_venomous,cc-by-nc,https://inaturalist-open-data.s3.amazonaws.com/photos/610064820/medium.jpg,E:\Coding_Notes\Faunari\data\raw\inat_targeted\Lycodon_travancoricus\335781789.jpg,2026-01-22
inat_targeted,335731443,Lycodon travancoricus,non_venomous,,https://static.inaturalist.org/photos/609964493/medium.jpg,E:\Coding_Notes\Faunari\data\raw\inat_targeted\Lycodon_travancoricus\335731443.jpg,2026-01-19
inat_targeted,335705483,Lycodon travancoricus,non_venomous,cc-by-nc-nd,https://inaturalist-open-data.s3.amazonaws.com/photos/609912038/medium.jpg,E:\Coding_Notes\Faunari\data\raw\inat_targeted\Lycodon_travancoricus\335705483.jpg,2026-01-19
inat_targeted,335030465,Lycodon travancoricus,non_venomous,,https://static.inaturalist.org/photos/608551221/medium.jpg,E:\Coding_Notes\Faunari\data\raw\inat_targeted\Lycodon_travancoricus\335030465.jpg,2026-01-16
inat_targeted,334496156,Lycodon travancoricus,non_venomous,cc-by-nc,https://inaturalist-open-data.s3.amazonaws.com/photos/607457967/medium.jpg,E:\Coding_Notes\Faunari\data\raw\inat_targeted\Lycodon_travancoricus\334496156.jpg,2022-12-28
inat_targeted,334488892,Lycodon travancoricus,non_venomous,cc-by-nc,https://inaturalist-open-data.s3.amazonaws.com/photos/607443998/medium.jpg,E:\Coding_Notes\Faunari\data\raw\inat_targeted\Lycodon_travancoricus\334488892.jpg,2022-12-05
inat_targeted,334487436,Lycodon travancoricus,non_venomous,cc-by-nc,https://inaturalist-open-data.s3.amazonaws.com/photos/607440638/medium.jpg,E:\Coding_Notes\Faunari\data\raw\inat_targeted\Lycodon_travancoricus\334487436.jpg,2022-10-24
inat_targeted,334486214,Lycodon travancoricus,non_venomous,cc-by-nc,https://inaturalist-open-data.s3.amazonaws.com/photos/607438092/medium.jpg,E:\Coding_Notes\Faunari\data\raw\inat_targeted\Lycodon_travancoricus\334486214.jpg,2022-10-02
inat_targeted,334478593,Lycodon travancoricus,non_venomous,cc-by-nc,https://inaturalist-open-data.s3.amazonaws.com/photos/607422712/medium.jpg,E:\Coding_Notes\Faunari\data\raw\inat_targeted\Lycodon_travancoricus\334478593.jpg,2022-08-09
inat_targeted,334468169,Lycodon travancoricus,non_venomous,cc-by-nc,https://inaturalist-open-data.s3.amazonaws.com/photos/607391102/medium.jpg,E:\Coding_Notes\Faunari\data\raw\inat_targeted\Lycodon_travancoricus\334468169.jpg,2004-11-12
inat_targeted,333273284,Lycodon travancoricus,non_venomous,cc-by-nc,https://inaturalist-open-data.s3.amazonaws.com/photos/605021580/medium.jpg,E:\Coding_Notes\Faunari\data\raw\inat_targeted\Lycodon_travancoricus\333273284.jpg,2024-01-03
inat_targeted,332699220,Lycodon travancoricus,non_venomous,cc-by-nc-nd,https://inaturalist-open-data.s3.amazonaws.com/photos/603847540/medium.jpg,E:\Coding_Notes\Faunari\data\raw\inat_targeted\Lycodon_travancoricus\332699220.jpg,2025-12-25
inat_targeted,332135822,Lycodon travancoricus,non_venomous,cc-by-nc,https://inaturalist-open-data.s3.amazonaws.com/photos/602687210/medium.jpg,E:\Coding_Notes\Faunari\data\raw\inat_targeted\Lycodon_travancoricus\332135822.jpg,2025-11-01
inat_targeted,332099316,Lycodon travancoricus,non_venomous,cc-by-nc,https://inaturalist-open-data.s3.amazonaws.com/photos/602643422/medium.jpg,E:\Coding_Notes\Faunari\data\raw\inat_targeted\Lycodon_travancoricus\332099316.jpg,2025-12-26
inat_targeted,331914132,Lycodon travancoricus,non_venomous,cc-by-nc-nd,https://inaturalist-open-data.s3.amazonaws.com/photos/602233960/medium.jpg,E:\Coding_Notes\Faunari\data\raw\inat_targeted\Lycodon_travancoricus\331914132.jpg,2025-12-24
inat_targeted,331547407,Lycodon travancoricus,non_venomous,cc-by-nc,https://inaturalist-open-data.s3.amazonaws.com/photos/601483947/medium.jpg,E:\Coding_Notes\Faunari\data\raw\inat_targeted\Lycodon_travancoricus\331547407.jpg,2025-12-21
inat_targeted,331382864,Lycodon travancoricus,non_venomous,cc-by-nc-nd,https://inaturalist-open-data.s3.amazonaws.com/photos/601147912/medium.jpg,E:\Coding_Notes\Faunari\data\raw\inat_targeted\Lycodon_travancoricus\331382864.jpg,2025-12-17
inat_targeted,330966841,Lycodon travancoricus,non_venomous,,https://static.inaturalist.org/photos/600289037/medium.jpg,E:\Coding_Notes\Faunari\data\raw\inat_targeted\Lycodon_travancoricus\330966841.jpg,2025-08-10
inat_targeted,330451312,Lycodon travancoricus,non_venomous,,https://static.inaturalist.org/photos/599220495/medium.jpg,E:\Coding_Notes\Faunari\data\raw\inat_targeted\Lycodon_travancoricus\330451312.jpg,2025-12-04
inat_targeted,329985481,Lycodon travancoricus,non_venomous,cc-by-nc,https://inaturalist-open-data.s3.amazonaws.com/photos/598270526/medium.jpg,E:\Coding_Notes\Faunari\data\raw\inat_targeted\Lycodon_travancoricus\329985481.jpg,2025-12-08
inat_targeted,329531847,Lycodon travancoricus,non_venomous,cc-by-nc,https://inaturalist-open-data.s3.amazonaws.com/photos/597354768/medium.jpg,E:\Coding_Notes\Faunari\data\raw\inat_targeted\Lycodon_travancoricus\329531847.jpg,2025-10-26
inat_targeted,328342823,Lycodon travancoricus,non_venomous,,https://static.inaturalist.org/photos/594959563/medium.jpg,E:\Coding_Notes\Faunari\data\raw\inat_targeted\Lycodon_travancoricus\328342823.jpg,2025-11-25
inat_targeted,328315522,Lycodon travancoricus,non_venomous,cc-by-nc,https://inaturalist-open-data.s3.amazonaws.com/photos/594906082/medium.jpg,E:\Coding_Notes\Faunari\data\raw\inat_targeted\Lycodon_travancoricus\328315522.jpg,2025-11-26
inat_targeted,328176556,Lycodon travancoricus,non_venomous,,https://static.inaturalist.org/photos/594629281/medium.jpg,E:\Coding_Notes\Faunari\data\raw\inat_targeted\Lycodon_travancoricus\328176556.jpg,2025-11-22
inat_targeted,327630574,Lycodon travancoricus,non_venomous,cc-by-nc,https://inaturalist-open-data.s3.amazonaws.com/photos/593591145/medium.jpg,E:\Coding_Notes\Faunari\data\raw\inat_targeted\Lycodon_travancoricus\327630574.jpg,2012-04-19
inat_targeted,326765546,Lycodon travancoricus,non_venomous,cc-by-nc,https://inaturalist-open-data.s3.amazonaws.com/photos/591873713/medium.jpg,E:\Coding_Notes\Faunari\data\raw\inat_targeted\Lycodon_travancoricus\326765546.jpg,2023-10-28
inat_targeted,325650609,Lycodon travancoricus,non_venomous,cc-by-nc,https://inaturalist-open-data.s3.amazonaws.com/photos/589650719/medium.jpg,E:\Coding_Notes\Faunari\data\raw\inat_targeted\Lycodon_travancoricus\325650609.jpg,2025-11-05
inat_targeted,322420754,Lycodon travancoricus,non_venomous,cc-by-nc,https://inaturalist-open-data.s3.amazonaws.com/photos/583266295/medium.jpg,E:\Coding_Notes\Faunari\data\raw\inat_targeted\Lycodon_travancoricus\322420754.jpg,2025-10-19
inat_targeted,322008003,Lycodon travancoricus,non_venomous,cc-by-nc,https://inaturalist-open-data.s3.amazonaws.com/photos/582441225/medium.jpg,E:\Coding_Notes\Faunari\data\raw\inat_targeted\Lycodon_travancoricus\322008003.jpg,2025-10-20
inat_targeted,321174645,Lycodon travancoricus,non_venomous,cc-by-nc,https://inaturalist-open-data.s3.amazonaws.com/photos/580804671/medium.jpg,E:\Coding_Notes\Faunari\data\raw\inat_targeted\Lycodon_travancoricus\321174645.jpg,2025-10-09
inat_targeted,321174626,Lycodon travancoricus,non_venomous,cc-by-nc,https://inaturalist-open-data.s3.amazonaws.com/photos/580804598/medium.jpg,E:\Coding_Notes\Faunari\data\raw\inat_targeted\Lycodon_travancoricus\321174626.jpg,2025-10-09
inat_targeted,321109921,Lycodon travancoricus,non_venomous,cc-by-nc,https://inaturalist-open-data.s3.amazonaws.com/photos/580610702/medium.jpg,E:\Coding_Notes\Faunari\data\raw\inat_targeted\Lycodon_travancoricus\321109921.jpg,2025-10-07
inat_targeted,321087827,Lycodon travancoricus,non_venomous,,https://static.inaturalist.org/photos/580637270/medium.jpg,E:\Coding_Notes\Faunari\data\raw\inat_targeted\Lycodon_travancoricus\321087827.jpg,2025-07-13
inat_targeted,320952791,Lycodon travancoricus,non_venomous,cc-by-nc,https://inaturalist-open-data.s3.amazonaws.com/photos/580299440/medium.jpg,E:\Coding_Notes\Faunari\data\raw\inat_targeted\Lycodon_travancoricus\320952791.jpg,2025-10-07
inat_targeted,320371886,Lycodon travancoricus,non_venomous,cc-by-nc,https://inaturalist-open-data.s3.amazonaws.com/photos/579234659/medium.jpg,E:\Coding_Notes\Faunari\data\raw\inat_targeted\Lycodon_travancoricus\320371886.jpg,2025-09-17
inat_targeted,319807828,Lycodon travancoricus,non_venomous,cc-by,https://inaturalist-open-data.s3.amazonaws.com/photos/578141710/medium.jpg,E:\Coding_Notes\Faunari\data\raw\inat_targeted\Lycodon_travancoricus\319807828.jpg,2025-10-05
inat_targeted,319089153,Lycodon travancoricus,non_venomous,cc-by-nc,https://inaturalist-open-data.s3.amazonaws.com/photos/576767274/medium.jpg,E:\Coding_Notes\Faunari\data\raw\inat_targeted\Lycodon_travancoricus\319089153.jpg,2025-10-04
inat_targeted,318897060,Lycodon travancoricus,non_venomous,cc-by-nc,https://inaturalist-open-data.s3.amazonaws.com/photos/576398700/medium.jpg,E:\Coding_Notes\Faunari\data\raw\inat_targeted\Lycodon_travancoricus\318897060.jpg,2025-10-05
inat_targeted,316674362,Lycodon travancoricus,non_venomous,cc-by-nc,https://inaturalist-open-data.s3.amazonaws.com/photos/572174914/medium.jpg,E:\Coding_Notes\Faunari\data\raw\inat_targeted\Lycodon_travancoricus\316674362.jpg,2025-06-23
inat_targeted,315725936,Lycodon travancoricus,non_venomous,cc-by,https://inaturalist-open-data.s3.amazonaws.com/photos/570384480/medium.jpg,E:\Coding_Notes\Faunari\data\raw\inat_targeted\Lycodon_travancoricus\315725936.jpg,2025-07-08
inat_targeted,314536771,Lycodon travancoricus,non_venomous,cc-by-nc,https://inaturalist-open-data.s3.amazonaws.com/photos/568092231/medium.jpg,E:\Coding_Notes\Faunari\data\raw\inat_targeted\Lycodon_travancoricus\314536771.jpg,2025-09-12
inat_targeted,314359833,Lycodon travancoricus,non_venomous,cc-by-nc,https://inaturalist-open-data.s3.amazonaws.com/photos/567789138/medium.jpg,E:\Coding_Notes\Faunari\data\raw\inat_targeted\Lycodon_travancoricus\314359833.jpg,2025-09-16
inat_targeted,313348818,Lycodon travancoricus,non_venomous,cc-by-nc,https://inaturalist-open-data.s3.amazonaws.com/photos/565856168/medium.jpg,E:\Coding_Notes\Faunari\data\raw\inat_targeted\Lycodon_travancoricus\313348818.jpg,2025-09-12
inat_targeted,312845245,Lycodon travancoricus,non_venomous,cc-by-nc,https://inaturalist-open-data.s3.amazonaws.com/photos/564892888/medium.jpg,E:\Coding_Notes\Faunari\data\raw\inat_targeted\Lycodon_travancoricus\312845245.jpg,2025-07-13
inat_targeted,311525539,Lycodon travancoricus,non_venomous,,https://static.inaturalist.org/photos/562372800/medium.jpg,E:\Coding_Notes\Faunari\data\raw\inat_targeted\Lycodon_travancoricus\311525539.jpg,2025-09-04
inat_targeted,311273623,Lycodon travancoricus,non_venomous,cc-by-nc,https://inaturalist-open-data.s3.amazonaws.com/photos/561893621/medium.jpg,E:\Coding_Notes\Faunari\data\raw\inat_targeted\Lycodon_travancoricus\311273623.jpg,2024-08-31
inat_targeted,309426539,Lycodon travancoricus,non_venomous,cc-by-nc,https://inaturalist-open-data.s3.amazonaws.com/photos/558365598/medium.jpg,E:\Coding_Notes\Faunari\data\raw\inat_targeted\Lycodon_travancoricus\309426539.jpg,2025-07-20
inat_targeted,309188650,Lycodon travancoricus,non_venomous,cc-by-nc,https://inaturalist-open-data.s3.amazonaws.com/photos/557913395/medium.jpg,E:\Coding_Notes\Faunari\data\raw\inat_targeted\Lycodon_travancoricus\309188650.jpg,2023-03-19
inat_targeted,309160518,Lycodon travancoricus,non_venomous,cc-by-nc,https://inaturalist-open-data.s3.amazonaws.com/photos/557857494/medium.jpg,E:\Coding_Notes\Faunari\data\raw\inat_targeted\Lycodon_travancoricus\309160518.jpg,2025-08-24
inat_targeted,308478347,Lycodon travancoricus,non_venomous,,https://static.inaturalist.org/photos/556535961/medium.jpg,E:\Coding_Notes\Faunari\data\raw\inat_targeted\Lycodon_travancoricus\308478347.jpg,2025-08-23
inat_targeted,308148059,Lycodon travancoricus,non_venomous,cc-by-nc-nd,https://inaturalist-open-data.s3.amazonaws.com/photos/555912857/medium.jpg,E:\Coding_Notes\Faunari\data\raw\inat_targeted\Lycodon_travancoricus\308148059.jpg,2025-08-09
inat_targeted,308139784,Lycodon travancoricus,non_venomous,,https://static.inaturalist.org/photos/555897110/medium.jpg,E:\Coding_Notes\Faunari\data\raw\inat_targeted\Lycodon_travancoricus\308139784.jpg,2025-08-22
inat_targeted,307435804,Lycodon travancoricus,non_venomous,cc-by-nc,https://inaturalist-open-data.s3.amazonaws.com/photos/554535663/medium.jpg,E:\Coding_Notes\Faunari\data\raw\inat_targeted\Lycodon_travancoricus\307435804.jpg,2025-08-16
inat_targeted,306816730,Lycodon travancoricus,non_venomous,cc-by-nc,https://inaturalist-open-data.s3.amazonaws.com/photos/553337983/medium.jpg,E:\Coding_Notes\Faunari\data\raw\inat_targeted\Lycodon_travancoricus\306816730.jpg,2025-08-17
inat_targeted,306773430,Lycodon travancoricus,non_venomous,cc0,https://inaturalist-open-data.s3.amazonaws.com/photos/553255254/medium.jpg,E:\Coding_Notes\Faunari\data\raw\inat_targeted\Lycodon_travancoricus\306773430.jpg,2025-08-16
inat_targeted,305493419,Lycodon travancoricus,non_venomous,,https://static.inaturalist.org/photos/550817765/medium.jpg,E:\Coding_Notes\Faunari\data\raw\inat_targeted\Lycodon_travancoricus\305493419.jpg,2025-08-09
inat_targeted,305493386,Lycodon travancoricus,non_venomous,,https://static.inaturalist.org/photos/550817162/medium.jpg,E:\Coding_Notes\Faunari\data\raw\inat_targeted\Lycodon_travancoricus\305493386.jpg,2025-08-08
inat_targeted,305225984,Lycodon travancoricus,non_venomous,,https://static.inaturalist.org/photos/550313271/medium.jpg,E:\Coding_Notes\Faunari\data\raw\inat_targeted\Lycodon_travancoricus\305225984.jpg,2025-05-09
inat_targeted,303954420,Lycodon travancoricus,non_venomous,,https://static.inaturalist.org/photos/547900308/medium.jpg,E:\Coding_Notes\Faunari\data\raw\inat_targeted\Lycodon_travancoricus\303954420.jpg,2025-07-20
inat_targeted,301973865,Lycodon travancoricus,non_venomous,cc-by-nc,https://inaturalist-open-data.s3.amazonaws.com/photos/544191425/medium.jpg,E:\Coding_Notes\Faunari\data\raw\inat_targeted\Lycodon_travancoricus\301973865.jpg,2019-05-16
inat_targeted,301540989,Lycodon travancoricus,non_venomous,cc-by-nc,https://inaturalist-open-data.s3.amazonaws.com/photos/543353327/medium.jpg,E:\Coding_Notes\Faunari\data\raw\inat_targeted\Lycodon_travancoricus\301540989.jpg,2025-07-12
inat_targeted,300356336,Lycodon travancoricus,non_venomous,cc-by-nc,https://inaturalist-open-data.s3.amazonaws.com/photos/541178289/medium.jpg,E:\Coding_Notes\Faunari\data\raw\inat_targeted\Lycodon_travancoricus\300356336.jpg,2023-03-19
inat_targeted,300144429,Lycodon travancoricus,non_venomous,cc-by-nc,https://inaturalist-open-data.s3.amazonaws.com/photos/540771151/medium.jpg,E:\Coding_Notes\Faunari\data\raw\inat_targeted\Lycodon_travancoricus\300144429.jpg,2025-07-19
inat_targeted,299466432,Lycodon travancoricus,non_venomous,,https://static.inaturalist.org/photos/539514097/medium.jpg,E:\Coding_Notes\Faunari\data\raw\inat_targeted\Lycodon_travancoricus\299466432.jpg,2025-07-19
inat_targeted,299223586,Lycodon travancoricus,non_venomous,cc-by-nc,https://inaturalist-open-data.s3.amazonaws.com/photos/539069233/medium.jpg,E:\Coding_Notes\Faunari\data\raw\inat_targeted\Lycodon_travancoricus\299223586.jpg,2025-07-15
inat_targeted,299133292,Lycodon travancoricus,non_venomous,cc-by-nc,https://inaturalist-open-data.s3.amazonaws.com/photos/538902890/medium.jpg,E:\Coding_Notes\Faunari\data\raw\inat_targeted\Lycodon_travancoricus\299133292.jpg,2025-07-16
inat_targeted,298957700,Lycodon travancoricus,non_venomous,,https://static.inaturalist.org/photos/540710062/medium.jpg,E:\Coding_Notes\Faunari\data\raw\inat_targeted\Lycodon_travancoricus\298957700.jpg,2025-07-17
inat_targeted,297778072,Lycodon travancoricus,non_venomous,cc-by-nc,https://inaturalist-open-data.s3.amazonaws.com/photos/536313042/medium.jpg,E:\Coding_Notes\Faunari\data\raw\inat_targeted\Lycodon_travancoricus\297778072.jpg,2025-07-13
inat_targeted,297237614,Lycodon travancoricus,non_venomous,cc-by-nc,https://inaturalist-open-data.s3.amazonaws.com/photos/535294828/medium.jpg,E:\Coding_Notes\Faunari\data\raw\inat_targeted\Lycodon_travancoricus\297237614.jpg,2025-07-08
inat_targeted,296959519,Lycodon travancoricus,non_venomous,,https://static.inaturalist.org/photos/534768476/medium.jpg,E:\Coding_Notes\Faunari\data\raw\inat_targeted\Lycodon_travancoricus\296959519.jpg,2025-05-31
inat_targeted,296937451,Lycodon travancoricus,non_venomous,cc-by-nc,https://inaturalist-open-data.s3.amazonaws.com/photos/534725994/medium.jpg,E:\Coding_Notes\Faunari\data\raw\inat_targeted\Lycodon_travancoricus\296937451.jpg,2025-07-10
inat_targeted,296521594,Lycodon travancoricus,non_venomous,cc-by-nc,https://inaturalist-open-data.s3.amazonaws.com/photos/533928509/medium.jpg,E:\Coding_Notes\Faunari\data\raw\inat_targeted\Lycodon_travancoricus\296521594.jpg,2025-07-09
inat_targeted,296428960,Lycodon travancoricus,non_venomous,cc-by-nc,https://inaturalist-open-data.s3.amazonaws.com/photos/533756183/medium.jpg,E:\Coding_Notes\Faunari\data\raw\inat_targeted\Lycodon_travancoricus\296428960.jpg,2025-07-09
inat_targeted,296151686,Lycodon travancoricus,non_venomous,cc-by-nc,https://inaturalist-open-data.s3.amazonaws.com/photos/533224994/medium.jpg,E:\Coding_Notes\Faunari\data\raw\inat_targeted\Lycodon_travancoricus\296151686.jpg,2025-07-08
inat_targeted,293968090,Lycodon travancoricus,non_venomous,,https://static.inaturalist.org/photos/529090684/medium.jpg,E:\Coding_Notes\Faunari\data\raw\inat_targeted\Lycodon_travancoricus\293968090.jpg,2025-06-27
inat_targeted,293826271,Lycodon travancoricus,non_venomous,cc-by-nc,https://inaturalist-open-data.s3.amazonaws.com/photos/528820069/medium.jpg,E:\Coding_Notes\Faunari\data\raw\inat_targeted\Lycodon_travancoricus\293826271.jpg,2025-06-29
inat_targeted,293447412,Lycodon travancoricus,non_venomous,cc-by-nc,https://inaturalist-open-data.s3.amazonaws.com/photos/528164416/medium.jpg,E:\Coding_Notes\Faunari\data\raw\inat_targeted\Lycodon_travancoricus\293447412.jpg,2025-06-28
inat_targeted,292324371,Lycodon travancoricus,non_venomous,cc-by-nc,https://inaturalist-open-data.s3.amazonaws.com/photos/526046739/medium.jpg,E:\Coding_Notes\Faunari\data\raw\inat_targeted\Lycodon_travancoricus\292324371.jpg,2025-03-02
inat_targeted,291773068,Lycodon travancoricus,non_venomous,cc-by-nc,https://inaturalist-open-data.s3.amazonaws.com/photos/524991557/medium.jpg,E:\Coding_Notes\Faunari\data\raw\inat_targeted\Lycodon_travancoricus\291773068.jpg,2025-06-15
inat_targeted,291689716,Lycodon travancoricus,non_venomous,,https://static.inaturalist.org/photos/526107964/medium.jpg,E:\Coding_Notes\Faunari\data\raw\inat_targeted\Lycodon_travancoricus\291689716.jpg,2025-06-21
inat_targeted,290857502,Lycodon travancoricus,non_venomous,cc-by-nc,https://inaturalist-open-data.s3.amazonaws.com/photos/523274764/medium.jpg,E:\Coding_Notes\Faunari\data\raw\inat_targeted\Lycodon_travancoricus\290857502.jpg,2025-06-19
inat_targeted,289625394,Lycodon travancoricus,non_venomous,cc-by-nc,https://inaturalist-open-data.s3.amazonaws.com/photos/520938007/medium.jpg,E:\Coding_Notes\Faunari\data\raw\inat_targeted\Lycodon_travancoricus\289625394.jpg,2025-06-15
inat_targeted,288377148,Lycodon travancoricus,non_venomous,cc-by,https://inaturalist-open-data.s3.amazonaws.com/photos/518599268/medium.jpg,E:\Coding_Notes\Faunari\data\raw\inat_targeted\Lycodon_travancoricus\288377148.jpg,2025-05-20
inat_targeted,286505607,Lycodon travancoricus,non_venomous,,https://static.inaturalist.org/photos/515077810/medium.jpg,E:\Coding_Notes\Faunari\data\raw\inat_targeted\Lycodon_travancoricus\286505607.jpg,2025-06-01
inat_targeted,286482598,Lycodon travancoricus,non_venomous,cc-by-nc,https://inaturalist-open-data.s3.amazonaws.com/photos/515032548/medium.jpg,E:\Coding_Notes\Faunari\data\raw\inat_targeted\Lycodon_travancoricus\286482598.jpg,2025-06-03
inat_targeted,285878355,Lycodon travancoricus,non_venomous,,https://static.inaturalist.org/photos/513880111/medium.jpg,E:\Coding_Notes\Faunari\data\raw\inat_targeted\Lycodon_travancoricus\285878355.jpg,2025-05-31
inat_targeted,285591618,Lycodon travancoricus,non_venomous,cc-by-nc,https://inaturalist-open-data.s3.amazonaws.com/photos/513344821/medium.jpg,E:\Coding_Notes\Faunari\data\raw\inat_targeted\Lycodon_travancoricus\285591618.jpg,2025-05-31
inat_targeted,284859691,Lycodon travancoricus,non_venomous,cc-by-nc,https://inaturalist-open-data.s3.amazonaws.com/photos/511981579/medium.jpg,E:\Coding_Notes\Faunari\data\raw\inat_targeted\Lycodon_travancoricus\284859691.jpg,2025-05-28
inat_targeted,284483134,Lycodon travancoricus,non_venomous,cc-by-nc,https://inaturalist-open-data.s3.amazonaws.com/photos/511273208/medium.jpg,E:\Coding_Notes\Faunari\data\raw\inat_targeted\Lycodon_travancoricus\284483134.jpg,2025-05-25
inat_targeted,283994680,Lycodon travancoricus,non_venomous,,https://static.inaturalist.org/photos/510333922/medium.jpg,E:\Coding_Notes\Faunari\data\raw\inat_targeted\Lycodon_travancoricus\283994680.jpg,2025-05-25
inat_targeted,283827227,Lycodon travancoricus,non_venomous,,https://static.inaturalist.org/photos/510030580/medium.jpg,E:\Coding_Notes\Faunari\data\raw\inat_targeted\Lycodon_travancoricus\283827227.jpg,2025-05-24
inat_targeted,282436611,Lycodon travancoricus,non_venomous,,https://static.inaturalist.org/photos/507426886/medium.jpg,E:\Coding_Notes\Faunari\data\raw\inat_targeted\Lycodon_travancoricus\282436611.jpg,2018-03-12
inat_targeted,282112018,Lycodon travancoricus,non_venomous,cc-by,https://inaturalist-open-data.s3.amazonaws.com/photos/506819980/medium.jpg,E:\Coding_Notes\Faunari\data\raw\inat_targeted\Lycodon_travancoricus\282112018.jpg,2025-05-18
inat_targeted,281550793,Lycodon travancoricus,non_venomous,cc-by,https://inaturalist-open-data.s3.amazonaws.com/photos/505783547/medium.jpg,E:\Coding_Notes\Faunari\data\raw\inat_targeted\Lycodon_travancoricus\281550793.jpg,2025-05-16
inat_targeted,281209061,Lycodon travancoricus,non_venomous,cc-by,https://inaturalist-open-data.s3.amazonaws.com/photos/505137284/medium.jpg,E:\Coding_Notes\Faunari\data\raw\inat_targeted\Lycodon_travancoricus\281209061.jpg,2025-05-15
inat_targeted,278895632,Lycodon travancoricus,non_venomous,cc-by,https://inaturalist-open-data.s3.amazonaws.com/photos/500796714/medium.jpg,E:\Coding_Notes\Faunari\data\raw\inat_targeted\Lycodon_travancoricus\278895632.jpg,2015-06-15
inat_targeted,277286638,Lycodon travancoricus,non_venomous,cc-by,https://inaturalist-open-data.s3.amazonaws.com/photos/497906271/medium.jpg,E:\Coding_Notes\Faunari\data\raw\inat_targeted\Lycodon_travancoricus\277286638.jpg,2025-05-01
inat_targeted,275826709,Lycodon travancoricus,non_venomous,,https://static.inaturalist.org/photos/495518958/medium.jpeg,E:\Coding_Notes\Faunari\data\raw\inat_targeted\Lycodon_travancoricus\275826709.jpg,2025-04-28
inat_targeted,273162066,Lycodon travancoricus,non_venomous,,https://static.inaturalist.org/photos/491021025/medium.jpeg,E:\Coding_Notes\Faunari\data\raw\inat_targeted\Lycodon_travancoricus\273162066.jpg,2023-07-18
inat_targeted,271732795,Lycodon travancoricus,non_venomous,cc-by-nc,https://inaturalist-open-data.s3.amazonaws.com/photos/488811718/medium.jpg,E:\Coding_Notes\Faunari\data\raw\inat_targeted\Lycodon_travancoricus\271732795.jpg,2025-04-19
inat_targeted,266721535,Lycodon travancoricus,non_venomous,,https://static.inaturalist.org/photos/479238902/medium.jpeg,E:\Coding_Notes\Faunari\data\raw\inat_targeted\Lycodon_travancoricus\266721535.jpg,2020-12-02
inat_targeted,266316345,Lycodon travancoricus,non_venomous,cc-by-nc,https://inaturalist-open-data.s3.amazonaws.com/photos/478485379/medium.jpeg,E:\Coding_Notes\Faunari\data\raw\inat_targeted\Lycodon_travancoricus\266316345.jpg,2025-03-22
inat_targeted,265521211,Lycodon travancoricus,non_venomous,cc-by-nc,https://inaturalist-open-data.s3.amazonaws.com/photos/476947686/medium.jpeg,E:\Coding_Notes\Faunari\data\raw\inat_targeted\Lycodon_travancoricus\265521211.jpg,2025-02-27
inat_targeted,264170100,Lycodon travancoricus,non_venomous,,https://static.inaturalist.org/photos/476979231/medium.jpeg,E:\Coding_Notes\Faunari\data\raw\inat_targeted\Lycodon_travancoricus\264170100.jpg,2025-03-06
inat_targeted,263982922,Lycodon travancoricus,non_venomous,,https://static.inaturalist.org/photos/474333570/medium.jpeg,E:\Coding_Notes\Faunari\data\raw\inat_targeted\Lycodon_travancoricus\263982922.jpg,2025-02-24
inat_targeted,263327477,Lycodon travancoricus,non_venomous,,https://static.inaturalist.org/photos/473043806/medium.jpeg,E:\Coding_Notes\Faunari\data\raw\inat_targeted\Lycodon_travancoricus\263327477.jpg,2025-02-28
inat_targeted,262899991,Lycodon travancoricus,non_venomous,cc-by-nc,https://inaturalist-open-data.s3.amazonaws.com/photos/472194384/medium.jpeg,E:\Coding_Notes\Faunari\data\raw\inat_targeted\Lycodon_travancoricus\262899991.jpg,2025-02-22
inat_targeted,261306044,Lycodon travancoricus,non_venomous,cc-by-nc,https://inaturalist-open-data.s3.amazonaws.com/photos/469425290/medium.jpg,E:\Coding_Notes\Faunari\data\raw\inat_targeted\Lycodon_travancoricus\261306044.jpg,2025-02-11
inat_targeted,259536122,Lycodon travancoricus,non_venomous,cc-by-nc,https://inaturalist-open-data.s3.amazonaws.com/photos/465911304/medium.jpg,E:\Coding_Notes\Faunari\data\raw\inat_targeted\Lycodon_travancoricus\259536122.jpg,2025-01-25
inat_targeted,259054836,Lycodon travancoricus,non_venomous,cc-by-nc,https://inaturalist-open-data.s3.amazonaws.com/photos/464941285/medium.jpeg,E:\Coding_Notes\Faunari\data\raw\inat_targeted\Lycodon_travancoricus\259054836.jpg,2025-01-20
inat_targeted,258936224,Lycodon travancoricus,non_venomous,cc-by-nc,https://inaturalist-open-data.s3.amazonaws.com/photos/464699371/medium.jpeg,E:\Coding_Notes\Faunari\data\raw\inat_targeted\Lycodon_travancoricus\258936224.jpg,2025-01-18
inat_targeted,258907555,Lycodon travancoricus,non_venomous,,https://static.inaturalist.org/photos/464638502/medium.jpeg,E:\Coding_Notes\Faunari\data\raw\inat_targeted\Lycodon_travancoricus\258907555.jpg,2025-01-19
inat_targeted,258765316,Lycodon travancoricus,non_venomous,cc-by-nc,https://inaturalist-open-data.s3.amazonaws.com/photos/464350612/medium.jpeg,E:\Coding_Notes\Faunari\data\raw\inat_targeted\Lycodon_travancoricus\258765316.jpg,2025-01-17
inat_targeted,258651361,Lycodon travancoricus,non_venomous,cc-by-nc,https://inaturalist-open-data.s3.amazonaws.com/photos/464119205/medium.jpeg,E:\Coding_Notes\Faunari\data\raw\inat_targeted\Lycodon_travancoricus\258651361.jpg,2024-12-29
inat_targeted,258368559,Lycodon travancoricus,non_venomous,cc-by-sa,https://inaturalist-open-data.s3.amazonaws.com/photos/463537936/medium.jpg,E:\Coding_Notes\Faunari\data\raw\inat_targeted\Lycodon_travancoricus\258368559.jpg,2024-12-23
inat_targeted,256885025,Lycodon travancoricus,non_venomous,,https://static.inaturalist.org/photos/460680095/medium.jpeg,E:\Coding_Notes\Faunari\data\raw\inat_targeted\Lycodon_travancoricus\256885025.jpg,2024-12-29
inat_targeted,256468272,Lycodon travancoricus,non_venomous,,https://static.inaturalist.org/photos/459843042/medium.jpeg,E:\Coding_Notes\Faunari\data\raw\inat_targeted\Lycodon_travancoricus\256468272.jpg,2024-12-28
inat_targeted,256359301,Lycodon travancoricus,non_venomous,cc-by-nc,https://inaturalist-open-data.s3.amazonaws.com/photos/459620125/medium.jpeg,E:\Coding_Notes\Faunari\data\raw\inat_targeted\Lycodon_travancoricus\256359301.jpg,2024-12-26
inat_targeted,255103082,Lycodon travancoricus,non_venomous,cc-by-nc,https://inaturalist-open-data.s3.amazonaws.com/photos/457088193/medium.jpeg,E:\Coding_Notes\Faunari\data\raw\inat_targeted\Lycodon_travancoricus\255103082.jpg,2024-06-23
inat_targeted,255091261,Lycodon travancoricus,non_venomous,cc-by-nc,https://inaturalist-open-data.s3.amazonaws.com/photos/457065932/medium.jpeg,E:\Coding_Notes\Faunari\data\raw\inat_targeted\Lycodon_travancoricus\255091261.jpg,2024-06-19
inat_targeted,254309141,Lycodon travancoricus,non_venomous,cc-by-nc,https://inaturalist-open-data.s3.amazonaws.com/photos/455487829/medium.jpeg,E:\Coding_Notes\Faunari\data\raw\inat_targeted\Lycodon_travancoricus\254309141.jpg,2024-12-04
inat_targeted,254188198,Lycodon travancoricus,non_venomous,cc0,https://inaturalist-open-data.s3.amazonaws.com/photos/455243454/medium.jpeg,E:\Coding_Notes\Faunari\data\raw\inat_targeted\Lycodon_travancoricus\254188198.jpg,2024-11-03
inat_targeted,254075159,Lycodon travancoricus,non_venomous,cc-by-nc,https://inaturalist-open-data.s3.amazonaws.com/photos/455016463/medium.jpeg,E:\Coding_Notes\Faunari\data\raw\inat_targeted\Lycodon_travancoricus\254075159.jpg,2023-06-14
inat_targeted,253710668,Lycodon travancoricus,non_venomous,cc-by-nc,https://inaturalist-open-data.s3.amazonaws.com/photos/454331166/medium.jpg,E:\Coding_Notes\Faunari\data\raw\inat_targeted\Lycodon_travancoricus\253710668.jpg,2024-03-08
inat_targeted,253411618,Lycodon travancoricus,non_venomous,,https://static.inaturalist.org/photos/453737910/medium.jpeg,E:\Coding_Notes\Faunari\data\raw\inat_targeted\Lycodon_travancoricus\253411618.jpg,2024-11-28
inat_targeted,252671787,Lycodon travancoricus,non_venomous,,https://static.inaturalist.org/photos/452347337/medium.jpeg,E:\Coding_Notes\Faunari\data\raw\inat_targeted\Lycodon_travancoricus\252671787.jpg,2024-11-10
inat_targeted,252496280,Lycodon travancoricus,non_venomous,cc-by-nc,https://inaturalist-open-data.s3.amazonaws.com/photos/452013694/medium.jpg,E:\Coding_Notes\Faunari\data\raw\inat_targeted\Lycodon_travancoricus\252496280.jpg,2024-08-16
inat_targeted,252136512,Lycodon travancoricus,non_venomous,cc-by-nc,https://inaturalist-open-data.s3.amazonaws.com/photos/451294705/medium.jpg,E:\Coding_Notes\Faunari\data\raw\inat_targeted\Lycodon_travancoricus\252136512.jpg,2024-08-24
inat_targeted,252135995,Lycodon travancoricus,non_venomous,cc-by-nc,https://inaturalist-open-data.s3.amazonaws.com/photos/451293489/medium.jpg,E:\Coding_Notes\Faunari\data\raw\inat_targeted\Lycodon_travancoricus\252135995.jpg,2024-04-28
inat_targeted,252135474,Lycodon travancoricus,non_venomous,cc-by-nc,https://inaturalist-open-data.s3.amazonaws.com/photos/451292463/medium.jpg,E:\Coding_Notes\Faunari\data\raw\inat_targeted\Lycodon_travancoricus\252135474.jpg,2024-06-07
inat_targeted,251788680,Lycodon travancoricus,non_venomous,,https://static.inaturalist.org/photos/450595890/medium.jpeg,E:\Coding_Notes\Faunari\data\raw\inat_targeted\Lycodon_travancoricus\251788680.jpg,2024-05-10
inat_targeted,251124249,Lycodon travancoricus,non_venomous,cc-by,https://inaturalist-open-data.s3.amazonaws.com/photos/449275150/medium.jpeg,E:\Coding_Notes\Faunari\data\raw\inat_targeted\Lycodon_travancoricus\251124249.jpg,2024-02-08
inat_targeted,250570108,Lycodon travancoricus,non_venomous,,https://static.inaturalist.org/photos/448164161/medium.jpeg,E:\Coding_Notes\Faunari\data\raw\inat_targeted\Lycodon_travancoricus\250570108.jpg,2024-11-03
inat_targeted,250002636,Lycodon travancoricus,non_venomous,cc-by-nc,https://inaturalist-open-data.s3.amazonaws.com/photos/447018009/medium.jpg,E:\Coding_Notes\Faunari\data\raw\inat_targeted\Lycodon_travancoricus\250002636.jpg,2024-10-27
inat_targeted,249855512,Lycodon travancoricus,non_venomous,,https://static.inaturalist.org/photos/446728443/medium.jpeg,E:\Coding_Notes\Faunari\data\raw\inat_targeted\Lycodon_travancoricus\249855512.jpg,2024-09-07
inat_targeted,249507895,Lycodon travancoricus,non_venomous,,https://static.inaturalist.org/photos/446029771/medium.jpg,E:\Coding_Notes\Faunari\data\raw\inat_targeted\Lycodon_travancoricus\249507895.jpg,2024-10-25
inat_targeted,248302935,Lycodon travancoricus,non_venomous,,https://static.inaturalist.org/photos/443634491/medium.jpeg,E:\Coding_Notes\Faunari\data\raw\inat_targeted\Lycodon_travancoricus\248302935.jpg,2024-10-20
inat_targeted,247440197,Lycodon travancoricus,non_venomous,,https://static.inaturalist.org/photos/441936572/medium.jpeg,E:\Coding_Notes\Faunari\data\raw\inat_targeted\Lycodon_travancoricus\247440197.jpg,2014-08-18
inat_targeted,247332843,Lycodon travancoricus,non_venomous,cc-by-nc,https://inaturalist-open-data.s3.amazonaws.com/photos/441719049/medium.jpeg,E:\Coding_Notes\Faunari\data\raw\inat_targeted\Lycodon_travancoricus\247332843.jpg,2024-10-14
inat_targeted,246325633,Lycodon travancoricus,non_venomous,cc-by-nc,https://inaturalist-open-data.s3.amazonaws.com/photos/439725632/medium.jpeg,E:\Coding_Notes\Faunari\data\raw\inat_targeted\Lycodon_travancoricus\246325633.jpg,2024-10-08
inat_targeted,245898937,Lycodon travancoricus,non_venomous,,https://static.inaturalist.org/photos/438879873/medium.jpeg,E:\Coding_Notes\Faunari\data\raw\inat_targeted\Lycodon_travancoricus\245898937.jpg,2024-06-29
inat_targeted,245050971,Lycodon travancoricus,non_venomous,cc-by-nc,https://inaturalist-open-data.s3.amazonaws.com/photos/437216160/medium.jpeg,E:\Coding_Notes\Faunari\data\raw\inat_targeted\Lycodon_travancoricus\245050971.jpg,2024-09-27
inat_targeted,244948847,Lycodon travancoricus,non_venomous,cc-by-nc,https://inaturalist-open-data.s3.amazonaws.com/photos/437016728/medium.jpg,E:\Coding_Notes\Faunari\data\raw\inat_targeted\Lycodon_travancoricus\244948847.jpg,2024-09-27
inat_targeted,244104242,Lycodon travancoricus,non_venomous,,https://static.inaturalist.org/photos/435381705/medium.jpg,E:\Coding_Notes\Faunari\data\raw\inat_targeted\Lycodon_travancoricus\244104242.jpg,2024-09-21
inat_targeted,241399807,Lycodon travancoricus,non_venomous,,https://static.inaturalist.org/photos/430225644/medium.jpeg,E:\Coding_Notes\Faunari\data\raw\inat_targeted\Lycodon_travancoricus\241399807.jpg,2023-12-14
inat_targeted,240321211,Lycodon travancoricus,non_venomous,,https://static.inaturalist.org/photos/428144118/medium.jpeg,E:\Coding_Notes\Faunari\data\raw\inat_targeted\Lycodon_travancoricus\240321211.jpg,2024-08-28
inat_targeted,239634192,Lycodon travancoricus,non_venomous,,https://static.inaturalist.org/photos/426826326/medium.jpeg,E:\Coding_Notes\Faunari\data\raw\inat_targeted\Lycodon_travancoricus\239634192.jpg,2024-09-03
inat_targeted,239338341,Lycodon travancoricus,non_venomous,cc-by-nc,https://inaturalist-open-data.s3.amazonaws.com/photos/426249324/medium.jpg,E:\Coding_Notes\Faunari\data\raw\inat_targeted\Lycodon_travancoricus\239338341.jpg,2023-09-27
inat_targeted,238518824,Lycodon travancoricus,non_venomous,cc-by-nc,https://inaturalist-open-data.s3.amazonaws.com/photos/424652591/medium.jpeg,E:\Coding_Notes\Faunari\data\raw\inat_targeted\Lycodon_travancoricus\238518824.jpg,2024-08-29
inat_targeted,238439125,Lycodon travancoricus,non_venomous,cc-by-nc,https://inaturalist-open-data.s3.amazonaws.com/photos/424500906/medium.jpeg,E:\Coding_Notes\Faunari\data\raw\inat_targeted\Lycodon_travancoricus\238439125.jpg,2024-08-28
inat_targeted,238436721,Lycodon travancoricus,non_venomous,cc-by-nc,https://inaturalist-open-data.s3.amazonaws.com/photos/424495914/medium.jpeg,E:\Coding_Notes\Faunari\data\raw\inat_targeted\Lycodon_travancoricus\238436721.jpg,2024-08-28
inat_targeted,237033747,Lycodon travancoricus,non_venomous,,https://static.inaturalist.org/photos/421788965/medium.jpeg,E:\Coding_Notes\Faunari\data\raw\inat_targeted\Lycodon_travancoricus\237033747.jpg,2024-08-20
inat_targeted,236854666,Lycodon travancoricus,non_venomous,cc-by-nc,https://inaturalist-open-data.s3.amazonaws.com/photos/421444552/medium.jpeg,E:\Coding_Notes\Faunari\data\raw\inat_targeted\Lycodon_travancoricus\236854666.jpg,2024-08-16
inat_targeted,236853350,Lycodon travancoricus,non_venomous,,https://static.inaturalist.org/photos/421442786/medium.jpeg,E:\Coding_Notes\Faunari\data\raw\inat_targeted\Lycodon_travancoricus\236853350.jpg,2024-08-20
inat_targeted,236210279,Lycodon travancoricus,non_venomous,cc-by-nc,https://inaturalist-open-data.s3.amazonaws.com/photos/420208091/medium.jpeg,E:\Coding_Notes\Faunari\data\raw\inat_targeted\Lycodon_travancoricus\236210279.jpg,2024-08-17
inat_targeted,236104270,Lycodon travancoricus,non_venomous,cc-by-nc,https://inaturalist-open-data.s3.amazonaws.com/photos/419998776/medium.jpeg,E:\Coding_Notes\Faunari\data\raw\inat_targeted\Lycodon_travancoricus\236104270.jpg,2024-08-15
inat_targeted,235659656,Lycodon travancoricus,non_venomous,,https://static.inaturalist.org/photos/418993092/medium.png,E:\Coding_Notes\Faunari\data\raw\inat_targeted\Lycodon_travancoricus\235659656.jpg,2024-08-12
inat_targeted,234704692,Lycodon travancoricus,non_venomous,cc-by-nc,https://inaturalist-open-data.s3.amazonaws.com/photos/417287660/medium.jpg,E:\Coding_Notes\Faunari\data\raw\inat_targeted\Lycodon_travancoricus\234704692.jpg,2024-01-16
inat_targeted,233762285,Lycodon travancoricus,non_venomous,,https://static.inaturalist.org/photos/415474987/medium.jpeg,E:\Coding_Notes\Faunari\data\raw\inat_targeted\Lycodon_travancoricus\233762285.jpg,2024-08-04
inat_targeted,229625415,Lycodon travancoricus,non_venomous,,https://static.inaturalist.org/photos/407622820/medium.jpeg,E:\Coding_Notes\Faunari\data\raw\inat_targeted\Lycodon_travancoricus\229625415.jpg,2022-10-18
inat_targeted,229458489,Lycodon travancoricus,non_venomous,cc-by,https://inaturalist-open-data.s3.amazonaws.com/photos/407306423/medium.jpg,E:\Coding_Notes\Faunari\data\raw\inat_targeted\Lycodon_travancoricus\229458489.jpg,2024-06-23
inat_targeted,228281779,Lycodon travancoricus,non_venomous,cc-by,https://inaturalist-open-data.s3.amazonaws.com/photos/405063498/medium.jpeg,E:\Coding_Notes\Faunari\data\raw\inat_targeted\Lycodon_travancoricus\228281779.jpg,2024-06-19
inat_targeted,227995510,Lycodon travancoricus,non_venomous,,https://static.inaturalist.org/photos/404537420/medium.jpeg,E:\Coding_Notes\Faunari\data\raw\inat_targeted\Lycodon_travancoricus\227995510.jpg,2024-05-24
inat_targeted,227538560,Lycodon travancoricus,non_venomous,cc-by-nc,https://inaturalist-open-data.s3.amazonaws.com/photos/403669372/medium.jpeg,E:\Coding_Notes\Faunari\data\raw\inat_targeted\Lycodon_travancoricus\227538560.jpg,2024-07-06
inat_targeted,227535285,Lycodon travancoricus,non_venomous,cc-by-nc,https://inaturalist-open-data.s3.amazonaws.com/photos/403663224/medium.jpg,E:\Coding_Notes\Faunari\data\raw\inat_targeted\Lycodon_travancoricus\227535285.jpg,2024-07-05
inat_targeted,227342766,Lycodon travancoricus,non_venomous,cc0,https://inaturalist-open-data.s3.amazonaws.com/photos/403296646/medium.jpg,E:\Coding_Notes\Faunari\data\raw\inat_targeted\Lycodon_travancoricus\227342766.jpg,2024-07-05
inat_targeted,227297242,Lycodon travancoricus,non_venomous,cc-by-nc,https://inaturalist-open-data.s3.amazonaws.com/photos/403213315/medium.jpeg,E:\Coding_Notes\Faunari\data\raw\inat_targeted\Lycodon_travancoricus\227297242.jpg,2024-07-05
inat_targeted,227027135,Lycodon travancoricus,non_venomous,,https://static.inaturalist.org/photos/402704535/medium.jpeg,E:\Coding_Notes\Faunari\data\raw\inat_targeted\Lycodon_travancoricus\227027135.jpg,2024-07-03
inat_targeted,226421464,Lycodon travancoricus,non_venomous,,https://static.inaturalist.org/photos/401559935/medium.jpeg,E:\Coding_Notes\Faunari\data\raw\inat_targeted\Lycodon_travancoricus\226421464.jpg,2024-06-30
inat_targeted,226268517,Lycodon travancoricus,non_venomous,cc-by-nc,https://inaturalist-open-data.s3.amazonaws.com/photos/401263961/medium.jpeg,E:\Coding_Notes\Faunari\data\raw\inat_targeted\Lycodon_travancoricus\226268517.jpg,2024-06-15
inat_targeted,225685813,Lycodon travancoricus,non_venomous,cc-by-nc,https://inaturalist-open-data.s3.amazonaws.com/photos/400166424/medium.jpg,E:\Coding_Notes\Faunari\data\raw\inat_targeted\Lycodon_travancoricus\225685813.jpg,2024-06-22
inat_targeted,225482728,Lycodon travancoricus,non_venomous,cc-by-nc,https://inaturalist-open-data.s3.amazonaws.com/photos/399781402/medium.jpeg,E:\Coding_Notes\Faunari\data\raw\inat_targeted\Lycodon_travancoricus\225482728.jpg,2023-12-03
inat_targeted,225247460,Lycodon travancoricus,non_venomous,cc-by-nc,https://inaturalist-open-data.s3.amazonaws.com/photos/399331505/medium.jpg,E:\Coding_Notes\Faunari\data\raw\inat_targeted\Lycodon_travancoricus\225247460.jpg,2024-06-19
inat_targeted,225024027,Lycodon travancoricus,non_venomous,,https://static.inaturalist.org/photos/398908149/medium.jpeg,E:\Coding_Notes\Faunari\data\raw\inat_targeted\Lycodon_travancoricus\225024027.jpg,2024-06-22
inat_targeted,224025223,Lycodon travancoricus,non_venomous,,https://static.inaturalist.org/photos/396998765/medium.jpg,E:\Coding_Notes\Faunari\data\raw\inat_targeted\Lycodon_travancoricus\224025223.jpg,2024-06-16
inat_targeted,223480989,Lycodon travancoricus,non_venomous,cc-by-nc,https://inaturalist-open-data.s3.amazonaws.com/photos/395988189/medium.jpeg,E:\Coding_Notes\Faunari\data\raw\inat_targeted\Lycodon_travancoricus\223480989.jpg,2024-06-15
inat_targeted,223279193,Lycodon travancoricus,non_venomous,cc-by-nc,https://inaturalist-open-data.s3.amazonaws.com/photos/395604303/medium.jpg,E:\Coding_Notes\Faunari\data\raw\inat_targeted\Lycodon_travancoricus\223279193.jpg,2024-06-16
inat_targeted,223278927,Lycodon travancoricus,non_venomous,cc-by-nc,https://inaturalist-open-data.s3.amazonaws.com/photos/395603913/medium.jpg,E:\Coding_Notes\Faunari\data\raw\inat_targeted\Lycodon_travancoricus\223278927.jpg,2024-06-16
inat_targeted,222424110,Lycodon travancoricus,non_venomous,,https://static.inaturalist.org/photos/394002678/medium.jpeg,E:\Coding_Notes\Faunari\data\raw\inat_targeted\Lycodon_travancoricus\222424110.jpg,2024-06-04
inat_targeted,222265801,Lycodon travancoricus,non_venomous,cc-by,https://inaturalist-open-data.s3.amazonaws.com/photos/393698356/medium.jpeg,E:\Coding_Notes\Faunari\data\raw\inat_targeted\Lycodon_travancoricus\222265801.jpg,2024-06-12
inat_targeted,220195174,Lycodon travancoricus,non_venomous,cc-by-nc,https://inaturalist-open-data.s3.amazonaws.com/photos/389830036/medium.jpg,E:\Coding_Notes\Faunari\data\raw\inat_targeted\Lycodon_travancoricus\220195174.jpg,2024-06-03
inat_targeted,220018262,Lycodon travancoricus,non_venomous,cc-by-nc,https://inaturalist-open-data.s3.amazonaws.com/photos/389489784/medium.jpg,E:\Coding_Notes\Faunari\data\raw\inat_targeted\Lycodon_travancoricus\220018262.jpg,2024-06-01
inat_targeted,218915033,Lycodon travancoricus,non_venomous,cc-by-nc,https://inaturalist-open-data.s3.amazonaws.com/photos/387427065/medium.jpeg,E:\Coding_Notes\Faunari\data\raw\inat_targeted\Lycodon_travancoricus\218915033.jpg,2024-03-03
inat_targeted,218345798,Lycodon travancoricus,non_venomous,cc-by-nc,https://inaturalist-open-data.s3.amazonaws.com/photos/386365575/medium.jpeg,E:\Coding_Notes\Faunari\data\raw\inat_targeted\Lycodon_travancoricus\218345798.jpg,2024-05-21
inat_targeted,218084206,Lycodon travancoricus,non_venomous,cc-by-nc,https://inaturalist-open-data.s3.amazonaws.com/photos/385881302/medium.jpg,E:\Coding_Notes\Faunari\data\raw\inat_targeted\Lycodon_travancoricus\218084206.jpg,2024-05-24
inat_targeted,218083411,Lycodon travancoricus,non_venomous,cc-by-nc,https://inaturalist-open-data.s3.amazonaws.com/photos/385879916/medium.jpg,E:\Coding_Notes\Faunari\data\raw\inat_targeted\Lycodon_travancoricus\218083411.jpg,2024-05-24
inat_targeted,217109701,Lycodon travancoricus,non_venomous,cc-by-nc,https://inaturalist-open-data.s3.amazonaws.com/photos/384040883/medium.jpeg,E:\Coding_Notes\Faunari\data\raw\inat_targeted\Lycodon_travancoricus\217109701.jpg,2024-05-20
inat_targeted,212730686,Lycodon travancoricus,non_venomous,cc-by-nc,https://inaturalist-open-data.s3.amazonaws.com/photos/375927903/medium.jpeg,E:\Coding_Notes\Faunari\data\raw\inat_targeted\Lycodon_travancoricus\212730686.jpg,2023-08-28
inat_targeted,212726143,Lycodon travancoricus,non_venomous,cc-by-nc,https://inaturalist-open-data.s3.amazonaws.com/photos/375919563/medium.jpeg,E:\Coding_Notes\Faunari\data\raw\inat_targeted\Lycodon_travancoricus\212726143.jpg,2023-08-28
inat_targeted,210046725,Lycodon travancoricus,non_venomous,,https://static.inaturalist.org/photos/371597261/medium.jpeg,E:\Coding_Notes\Faunari\data\raw\inat_targeted\Lycodon_travancoricus\210046725.jpg,2012-06-23
inat_targeted,208073449,Lycodon travancoricus,non_venomous,,https://static.inaturalist.org/photos/368114345/medium.jpeg,E:\Coding_Notes\Faunari\data\raw\inat_targeted\Lycodon_travancoricus\208073449.jpg,2024-04-18
inat_targeted,205500981,Lycodon travancoricus,non_venomous,,https://static.inaturalist.org/photos/363373360/medium.jpeg,E:\Coding_Notes\Faunari\data\raw\inat_targeted\Lycodon_travancoricus\205500981.jpg,2014-01-18
inat_targeted,204229391,Lycodon travancoricus,non_venomous,,https://static.inaturalist.org/photos/360958206/medium.jpeg,E:\Coding_Notes\Faunari\data\raw\inat_targeted\Lycodon_travancoricus\204229391.jpg,2020-08-05
inat_targeted,203443787,Lycodon travancoricus,non_venomous,,https://static.inaturalist.org/photos/359450408/medium.jpeg,E:\Coding_Notes\Faunari\data\raw\inat_targeted\Lycodon_travancoricus\203443787.jpg,2020-08-08
inat_targeted,203324184,Lycodon travancoricus,non_venomous,,https://static.inaturalist.org/photos/359220777/medium.jpeg,E:\Coding_Notes\Faunari\data\raw\inat_targeted\Lycodon_travancoricus\203324184.jpg,2024-01-08
inat_targeted,199880650,Lycodon travancoricus,non_venomous,cc-by-nc,https://inaturalist-open-data.s3.amazonaws.com/photos/352554862/medium.jpeg,E:\Coding_Notes\Faunari\data\raw\inat_targeted\Lycodon_travancoricus\199880650.jpg,2024-02-18
inat_targeted,199322047,Lycodon travancoricus,non_venomous,cc-by-nc,https://inaturalist-open-data.s3.amazonaws.com/photos/351494846/medium.jpg,E:\Coding_Notes\Faunari\data\raw\inat_targeted\Lycodon_travancoricus\199322047.jpg,2022-10-15
inat_targeted,198804057,Lycodon travancoricus,non_venomous,cc-by-nc,https://inaturalist-open-data.s3.amazonaws.com/photos/350472798/medium.jpg,E:\Coding_Notes\Faunari\data\raw\inat_targeted\Lycodon_travancoricus\198804057.jpg,2016-08-28
inat_targeted,198803835,Lycodon travancoricus,non_venomous,cc-by-nc,https://inaturalist-open-data.s3.amazonaws.com/photos/350472131/medium.jpg,E:\Coding_Notes\Faunari\data\raw\inat_targeted\Lycodon_travancoricus\198803835.jpg,2016-08-28
inat_targeted,198793893,Lycodon travancoricus,non_venomous,cc-by,https://inaturalist-open-data.s3.amazonaws.com/photos/350453366/medium.jpeg,E:\Coding_Notes\Faunari\data\raw\inat_targeted\Lycodon_travancoricus\198793893.jpg,2024-02-08
inat_targeted,198707589,Lycodon travancoricus,non_venomous,,https://static.inaturalist.org/photos/350288987/medium.jpg,E:\Coding_Notes\Faunari\data\raw\inat_targeted\Lycodon_travancoricus\198707589.jpg,2024-02-06
inat_targeted,198201175,Lycodon travancoricus,non_venomous,cc-by-nc,https://inaturalist-open-data.s3.amazonaws.com/photos/349281776/medium.jpg,E:\Coding_Notes\Faunari\data\raw\inat_targeted\Lycodon_travancoricus\198201175.jpg,2024-02-01
inat_targeted,198177903,Lycodon travancoricus,non_venomous,cc-by-nc,https://inaturalist-open-data.s3.amazonaws.com/photos/349233454/medium.jpg,E:\Coding_Notes\Faunari\data\raw\inat_targeted\Lycodon_travancoricus\198177903.jpg,2024-02-02
inat_targeted,196827233,Lycodon travancoricus,non_venomous,,https://static.inaturalist.org/photos/346506277/medium.jpeg,E:\Coding_Notes\Faunari\data\raw\inat_targeted\Lycodon_travancoricus\196827233.jpg,2024-01-16
inat_targeted,195928300,Lycodon travancoricus,non_venomous,cc-by,https://inaturalist-open-data.s3.amazonaws.com/photos/344817003/medium.jpeg,E:\Coding_Notes\Faunari\data\raw\inat_targeted\Lycodon_travancoricus\195928300.jpg,2023-12-14
inat_targeted,195260152,Lycodon travancoricus,non_venomous,,https://static.inaturalist.org/photos/343462789/medium.jpg,E:\Coding_Notes\Faunari\data\raw\inat_targeted\Lycodon_travancoricus\195260152.jpg,2023-12-25
inat_targeted,195073397,Lycodon travancoricus,non_venomous,cc-by,https://inaturalist-open-data.s3.amazonaws.com/photos/343083238/medium.jpg,E:\Coding_Notes\Faunari\data\raw\inat_targeted\Lycodon_travancoricus\195073397.jpg,2023-12-28
inat_targeted,194431186,Lycodon travancoricus,non_venomous,cc-by-nc,https://inaturalist-open-data.s3.amazonaws.com/photos/341766194/medium.jpeg,E:\Coding_Notes\Faunari\data\raw\inat_targeted\Lycodon_travancoricus\194431186.jpg,2016-11-01
inat_targeted,194367041,Lycodon travancoricus,non_venomous,cc-by-nc,https://inaturalist-open-data.s3.amazonaws.com/photos/341638567/medium.jpeg,E:\Coding_Notes\Faunari\data\raw\inat_targeted\Lycodon_travancoricus\194367041.jpg,2023-12-17
inat_targeted,194084413,Lycodon travancoricus,non_venomous,,https://static.inaturalist.org/photos/341061572/medium.jpeg,E:\Coding_Notes\Faunari\data\raw\inat_targeted\Lycodon_travancoricus\194084413.jpg,2023-12-15
inat_targeted,194007294,Lycodon travancoricus,non_venomous,,https://static.inaturalist.org/photos/340910163/medium.jpeg,E:\Coding_Notes\Faunari\data\raw\inat_targeted\Lycodon_travancoricus\194007294.jpg,2023-12-14
inat_targeted,194002007,Lycodon travancoricus,non_venomous,cc-by,https://inaturalist-open-data.s3.amazonaws.com/photos/340899843/medium.jpg,E:\Coding_Notes\Faunari\data\raw\inat_targeted\Lycodon_travancoricus\194002007.jpg,2023-11-28
inat_targeted,193945517,Lycodon travancoricus,non_venomous,,https://static.inaturalist.org/photos/340784686/medium.jpeg,E:\Coding_Notes\Faunari\data\raw\inat_targeted\Lycodon_travancoricus\193945517.jpg,2023-12-10
inat_targeted,193936195,Lycodon travancoricus,non_venomous,cc-by-nc,https://inaturalist-open-data.s3.amazonaws.com/photos/340764459/medium.jpg,E:\Coding_Notes\Faunari\data\raw\inat_targeted\Lycodon_travancoricus\193936195.jpg,2023-11-19
inat_targeted,193795319,Lycodon travancoricus,non_venomous,,https://static.inaturalist.org/photos/340482756/medium.jpeg,E:\Coding_Notes\Faunari\data\raw\inat_targeted\Lycodon_travancoricus\193795319.jpg,2023-12-04
inat_targeted,193400657,Lycodon travancoricus,non_venomous,cc-by-nc,https://inaturalist-open-data.s3.amazonaws.com/photos/339740837/medium.jpg,E:\Coding_Notes\Faunari\data\raw\inat_targeted\Lycodon_travancoricus\193400657.jpg,2023-12-08
inat_targeted,192354508,Lycodon travancoricus,non_venomous,cc-by-nc,https://inaturalist-open-data.s3.amazonaws.com/photos/337655968/medium.jpg,E:\Coding_Notes\Faunari\data\raw\inat_targeted\Lycodon_travancoricus\192354508.jpg,2023-08-12
inat_targeted,191246778,Lycodon travancoricus,non_venomous,,https://static.inaturalist.org/photos/335456636/medium.jpeg,E:\Coding_Notes\Faunari\data\raw\inat_targeted\Lycodon_travancoricus\191246778.jpg,2023-11-15
inat_targeted,189098195,Lycodon travancoricus,non_venomous,cc-by-nc,https://inaturalist-open-data.s3.amazonaws.com/photos/331161371/medium.jpeg,E:\Coding_Notes\Faunari\data\raw\inat_targeted\Lycodon_travancoricus\189098195.jpg,2023-08-08
inat_targeted,188702619,Lycodon travancoricus,non_venomous,cc-by-nc,https://inaturalist-open-data.s3.amazonaws.com/photos/330343261/medium.jpg,E:\Coding_Notes\Faunari\data\raw\inat_targeted\Lycodon_travancoricus\188702619.jpg,2020-12-08
inat_targeted,188546296,Lycodon travancoricus,non_venomous,,https://static.inaturalist.org/photos/330027759/medium.jpg,E:\Coding_Notes\Faunari\data\raw\inat_targeted\Lycodon_travancoricus\188546296.jpg,2023-10-21
inat_targeted,188388374,Lycodon travancoricus,non_venomous,cc-by-nc,https://inaturalist-open-data.s3.amazonaws.com/photos/329710198/medium.jpeg,E:\Coding_Notes\Faunari\data\raw\inat_targeted\Lycodon_travancoricus\188388374.jpg,2023-10-21
inat_targeted,186237095,Lycodon travancoricus,non_venomous,cc-by-nc,https://inaturalist-open-data.s3.amazonaws.com/photos/325418409/medium.jpg,E:\Coding_Notes\Faunari\data\raw\inat_targeted\Lycodon_travancoricus\186237095.jpg,2023-10-04
inat_targeted,185886961,Lycodon travancoricus,non_venomous,cc-by-nc,https://inaturalist-open-data.s3.amazonaws.com/photos/324729127/medium.png,E:\Coding_Notes\Faunari\data\raw\inat_targeted\Lycodon_travancoricus\185886961.jpg,2016-10-30
inat_targeted,184208978,Lycodon travancoricus,non_venomous,,https://static.inaturalist.org/photos/321516297/medium.jpeg,E:\Coding_Notes\Faunari\data\raw\inat_targeted\Lycodon_travancoricus\184208978.jpg,2023-08-12
inat_targeted,184144364,Lycodon travancoricus,non_venomous,cc-by,https://inaturalist-open-data.s3.amazonaws.com/photos/321388086/medium.jpg,E:\Coding_Notes\Faunari\data\raw\inat_targeted\Lycodon_travancoricus\184144364.jpg,2023-08-19
inat_targeted,183317062,Lycodon travancoricus,non_venomous,,https://static.inaturalist.org/photos/319798038/medium.jpg,E:\Coding_Notes\Faunari\data\raw\inat_targeted\Lycodon_travancoricus\183317062.jpg,2023-08-28
inat_targeted,183225161,Lycodon travancoricus,non_venomous,cc-by-nc,https://inaturalist-open-data.s3.amazonaws.com/photos/319625012/medium.jpeg,E:\Coding_Notes\Faunari\data\raw\inat_targeted\Lycodon_travancoricus\183225161.jpg,2023-07-28
inat_targeted,183101317,Lycodon travancoricus,non_venomous,cc-by-nc,https://inaturalist-open-data.s3.amazonaws.com/photos/319384621/medium.jpeg,E:\Coding_Notes\Faunari\data\raw\inat_targeted\Lycodon_travancoricus\183101317.jpg,2023-09-13
inat_targeted,181290379,Lycodon travancoricus,non_venomous,,https://static.inaturalist.org/photos/315935717/medium.jpeg,E:\Coding_Notes\Faunari\data\raw\inat_targeted\Lycodon_travancoricus\181290379.jpg,2023-09-02
inat_targeted,181032179,Lycodon travancoricus,non_venomous,cc-by-nc,https://inaturalist-open-data.s3.amazonaws.com/photos/315445310/medium.jpg,E:\Coding_Notes\Faunari\data\raw\inat_targeted\Lycodon_travancoricus\181032179.jpg,2023-08-08
inat_targeted,180075975,Lycodon travancoricus,non_venomous,cc-by-nc,https://inaturalist-open-data.s3.amazonaws.com/photos/313615755/medium.jpeg,E:\Coding_Notes\Faunari\data\raw\inat_targeted\Lycodon_travancoricus\180075975.jpg,2023-08-13
inat_targeted,180075731,Lycodon travancoricus,non_venomous,cc-by-nc,https://inaturalist-open-data.s3.amazonaws.com/photos/313615159/medium.jpeg,E:\Coding_Notes\Faunari\data\raw\inat_targeted\Lycodon_travancoricus\180075731.jpg,2023-08-13
inat_targeted,179522290,Lycodon travancoricus,non_venomous,,https://static.inaturalist.org/photos/312557496/medium.jpeg,E:\Coding_Notes\Faunari\data\raw\inat_targeted\Lycodon_travancoricus\179522290.jpg,2023-08-02
inat_targeted,179095892,Lycodon travancoricus,non_venomous,cc-by-nc,https://inaturalist-open-data.s3.amazonaws.com/photos/311755512/medium.jpg,E:\Coding_Notes\Faunari\data\raw\inat_targeted\Lycodon_travancoricus\179095892.jpg,2023-07-08
inat_targeted,178942746,Lycodon travancoricus,non_venomous,cc0,https://inaturalist-open-data.s3.amazonaws.com/photos/311467171/medium.jpg,E:\Coding_Notes\Faunari\data\raw\inat_targeted\Lycodon_travancoricus\178942746.jpg,2023-08-14
inat_targeted,178195397,Lycodon travancoricus,non_venomous,cc-by-nc,https://inaturalist-open-data.s3.amazonaws.com/photos/310031494/medium.jpeg,E:\Coding_Notes\Faunari\data\raw\inat_targeted\Lycodon_travancoricus\178195397.jpg,2023-08-12
inat_targeted,178116815,Lycodon travancoricus,non_venomous,cc0,https://inaturalist-open-data.s3.amazonaws.com/photos/309884191/medium.jpg,E:\Coding_Notes\Faunari\data\raw\inat_targeted\Lycodon_travancoricus\178116815.jpg,2023-08-03
inat_targeted,178041246,Lycodon travancoricus,non_venomous,cc0,https://inaturalist-open-data.s3.amazonaws.com/photos/309736695/medium.jpg,E:\Coding_Notes\Faunari\data\raw\inat_targeted\Lycodon_travancoricus\178041246.jpg,2023-08-12
inat_targeted,177454917,Lycodon travancoricus,non_venomous,cc-by,https://inaturalist-open-data.s3.amazonaws.com/photos/308638920/medium.jpeg,E:\Coding_Notes\Faunari\data\raw\inat_targeted\Lycodon_travancoricus\177454917.jpg,2023-08-08
inat_targeted,374884927,Coelognathus helena,non_venomous,cc-by-nc,https://inaturalist-open-data.s3.amazonaws.com/photos/685271204/medium.jpg,E:\Coding_Notes\Faunari\data\raw\inat_targeted\Coelognathus_helena\374884927.jpg,2026-06-23
inat_targeted,374884077,Coelognathus helena,non_venomous,cc-by-nc,https://inaturalist-open-data.s3.amazonaws.com/photos/685269427/medium.jpg,E:\Coding_Notes\Faunari\data\raw\inat_targeted\Coelognathus_helena\374884077.jpg,2026-06-23
inat_targeted,374771983,Coelognathus helena,non_venomous,cc-by-nc,https://inaturalist-open-data.s3.amazonaws.com/photos/685049061/medium.jpg,E:\Coding_Notes\Faunari\data\raw\inat_targeted\Coelognathus_helena\374771983.jpg,2026-06-24
inat_targeted,374301752,Coelognathus helena,non_venomous,,https://static.inaturalist.org/photos/684585931/medium.jpg,E:\Coding_Notes\Faunari\data\raw\inat_targeted\Coelognathus_helena\374301752.jpg,2026-06-22
inat_targeted,345837059,Coelognathus helena,non_venomous,cc-by-nc,https://inaturalist-open-data.s3.amazonaws.com/photos/630319742/medium.jpg,E:\Coding_Notes\Faunari\data\raw\inat_targeted\Coelognathus_helena\345837059.jpg,2026-03-28
inat_targeted,345519873,Coelognathus helena,non_venomous,cc-by-nc,https://inaturalist-open-data.s3.amazonaws.com/photos/629692903/medium.jpg,E:\Coding_Notes\Faunari\data\raw\inat_targeted\Coelognathus_helena\345519873.jpg,2026-03-27
inat_targeted,345254891,Coelognathus helena,non_venomous,cc-by-nc,https://inaturalist-open-data.s3.amazonaws.com/photos/629177835/medium.jpg,E:\Coding_Notes\Faunari\data\raw\inat_targeted\Coelognathus_helena\345254891.jpg,2026-03-26
inat_targeted,345039376,Coelognathus helena,non_venomous,cc-by-nc,https://inaturalist-open-data.s3.amazonaws.com/photos/628749358/medium.jpg,E:\Coding_Notes\Faunari\data\raw\inat_targeted\Coelognathus_helena\345039376.jpg,2026-03-25
inat_targeted,344121485,Coelognathus helena,non_venomous,cc-by-nc,https://inaturalist-open-data.s3.amazonaws.com/photos/626971737/medium.jpg,E:\Coding_Notes\Faunari\data\raw\inat_targeted\Coelognathus_helena\344121485.jpg,2025-08-08
inat_targeted,343929508,Coelognathus helena,non_venomous,,https://static.inaturalist.org/photos/626594468/medium.jpg,E:\Coding_Notes\Faunari\data\raw\inat_targeted\Coelognathus_helena\343929508.jpg,2026-03-19
inat_targeted,342708803,Coelognathus helena,non_venomous,cc-by,https://inaturalist-open-data.s3.amazonaws.com/photos/624131221/medium.jpg,E:\Coding_Notes\Faunari\data\raw\inat_targeted\Coelognathus_helena\342708803.jpg,2026-03-12
inat_targeted,342596749,Coelognathus helena,non_venomous,cc-by-nc,https://inaturalist-open-data.s3.amazonaws.com/photos/623919726/medium.jpg,E:\Coding_Notes\Faunari\data\raw\inat_targeted\Coelognathus_helena\342596749.jpg,2026-01-30
inat_targeted,341697116,Coelognathus helena,non_venomous,,https://static.inaturalist.org/photos/622337640/medium.jpg,E:\Coding_Notes\Faunari\data\raw\inat_targeted\Coelognathus_helena\341697116.jpg,2026-03-07
inat_targeted,341232401,Coelognathus helena,non_venomous,cc0,https://inaturalist-open-data.s3.amazonaws.com/photos/621145822/medium.jpg,E:\Coding_Notes\Faunari\data\raw\inat_targeted\Coelognathus_helena\341232401.jpg,2026-03-04
inat_targeted,341204766,Coelognathus helena,non_venomous,cc-by-nc,https://inaturalist-open-data.s3.amazonaws.com/photos/621092864/medium.jpg,E:\Coding_Notes\Faunari\data\raw\inat_targeted\Coelognathus_helena\341204766.jpg,2025-09-16
inat_targeted,341069301,Coelognathus helena,non_venomous,,https://static.inaturalist.org/photos/620811505/medium.jpg,E:\Coding_Notes\Faunari\data\raw\inat_targeted\Coelognathus_helena\341069301.jpg,2026-02-28
inat_targeted,339996438,Coelognathus helena,non_venomous,cc-by-nc,https://inaturalist-open-data.s3.amazonaws.com/photos/618624323/medium.jpg,E:\Coding_Notes\Faunari\data\raw\inat_targeted\Coelognathus_helena\339996438.jpg,2024-08-18
inat_targeted,339720156,Coelognathus helena,non_venomous,,https://static.inaturalist.org/photos/618057337/medium.jpg,E:\Coding_Notes\Faunari\data\raw\inat_targeted\Coelognathus_helena\339720156.jpg,2026-01-28
inat_targeted,339568764,Coelognathus helena,non_venomous,,https://static.inaturalist.org/photos/617755546/medium.jpg,E:\Coding_Notes\Faunari\data\raw\inat_targeted\Coelognathus_helena\339568764.jpg,2026-02-21
inat_targeted,339442331,Coelognathus helena,non_venomous,,https://static.inaturalist.org/photos/617493390/medium.jpg,E:\Coding_Notes\Faunari\data\raw\inat_targeted\Coelognathus_helena\339442331.jpg,2025-02-09
inat_targeted,338677492,Coelognathus helena,non_venomous,,https://static.inaturalist.org/photos/615956147/medium.jpg,E:\Coding_Notes\Faunari\data\raw\inat_targeted\Coelognathus_helena\338677492.jpg,2026-01-18
inat_targeted,338286879,Coelognathus helena,non_venomous,,https://static.inaturalist.org/photos/615158960/medium.jpg,E:\Coding_Notes\Faunari\data\raw\inat_targeted\Coelognathus_helena\338286879.jpg,2026-02-12
inat_targeted,337753689,Coelognathus helena,non_venomous,cc-by-nc,https://inaturalist-open-data.s3.amazonaws.com/photos/614068501/medium.jpg,E:\Coding_Notes\Faunari\data\raw\inat_targeted\Coelognathus_helena\337753689.jpg,2026-02-08
inat_targeted,337526590,Coelognathus helena,non_venomous,cc-by-nc,https://inaturalist-open-data.s3.amazonaws.com/photos/613601266/medium.jpg,E:\Coding_Notes\Faunari\data\raw\inat_targeted\Coelognathus_helena\337526590.jpg,2026-02-06
inat_targeted,336956606,Coelognathus helena,non_venomous,cc-by-nc,https://inaturalist-open-data.s3.amazonaws.com/photos/612435611/medium.jpg,E:\Coding_Notes\Faunari\data\raw\inat_targeted\Coelognathus_helena\336956606.jpg,2026-01-28
inat_targeted,336891171,Coelognathus helena,non_venomous,cc-by-nc,https://inaturalist-open-data.s3.amazonaws.com/photos/612299352/medium.jpg,E:\Coding_Notes\Faunari\data\raw\inat_targeted\Coelognathus_helena\336891171.jpg,2026-01-22
inat_targeted,336655396,Coelognathus helena,non_venomous,cc-by-nc,https://inaturalist-open-data.s3.amazonaws.com/photos/611824931/medium.jpg,E:\Coding_Notes\Faunari\data\raw\inat_targeted\Coelognathus_helena\336655396.jpg,2026-01-28
inat_targeted,336592545,Coelognathus helena,non_venomous,,https://static.inaturalist.org/photos/611693298/medium.jpg,E:\Coding_Notes\Faunari\data\raw\inat_targeted\Coelognathus_helena\336592545.jpg,2026-01-29
inat_targeted,336429103,Coelognathus helena,non_venomous,cc-by-nc,https://inaturalist-open-data.s3.amazonaws.com/photos/611360809/medium.jpg,E:\Coding_Notes\Faunari\data\raw\inat_targeted\Coelognathus_helena\336429103.jpg,2026-01-23
inat_targeted,336368308,Coelognathus helena,non_venomous,,https://static.inaturalist.org/photos/611237685/medium.jpg,E:\Coding_Notes\Faunari\data\raw\inat_targeted\Coelognathus_helena\336368308.jpg,2026-01-27
inat_targeted,335967877,Coelognathus helena,non_venomous,cc-by-nc,https://inaturalist-open-data.s3.amazonaws.com/photos/610437049/medium.jpg,E:\Coding_Notes\Faunari\data\raw\inat_targeted\Coelognathus_helena\335967877.jpg,2026-01-22
inat_targeted,335818761,Coelognathus helena,non_venomous,,https://static.inaturalist.org/photos/610140932/medium.jpg,E:\Coding_Notes\Faunari\data\raw\inat_targeted\Coelognathus_helena\335818761.jpg,2013-12-18
inat_targeted,335691586,Coelognathus helena,non_venomous,cc-by-nc,https://inaturalist-open-data.s3.amazonaws.com/photos/609882756/medium.jpg,E:\Coding_Notes\Faunari\data\raw\inat_targeted\Coelognathus_helena\335691586.jpg,2026-01-21
inat_targeted,335570047,Coelognathus helena,non_venomous,cc-by-nc,https://inaturalist-open-data.s3.amazonaws.com/photos/609638782/medium.jpg,E:\Coding_Notes\Faunari\data\raw\inat_targeted\Coelognathus_helena\335570047.jpg,2026-01-21
inat_targeted,335570013,Coelognathus helena,non_venomous,cc-by-nc,https://inaturalist-open-data.s3.amazonaws.com/photos/609638631/medium.jpg,E:\Coding_Notes\Faunari\data\raw\inat_targeted\Coelognathus_helena\335570013.jpg,2026-01-21
inat_targeted,334688206,Coelognathus helena,non_venomous,cc-by-nc,https://inaturalist-open-data.s3.amazonaws.com/photos/607846180/medium.jpg,E:\Coding_Notes\Faunari\data\raw\inat_targeted\Coelognathus_helena\334688206.jpg,2026-01-14
inat_targeted,334511500,Coelognathus helena,non_venomous,cc-by-nc,https://inaturalist-open-data.s3.amazonaws.com/photos/607487880/medium.jpg,E:\Coding_Notes\Faunari\data\raw\inat_targeted\Coelognathus_helena\334511500.jpg,2023-05-25
inat_targeted,334121351,Coelognathus helena,non_venomous,cc-by-nc,https://inaturalist-open-data.s3.amazonaws.com/photos/606690648/medium.jpg,E:\Coding_Notes\Faunari\data\raw\inat_targeted\Coelognathus_helena\334121351.jpg,2026-01-03
inat_targeted,334121350,Coelognathus helena,non_venomous,cc-by-nc,https://inaturalist-open-data.s3.amazonaws.com/photos/606690646/medium.jpg,E:\Coding_Notes\Faunari\data\raw\inat_targeted\Coelognathus_helena\334121350.jpg,2026-01-03
inat_targeted,334121349,Coelognathus helena,non_venomous,cc-by-nc,https://inaturalist-open-data.s3.amazonaws.com/photos/606690635/medium.jpg,E:\Coding_Notes\Faunari\data\raw\inat_targeted\Coelognathus_helena\334121349.jpg,2026-01-03
inat_targeted,334057378,Coelognathus helena,non_venomous,cc-by-nc,https://inaturalist-open-data.s3.amazonaws.com/photos/606564840/medium.jpg,E:\Coding_Notes\Faunari\data\raw\inat_targeted\Coelognathus_helena\334057378.jpg,2026-01-06
inat_targeted,333746759,Coelognathus helena,non_venomous,cc-by-nc,https://inaturalist-open-data.s3.amazonaws.com/photos/605929454/medium.jpg,E:\Coding_Notes\Faunari\data\raw\inat_targeted\Coelognathus_helena\333746759.jpg,2026-01-06
inat_targeted,333027291,Coelognathus helena,non_venomous,cc-by,https://inaturalist-open-data.s3.amazonaws.com/photos/604672844/medium.jpg,E:\Coding_Notes\Faunari\data\raw\inat_targeted\Coelognathus_helena\333027291.jpg,2026-01-01
inat_targeted,332699245,Coelognathus helena,non_venomous,cc-by-nc-nd,https://inaturalist-open-data.s3.amazonaws.com/photos/603847597/medium.jpg,E:\Coding_Notes\Faunari\data\raw\inat_targeted\Coelognathus_helena\332699245.jpg,2025-12-28
inat_targeted,332699239,Coelognathus helena,non_venomous,cc-by-nc-nd,https://inaturalist-open-data.s3.amazonaws.com/photos/603847561/medium.jpg,E:\Coding_Notes\Faunari\data\raw\inat_targeted\Coelognathus_helena\332699239.jpg,2025-12-27
inat_targeted,332552850,Coelognathus helena,non_venomous,cc-by-nc,https://inaturalist-open-data.s3.amazonaws.com/photos/603547529/medium.jpg,E:\Coding_Notes\Faunari\data\raw\inat_targeted\Coelognathus_helena\332552850.jpg,2025-12-29
inat_targeted,332273325,Coelognathus helena,non_venomous,cc-by-nc,https://inaturalist-open-data.s3.amazonaws.com/photos/602974472/medium.jpg,E:\Coding_Notes\Faunari\data\raw\inat_targeted\Coelognathus_helena\332273325.jpg,2025-12-27
inat_targeted,332138191,Coelognathus helena,non_venomous,cc-by-nc,https://inaturalist-open-data.s3.amazonaws.com/photos/602695404/medium.jpg,E:\Coding_Notes\Faunari\data\raw\inat_targeted\Coelognathus_helena\332138191.jpg,2025-12-26
inat_targeted,331778089,Coelognathus helena,non_venomous,,https://static.inaturalist.org/photos/601955443/medium.jpg,E:\Coding_Notes\Faunari\data\raw\inat_targeted\Coelognathus_helena\331778089.jpg,2025-12-20
inat_targeted,331401400,Coelognathus helena,non_venomous,cc-by-nc,https://inaturalist-open-data.s3.amazonaws.com/photos/602008181/medium.jpg,E:\Coding_Notes\Faunari\data\raw\inat_targeted\Coelognathus_helena\331401400.jpg,2025-09-23
inat_targeted,331302275,Coelognathus helena,non_venomous,cc-by-nc,https://inaturalist-open-data.s3.amazonaws.com/photos/601040957/medium.jpg,E:\Coding_Notes\Faunari\data\raw\inat_targeted\Coelognathus_helena\331302275.jpg,2025-12-19
inat_targeted,331173835,Coelognathus helena,non_venomous,cc-by-nc,https://inaturalist-open-data.s3.amazonaws.com/photos/600714608/medium.jpg,E:\Coding_Notes\Faunari\data\raw\inat_targeted\Coelognathus_helena\331173835.jpg,2025-12-18
inat_targeted,331063218,Coelognathus helena,non_venomous,cc-by-nc,https://inaturalist-open-data.s3.amazonaws.com/photos/600487465/medium.jpg,E:\Coding_Notes\Faunari\data\raw\inat_targeted\Coelognathus_helena\331063218.jpg,2025-12-17
inat_targeted,330846996,Coelognathus helena,non_venomous,,https://static.inaturalist.org/photos/600039035/medium.jpg,E:\Coding_Notes\Faunari\data\raw\inat_targeted\Coelognathus_helena\330846996.jpg,2025-12-14
inat_targeted,330314988,Coelognathus helena,non_venomous,,https://static.inaturalist.org/photos/598943645/medium.jpg,E:\Coding_Notes\Faunari\data\raw\inat_targeted\Coelognathus_helena\330314988.jpg,2025-12-11
inat_targeted,330191685,Coelognathus helena,non_venomous,,https://static.inaturalist.org/photos/598696384/medium.jpg,E:\Coding_Notes\Faunari\data\raw\inat_targeted\Coelognathus_helena\330191685.jpg,2025-12-09
inat_targeted,329818870,Coelognathus helena,non_venomous,,https://static.inaturalist.org/photos/597933861/medium.jpg,E:\Coding_Notes\Faunari\data\raw\inat_targeted\Coelognathus_helena\329818870.jpg,2025-12-07
inat_targeted,329591111,Coelognathus helena,non_venomous,cc-by-nc,https://inaturalist-open-data.s3.amazonaws.com/photos/597477612/medium.jpg,E:\Coding_Notes\Faunari\data\raw\inat_targeted\Coelognathus_helena\329591111.jpg,2025-11-30
inat_targeted,329467724,Coelognathus helena,non_venomous,cc-by-nc,https://inaturalist-open-data.s3.amazonaws.com/photos/597226194/medium.jpg,E:\Coding_Notes\Faunari\data\raw\inat_targeted\Coelognathus_helena\329467724.jpg,2025-11-24
inat_targeted,329467689,Coelognathus helena,non_venomous,cc-by-nc,https://inaturalist-open-data.s3.amazonaws.com/photos/597226092/medium.jpg,E:\Coding_Notes\Faunari\data\raw\inat_targeted\Coelognathus_helena\329467689.jpg,2025-11-24
inat_targeted,328886550,Coelognathus helena,non_venomous,cc-by-nc,https://inaturalist-open-data.s3.amazonaws.com/photos/596060770/medium.jpg,E:\Coding_Notes\Faunari\data\raw\inat_targeted\Coelognathus_helena\328886550.jpg,2025-11-22
inat_targeted,328628056,Coelognathus helena,non_venomous,cc-by-nc,https://inaturalist-open-data.s3.amazonaws.com/photos/595539396/medium.jpg,E:\Coding_Notes\Faunari\data\raw\inat_targeted\Coelognathus_helena\328628056.jpg,2025-11-28
inat_targeted,327844209,Coelognathus helena,non_venomous,,https://static.inaturalist.org/photos/594003312/medium.jpg,E:\Coding_Notes\Faunari\data\raw\inat_targeted\Coelognathus_helena\327844209.jpg,2025-11-23
inat_targeted,327838652,Coelognathus helena,non_venomous,,https://static.inaturalist.org/photos/594005059/medium.jpg,E:\Coding_Notes\Faunari\data\raw\inat_targeted\Coelognathus_helena\327838652.jpg,2025-11-23
inat_targeted,327815102,Coelognathus helena,non_venomous,,https://static.inaturalist.org/photos/593942731/medium.jpg,E:\Coding_Notes\Faunari\data\raw\inat_targeted\Coelognathus_helena\327815102.jpg,2025-11-17
inat_targeted,327660909,Coelognathus helena,non_venomous,,https://static.inaturalist.org/photos/593651919/medium.jpg,E:\Coding_Notes\Faunari\data\raw\inat_targeted\Coelognathus_helena\327660909.jpg,2025-11-21
inat_targeted,327611399,Coelognathus helena,non_venomous,cc-by-nc,https://inaturalist-open-data.s3.amazonaws.com/photos/593552655/medium.jpg,E:\Coding_Notes\Faunari\data\raw\inat_targeted\Coelognathus_helena\327611399.jpg,2019-11-22
inat_targeted,327610491,Coelognathus helena,non_venomous,cc-by-nc,https://inaturalist-open-data.s3.amazonaws.com/photos/593550682/medium.jpg,E:\Coding_Notes\Faunari\data\raw\inat_targeted\Coelognathus_helena\327610491.jpg,2025-11-22
inat_targeted,327512282,Coelognathus helena,non_venomous,,https://static.inaturalist.org/photos/593360816/medium.jpg,E:\Coding_Notes\Faunari\data\raw\inat_targeted\Coelognathus_helena\327512282.jpg,2025-11-21
inat_targeted,327477641,Coelognathus helena,non_venomous,,https://static.inaturalist.org/photos/593293947/medium.jpg,E:\Coding_Notes\Faunari\data\raw\inat_targeted\Coelognathus_helena\327477641.jpg,2025-11-21
inat_targeted,327337159,Coelognathus helena,non_venomous,cc-by-nc,https://inaturalist-open-data.s3.amazonaws.com/photos/593011871/medium.jpg,E:\Coding_Notes\Faunari\data\raw\inat_targeted\Coelognathus_helena\327337159.jpg,2013-03-30
inat_targeted,327336466,Coelognathus helena,non_venomous,,https://static.inaturalist.org/photos/593011080/medium.jpg,E:\Coding_Notes\Faunari\data\raw\inat_targeted\Coelognathus_helena\327336466.jpg,2025-11-20
inat_targeted,327102766,Coelognathus helena,non_venomous,cc-by,https://inaturalist-open-data.s3.amazonaws.com/photos/592541336/medium.jpg,E:\Coding_Notes\Faunari\data\raw\inat_targeted\Coelognathus_helena\327102766.jpg,2025-11-17
inat_targeted,327102337,Coelognathus helena,non_venomous,cc-by,https://inaturalist-open-data.s3.amazonaws.com/photos/592540321/medium.jpg,E:\Coding_Notes\Faunari\data\raw\inat_targeted\Coelognathus_helena\327102337.jpg,2025-11-17
inat_targeted,327096334,Coelognathus helena,non_venomous,cc-by-nc,https://inaturalist-open-data.s3.amazonaws.com/photos/592527762/medium.jpg,E:\Coding_Notes\Faunari\data\raw\inat_targeted\Coelognathus_helena\327096334.jpg,2025-11-18
inat_targeted,327086389,Coelognathus helena,non_venomous,cc-by-nc,https://inaturalist-open-data.s3.amazonaws.com/photos/592508502/medium.jpg,E:\Coding_Notes\Faunari\data\raw\inat_targeted\Coelognathus_helena\327086389.jpg,2021-10-30
inat_targeted,326612955,Coelognathus helena,non_venomous,cc-by-nc,https://inaturalist-open-data.s3.amazonaws.com/photos/591568060/medium.jpg,E:\Coding_Notes\Faunari\data\raw\inat_targeted\Coelognathus_helena\326612955.jpg,2025-11-09
inat_targeted,326175530,Coelognathus helena,non_venomous,cc-by-nc,https://inaturalist-open-data.s3.amazonaws.com/photos/590733228/medium.jpg,E:\Coding_Notes\Faunari\data\raw\inat_targeted\Coelognathus_helena\326175530.jpg,2025-11-12
inat_targeted,326034135,Coelognathus helena,non_venomous,cc-by-nc,https://inaturalist-open-data.s3.amazonaws.com/photos/590412316/medium.jpg,E:\Coding_Notes\Faunari\data\raw\inat_targeted\Coelognathus_helena\326034135.jpg,2025-11-11
inat_targeted,325977468,Coelognathus helena,non_venomous,cc-by-nc,https://inaturalist-open-data.s3.amazonaws.com/photos/590303869/medium.jpg,E:\Coding_Notes\Faunari\data\raw\inat_targeted\Coelognathus_helena\325977468.jpg,2025-11-10
inat_targeted,325186560,Coelognathus helena,non_venomous,cc-by-nc,https://inaturalist-open-data.s3.amazonaws.com/photos/588726546/medium.jpg,E:\Coding_Notes\Faunari\data\raw\inat_targeted\Coelognathus_helena\325186560.jpg,2025-10-18
inat_targeted,325181208,Coelognathus helena,non_venomous,cc-by,https://inaturalist-open-data.s3.amazonaws.com/photos/588716520/medium.jpg,E:\Coding_Notes\Faunari\data\raw\inat_targeted\Coelognathus_helena\325181208.jpg,2025-11-06
inat_targeted,324816648,Coelognathus helena,non_venomous,cc-by-nc,https://inaturalist-open-data.s3.amazonaws.com/photos/587991413/medium.jpg,E:\Coding_Notes\Faunari\data\raw\inat_targeted\Coelognathus_helena\324816648.jpg,2025-08-29
inat_targeted,324712186,Coelognathus helena,non_venomous,cc-by-nc,https://inaturalist-open-data.s3.amazonaws.com/photos/587773734/medium.jpg,E:\Coding_Notes\Faunari\data\raw\inat_targeted\Coelognathus_helena\324712186.jpg,2025-11-03
inat_targeted,324168964,Coelognathus helena,non_venomous,cc-by-nc,https://inaturalist-open-data.s3.amazonaws.com/photos/586684228/medium.jpg,E:\Coding_Notes\Faunari\data\raw\inat_targeted\Coelognathus_helena\324168964.jpg,2025-10-14
inat_targeted,324146981,Coelognathus helena,non_venomous,cc-by-nc,https://inaturalist-open-data.s3.amazonaws.com/photos/586643486/medium.jpg,E:\Coding_Notes\Faunari\data\raw\inat_targeted\Coelognathus_helena\324146981.jpg,2025-05-15
inat_targeted,324065764,Coelognathus helena,non_venomous,cc-by-nc,https://inaturalist-open-data.s3.amazonaws.com/photos/586478218/medium.jpg,E:\Coding_Notes\Faunari\data\raw\inat_targeted\Coelognathus_helena\324065764.jpg,2025-10-30
inat_targeted,323982991,Coelognathus helena,non_venomous,cc-by-nc,https://inaturalist-open-data.s3.amazonaws.com/photos/586313136/medium.jpg,E:\Coding_Notes\Faunari\data\raw\inat_targeted\Coelognathus_helena\323982991.jpg,2025-10-30
inat_targeted,323853079,Coelognathus helena,non_venomous,cc-by-nc,https://inaturalist-open-data.s3.amazonaws.com/photos/586056587/medium.jpg,E:\Coding_Notes\Faunari\data\raw\inat_targeted\Coelognathus_helena\323853079.jpg,2025-10-29
inat_targeted,323675069,Coelognathus helena,non_venomous,cc-by-nc,https://inaturalist-open-data.s3.amazonaws.com/photos/585707055/medium.jpg,E:\Coding_Notes\Faunari\data\raw\inat_targeted\Coelognathus_helena\323675069.jpg,2025-10-28
inat_targeted,323610525,Coelognathus helena,non_venomous,cc-by-nc,https://inaturalist-open-data.s3.amazonaws.com/photos/585580822/medium.jpg,E:\Coding_Notes\Faunari\data\raw\inat_targeted\Coelognathus_helena\323610525.jpg,2025-10-12
inat_targeted,323468968,Coelognathus helena,non_venomous,cc-by-nc,https://inaturalist-open-data.s3.amazonaws.com/photos/585298772/medium.jpg,E:\Coding_Notes\Faunari\data\raw\inat_targeted\Coelognathus_helena\323468968.jpg,2025-10-27
inat_targeted,323395491,Coelognathus helena,non_venomous,cc-by-nc,https://inaturalist-open-data.s3.amazonaws.com/photos/585155948/medium.jpg,E:\Coding_Notes\Faunari\data\raw\inat_targeted\Coelognathus_helena\323395491.jpg,2025-10-27
inat_targeted,322438873,Coelognathus helena,non_venomous,cc-by-nc,https://inaturalist-open-data.s3.amazonaws.com/photos/583302358/medium.jpg,E:\Coding_Notes\Faunari\data\raw\inat_targeted\Coelognathus_helena\322438873.jpg,2025-10-22
inat_targeted,322427013,Coelognathus helena,non_venomous,cc-by-nc,https://inaturalist-open-data.s3.amazonaws.com/photos/583279723/medium.jpg,E:\Coding_Notes\Faunari\data\raw\inat_targeted\Coelognathus_helena\322427013.jpg,2025-10-22
inat_targeted,322419571,Coelognathus helena,non_venomous,,https://static.inaturalist.org/photos/583264162/medium.jpg,E:\Coding_Notes\Faunari\data\raw\inat_targeted\Coelognathus_helena\322419571.jpg,2025-10-20
inat_targeted,322177540,Coelognathus helena,non_venomous,,https://static.inaturalist.org/photos/582778556/medium.jpg,E:\Coding_Notes\Faunari\data\raw\inat_targeted\Coelognathus_helena\322177540.jpg,2025-10-21
inat_targeted,322027117,Coelognathus helena,non_venomous,cc-by-nc,https://inaturalist-open-data.s3.amazonaws.com/photos/582480110/medium.jpg,E:\Coding_Notes\Faunari\data\raw\inat_targeted\Coelognathus_helena\322027117.jpg,2025-10-14
inat_targeted,322001066,Coelognathus helena,non_venomous,cc-by-nc,https://inaturalist-open-data.s3.amazonaws.com/photos/582424117/medium.jpg,E:\Coding_Notes\Faunari\data\raw\inat_targeted\Coelognathus_helena\322001066.jpg,2025-10-18
inat_targeted,321808240,Coelognathus helena,non_venomous,,https://static.inaturalist.org/photos/582040713/medium.jpg,E:\Coding_Notes\Faunari\data\raw\inat_targeted\Coelognathus_helena\321808240.jpg,2025-10-18
inat_targeted,321794609,Coelognathus helena,non_venomous,cc-by-nc,https://inaturalist-open-data.s3.amazonaws.com/photos/582015585/medium.jpg,E:\Coding_Notes\Faunari\data\raw\inat_targeted\Coelognathus_helena\321794609.jpg,2025-10-19
inat_targeted,321776868,Coelognathus helena,non_venomous,cc-by-nc,https://inaturalist-open-data.s3.amazonaws.com/photos/581979573/medium.jpg,E:\Coding_Notes\Faunari\data\raw\inat_targeted\Coelognathus_helena\321776868.jpg,2025-10-01
inat_targeted,321598627,Coelognathus helena,non_venomous,cc-by-nc,https://inaturalist-open-data.s3.amazonaws.com/photos/581636340/medium.jpg,E:\Coding_Notes\Faunari\data\raw\inat_targeted\Coelognathus_helena\321598627.jpg,2021-12-22
inat_targeted,321399530,Coelognathus helena,non_venomous,cc-by-nc,https://inaturalist-open-data.s3.amazonaws.com/photos/581254364/medium.jpg,E:\Coding_Notes\Faunari\data\raw\inat_targeted\Coelognathus_helena\321399530.jpg,2025-10-17
inat_targeted,321378151,Coelognathus helena,non_venomous,,https://static.inaturalist.org/photos/581210464/medium.jpg,E:\Coding_Notes\Faunari\data\raw\inat_targeted\Coelognathus_helena\321378151.jpg,2024-06-27
inat_targeted,321226118,Coelognathus helena,non_venomous,cc-by-nc,https://inaturalist-open-data.s3.amazonaws.com/photos/580911253/medium.jpg,E:\Coding_Notes\Faunari\data\raw\inat_targeted\Coelognathus_helena\321226118.jpg,2025-10-16
inat_targeted,320116265,Coelognathus helena,non_venomous,cc-by-nc,https://inaturalist-open-data.s3.amazonaws.com/photos/578738928/medium.jpg,E:\Coding_Notes\Faunari\data\raw\inat_targeted\Coelognathus_helena\320116265.jpg,2025-10-11
inat_targeted,320086936,Coelognathus helena,non_venomous,cc-by-nc,https://inaturalist-open-data.s3.amazonaws.com/photos/578680868/medium.jpg,E:\Coding_Notes\Faunari\data\raw\inat_targeted\Coelognathus_helena\320086936.jpg,2025-10-11
inat_targeted,319372781,Coelognathus helena,non_venomous,cc-by-nc,https://inaturalist-open-data.s3.amazonaws.com/photos/577306895/medium.jpg,E:\Coding_Notes\Faunari\data\raw\inat_targeted\Coelognathus_helena\319372781.jpg,2025-10-07
inat_targeted,319367407,Coelognathus helena,non_venomous,cc-by-nc,https://inaturalist-open-data.s3.amazonaws.com/photos/577296477/medium.jpg,E:\Coding_Notes\Faunari\data\raw\inat_targeted\Coelognathus_helena\319367407.jpg,2025-10-07
inat_targeted,319059192,Coelognathus helena,non_venomous,,https://static.inaturalist.org/photos/577924457/medium.jpg,E:\Coding_Notes\Faunari\data\raw\inat_targeted\Coelognathus_helena\319059192.jpg,2025-10-05
inat_targeted,318897474,Coelognathus helena,non_venomous,cc-by-nc,https://inaturalist-open-data.s3.amazonaws.com/photos/576399407/medium.jpg,E:\Coding_Notes\Faunari\data\raw\inat_targeted\Coelognathus_helena\318897474.jpg,2025-10-05
inat_targeted,318855419,Coelognathus helena,non_venomous,cc-by-nc,https://inaturalist-open-data.s3.amazonaws.com/photos/576322194/medium.jpg,E:\Coding_Notes\Faunari\data\raw\inat_targeted\Coelognathus_helena\318855419.jpg,2017-04-16
inat_targeted,318679590,Coelognathus helena,non_venomous,cc-by-nc,https://inaturalist-open-data.s3.amazonaws.com/photos/575983045/medium.jpg,E:\Coding_Notes\Faunari\data\raw\inat_targeted\Coelognathus_helena\318679590.jpg,2025-09-01
inat_targeted,318642573,Coelognathus helena,non_venomous,,https://static.inaturalist.org/photos/575913467/medium.jpg,E:\Coding_Notes\Faunari\data\raw\inat_targeted\Coelognathus_helena\318642573.jpg,2025-10-03
inat_targeted,318191390,Coelognathus helena,non_venomous,,https://static.inaturalist.org/photos/575049699/medium.jpg,E:\Coding_Notes\Faunari\data\raw\inat_targeted\Coelognathus_helena\318191390.jpg,2025-10-02
inat_targeted,318045557,Coelognathus helena,non_venomous,cc-by-nc,https://inaturalist-open-data.s3.amazonaws.com/photos/574767128/medium.jpg,E:\Coding_Notes\Faunari\data\raw\inat_targeted\Coelognathus_helena\318045557.jpg,2025-10-01
inat_targeted,317911970,Coelognathus helena,non_venomous,cc-by-nc,https://inaturalist-open-data.s3.amazonaws.com/photos/574514412/medium.jpg,E:\Coding_Notes\Faunari\data\raw\inat_targeted\Coelognathus_helena\317911970.jpg,2025-10-01
inat_targeted,317708599,Coelognathus helena,non_venomous,,https://static.inaturalist.org/photos/574127360/medium.jpg,E:\Coding_Notes\Faunari\data\raw\inat_targeted\Coelognathus_helena\317708599.jpg,2025-09-30
inat_targeted,317579725,Coelognathus helena,non_venomous,,https://static.inaturalist.org/photos/575418177/medium.jpg,E:\Coding_Notes\Faunari\data\raw\inat_targeted\Coelognathus_helena\317579725.jpg,2025-09-26
inat_targeted,317553600,Coelognathus helena,non_venomous,cc-by-nc,https://inaturalist-open-data.s3.amazonaws.com/photos/573827449/medium.jpg,E:\Coding_Notes\Faunari\data\raw\inat_targeted\Coelognathus_helena\317553600.jpg,2025-09-29
inat_targeted,317502797,Coelognathus helena,non_venomous,cc0,https://inaturalist-open-data.s3.amazonaws.com/photos/573733303/medium.jpg,E:\Coding_Notes\Faunari\data\raw\inat_targeted\Coelognathus_helena\317502797.jpg,2025-09-29
inat_targeted,317463086,Coelognathus helena,non_venomous,cc-by-nc,https://inaturalist-open-data.s3.amazonaws.com/photos/573656716/medium.jpg,E:\Coding_Notes\Faunari\data\raw\inat_targeted\Coelognathus_helena\317463086.jpg,2025-09-29
inat_targeted,317024741,Coelognathus helena,non_venomous,,https://static.inaturalist.org/photos/572820334/medium.jpg,E:\Coding_Notes\Faunari\data\raw\inat_targeted\Coelognathus_helena\317024741.jpg,2025-09-27
inat_targeted,316029232,Coelognathus helena,non_venomous,,https://static.inaturalist.org/photos/570955007/medium.jpg,E:\Coding_Notes\Faunari\data\raw\inat_targeted\Coelognathus_helena\316029232.jpg,2024-09-23
inat_targeted,315961512,Coelognathus helena,non_venomous,cc-by-nc,https://inaturalist-open-data.s3.amazonaws.com/photos/570842916/medium.jpg,E:\Coding_Notes\Faunari\data\raw\inat_targeted\Coelognathus_helena\315961512.jpg,2025-09-23
inat_targeted,315756593,Coelognathus helena,non_venomous,cc-by-nc,https://inaturalist-open-data.s3.amazonaws.com/photos/570440899/medium.jpg,E:\Coding_Notes\Faunari\data\raw\inat_targeted\Coelognathus_helena\315756593.jpg,2025-09-20
inat_targeted,315438813,Coelognathus helena,non_venomous,,https://static.inaturalist.org/photos/569832818/medium.jpg,E:\Coding_Notes\Faunari\data\raw\inat_targeted\Coelognathus_helena\315438813.jpg,2025-09-20
inat_targeted,315057331,Coelognathus helena,non_venomous,cc-by-nc,https://inaturalist-open-data.s3.amazonaws.com/photos/569106614/medium.jpg,E:\Coding_Notes\Faunari\data\raw\inat_targeted\Coelognathus_helena\315057331.jpg,2025-09-19
inat_targeted,314712567,Coelognathus helena,non_venomous,,https://static.inaturalist.org/photos/568548672/medium.jpg,E:\Coding_Notes\Faunari\data\raw\inat_targeted\Coelognathus_helena\314712567.jpg,2025-09-18
inat_targeted,314591915,Coelognathus helena,non_venomous,cc-by-nc,https://inaturalist-open-data.s3.amazonaws.com/photos/568210746/medium.jpg,E:\Coding_Notes\Faunari\data\raw\inat_targeted\Coelognathus_helena\314591915.jpg,2025-09-17
inat_targeted,314327821,Coelognathus helena,non_venomous,cc-by-nc,https://inaturalist-open-data.s3.amazonaws.com/photos/567731787/medium.jpg,E:\Coding_Notes\Faunari\data\raw\inat_targeted\Coelognathus_helena\314327821.jpg,2025-08-29
inat_targeted,313923680,Coelognathus helena,non_venomous,cc-by-nc,https://inaturalist-open-data.s3.amazonaws.com/photos/566949557/medium.jpg,E:\Coding_Notes\Faunari\data\raw\inat_targeted\Coelognathus_helena\313923680.jpg,2021-11-14
inat_targeted,313161193,Coelognathus helena,non_venomous,cc-by-nc,https://inaturalist-open-data.s3.amazonaws.com/photos/565494701/medium.jpg,E:\Coding_Notes\Faunari\data\raw\inat_targeted\Coelognathus_helena\313161193.jpg,2025-09-11
inat_targeted,313136255,Coelognathus helena,non_venomous,cc-by-nc,https://inaturalist-open-data.s3.amazonaws.com/photos/565447749/medium.jpg,E:\Coding_Notes\Faunari\data\raw\inat_targeted\Coelognathus_helena\313136255.jpg,2025-09-11
inat_targeted,312690554,Coelognathus helena,non_venomous,cc-by-nc,https://inaturalist-open-data.s3.amazonaws.com/photos/564600406/medium.jpg,E:\Coding_Notes\Faunari\data\raw\inat_targeted\Coelognathus_helena\312690554.jpg,2025-09-09
inat_targeted,312607592,Coelognathus helena,non_venomous,cc-by-nc,https://inaturalist-open-data.s3.amazonaws.com/photos/564434572/medium.jpg,E:\Coding_Notes\Faunari\data\raw\inat_targeted\Coelognathus_helena\312607592.jpg,2025-09-08
inat_targeted,312392462,Coelognathus helena,non_venomous,cc-by-nc,https://inaturalist-open-data.s3.amazonaws.com/photos/564014827/medium.jpg,E:\Coding_Notes\Faunari\data\raw\inat_targeted\Coelognathus_helena\312392462.jpg,2025-09-08
inat_targeted,312392426,Coelognathus helena,non_venomous,cc-by-nc,https://inaturalist-open-data.s3.amazonaws.com/photos/564014760/medium.jpg,E:\Coding_Notes\Faunari\data\raw\inat_targeted\Coelognathus_helena\312392426.jpg,2025-09-08
inat_targeted,312194318,Coelognathus helena,non_venomous,cc-by-nc,https://inaturalist-open-data.s3.amazonaws.com/photos/563634191/medium.jpg,E:\Coding_Notes\Faunari\data\raw\inat_targeted\Coelognathus_helena\312194318.jpg,2025-09-07
inat_targeted,311896772,Coelognathus helena,non_venomous,cc-by-nc,https://inaturalist-open-data.s3.amazonaws.com/photos/563073633/medium.jpg,E:\Coding_Notes\Faunari\data\raw\inat_targeted\Coelognathus_helena\311896772.jpg,2025-09-02
inat_targeted,311896771,Coelognathus helena,non_venomous,cc-by-nc,https://inaturalist-open-data.s3.amazonaws.com/photos/563073564/medium.jpg,E:\Coding_Notes\Faunari\data\raw\inat_targeted\Coelognathus_helena\311896771.jpg,2025-09-02
inat_targeted,311706291,Coelognathus helena,non_venomous,,https://static.inaturalist.org/photos/562709541/medium.jpg,E:\Coding_Notes\Faunari\data\raw\inat_targeted\Coelognathus_helena\311706291.jpg,2025-09-05
inat_targeted,311646557,Coelognathus helena,non_venomous,cc-by-nc,https://inaturalist-open-data.s3.amazonaws.com/photos/562605789/medium.jpg,E:\Coding_Notes\Faunari\data\raw\inat_targeted\Coelognathus_helena\311646557.jpg,2025-09-04
inat_targeted,311281003,Coelognathus helena,non_venomous,cc-by-nc,https://inaturalist-open-data.s3.amazonaws.com/photos/561907791/medium.jpg,E:\Coding_Notes\Faunari\data\raw\inat_targeted\Coelognathus_helena\311281003.jpg,2025-09-03
inat_targeted,311190779,Coelognathus helena,non_venomous,,https://static.inaturalist.org/photos/561737363/medium.jpg,E:\Coding_Notes\Faunari\data\raw\inat_targeted\Coelognathus_helena\311190779.jpg,2025-07-11
inat_targeted,311037313,Coelognathus helena,non_venomous,cc-by-nc,https://inaturalist-open-data.s3.amazonaws.com/photos/561438813/medium.jpg,E:\Coding_Notes\Faunari\data\raw\inat_targeted\Coelognathus_helena\311037313.jpg,2025-09-02
inat_targeted,311036605,Coelognathus helena,non_venomous,,https://static.inaturalist.org/photos/561435345/medium.jpg,E:\Coding_Notes\Faunari\data\raw\inat_targeted\Coelognathus_helena\311036605.jpg,2025-09-02
inat_targeted,310998681,Coelognathus helena,non_venomous,cc-by-nc,https://inaturalist-open-data.s3.amazonaws.com/photos/561360386/medium.jpg,E:\Coding_Notes\Faunari\data\raw\inat_targeted\Coelognathus_helena\310998681.jpg,2025-09-02
inat_targeted,310670119,Coelognathus helena,non_venomous,cc-by-nc,https://inaturalist-open-data.s3.amazonaws.com/photos/560728037/medium.jpg,E:\Coding_Notes\Faunari\data\raw\inat_targeted\Coelognathus_helena\310670119.jpg,2025-09-01
inat_targeted,310528552,Coelognathus helena,non_venomous,,https://static.inaturalist.org/photos/560453583/medium.jpg,E:\Coding_Notes\Faunari\data\raw\inat_targeted\Coelognathus_helena\310528552.jpg,2025-08-30
inat_targeted,310412110,Coelognathus helena,non_venomous,cc-by-nc,https://inaturalist-open-data.s3.amazonaws.com/photos/566666252/medium.jpg,E:\Coding_Notes\Faunari\data\raw\inat_targeted\Coelognathus_helena\310412110.jpg,2025-08-31
inat_targeted,310381058,Coelognathus helena,non_venomous,,https://static.inaturalist.org/photos/560176025/medium.jpg,E:\Coding_Notes\Faunari\data\raw\inat_targeted\Coelognathus_helena\310381058.jpg,2025-08-31
inat_targeted,309734283,Coelognathus helena,non_venomous,cc-by-nc,https://inaturalist-open-data.s3.amazonaws.com/photos/558951920/medium.jpg,E:\Coding_Notes\Faunari\data\raw\inat_targeted\Coelognathus_helena\309734283.jpg,2025-08-28
inat_targeted,309699643,Coelognathus helena,non_venomous,cc-by-nc,https://inaturalist-open-data.s3.amazonaws.com/photos/558892228/medium.jpg,E:\Coding_Notes\Faunari\data\raw\inat_targeted\Coelognathus_helena\309699643.jpg,2025-08-28
inat_targeted,309692181,Coelognathus helena,non_venomous,cc-by-nc,https://inaturalist-open-data.s3.amazonaws.com/photos/558877686/medium.jpg,E:\Coding_Notes\Faunari\data\raw\inat_targeted\Coelognathus_helena\309692181.jpg,2025-08-28
inat_targeted,309679334,Coelognathus helena,non_venomous,,https://static.inaturalist.org/photos/558854314/medium.jpg,E:\Coding_Notes\Faunari\data\raw\inat_targeted\Coelognathus_helena\309679334.jpg,2025-08-27
inat_targeted,309639838,Coelognathus helena,non_venomous,,https://static.inaturalist.org/photos/558774155/medium.jpg,E:\Coding_Notes\Faunari\data\raw\inat_targeted\Coelognathus_helena\309639838.jpg,2025-08-27
inat_targeted,309325419,Coelognathus helena,non_venomous,cc-by-nc,https://inaturalist-open-data.s3.amazonaws.com/photos/558168636/medium.jpg,E:\Coding_Notes\Faunari\data\raw\inat_targeted\Coelognathus_helena\309325419.jpg,2025-08-26
inat_targeted,309185397,Coelognathus helena,non_venomous,,https://static.inaturalist.org/photos/557906015/medium.jpg,E:\Coding_Notes\Faunari\data\raw\inat_targeted\Coelognathus_helena\309185397.jpg,2025-08-26
inat_targeted,309049925,Coelognathus helena,non_venomous,cc-by-nc,https://inaturalist-open-data.s3.amazonaws.com/photos/557640399/medium.jpg,E:\Coding_Notes\Faunari\data\raw\inat_targeted\Coelognathus_helena\309049925.jpg,2022-11-18
inat_targeted,308954382,Coelognathus helena,non_venomous,cc-by-nc,https://inaturalist-open-data.s3.amazonaws.com/photos/557458291/medium.jpg,E:\Coding_Notes\Faunari\data\raw\inat_targeted\Coelognathus_helena\308954382.jpg,2015-11-30
inat_targeted,308944935,Coelognathus helena,non_venomous,cc-by-nc,https://inaturalist-open-data.s3.amazonaws.com/photos/557441032/medium.jpg,E:\Coding_Notes\Faunari\data\raw\inat_targeted\Coelognathus_helena\308944935.jpg,2014-07-24
inat_targeted,308942739,Coelognathus helena,non_venomous,cc-by,https://inaturalist-open-data.s3.amazonaws.com/photos/557437598/medium.jpg,E:\Coding_Notes\Faunari\data\raw\inat_targeted\Coelognathus_helena\308942739.jpg,2025-08-23
inat_targeted,308917834,Coelognathus helena,non_venomous,cc-by-nc,https://inaturalist-open-data.s3.amazonaws.com/photos/557388026/medium.jpg,E:\Coding_Notes\Faunari\data\raw\inat_targeted\Coelognathus_helena\308917834.jpg,2025-08-06
inat_targeted,308130560,Coelognathus helena,non_venomous,cc-by-nc,https://inaturalist-open-data.s3.amazonaws.com/photos/555879229/medium.jpg,E:\Coding_Notes\Faunari\data\raw\inat_targeted\Coelognathus_helena\308130560.jpg,2019-03-05
inat_targeted,307897177,Coelognathus helena,non_venomous,cc-by-nc,https://inaturalist-open-data.s3.amazonaws.com/photos/555428443/medium.jpg,E:\Coding_Notes\Faunari\data\raw\inat_targeted\Coelognathus_helena\307897177.jpg,2025-08-21
inat_targeted,307770069,Coelognathus helena,non_venomous,cc-by-nc,https://inaturalist-open-data.s3.amazonaws.com/photos/555175854/medium.jpg,E:\Coding_Notes\Faunari\data\raw\inat_targeted\Coelognathus_helena\307770069.jpg,2025-08-20
inat_targeted,307736985,Coelognathus helena,non_venomous,cc-by-nc,https://inaturalist-open-data.s3.amazonaws.com/photos/555115155/medium.jpg,E:\Coding_Notes\Faunari\data\raw\inat_targeted\Coelognathus_helena\307736985.jpg,2025-07-09
inat_targeted,307710771,Coelognathus helena,non_venomous,cc-by-nc,https://inaturalist-open-data.s3.amazonaws.com/photos/555064793/medium.jpg,E:\Coding_Notes\Faunari\data\raw\inat_targeted\Coelognathus_helena\307710771.jpg,2025-08-20
inat_targeted,307676637,Coelognathus helena,non_venomous,cc-by-nc,https://inaturalist-open-data.s3.amazonaws.com/photos/554999810/medium.jpg,E:\Coding_Notes\Faunari\data\raw\inat_targeted\Coelognathus_helena\307676637.jpg,2025-08-20
inat_targeted,307649384,Coelognathus helena,non_venomous,cc-by-nc,https://inaturalist-open-data.s3.amazonaws.com/photos/554944684/medium.jpg,E:\Coding_Notes\Faunari\data\raw\inat_targeted\Coelognathus_helena\307649384.jpg,2025-08-15
inat_targeted,307483779,Coelognathus helena,non_venomous,,https://static.inaturalist.org/photos/554626068/medium.jpg,E:\Coding_Notes\Faunari\data\raw\inat_targeted\Coelognathus_helena\307483779.jpg,2024-10-27
inat_targeted,307063910,Coelognathus helena,non_venomous,,https://static.inaturalist.org/photos/553804572/medium.jpg,E:\Coding_Notes\Faunari\data\raw\inat_targeted\Coelognathus_helena\307063910.jpg,2023-04-29
inat_targeted,306738197,Coelognathus helena,non_venomous,cc-by-nc,https://inaturalist-open-data.s3.amazonaws.com/photos/553189713/medium.jpg,E:\Coding_Notes\Faunari\data\raw\inat_targeted\Coelognathus_helena\306738197.jpg,2025-08-15
inat_targeted,306681226,Coelognathus helena,non_venomous,,https://static.inaturalist.org/photos/553086743/medium.jpg,E:\Coding_Notes\Faunari\data\raw\inat_targeted\Coelognathus_helena\306681226.jpg,2025-08-16
inat_targeted,306433580,Coelognathus helena,non_venomous,cc-by-nc,https://inaturalist-open-data.s3.amazonaws.com/photos/552616604/medium.jpg,E:\Coding_Notes\Faunari\data\raw\inat_targeted\Coelognathus_helena\306433580.jpg,2025-08-15
inat_targeted,306432843,Coelognathus helena,non_venomous,cc-by-nc,https://inaturalist-open-data.s3.amazonaws.com/photos/552615240/medium.jpg,E:\Coding_Notes\Faunari\data\raw\inat_targeted\Coelognathus_helena\306432843.jpg,2025-08-15
inat_targeted,305995273,Coelognathus helena,non_venomous,cc-by-nc,https://inaturalist-open-data.s3.amazonaws.com/photos/551775550/medium.jpg,E:\Coding_Notes\Faunari\data\raw\inat_targeted\Coelognathus_helena\305995273.jpg,2025-08-12
inat_targeted,305984757,Coelognathus helena,non_venomous,,https://static.inaturalist.org/photos/551756345/medium.jpg,E:\Coding_Notes\Faunari\data\raw\inat_targeted\Coelognathus_helena\305984757.jpg,2025-07-14
inat_targeted,305923879,Coelognathus helena,non_venomous,,https://static.inaturalist.org/photos/551735952/medium.jpg,E:\Coding_Notes\Faunari\data\raw\inat_targeted\Coelognathus_helena\305923879.jpg,2025-08-13
inat_targeted,305472985,Coelognathus helena,non_venomous,cc-by-nc,https://inaturalist-open-data.s3.amazonaws.com/photos/550780495/medium.jpg,E:\Coding_Notes\Faunari\data\raw\inat_targeted\Coelognathus_helena\305472985.jpg,2025-08-02
inat_targeted,304644251,Coelognathus helena,non_venomous,cc-by-nc,https://inaturalist-open-data.s3.amazonaws.com/photos/549217147/medium.jpg,E:\Coding_Notes\Faunari\data\raw\inat_targeted\Coelognathus_helena\304644251.jpg,2025-08-08
inat_targeted,303703485,Coelognathus helena,non_venomous,cc-by-nc,https://inaturalist-open-data.s3.amazonaws.com/photos/547424233/medium.jpg,E:\Coding_Notes\Faunari\data\raw\inat_targeted\Coelognathus_helena\303703485.jpg,2025-08-04
inat_targeted,303702504,Coelognathus helena,non_venomous,cc-by-nc,https://inaturalist-open-data.s3.amazonaws.com/photos/547422427/medium.jpg,E:\Coding_Notes\Faunari\data\raw\inat_targeted\Coelognathus_helena\303702504.jpg,2025-08-04
inat_targeted,303649306,Coelognathus helena,non_venomous,,https://static.inaturalist.org/photos/547325061/medium.jpg,E:\Coding_Notes\Faunari\data\raw\inat_targeted\Coelognathus_helena\303649306.jpg,2025-07-27
inat_targeted,303379638,Coelognathus helena,non_venomous,cc-by-nc,https://inaturalist-open-data.s3.amazonaws.com/photos/546810357/medium.jpg,E:\Coding_Notes\Faunari\data\raw\inat_targeted\Coelognathus_helena\303379638.jpg,2025-08-01
inat_targeted,303066838,Coelognathus helena,non_venomous,,https://static.inaturalist.org/photos/546228230/medium.jpg,E:\Coding_Notes\Faunari\data\raw\inat_targeted\Coelognathus_helena\303066838.jpg,2025-08-02
inat_targeted,302884411,Coelognathus helena,non_venomous,cc-by-nc,https://inaturalist-open-data.s3.amazonaws.com/photos/545878177/medium.jpg,E:\Coding_Notes\Faunari\data\raw\inat_targeted\Coelognathus_helena\302884411.jpg,2025-08-01
inat_targeted,302025491,Coelognathus helena,non_venomous,,https://static.inaturalist.org/photos/544290606/medium.jpg,E:\Coding_Notes\Faunari\data\raw\inat_targeted\Coelognathus_helena\302025491.jpg,2025-07-29
inat_targeted,301612587,Coelognathus helena,non_venomous,,https://static.inaturalist.org/photos/543511041/medium.jpg,E:\Coding_Notes\Faunari\data\raw\inat_targeted\Coelognathus_helena\301612587.jpg,2025-07-27
inat_targeted,301459866,Coelognathus helena,non_venomous,cc-by-nc,https://inaturalist-open-data.s3.amazonaws.com/photos/543231209/medium.jpg,E:\Coding_Notes\Faunari\data\raw\inat_targeted\Coelognathus_helena\301459866.jpg,2025-07-18
inat_targeted,301195588,Coelognathus helena,non_venomous,cc-by-nc,https://inaturalist-open-data.s3.amazonaws.com/photos/542739037/medium.jpg,E:\Coding_Notes\Faunari\data\raw\inat_targeted\Coelognathus_helena\301195588.jpg,2025-07-26
inat_targeted,300711235,Coelognathus helena,non_venomous,cc-by-nc,https://inaturalist-open-data.s3.amazonaws.com/photos/541835298/medium.jpg,E:\Coding_Notes\Faunari\data\raw\inat_targeted\Coelognathus_helena\300711235.jpg,2019-07-08
inat_targeted,300414175,Coelognathus helena,non_venomous,cc-by-nc-sa,https://inaturalist-open-data.s3.amazonaws.com/photos/541284190/medium.jpg,E:\Coding_Notes\Faunari\data\raw\inat_targeted\Coelognathus_helena\300414175.jpg,2025-07-15
inat_targeted,300029265,Coelognathus helena,non_venomous,cc-by-nc,https://inaturalist-open-data.s3.amazonaws.com/photos/540561710/medium.jpg,E:\Coding_Notes\Faunari\data\raw\inat_targeted\Coelognathus_helena\300029265.jpg,2025-07-20
inat_targeted,299453399,Coelognathus helena,non_venomous,cc-by-nc,https://inaturalist-open-data.s3.amazonaws.com/photos/539490433/medium.jpg,E:\Coding_Notes\Faunari\data\raw\inat_targeted\Coelognathus_helena\299453399.jpg,2025-07-20
inat_targeted,299416760,Coelognathus helena,non_venomous,cc-by-nc,https://inaturalist-open-data.s3.amazonaws.com/photos/539420700/medium.jpg,E:\Coding_Notes\Faunari\data\raw\inat_targeted\Coelognathus_helena\299416760.jpg,2025-07-20
inat_targeted,299074940,Coelognathus helena,non_venomous,,https://static.inaturalist.org/photos/538788124/medium.jpg,E:\Coding_Notes\Faunari\data\raw\inat_targeted\Coelognathus_helena\299074940.jpg,2025-07-19
inat_targeted,298235468,Coelognathus helena,non_venomous,cc-by-nc,https://inaturalist-open-data.s3.amazonaws.com/photos/537176189/medium.jpg,E:\Coding_Notes\Faunari\data\raw\inat_targeted\Coelognathus_helena\298235468.jpg,2018-04-25
inat_targeted,297975550,Coelognathus helena,non_venomous,cc-by-nc,https://inaturalist-open-data.s3.amazonaws.com/photos/536684401/medium.jpg,E:\Coding_Notes\Faunari\data\raw\inat_targeted\Coelognathus_helena\297975550.jpg,2024-10-17
inat_targeted,297502044,Coelognathus helena,non_venomous,,https://static.inaturalist.org/photos/535789764/medium.jpg,E:\Coding_Notes\Faunari\data\raw\inat_targeted\Coelognathus_helena\297502044.jpg,2019-10-01
inat_targeted,297207675,Coelognathus helena,non_venomous,,https://static.inaturalist.org/photos/535237380/medium.jpg,E:\Coding_Notes\Faunari\data\raw\inat_targeted\Coelognathus_helena\297207675.jpg,2024-11-17
inat_targeted,296990068,Coelognathus helena,non_venomous,,https://static.inaturalist.org/photos/534822515/medium.jpg,E:\Coding_Notes\Faunari\data\raw\inat_targeted\Coelognathus_helena\296990068.jpg,2024-01-30
inat_targeted,296962657,Coelognathus helena,non_venomous,cc-by-nc,https://inaturalist-open-data.s3.amazonaws.com/photos/534774375/medium.jpg,E:\Coding_Notes\Faunari\data\raw\inat_targeted\Coelognathus_helena\296962657.jpg,2025-07-09
inat_targeted,296423157,Coelognathus helena,non_venomous,,https://static.inaturalist.org/photos/533770914/medium.jpg,E:\Coding_Notes\Faunari\data\raw\inat_targeted\Coelognathus_helena\296423157.jpg,2025-07-09
inat_targeted,296295277,Coelognathus helena,non_venomous,cc-by,https://inaturalist-open-data.s3.amazonaws.com/photos/533497702/medium.jpg,E:\Coding_Notes\Faunari\data\raw\inat_targeted\Coelognathus_helena\296295277.jpg,2025-07-08
inat_targeted,296233033,Coelognathus helena,non_venomous,cc-by-nc,https://inaturalist-open-data.s3.amazonaws.com/photos/533383558/medium.jpg,E:\Coding_Notes\Faunari\data\raw\inat_targeted\Coelognathus_helena\296233033.jpg,2025-07-08
inat_targeted,295942073,Coelognathus helena,non_venomous,cc-by-nc,https://inaturalist-open-data.s3.amazonaws.com/photos/532823755/medium.jpg,E:\Coding_Notes\Faunari\data\raw\inat_targeted\Coelognathus_helena\295942073.jpg,2025-07-07
inat_targeted,295920196,Coelognathus helena,non_venomous,cc-by,https://inaturalist-open-data.s3.amazonaws.com/photos/532781457/medium.jpg,E:\Coding_Notes\Faunari\data\raw\inat_targeted\Coelognathus_helena\295920196.jpg,2025-07-07
inat_targeted,295753065,Coelognathus helena,non_venomous,cc-by-nc,https://inaturalist-open-data.s3.amazonaws.com/photos/532454818/medium.jpg,E:\Coding_Notes\Faunari\data\raw\inat_targeted\Coelognathus_helena\295753065.jpg,2025-07-06
inat_targeted,295627748,Coelognathus helena,non_venomous,,https://static.inaturalist.org/photos/532222196/medium.jpg,E:\Coding_Notes\Faunari\data\raw\inat_targeted\Coelognathus_helena\295627748.jpg,2025-07-06
inat_targeted,295341015,Coelognathus helena,non_venomous,,https://static.inaturalist.org/photos/531678997/medium.jpg,E:\Coding_Notes\Faunari\data\raw\inat_targeted\Coelognathus_helena\295341015.jpg,2025-07-05
inat_targeted,295340960,Coelognathus helena,non_venomous,,https://static.inaturalist.org/photos/531678815/medium.jpg,E:\Coding_Notes\Faunari\data\raw\inat_targeted\Coelognathus_helena\295340960.jpg,2025-07-05
inat_targeted,295309188,Coelognathus helena,non_venomous,,https://static.inaturalist.org/photos/531617663/medium.jpg,E:\Coding_Notes\Faunari\data\raw\inat_targeted\Coelognathus_helena\295309188.jpg,2025-07-05
inat_targeted,295223635,Coelognathus helena,non_venomous,cc-by-nc,https://inaturalist-open-data.s3.amazonaws.com/photos/531452800/medium.jpg,E:\Coding_Notes\Faunari\data\raw\inat_targeted\Coelognathus_helena\295223635.jpg,2025-07-05
inat_targeted,294507342,Coelognathus helena,non_venomous,cc-by-nc,https://inaturalist-open-data.s3.amazonaws.com/photos/530104560/medium.jpg,E:\Coding_Notes\Faunari\data\raw\inat_targeted\Coelognathus_helena\294507342.jpg,2025-07-02
inat_targeted,294466401,Coelognathus helena,non_venomous,,https://static.inaturalist.org/photos/530026965/medium.jpg,E:\Coding_Notes\Faunari\data\raw\inat_targeted\Coelognathus_helena\294466401.jpg,2025-07-02
inat_targeted,294373548,Coelognathus helena,non_venomous,cc-by-nc,https://inaturalist-open-data.s3.amazonaws.com/photos/529851988/medium.jpg,E:\Coding_Notes\Faunari\data\raw\inat_targeted\Coelognathus_helena\294373548.jpg,2025-07-01
inat_targeted,294362862,Coelognathus helena,non_venomous,cc-by-nc,https://inaturalist-open-data.s3.amazonaws.com/photos/529832380/medium.jpg,E:\Coding_Notes\Faunari\data\raw\inat_targeted\Coelognathus_helena\294362862.jpg,2025-07-01
inat_targeted,294324670,Coelognathus helena,non_venomous,cc-by-nc,https://inaturalist-open-data.s3.amazonaws.com/photos/529761960/medium.jpg,E:\Coding_Notes\Faunari\data\raw\inat_targeted\Coelognathus_helena\294324670.jpg,2025-07-01
inat_targeted,294302013,Coelognathus helena,non_venomous,,https://static.inaturalist.org/photos/531282097/medium.jpg,E:\Coding_Notes\Faunari\data\raw\inat_targeted\Coelognathus_helena\294302013.jpg,2025-06-29
inat_targeted,293634227,Coelognathus helena,non_venomous,cc-by-nc,https://inaturalist-open-data.s3.amazonaws.com/photos/528467211/medium.jpg,E:\Coding_Notes\Faunari\data\raw\inat_targeted\Coelognathus_helena\293634227.jpg,2025-06-29
inat_targeted,293434397,Coelognathus helena,non_venomous,cc-by-nc,https://inaturalist-open-data.s3.amazonaws.com/photos/528140760/medium.jpg,E:\Coding_Notes\Faunari\data\raw\inat_targeted\Coelognathus_helena\293434397.jpg,2025-06-28
inat_targeted,293124496,Coelognathus helena,non_venomous,cc-by-nc,https://inaturalist-open-data.s3.amazonaws.com/photos/527561414/medium.jpg,E:\Coding_Notes\Faunari\data\raw\inat_targeted\Coelognathus_helena\293124496.jpg,2025-06-27
inat_targeted,292880042,Coelognathus helena,non_venomous,cc-by-nc,https://inaturalist-open-data.s3.amazonaws.com/photos/527102212/medium.jpg,E:\Coding_Notes\Faunari\data\raw\inat_targeted\Coelognathus_helena\292880042.jpg,2025-06-26
inat_targeted,292878663,Coelognathus helena,non_venomous,cc-by-nc,https://inaturalist-open-data.s3.amazonaws.com/photos/527099042/medium.jpg,E:\Coding_Notes\Faunari\data\raw\inat_targeted\Coelognathus_helena\292878663.jpg,2025-06-26
inat_targeted,292292650,Coelognathus helena,non_venomous,cc-by-nc-sa,https://inaturalist-open-data.s3.amazonaws.com/photos/525988430/medium.jpg,E:\Coding_Notes\Faunari\data\raw\inat_targeted\Coelognathus_helena\292292650.jpg,2025-06-11
inat_targeted,292291735,Coelognathus helena,non_venomous,cc-by-nc-sa,https://inaturalist-open-data.s3.amazonaws.com/photos/525986609/medium.jpg,E:\Coding_Notes\Faunari\data\raw\inat_targeted\Coelognathus_helena\292291735.jpg,2025-06-14
inat_targeted,291685840,Coelognathus helena,non_venomous,cc-by-nc,https://inaturalist-open-data.s3.amazonaws.com/photos/524827938/medium.jpg,E:\Coding_Notes\Faunari\data\raw\inat_targeted\Coelognathus_helena\291685840.jpg,2025-06-22
inat_targeted,291666312,Coelognathus helena,non_venomous,cc-by-nc,https://inaturalist-open-data.s3.amazonaws.com/photos/524788020/medium.jpg,E:\Coding_Notes\Faunari\data\raw\inat_targeted\Coelognathus_helena\291666312.jpg,2025-06-22
inat_targeted,291661027,Coelognathus helena,non_venomous,cc-by-nc,https://inaturalist-open-data.s3.amazonaws.com/photos/524776884/medium.jpg,E:\Coding_Notes\Faunari\data\raw\inat_targeted\Coelognathus_helena\291661027.jpg,2025-06-22
inat_targeted,291381011,Coelognathus helena,non_venomous,,https://static.inaturalist.org/photos/524346540/medium.jpg,E:\Coding_Notes\Faunari\data\raw\inat_targeted\Coelognathus_helena\291381011.jpg,2025-06-21
inat_targeted,291225489,Coelognathus helena,non_venomous,cc-by-nc,https://inaturalist-open-data.s3.amazonaws.com/photos/524787821/medium.jpg,E:\Coding_Notes\Faunari\data\raw\inat_targeted\Coelognathus_helena\291225489.jpg,2025-06-20
inat_targeted,291167112,Coelognathus helena,non_venomous,cc-by,https://inaturalist-open-data.s3.amazonaws.com/photos/523854823/medium.jpg,E:\Coding_Notes\Faunari\data\raw\inat_targeted\Coelognathus_helena\291167112.jpg,2025-06-20
inat_targeted,291116398,Coelognathus helena,non_venomous,cc-by-nc,https://inaturalist-open-data.s3.amazonaws.com/photos/523757370/medium.jpg,E:\Coding_Notes\Faunari\data\raw\inat_targeted\Coelognathus_helena\291116398.jpg,2025-06-20
inat_targeted,290710437,Coelognathus helena,non_venomous,,https://static.inaturalist.org/photos/522991758/medium.jpg,E:\Coding_Notes\Faunari\data\raw\inat_targeted\Coelognathus_helena\290710437.jpg,2025-06-17
inat_targeted,290696005,Coelognathus helena,non_venomous,cc-by-nc,https://inaturalist-open-data.s3.amazonaws.com/photos/522965448/medium.jpg,E:\Coding_Notes\Faunari\data\raw\inat_targeted\Coelognathus_helena\290696005.jpg,2025-06-18
inat_targeted,290692007,Coelognathus helena,non_venomous,cc-by-nc,https://inaturalist-open-data.s3.amazonaws.com/photos/522958008/medium.jpg,E:\Coding_Notes\Faunari\data\raw\inat_targeted\Coelognathus_helena\290692007.jpg,2025-06-18
inat_targeted,290151483,Coelognathus helena,non_venomous,cc-by,https://inaturalist-open-data.s3.amazonaws.com/photos/521935710/medium.jpg,E:\Coding_Notes\Faunari\data\raw\inat_targeted\Coelognathus_helena\290151483.jpg,2025-06-16
inat_targeted,289025219,Coelognathus helena,non_venomous,cc-by-nc,https://inaturalist-open-data.s3.amazonaws.com/photos/519814207/medium.jpg,E:\Coding_Notes\Faunari\data\raw\inat_targeted\Coelognathus_helena\289025219.jpg,2025-06-12
inat_targeted,288906781,Coelognathus helena,non_venomous,cc-by-nc,https://inaturalist-open-data.s3.amazonaws.com/photos/519597032/medium.jpg,E:\Coding_Notes\Faunari\data\raw\inat_targeted\Coelognathus_helena\288906781.jpg,2025-06-12
inat_targeted,288671448,Coelognathus helena,non_venomous,cc-by-nc,https://inaturalist-open-data.s3.amazonaws.com/photos/519161072/medium.jpg,E:\Coding_Notes\Faunari\data\raw\inat_targeted\Coelognathus_helena\288671448.jpg,2025-06-10
inat_targeted,288667972,Coelognathus helena,non_venomous,cc-by-nc,https://inaturalist-open-data.s3.amazonaws.com/photos/519154164/medium.jpg,E:\Coding_Notes\Faunari\data\raw\inat_targeted\Coelognathus_helena\288667972.jpg,2025-06-09
inat_targeted,288429455,Coelognathus helena,non_venomous,cc-by-nc,https://inaturalist-open-data.s3.amazonaws.com/photos/518703501/medium.jpg,E:\Coding_Notes\Faunari\data\raw\inat_targeted\Coelognathus_helena\288429455.jpg,2025-06-08
inat_targeted,287931266,Coelognathus helena,non_venomous,,https://static.inaturalist.org/photos/517747450/medium.jpg,E:\Coding_Notes\Faunari\data\raw\inat_targeted\Coelognathus_helena\287931266.jpg,2025-06-08
inat_targeted,287195270,Coelognathus helena,non_venomous,cc-by,https://inaturalist-open-data.s3.amazonaws.com/photos/516378790/medium.jpg,E:\Coding_Notes\Faunari\data\raw\inat_targeted\Coelognathus_helena\287195270.jpg,2025-06-06
inat_targeted,286257908,Coelognathus helena,non_venomous,cc-by-nc,https://inaturalist-open-data.s3.amazonaws.com/photos/514603995/medium.jpg,E:\Coding_Notes\Faunari\data\raw\inat_targeted\Coelognathus_helena\286257908.jpg,2025-06-01
inat_targeted,285896911,Coelognathus helena,non_venomous,,https://static.inaturalist.org/photos/513918573/medium.jpg,E:\Coding_Notes\Faunari\data\raw\inat_targeted\Coelognathus_helena\285896911.jpg,2025-05-31
inat_targeted,285230271,Coelognathus helena,non_venomous,cc-by-nc,https://inaturalist-open-data.s3.amazonaws.com/photos/512676310/medium.jpg,E:\Coding_Notes\Faunari\data\raw\inat_targeted\Coelognathus_helena\285230271.jpg,2025-05-29
