source,record_id,scientific_name,license,image_url,local_path,captured_at
inaturalist,373932729,Naja naja,cc-by-nc,https://inaturalist-open-data.s3.amazonaws.com/photos/683425222/medium.jpg,E:\Coding_Notes\Faunari\data\raw\inaturalist\373932729.jpg,2026-06-21
inaturalist,373929796,Craspedocephalus malabaricus,cc-by-nc,https://inaturalist-open-data.s3.amazonaws.com/photos/683419467/medium.jpg,E:\Coding_Notes\Faunari\data\raw\inaturalist\373929796.jpg,2026-06-12
inaturalist,373929562,Hypnale hypnale,cc-by-nc,https://inaturalist-open-data.s3.amazonaws.com/photos/683418950/medium.jpg,E:\Coding_Notes\Faunari\data\raw\inaturalist\373929562.jpg,2026-06-21
inaturalist,373927733,Coelognathus helena,cc-by-nc,https://inaturalist-open-data.s3.amazonaws.com/photos/683415808/medium.jpg,E:\Coding_Notes\Faunari\data\raw\inaturalist\373927733.jpg,2026-06-21
inaturalist,373897669,Fowlea piscator,cc-by-nc,https://inaturalist-open-data.s3.amazonaws.com/photos/683357307/medium.jpg,E:\Coding_Notes\Faunari\data\raw\inaturalist\373897669.jpg,2014-11-05
inaturalist,373858449,Fowlea piscator,cc-by-nc,https://inaturalist-open-data.s3.amazonaws.com/photos/683282859/medium.jpg,E:\Coding_Notes\Faunari\data\raw\inaturalist\373858449.jpg,2024-06-11
inaturalist,373845000,Echis carinatus,cc-by-nc,https://inaturalist-open-data.s3.amazonaws.com/photos/683254997/medium.jpg,E:\Coding_Notes\Faunari\data\raw\inaturalist\373845000.jpg,2026-06-13
inaturalist,373838062,Craspedocephalus gramineus,,https://static.inaturalist.org/photos/683241362/medium.jpg,E:\Coding_Notes\Faunari\data\raw\inaturalist\373838062.jpg,2026-06-19
inaturalist,373828543,Fowlea piscator,cc-by-nc,https://inaturalist-open-data.s3.amazonaws.com/photos/683223202/medium.jpg,E:\Coding_Notes\Faunari\data\raw\inaturalist\373828543.jpg,2026-05-06
inaturalist,373745422,Craspedocephalus gramineus,cc-by-nc,https://inaturalist-open-data.s3.amazonaws.com/photos/683060700/medium.jpg,E:\Coding_Notes\Faunari\data\raw\inaturalist\373745422.jpg,2026-06-20
inaturalist,373745301,Craspedocephalus gramineus,cc-by-nc,https://inaturalist-open-data.s3.amazonaws.com/photos/683060360/medium.jpg,E:\Coding_Notes\Faunari\data\raw\inaturalist\373745301.jpg,2026-06-20
inaturalist,373745133,Craspedocephalus gramineus,cc-by-nc,https://inaturalist-open-data.s3.amazonaws.com/photos/683060144/medium.jpg,E:\Coding_Notes\Faunari\data\raw\inaturalist\373745133.jpg,2026-06-20
inaturalist,373744966,Ahaetulla borealis,cc-by-nc,https://inaturalist-open-data.s3.amazonaws.com/photos/683059678/medium.jpg,E:\Coding_Notes\Faunari\data\raw\inaturalist\373744966.jpg,2026-06-21
inaturalist,373744874,Ahaetulla borealis,cc-by-nc,https://inaturalist-open-data.s3.amazonaws.com/photos/683059515/medium.jpg,E:\Coding_Notes\Faunari\data\raw\inaturalist\373744874.jpg,2026-06-21
inaturalist,373744756,Ahaetulla borealis,cc-by-nc,https://inaturalist-open-data.s3.amazonaws.com/photos/683059241/medium.jpg,E:\Coding_Notes\Faunari\data\raw\inaturalist\373744756.jpg,2026-06-21
inaturalist,373744726,Ahaetulla borealis,cc-by-nc,https://inaturalist-open-data.s3.amazonaws.com/photos/683059185/medium.jpg,E:\Coding_Notes\Faunari\data\raw\inaturalist\373744726.jpg,2026-06-21
inaturalist,373744706,Ahaetulla borealis,cc-by-nc,https://inaturalist-open-data.s3.amazonaws.com/photos/683059149/medium.jpg,E:\Coding_Notes\Faunari\data\raw\inaturalist\373744706.jpg,2026-06-21
inaturalist,373744673,Ahaetulla borealis,cc-by-nc,https://inaturalist-open-data.s3.amazonaws.com/photos/683059091/medium.jpg,E:\Coding_Notes\Faunari\data\raw\inaturalist\373744673.jpg,2026-06-21
inaturalist,373744446,Craspedocephalus gramineus,cc-by-nc,https://inaturalist-open-data.s3.amazonaws.com/photos/683058844/medium.jpg,E:\Coding_Notes\Faunari\data\raw\inaturalist\373744446.jpg,2026-06-21
inaturalist,373744335,Ahaetulla borealis,cc-by-nc,https://inaturalist-open-data.s3.amazonaws.com/photos/683058539/medium.jpg,E:\Coding_Notes\Faunari\data\raw\inaturalist\373744335.jpg,2026-06-21
inaturalist,373744051,Eryx conicus,cc-by-nc,https://inaturalist-open-data.s3.amazonaws.com/photos/683058162/medium.jpg,E:\Coding_Notes\Faunari\data\raw\inaturalist\373744051.jpg,2026-06-21
inaturalist,373713913,Ahaetulla oxyrhynca,,https://static.inaturalist.org/photos/682997328/medium.jpg,E:\Coding_Notes\Faunari\data\raw\inaturalist\373713913.jpg,2026-06-20
inaturalist,373654657,Lycodon aulicus,cc-by-nc,https://inaturalist-open-data.s3.amazonaws.com/photos/682883664/medium.jpg,E:\Coding_Notes\Faunari\data\raw\inaturalist\373654657.jpg,2026-06-19
inaturalist,373652333,Naja naja,cc-by-nc,https://inaturalist-open-data.s3.amazonaws.com/photos/682879747/medium.jpg,E:\Coding_Notes\Faunari\data\raw\inaturalist\373652333.jpg,2026-06-19
inaturalist,373643729,Lycodon aulicus,,https://static.inaturalist.org/photos/682864310/medium.jpg,E:\Coding_Notes\Faunari\data\raw\inaturalist\373643729.jpg,2026-06-20
inaturalist,373624772,Craspedocephalus gramineus,cc-by-nc,https://inaturalist-open-data.s3.amazonaws.com/photos/683134124/medium.jpg,E:\Coding_Notes\Faunari\data\raw\inaturalist\373624772.jpg,2026-06-20
inaturalist,373584268,Oligodon taeniolatus,,https://static.inaturalist.org/photos/682756178/medium.jpg,E:\Coding_Notes\Faunari\data\raw\inaturalist\373584268.jpg,2026-06-20
inaturalist,373580563,Craspedocephalus malabaricus,cc-by-nc,https://inaturalist-open-data.s3.amazonaws.com/photos/682749355/medium.jpg,E:\Coding_Notes\Faunari\data\raw\inaturalist\373580563.jpg,2026-06-16
inaturalist,373566529,Rhabdops olivaceus,cc-by-nc,https://inaturalist-open-data.s3.amazonaws.com/photos/682723295/medium.jpg,E:\Coding_Notes\Faunari\data\raw\inaturalist\373566529.jpg,2026-06-14
inaturalist,373559663,Fowlea piscator,cc-by-nc,https://inaturalist-open-data.s3.amazonaws.com/photos/682708199/medium.jpg,E:\Coding_Notes\Faunari\data\raw\inaturalist\373559663.jpg,2026-06-20
inaturalist,373558905,Daboia russelii,cc-by-nc,https://inaturalist-open-data.s3.amazonaws.com/photos/682707992/medium.jpg,E:\Coding_Notes\Faunari\data\raw\inaturalist\373558905.jpg,2026-06-20
inaturalist,373549602,Ptyas mucosa,cc-by-nc,https://inaturalist-open-data.s3.amazonaws.com/photos/682691085/medium.jpg,E:\Coding_Notes\Faunari\data\raw\inaturalist\373549602.jpg,2026-06-20
inaturalist,373529811,Naja naja,cc-by-nc-sa,https://inaturalist-open-data.s3.amazonaws.com/photos/682654042/medium.jpg,E:\Coding_Notes\Faunari\data\raw\inaturalist\373529811.jpg,2026-06-20
inaturalist,373517386,Hypnale hypnale,,https://static.inaturalist.org/photos/682629940/medium.jpg,E:\Coding_Notes\Faunari\data\raw\inaturalist\373517386.jpg,2026-06-15
inaturalist,373510921,Naja naja,cc-by-nc-sa,https://inaturalist-open-data.s3.amazonaws.com/photos/682618452/medium.jpg,E:\Coding_Notes\Faunari\data\raw\inaturalist\373510921.jpg,2026-06-20
inaturalist,373498941,Calliophis nigrescens,,https://static.inaturalist.org/photos/682595194/medium.jpg,E:\Coding_Notes\Faunari\data\raw\inaturalist\373498941.jpg,2026-06-20
inaturalist,373484693,Amphiesma stolatum,cc-by-nc,https://inaturalist-open-data.s3.amazonaws.com/photos/682568577/medium.jpg,E:\Coding_Notes\Faunari\data\raw\inaturalist\373484693.jpg,2026-06-20
inaturalist,373479195,Ahaetulla malabarica,,https://static.inaturalist.org/photos/682557317/medium.jpg,E:\Coding_Notes\Faunari\data\raw\inaturalist\373479195.jpg,2026-06-19
inaturalist,373479096,Ahaetulla malabarica,,https://static.inaturalist.org/photos/682557122/medium.jpg,E:\Coding_Notes\Faunari\data\raw\inaturalist\373479096.jpg,2026-06-19
inaturalist,373478795,Boiga nuchalis,,https://static.inaturalist.org/photos/682556556/medium.jpg,E:\Coding_Notes\Faunari\data\raw\inaturalist\373478795.jpg,2026-06-19
inaturalist,373478621,Calliophis nigrescens,,https://static.inaturalist.org/photos/682556272/medium.jpg,E:\Coding_Notes\Faunari\data\raw\inaturalist\373478621.jpg,2026-06-19
inaturalist,373453887,Indotyphlops braminus,cc-by-nc,https://inaturalist-open-data.s3.amazonaws.com/photos/682508112/medium.jpg,E:\Coding_Notes\Faunari\data\raw\inaturalist\373453887.jpg,2026-06-19
inaturalist,373451815,Dendrelaphis tristis,cc-by-nc,https://inaturalist-open-data.s3.amazonaws.com/photos/682503754/medium.jpg,E:\Coding_Notes\Faunari\data\raw\inaturalist\373451815.jpg,2026-04-21
inaturalist,373445172,Fowlea piscator,cc-by-nc,https://inaturalist-open-data.s3.amazonaws.com/photos/682490016/medium.jpg,E:\Coding_Notes\Faunari\data\raw\inaturalist\373445172.jpg,2026-06-20
inaturalist,373426330,Oligodon albocinctus,cc-by-nc,https://inaturalist-open-data.s3.amazonaws.com/photos/682451595/medium.jpg,E:\Coding_Notes\Faunari\data\raw\inaturalist\373426330.jpg,2026-06-20
inaturalist,373422529,Daboia russelii,cc-by-nc,https://inaturalist-open-data.s3.amazonaws.com/photos/682444190/medium.jpg,E:\Coding_Notes\Faunari\data\raw\inaturalist\373422529.jpg,2025-10-23
inaturalist,373409696,Ptyas mucosa,,https://static.inaturalist.org/photos/682424843/medium.jpg,E:\Coding_Notes\Faunari\data\raw\inaturalist\373409696.jpg,2026-06-18
inaturalist,373409363,Coelognathus helena helena,,https://static.inaturalist.org/photos/682418729/medium.jpg,E:\Coding_Notes\Faunari\data\raw\inaturalist\373409363.jpg,2026-06-17
inaturalist,373400234,Bungarus caeruleus,,https://static.inaturalist.org/photos/682400685/medium.jpg,E:\Coding_Notes\Faunari\data\raw\inaturalist\373400234.jpg,2026-06-20
inaturalist,373322208,Bungarus caeruleus,cc-by-nc,https://inaturalist-open-data.s3.amazonaws.com/photos/682259464/medium.jpg,E:\Coding_Notes\Faunari\data\raw\inaturalist\373322208.jpg,2026-06-19
inaturalist,373291281,Amphiesma stolatum,,https://static.inaturalist.org/photos/682190836/medium.jpg,E:\Coding_Notes\Faunari\data\raw\inaturalist\373291281.jpg,2026-06-13
inaturalist,373277518,Ahaetulla malabarica,cc-by-nc,https://inaturalist-open-data.s3.amazonaws.com/photos/682165841/medium.jpg,E:\Coding_Notes\Faunari\data\raw\inaturalist\373277518.jpg,2026-06-19
inaturalist,373266477,Calliophis nigrescens,cc-by-nc,https://inaturalist-open-data.s3.amazonaws.com/photos/682146559/medium.jpg,E:\Coding_Notes\Faunari\data\raw\inaturalist\373266477.jpg,2026-06-19
inaturalist,373265866,Boiga nuchalis,cc-by-nc,https://inaturalist-open-data.s3.amazonaws.com/photos/682145317/medium.jpg,E:\Coding_Notes\Faunari\data\raw\inaturalist\373265866.jpg,2026-06-19
inaturalist,373249116,Fowlea piscator,cc-by-nc,https://inaturalist-open-data.s3.amazonaws.com/photos/682113745/medium.jpg,E:\Coding_Notes\Faunari\data\raw\inaturalist\373249116.jpg,2024-06-11
inaturalist,373247627,Craspedocephalus malabaricus,cc-by-nc,https://inaturalist-open-data.s3.amazonaws.com/photos/682111484/medium.jpg,E:\Coding_Notes\Faunari\data\raw\inaturalist\373247627.jpg,2026-06-15
inaturalist,373243829,Lycodon aulicus,cc-by-nc,https://inaturalist-open-data.s3.amazonaws.com/photos/682104244/medium.jpg,E:\Coding_Notes\Faunari\data\raw\inaturalist\373243829.jpg,2026-06-19
inaturalist,373233801,Craspedocephalus malabaricus,cc-by-nc,https://inaturalist-open-data.s3.amazonaws.com/photos/682087474/medium.jpg,E:\Coding_Notes\Faunari\data\raw\inaturalist\373233801.jpg,2026-06-15
inaturalist,373230501,Bungarus fasciatus,cc-by-nc,https://inaturalist-open-data.s3.amazonaws.com/photos/682078757/medium.jpg,E:\Coding_Notes\Faunari\data\raw\inaturalist\373230501.jpg,2026-06-12
inaturalist,373227737,Fowlea piscator,cc-by-nc,https://inaturalist-open-data.s3.amazonaws.com/photos/682074140/medium.jpg,E:\Coding_Notes\Faunari\data\raw\inaturalist\373227737.jpg,2026-06-17
inaturalist,373207371,Ptyas mucosa,,https://static.inaturalist.org/photos/682035926/medium.jpg,E:\Coding_Notes\Faunari\data\raw\inaturalist\373207371.jpg,2026-06-19
inaturalist,373205545,Coelognathus helena monticollaris,,https://static.inaturalist.org/photos/682524072/medium.jpg,E:\Coding_Notes\Faunari\data\raw\inaturalist\373205545.jpg,2026-06-18
inaturalist,373161871,Ahaetulla farnsworthi,,https://static.inaturalist.org/photos/681950636/medium.jpg,E:\Coding_Notes\Faunari\data\raw\inaturalist\373161871.jpg,2026-06-18
inaturalist,373157159,Ptyas mucosa,cc-by-nc,https://inaturalist-open-data.s3.amazonaws.com/photos/681939860/medium.jpg,E:\Coding_Notes\Faunari\data\raw\inaturalist\373157159.jpg,2026-06-17
inaturalist,373109969,Lycodon striatus,cc-by-nc,https://inaturalist-open-data.s3.amazonaws.com/photos/681844003/medium.jpg,E:\Coding_Notes\Faunari\data\raw\inaturalist\373109969.jpg,2026-06-19
inaturalist,373021463,Craspedocephalus malabaricus,,https://static.inaturalist.org/photos/681675032/medium.jpg,E:\Coding_Notes\Faunari\data\raw\inaturalist\373021463.jpg,2026-06-19
inaturalist,372994745,Rhinophis melanoleucus,,https://static.inaturalist.org/photos/681622965/medium.jpg,E:\Coding_Notes\Faunari\data\raw\inaturalist\372994745.jpg,2026-06-15
inaturalist,372985660,Lycodon aulicus,cc-by-nc,https://inaturalist-open-data.s3.amazonaws.com/photos/681604711/medium.jpg,E:\Coding_Notes\Faunari\data\raw\inaturalist\372985660.jpg,2026-06-18
inaturalist,372930991,Fowlea piscator,cc-by-nc,https://inaturalist-open-data.s3.amazonaws.com/photos/681504005/medium.jpg,E:\Coding_Notes\Faunari\data\raw\inaturalist\372930991.jpg,2026-06-18
inaturalist,372911512,Daboia russelii,cc-by-nc,https://inaturalist-open-data.s3.amazonaws.com/photos/681468708/medium.jpg,E:\Coding_Notes\Faunari\data\raw\inaturalist\372911512.jpg,2026-06-15
inaturalist,372893534,Sinomicrurus macclellandi,cc-by,https://inaturalist-open-data.s3.amazonaws.com/photos/681435229/medium.jpg,E:\Coding_Notes\Faunari\data\raw\inaturalist\372893534.jpg,2026-06-16
inaturalist,372889853,Craspedocephalus malabaricus,cc-by-nc-nd,https://inaturalist-open-data.s3.amazonaws.com/photos/681428259/medium.jpg,E:\Coding_Notes\Faunari\data\raw\inaturalist\372889853.jpg,2026-06-03
inaturalist,372882811,Naja naja,cc-by-nc,https://inaturalist-open-data.s3.amazonaws.com/photos/681415136/medium.jpg,E:\Coding_Notes\Faunari\data\raw\inaturalist\372882811.jpg,2026-06-18
inaturalist,372882350,Python molurus,cc-by-nc,https://inaturalist-open-data.s3.amazonaws.com/photos/681414414/medium.jpg,E:\Coding_Notes\Faunari\data\raw\inaturalist\372882350.jpg,2026-06-18
inaturalist,372871030,Amphiesma stolatum,cc-by-nc,https://inaturalist-open-data.s3.amazonaws.com/photos/681393244/medium.jpg,E:\Coding_Notes\Faunari\data\raw\inaturalist\372871030.jpg,2026-06-18
inaturalist,372867793,Ahaetulla oxyrhynca,cc-by-nc,https://inaturalist-open-data.s3.amazonaws.com/photos/681387480/medium.jpg,E:\Coding_Notes\Faunari\data\raw\inaturalist\372867793.jpg,2026-06-18
inaturalist,372866548,Amphiesma stolatum,cc-by-nc,https://inaturalist-open-data.s3.amazonaws.com/photos/681385467/medium.jpg,E:\Coding_Notes\Faunari\data\raw\inaturalist\372866548.jpg,2026-06-18
inaturalist,372864589,Daboia russelii,,https://static.inaturalist.org/photos/681381563/medium.jpg,E:\Coding_Notes\Faunari\data\raw\inaturalist\372864589.jpg,2026-06-11
inaturalist,372864356,Bungarus caeruleus,,https://static.inaturalist.org/photos/681381029/medium.jpg,E:\Coding_Notes\Faunari\data\raw\inaturalist\372864356.jpg,2026-06-18
inaturalist,372860050,Ophiophagus hannah,cc-by-nc,https://inaturalist-open-data.s3.amazonaws.com/photos/681372361/medium.jpg,E:\Coding_Notes\Faunari\data\raw\inaturalist\372860050.jpg,2026-05-18
inaturalist,372856433,Lycodon zawi,cc-by-nc,https://inaturalist-open-data.s3.amazonaws.com/photos/681365691/medium.jpg,E:\Coding_Notes\Faunari\data\raw\inaturalist\372856433.jpg,2026-06-10
inaturalist,372856394,Daboia russelii,cc-by-nc,https://inaturalist-open-data.s3.amazonaws.com/photos/681365610/medium.jpg,E:\Coding_Notes\Faunari\data\raw\inaturalist\372856394.jpg,2026-06-17
inaturalist,372851025,Sibynophis collaris,cc-by-nc,https://inaturalist-open-data.s3.amazonaws.com/photos/681357294/medium.jpg,E:\Coding_Notes\Faunari\data\raw\inaturalist\372851025.jpg,2026-06-04
inaturalist,372846933,Ptyas mucosa,cc-by,https://inaturalist-open-data.s3.amazonaws.com/photos/681352613/medium.jpg,E:\Coding_Notes\Faunari\data\raw\inaturalist\372846933.jpg,2026-06-18
inaturalist,372846258,Coelognathus radiatus,cc-by-nc,https://inaturalist-open-data.s3.amazonaws.com/photos/681349278/medium.jpg,E:\Coding_Notes\Faunari\data\raw\inaturalist\372846258.jpg,2026-06-18
inaturalist,372845347,Boiga trigonata,cc-by-nc,https://inaturalist-open-data.s3.amazonaws.com/photos/681347146/medium.jpg,E:\Coding_Notes\Faunari\data\raw\inaturalist\372845347.jpg,2026-06-13
inaturalist,372841280,Ahaetulla oxyrhynca,,https://static.inaturalist.org/photos/681337159/medium.jpg,E:\Coding_Notes\Faunari\data\raw\inaturalist\372841280.jpg,2026-01-28
inaturalist,372841279,Platyceps bholanathi,,https://static.inaturalist.org/photos/681337209/medium.jpg,E:\Coding_Notes\Faunari\data\raw\inaturalist\372841279.jpg,2026-01-28
inaturalist,372836296,Ahaetulla oxyrhynca,,https://static.inaturalist.org/photos/681329101/medium.jpg,E:\Coding_Notes\Faunari\data\raw\inaturalist\372836296.jpg,2026-06-18
inaturalist,372835612,Fowlea piscator,cc-by-nc,https://inaturalist-open-data.s3.amazonaws.com/photos/681327579/medium.jpg,E:\Coding_Notes\Faunari\data\raw\inaturalist\372835612.jpg,2025-11-18
inaturalist,372824405,Amphiesma stolatum,cc-by-nc,https://inaturalist-open-data.s3.amazonaws.com/photos/681306185/medium.jpg,E:\Coding_Notes\Faunari\data\raw\inaturalist\372824405.jpg,2026-06-18
inaturalist,372809587,Coelognathus helena helena,,https://static.inaturalist.org/photos/681278310/medium.jpg,E:\Coding_Notes\Faunari\data\raw\inaturalist\372809587.jpg,2026-06-18
inaturalist,372805634,Uropeltis ceylanica,cc-by,https://inaturalist-open-data.s3.amazonaws.com/photos/681270111/medium.jpg,E:\Coding_Notes\Faunari\data\raw\inaturalist\372805634.jpg,2026-06-17
inaturalist,372716075,Uropeltis ceylanica,,https://static.inaturalist.org/photos/681095459/medium.jpg,E:\Coding_Notes\Faunari\data\raw\inaturalist\372716075.jpg,2026-06-17
inaturalist,372700078,Hypnale hypnale,,https://static.inaturalist.org/photos/681064794/medium.jpg,E:\Coding_Notes\Faunari\data\raw\inaturalist\372700078.jpg,2025-08-06
inaturalist,372655802,Ahaetulla malabarica,cc-by-nc,https://inaturalist-open-data.s3.amazonaws.com/photos/680980829/medium.jpg,E:\Coding_Notes\Faunari\data\raw\inaturalist\372655802.jpg,2026-05-31
inaturalist,372651802,Bungarus caeruleus,cc0,https://inaturalist-open-data.s3.amazonaws.com/photos/680974238/medium.jpg,E:\Coding_Notes\Faunari\data\raw\inaturalist\372651802.jpg,2026-06-17
inaturalist,372642683,Daboia russelii,cc-by-nc,https://inaturalist-open-data.s3.amazonaws.com/photos/680958295/medium.jpg,E:\Coding_Notes\Faunari\data\raw\inaturalist\372642683.jpg,2026-06-17
inaturalist,372626460,Bungarus caeruleus,cc-by-nc,https://inaturalist-open-data.s3.amazonaws.com/photos/680928949/medium.jpg,E:\Coding_Notes\Faunari\data\raw\inaturalist\372626460.jpg,2026-06-16
inaturalist,372624552,Ophiophagus kaalinga,cc-by-nc,https://inaturalist-open-data.s3.amazonaws.com/photos/680925699/medium.jpg,E:\Coding_Notes\Faunari\data\raw\inaturalist\372624552.jpg,2025-04-07
inaturalist,372606749,Coelognathus helena helena,cc-by-nc,https://inaturalist-open-data.s3.amazonaws.com/photos/680893196/medium.jpg,E:\Coding_Notes\Faunari\data\raw\inaturalist\372606749.jpg,2026-06-17
inaturalist,372606145,Rhabdophis plumbicolor,cc-by-nc,https://inaturalist-open-data.s3.amazonaws.com/photos/680892149/medium.jpg,E:\Coding_Notes\Faunari\data\raw\inaturalist\372606145.jpg,2026-06-04
inaturalist,372603548,Ptyas mucosa,cc-by-nc,https://inaturalist-open-data.s3.amazonaws.com/photos/680887027/medium.jpg,E:\Coding_Notes\Faunari\data\raw\inaturalist\372603548.jpg,2026-06-17
inaturalist,372590135,Ptyas mucosa,cc-by-nc,https://inaturalist-open-data.s3.amazonaws.com/photos/680862367/medium.jpg,E:\Coding_Notes\Faunari\data\raw\inaturalist\372590135.jpg,2026-06-17
inaturalist,372583460,Uropeltis ceylanica,cc-by-nc,https://inaturalist-open-data.s3.amazonaws.com/photos/680849497/medium.jpg,E:\Coding_Notes\Faunari\data\raw\inaturalist\372583460.jpg,2026-06-17
inaturalist,372570265,Craspedocephalus malabaricus,cc-by-nc,https://inaturalist-open-data.s3.amazonaws.com/photos/680823987/medium.jpg,E:\Coding_Notes\Faunari\data\raw\inaturalist\372570265.jpg,2026-06-15
inaturalist,372570207,Craspedocephalus malabaricus,cc-by-nc,https://inaturalist-open-data.s3.amazonaws.com/photos/680823843/medium.jpg,E:\Coding_Notes\Faunari\data\raw\inaturalist\372570207.jpg,2026-06-15
inaturalist,372559572,Amphiesma stolatum,cc-by-nc,https://inaturalist-open-data.s3.amazonaws.com/photos/680803660/medium.jpg,E:\Coding_Notes\Faunari\data\raw\inaturalist\372559572.jpg,2026-05-23
inaturalist,372559132,Naja naja,cc-by-nc,https://inaturalist-open-data.s3.amazonaws.com/photos/680802928/medium.jpg,E:\Coding_Notes\Faunari\data\raw\inaturalist\372559132.jpg,2026-05-24
inaturalist,372559080,Boiga trigonata,cc-by-nc,https://inaturalist-open-data.s3.amazonaws.com/photos/680802778/medium.jpg,E:\Coding_Notes\Faunari\data\raw\inaturalist\372559080.jpg,2026-05-25
inaturalist,372548464,Ptyas mucosa,cc-by-nc,https://inaturalist-open-data.s3.amazonaws.com/photos/680783200/medium.jpg,E:\Coding_Notes\Faunari\data\raw\inaturalist\372548464.jpg,2026-06-17
inaturalist,372533120,Fowlea piscator,cc-by-nc,https://inaturalist-open-data.s3.amazonaws.com/photos/680753814/medium.jpg,E:\Coding_Notes\Faunari\data\raw\inaturalist\372533120.jpg,2026-06-17
inaturalist,372532891,Daboia russelii,cc-by-nc,https://inaturalist-open-data.s3.amazonaws.com/photos/680753152/medium.jpg,E:\Coding_Notes\Faunari\data\raw\inaturalist\372532891.jpg,2026-06-16
inaturalist,372523522,Naja naja,cc-by-nc,https://inaturalist-open-data.s3.amazonaws.com/photos/680734852/medium.jpg,E:\Coding_Notes\Faunari\data\raw\inaturalist\372523522.jpg,2026-06-16
inaturalist,372520613,Craspedocephalus malabaricus,cc-by-nc,https://inaturalist-open-data.s3.amazonaws.com/photos/680728576/medium.jpg,E:\Coding_Notes\Faunari\data\raw\inaturalist\372520613.jpg,2026-06-13
inaturalist,372520536,Craspedocephalus malabaricus,cc-by-nc,https://inaturalist-open-data.s3.amazonaws.com/photos/680728377/medium.jpg,E:\Coding_Notes\Faunari\data\raw\inaturalist\372520536.jpg,2026-06-13
inaturalist,372520423,Craspedocephalus malabaricus,cc-by-nc,https://inaturalist-open-data.s3.amazonaws.com/photos/680728142/medium.jpg,E:\Coding_Notes\Faunari\data\raw\inaturalist\372520423.jpg,2026-06-13
inaturalist,372515036,Fowlea piscator,cc-by,https://inaturalist-open-data.s3.amazonaws.com/photos/680717025/medium.jpg,E:\Coding_Notes\Faunari\data\raw\inaturalist\372515036.jpg,2026-06-17
inaturalist,372514155,Fowlea piscator,cc-by-nc,https://inaturalist-open-data.s3.amazonaws.com/photos/680715044/medium.jpg,E:\Coding_Notes\Faunari\data\raw\inaturalist\372514155.jpg,2026-06-17
inaturalist,372506635,Naja naja,cc-by-nc,https://inaturalist-open-data.s3.amazonaws.com/photos/680699307/medium.jpg,E:\Coding_Notes\Faunari\data\raw\inaturalist\372506635.jpg,2026-05-29
inaturalist,372506191,Ptyas mucosa,cc-by-nc,https://inaturalist-open-data.s3.amazonaws.com/photos/680698304/medium.jpg,E:\Coding_Notes\Faunari\data\raw\inaturalist\372506191.jpg,2026-05-29
inaturalist,372505944,Naja naja,cc-by-nc,https://inaturalist-open-data.s3.amazonaws.com/photos/680697876/medium.jpg,E:\Coding_Notes\Faunari\data\raw\inaturalist\372505944.jpg,2026-05-28
inaturalist,372490430,Rhabdophis helleri,cc-by-nc,https://inaturalist-open-data.s3.amazonaws.com/photos/680665814/medium.jpg,E:\Coding_Notes\Faunari\data\raw\inaturalist\372490430.jpg,2026-05-25
inaturalist,372484901,Fowlea piscator,cc-by-nc,https://inaturalist-open-data.s3.amazonaws.com/photos/680654873/medium.jpg,E:\Coding_Notes\Faunari\data\raw\inaturalist\372484901.jpg,2026-06-17
inaturalist,372465820,Atretium schistosum,cc-by-nc,https://inaturalist-open-data.s3.amazonaws.com/photos/680617307/medium.jpg,E:\Coding_Notes\Faunari\data\raw\inaturalist\372465820.jpg,2026-05-20
inaturalist,372446239,Lycodon travancoricus,cc-by-nc,https://inaturalist-open-data.s3.amazonaws.com/photos/680578323/medium.jpg,E:\Coding_Notes\Faunari\data\raw\inaturalist\372446239.jpg,2026-06-17
inaturalist,372446104,Ahaetulla borealis,cc-by-nc,https://inaturalist-open-data.s3.amazonaws.com/photos/680578100/medium.jpg,E:\Coding_Notes\Faunari\data\raw\inaturalist\372446104.jpg,2026-06-17
inaturalist,372445903,Ahaetulla borealis,cc-by-nc,https://inaturalist-open-data.s3.amazonaws.com/photos/680577737/medium.jpg,E:\Coding_Notes\Faunari\data\raw\inaturalist\372445903.jpg,2026-06-17
inaturalist,372445802,Ahaetulla borealis,cc-by-nc,https://inaturalist-open-data.s3.amazonaws.com/photos/680577421/medium.jpg,E:\Coding_Notes\Faunari\data\raw\inaturalist\372445802.jpg,2026-06-17
inaturalist,372445717,Craspedocephalus gramineus,cc-by-nc,https://inaturalist-open-data.s3.amazonaws.com/photos/680577201/medium.jpg,E:\Coding_Notes\Faunari\data\raw\inaturalist\372445717.jpg,2026-06-16
inaturalist,372445514,Craspedocephalus gramineus,cc-by-nc,https://inaturalist-open-data.s3.amazonaws.com/photos/680576909/medium.jpg,E:\Coding_Notes\Faunari\data\raw\inaturalist\372445514.jpg,2026-06-17
inaturalist,372445272,Ahaetulla borealis,cc-by-nc,https://inaturalist-open-data.s3.amazonaws.com/photos/680576597/medium.jpg,E:\Coding_Notes\Faunari\data\raw\inaturalist\372445272.jpg,2026-06-17
inaturalist,372445150,Craspedocephalus gramineus,cc-by-nc,https://inaturalist-open-data.s3.amazonaws.com/photos/680576373/medium.jpg,E:\Coding_Notes\Faunari\data\raw\inaturalist\372445150.jpg,2026-06-16
inaturalist,372444893,Craspedocephalus gramineus,cc-by-nc,https://inaturalist-open-data.s3.amazonaws.com/photos/680575840/medium.jpg,E:\Coding_Notes\Faunari\data\raw\inaturalist\372444893.jpg,2026-06-17
inaturalist,372444775,Ahaetulla borealis,cc-by-nc,https://inaturalist-open-data.s3.amazonaws.com/photos/680575620/medium.jpg,E:\Coding_Notes\Faunari\data\raw\inaturalist\372444775.jpg,2026-06-16
inaturalist,372444659,Craspedocephalus gramineus,cc-by-nc,https://inaturalist-open-data.s3.amazonaws.com/photos/680575357/medium.jpg,E:\Coding_Notes\Faunari\data\raw\inaturalist\372444659.jpg,2026-06-16
inaturalist,372414070,Craspedocephalus gramineus,cc-by-nc-nd,https://inaturalist-open-data.s3.amazonaws.com/photos/680517155/medium.jpg,E:\Coding_Notes\Faunari\data\raw\inaturalist\372414070.jpg,2026-06-13
inaturalist,372409602,Hypnale hypnale,cc-by-nc-nd,https://inaturalist-open-data.s3.amazonaws.com/photos/680508104/medium.jpg,E:\Coding_Notes\Faunari\data\raw\inaturalist\372409602.jpg,2026-06-07
inaturalist,372388158,Fowlea piscator,cc-by-nc,https://inaturalist-open-data.s3.amazonaws.com/photos/680466821/medium.jpg,E:\Coding_Notes\Faunari\data\raw\inaturalist\372388158.jpg,2026-06-16
inaturalist,372388055,Bungarus caeruleus,cc-by-nc,https://inaturalist-open-data.s3.amazonaws.com/photos/680466671/medium.jpg,E:\Coding_Notes\Faunari\data\raw\inaturalist\372388055.jpg,2026-06-16
inaturalist,372374401,Bungarus fasciatus,,https://static.inaturalist.org/photos/680436031/medium.jpg,E:\Coding_Notes\Faunari\data\raw\inaturalist\372374401.jpg,2024-08-06
inaturalist,372371728,Amphiesma stolatum,,https://static.inaturalist.org/photos/680434201/medium.jpg,E:\Coding_Notes\Faunari\data\raw\inaturalist\372371728.jpg,2024-08-28
inaturalist,372370823,Boiga forsteni,,https://static.inaturalist.org/photos/680431937/medium.jpg,E:\Coding_Notes\Faunari\data\raw\inaturalist\372370823.jpg,2024-09-07
inaturalist,372370822,Craspedocephalus gramineus,,https://static.inaturalist.org/photos/680431888/medium.jpg,E:\Coding_Notes\Faunari\data\raw\inaturalist\372370822.jpg,2024-09-01
inaturalist,372368353,Rhabdophis plumbicolor,,https://static.inaturalist.org/photos/680427321/medium.jpg,E:\Coding_Notes\Faunari\data\raw\inaturalist\372368353.jpg,2024-09-22
inaturalist,372368350,Lycodon aulicus,,https://static.inaturalist.org/photos/680427250/medium.jpg,E:\Coding_Notes\Faunari\data\raw\inaturalist\372368350.jpg,2024-09-21
inaturalist,372355590,Boiga forsteni,,https://static.inaturalist.org/photos/680403756/medium.jpg,E:\Coding_Notes\Faunari\data\raw\inaturalist\372355590.jpg,2014-09-02
inaturalist,372355589,Trimeresurus erythrurus,,https://static.inaturalist.org/photos/680403581/medium.jpg,E:\Coding_Notes\Faunari\data\raw\inaturalist\372355589.jpg,2014-08-28
inaturalist,372354807,Fowlea piscator,cc-by-nc,https://inaturalist-open-data.s3.amazonaws.com/photos/680400833/medium.jpg,E:\Coding_Notes\Faunari\data\raw\inaturalist\372354807.jpg,2026-06-16
inaturalist,372354659,Naja naja,,https://static.inaturalist.org/photos/680401430/medium.jpg,E:\Coding_Notes\Faunari\data\raw\inaturalist\372354659.jpg,2024-09-19
inaturalist,372354658,Fowlea piscator,,https://static.inaturalist.org/photos/680401312/medium.jpg,E:\Coding_Notes\Faunari\data\raw\inaturalist\372354658.jpg,2024-08-28
inaturalist,372354643,Ptyas mucosa,,https://static.inaturalist.org/photos/680401308/medium.jpg,E:\Coding_Notes\Faunari\data\raw\inaturalist\372354643.jpg,2024-08-28
inaturalist,372354641,Bungarus caeruleus,,https://static.inaturalist.org/photos/680401208/medium.jpg,E:\Coding_Notes\Faunari\data\raw\inaturalist\372354641.jpg,2024-09-19
inaturalist,372354638,Boiga flaviviridis,,https://static.inaturalist.org/photos/680400951/medium.jpg,E:\Coding_Notes\Faunari\data\raw\inaturalist\372354638.jpg,2025-03-24
inaturalist,372353682,Boiga nuchalis,cc-by-nc,https://inaturalist-open-data.s3.amazonaws.com/photos/680400266/medium.jpg,E:\Coding_Notes\Faunari\data\raw\inaturalist\372353682.jpg,2025-12-13
inaturalist,372343196,Ptyas nigromarginata,,https://static.inaturalist.org/photos/680363997/medium.jpg,E:\Coding_Notes\Faunari\data\raw\inaturalist\372343196.jpg,2011-06-06
inaturalist,372339581,Oligodon affinis,cc-by-nc,https://inaturalist-open-data.s3.amazonaws.com/photos/680373875/medium.jpg,E:\Coding_Notes\Faunari\data\raw\inaturalist\372339581.jpg,2026-03-05
inaturalist,372337890,Daboia russelii,cc-by-nc,https://inaturalist-open-data.s3.amazonaws.com/photos/680370636/medium.jpg,E:\Coding_Notes\Faunari\data\raw\inaturalist\372337890.jpg,2026-06-16
inaturalist,372337810,Daboia russelii,cc-by-nc,https://inaturalist-open-data.s3.amazonaws.com/photos/680370512/medium.jpg,E:\Coding_Notes\Faunari\data\raw\inaturalist\372337810.jpg,2026-06-15
inaturalist,372335696,Ophiophagus kaalinga,cc-by-nc,https://inaturalist-open-data.s3.amazonaws.com/photos/680366389/medium.jpg,E:\Coding_Notes\Faunari\data\raw\inaturalist\372335696.jpg,2025-04-16
inaturalist,372335511,Naja naja,cc-by-nc,https://inaturalist-open-data.s3.amazonaws.com/photos/680365978/medium.jpg,E:\Coding_Notes\Faunari\data\raw\inaturalist\372335511.jpg,2022-12-06
inaturalist,372333275,Eryx whitakeri,cc-by-nc,https://inaturalist-open-data.s3.amazonaws.com/photos/680361967/medium.jpg,E:\Coding_Notes\Faunari\data\raw\inaturalist\372333275.jpg,2022-11-08
inaturalist,372321035,Dendrelaphis tristis,cc-by-nc,https://inaturalist-open-data.s3.amazonaws.com/photos/680339300/medium.jpg,E:\Coding_Notes\Faunari\data\raw\inaturalist\372321035.jpg,2026-05-28
inaturalist,372318442,Oligodon tillacki,,https://static.inaturalist.org/photos/680334390/medium.jpg,E:\Coding_Notes\Faunari\data\raw\inaturalist\372318442.jpg,2026-06-16
inaturalist,372308561,Rhabdophis plumbicolor,,https://static.inaturalist.org/photos/680316789/medium.jpg,E:\Coding_Notes\Faunari\data\raw\inaturalist\372308561.jpg,2026-06-16
inaturalist,372303714,Eryx conicus,cc-by-nc,https://inaturalist-open-data.s3.amazonaws.com/photos/680307760/medium.jpg,E:\Coding_Notes\Faunari\data\raw\inaturalist\372303714.jpg,2026-06-16
inaturalist,372300574,Dendrelaphis tristis,cc-by-nc,https://inaturalist-open-data.s3.amazonaws.com/photos/680302029/medium.jpg,E:\Coding_Notes\Faunari\data\raw\inaturalist\372300574.jpg,2026-06-16
inaturalist,372293485,Fowlea piscator,,https://static.inaturalist.org/photos/680288876/medium.jpg,E:\Coding_Notes\Faunari\data\raw\inaturalist\372293485.jpg,2026-06-16
inaturalist,372288845,Naja naja,cc-by-nc,https://inaturalist-open-data.s3.amazonaws.com/photos/680280943/medium.jpg,E:\Coding_Notes\Faunari\data\raw\inaturalist\372288845.jpg,2026-06-16
inaturalist,372288172,Daboia russelii,,https://static.inaturalist.org/photos/680334313/medium.jpg,E:\Coding_Notes\Faunari\data\raw\inaturalist\372288172.jpg,2026-06-16
inaturalist,372287634,Eryx conicus,cc0,https://inaturalist-open-data.s3.amazonaws.com/photos/680278382/medium.jpg,E:\Coding_Notes\Faunari\data\raw\inaturalist\372287634.jpg,2026-06-16
inaturalist,372275274,Rhabdophis plumbicolor,,https://static.inaturalist.org/photos/680255125/medium.jpg,E:\Coding_Notes\Faunari\data\raw\inaturalist\372275274.jpg,2026-06-16
inaturalist,372275243,Ptyas mucosa,,https://static.inaturalist.org/photos/680255058/medium.jpg,E:\Coding_Notes\Faunari\data\raw\inaturalist\372275243.jpg,2026-06-16
inaturalist,372275169,Fowlea piscator,,https://static.inaturalist.org/photos/680254982/medium.jpg,E:\Coding_Notes\Faunari\data\raw\inaturalist\372275169.jpg,2026-06-16
inaturalist,372255369,Craspedocephalus gramineus,,https://static.inaturalist.org/photos/680219444/medium.jpg,E:\Coding_Notes\Faunari\data\raw\inaturalist\372255369.jpg,2026-06-14
inaturalist,372253970,Craspedocephalus gramineus,,https://static.inaturalist.org/photos/680217470/medium.jpg,E:\Coding_Notes\Faunari\data\raw\inaturalist\372253970.jpg,2026-06-14
inaturalist,372252840,Daboia russelii,,https://static.inaturalist.org/photos/680215839/medium.jpg,E:\Coding_Notes\Faunari\data\raw\inaturalist\372252840.jpg,2026-06-14
inaturalist,372251964,Eryx conicus,,https://static.inaturalist.org/photos/680214186/medium.jpg,E:\Coding_Notes\Faunari\data\raw\inaturalist\372251964.jpg,2026-06-14
inaturalist,372248707,Hypnale hypnale,cc-by-nc,https://inaturalist-open-data.s3.amazonaws.com/photos/680207219/medium.jpg,E:\Coding_Notes\Faunari\data\raw\inaturalist\372248707.jpg,2026-06-16
inaturalist,372247080,Amphiesma stolatum,,https://static.inaturalist.org/photos/680204467/medium.jpg,E:\Coding_Notes\Faunari\data\raw\inaturalist\372247080.jpg,2026-06-16
inaturalist,372225824,Elaphe cantoris,,https://static.inaturalist.org/photos/680152226/medium.jpg,E:\Coding_Notes\Faunari\data\raw\inaturalist\372225824.jpg,2011-06-11
inaturalist,372206417,Boiga trigonata,cc-by-nc,https://inaturalist-open-data.s3.amazonaws.com/photos/680126347/medium.jpg,E:\Coding_Notes\Faunari\data\raw\inaturalist\372206417.jpg,2026-06-15
inaturalist,372204062,Naja naja,,https://static.inaturalist.org/photos/680121636/medium.jpg,E:\Coding_Notes\Faunari\data\raw\inaturalist\372204062.jpg,2026-06-16
inaturalist,372200179,Coelognathus helena helena,cc-by-nc,https://inaturalist-open-data.s3.amazonaws.com/photos/680199074/medium.jpg,E:\Coding_Notes\Faunari\data\raw\inaturalist\372200179.jpg,2026-06-16
inaturalist,372194867,Sahyadriophis beddomei,,https://static.inaturalist.org/photos/681028680/medium.jpg,E:\Coding_Notes\Faunari\data\raw\inaturalist\372194867.jpg,2026-06-16
inaturalist,372194742,Naja naja,,https://static.inaturalist.org/photos/680103437/medium.jpg,E:\Coding_Notes\Faunari\data\raw\inaturalist\372194742.jpg,2026-06-16
inaturalist,372191713,Dendrelaphis tristis,cc-by-nc,https://inaturalist-open-data.s3.amazonaws.com/photos/680098010/medium.jpg,E:\Coding_Notes\Faunari\data\raw\inaturalist\372191713.jpg,2026-06-16
inaturalist,372191697,Naja naja,cc-by-nc-sa,https://inaturalist-open-data.s3.amazonaws.com/photos/680097596/medium.jpg,E:\Coding_Notes\Faunari\data\raw\inaturalist\372191697.jpg,2026-06-14
inaturalist,372171769,Ptyas mucosa,cc-by,https://inaturalist-open-data.s3.amazonaws.com/photos/680057421/medium.jpg,E:\Coding_Notes\Faunari\data\raw\inaturalist\372171769.jpg,2026-06-16
inaturalist,372167017,Bungarus caeruleus,cc-by-nc,https://inaturalist-open-data.s3.amazonaws.com/photos/680048780/medium.jpg,E:\Coding_Notes\Faunari\data\raw\inaturalist\372167017.jpg,2026-06-16
inaturalist,372142578,Daboia russelii,cc-by-nc,https://inaturalist-open-data.s3.amazonaws.com/photos/679999792/medium.jpg,E:\Coding_Notes\Faunari\data\raw\inaturalist\372142578.jpg,2026-06-15
inaturalist,372094943,Lycodon striatus,,https://static.inaturalist.org/photos/679905268/medium.jpg,E:\Coding_Notes\Faunari\data\raw\inaturalist\372094943.jpg,2026-05-22
inaturalist,372087934,Eryx conicus,cc-by-nc,https://inaturalist-open-data.s3.amazonaws.com/photos/679890203/medium.jpg,E:\Coding_Notes\Faunari\data\raw\inaturalist\372087934.jpg,2026-06-16
inaturalist,372036926,Coelognathus helena helena,cc-by-nc,https://inaturalist-open-data.s3.amazonaws.com/photos/679792346/medium.jpg,E:\Coding_Notes\Faunari\data\raw\inaturalist\372036926.jpg,2026-05-28
inaturalist,372008597,Fowlea piscator,cc-by-nc,https://inaturalist-open-data.s3.amazonaws.com/photos/679737297/medium.jpg,E:\Coding_Notes\Faunari\data\raw\inaturalist\372008597.jpg,2026-06-12
inaturalist,371987314,Fowlea piscator,cc-by-nc,https://inaturalist-open-data.s3.amazonaws.com/photos/679721209/medium.jpg,E:\Coding_Notes\Faunari\data\raw\inaturalist\371987314.jpg,2026-06-15
inaturalist,371973602,Naja naja,cc-by-nc,https://inaturalist-open-data.s3.amazonaws.com/photos/679672264/medium.jpg,E:\Coding_Notes\Faunari\data\raw\inaturalist\371973602.jpg,2026-06-15
inaturalist,371953405,Sahyadriophis beddomei,cc-by-nc,https://inaturalist-open-data.s3.amazonaws.com/photos/679633217/medium.jpg,E:\Coding_Notes\Faunari\data\raw\inaturalist\371953405.jpg,2026-06-15
inaturalist,371944388,Oligodon dorsalis,cc-by-nc,https://inaturalist-open-data.s3.amazonaws.com/photos/679617960/medium.jpg,E:\Coding_Notes\Faunari\data\raw\inaturalist\371944388.jpg,2026-06-15
inaturalist,371936185,Daboia russelii,cc-by-nc,https://inaturalist-open-data.s3.amazonaws.com/photos/679603212/medium.jpg,E:\Coding_Notes\Faunari\data\raw\inaturalist\371936185.jpg,2026-06-15
inaturalist,371930921,Ahaetulla borealis,cc-by-nc,https://inaturalist-open-data.s3.amazonaws.com/photos/679592035/medium.jpg,E:\Coding_Notes\Faunari\data\raw\inaturalist\371930921.jpg,2026-06-14
inaturalist,371930784,Craspedocephalus gramineus,cc-by-nc,https://inaturalist-open-data.s3.amazonaws.com/photos/679591745/medium.jpg,E:\Coding_Notes\Faunari\data\raw\inaturalist\371930784.jpg,2026-06-15
inaturalist,371930675,Craspedocephalus gramineus,cc-by-nc,https://inaturalist-open-data.s3.amazonaws.com/photos/679591550/medium.jpg,E:\Coding_Notes\Faunari\data\raw\inaturalist\371930675.jpg,2026-06-14
inaturalist,371930495,Ahaetulla borealis,cc-by-nc,https://inaturalist-open-data.s3.amazonaws.com/photos/679591258/medium.jpg,E:\Coding_Notes\Faunari\data\raw\inaturalist\371930495.jpg,2026-06-15
inaturalist,371930409,Ahaetulla borealis,cc-by-nc,https://inaturalist-open-data.s3.amazonaws.com/photos/679591060/medium.jpg,E:\Coding_Notes\Faunari\data\raw\inaturalist\371930409.jpg,2026-06-14
inaturalist,371930301,Ahaetulla borealis,cc-by-nc,https://inaturalist-open-data.s3.amazonaws.com/photos/679590784/medium.jpg,E:\Coding_Notes\Faunari\data\raw\inaturalist\371930301.jpg,2026-06-14
inaturalist,371930201,Craspedocephalus gramineus,cc-by-nc,https://inaturalist-open-data.s3.amazonaws.com/photos/679590558/medium.jpg,E:\Coding_Notes\Faunari\data\raw\inaturalist\371930201.jpg,2026-06-14
inaturalist,371930002,Rhabdophis plumbicolor,cc-by-nc,https://inaturalist-open-data.s3.amazonaws.com/photos/679590200/medium.jpg,E:\Coding_Notes\Faunari\data\raw\inaturalist\371930002.jpg,2026-06-15
inaturalist,371926287,Sahyadriophis beddomei,,https://static.inaturalist.org/photos/679578438/medium.jpg,E:\Coding_Notes\Faunari\data\raw\inaturalist\371926287.jpg,2026-06-15
inaturalist,371924135,Ahaetulla oxyrhynca,cc-by,https://inaturalist-open-data.s3.amazonaws.com/photos/679578151/medium.jpg,E:\Coding_Notes\Faunari\data\raw\inaturalist\371924135.jpg,2026-06-13
inaturalist,371923690,Naja naja,cc-by,https://inaturalist-open-data.s3.amazonaws.com/photos/679577337/medium.jpg,E:\Coding_Notes\Faunari\data\raw\inaturalist\371923690.jpg,2026-06-15
inaturalist,371915967,Ptyas mucosa,cc-by-nc,https://inaturalist-open-data.s3.amazonaws.com/photos/679562879/medium.jpg,E:\Coding_Notes\Faunari\data\raw\inaturalist\371915967.jpg,2026-06-15
inaturalist,371909815,Ptyas mucosa,cc-by-nc,https://inaturalist-open-data.s3.amazonaws.com/photos/679551514/medium.jpg,E:\Coding_Notes\Faunari\data\raw\inaturalist\371909815.jpg,2026-06-15
inaturalist,371908296,Ptyas mucosa,,https://static.inaturalist.org/photos/679548963/medium.jpg,E:\Coding_Notes\Faunari\data\raw\inaturalist\371908296.jpg,2026-03-18
inaturalist,371877753,Fowlea piscator,cc-by-nc,https://inaturalist-open-data.s3.amazonaws.com/photos/679489443/medium.jpg,E:\Coding_Notes\Faunari\data\raw\inaturalist\371877753.jpg,2026-06-14
inaturalist,371855851,Oligodon taeniolatus,cc-by-nc,https://inaturalist-open-data.s3.amazonaws.com/photos/679444435/medium.jpg,E:\Coding_Notes\Faunari\data\raw\inaturalist\371855851.jpg,2026-06-15
inaturalist,371845587,Coelognathus helena helena,,https://static.inaturalist.org/photos/679423662/medium.jpg,E:\Coding_Notes\Faunari\data\raw\inaturalist\371845587.jpg,2026-06-15
inaturalist,371829796,Lycodon striatus,,https://static.inaturalist.org/photos/679392586/medium.jpg,E:\Coding_Notes\Faunari\data\raw\inaturalist\371829796.jpg,2026-06-14
inaturalist,371823225,Python molurus,cc-by-nc,https://inaturalist-open-data.s3.amazonaws.com/photos/679379311/medium.jpg,E:\Coding_Notes\Faunari\data\raw\inaturalist\371823225.jpg,2026-05-30
inaturalist,371814031,Naja naja,cc-by-nc,https://inaturalist-open-data.s3.amazonaws.com/photos/679360339/medium.jpg,E:\Coding_Notes\Faunari\data\raw\inaturalist\371814031.jpg,2026-05-29
inaturalist,371812924,Bungarus caeruleus,cc-by-nc,https://inaturalist-open-data.s3.amazonaws.com/photos/679358354/medium.jpg,E:\Coding_Notes\Faunari\data\raw\inaturalist\371812924.jpg,2026-05-31
inaturalist,371716614,Craspedocephalus malabaricus,cc-by-nc,https://inaturalist-open-data.s3.amazonaws.com/photos/679172069/medium.jpg,E:\Coding_Notes\Faunari\data\raw\inaturalist\371716614.jpg,2026-06-05
inaturalist,371713639,Ahaetulla borealis,cc-by-nc,https://inaturalist-open-data.s3.amazonaws.com/photos/679166562/medium.jpg,E:\Coding_Notes\Faunari\data\raw\inaturalist\371713639.jpg,2026-06-05
inaturalist,371688547,Fowlea piscator,cc-by-nc,https://inaturalist-open-data.s3.amazonaws.com/photos/679117961/medium.jpg,E:\Coding_Notes\Faunari\data\raw\inaturalist\371688547.jpg,2026-05-31
inaturalist,371662936,Ptyas mucosa,cc-by-nc,https://inaturalist-open-data.s3.amazonaws.com/photos/679073293/medium.jpg,E:\Coding_Notes\Faunari\data\raw\inaturalist\371662936.jpg,2026-06-14
inaturalist,371662745,Daboia russelii,,https://static.inaturalist.org/photos/679072851/medium.jpg,E:\Coding_Notes\Faunari\data\raw\inaturalist\371662745.jpg,2026-06-14
inaturalist,371662698,Elaphe cantoris,cc-by,https://inaturalist-open-data.s3.amazonaws.com/photos/679073539/medium.jpg,E:\Coding_Notes\Faunari\data\raw\inaturalist\371662698.jpg,2026-06-14
inaturalist,371662667,Daboia russelii,cc-by-nc,https://inaturalist-open-data.s3.amazonaws.com/photos/679072699/medium.jpg,E:\Coding_Notes\Faunari\data\raw\inaturalist\371662667.jpg,2026-06-14
inaturalist,371662607,Elaphe cantoris,cc-by,https://inaturalist-open-data.s3.amazonaws.com/photos/679072544/medium.jpg,E:\Coding_Notes\Faunari\data\raw\inaturalist\371662607.jpg,2026-06-14
inaturalist,371662523,Amphiesma stolatum,cc-by-nc,https://inaturalist-open-data.s3.amazonaws.com/photos/679072607/medium.jpg,E:\Coding_Notes\Faunari\data\raw\inaturalist\371662523.jpg,2026-06-14
inaturalist,371662377,Craspedocephalus gramineus,cc-by-nc,https://inaturalist-open-data.s3.amazonaws.com/photos/679064688/medium.jpg,E:\Coding_Notes\Faunari\data\raw\inaturalist\371662377.jpg,2026-06-13
inaturalist,371662376,Oligodon taeniolatus,cc-by-nc,https://inaturalist-open-data.s3.amazonaws.com/photos/679071852/medium.jpg,E:\Coding_Notes\Faunari\data\raw\inaturalist\371662376.jpg,2026-06-13
inaturalist,371662365,Naja naja,cc-by-nc,https://inaturalist-open-data.s3.amazonaws.com/photos/679064670/medium.jpg,E:\Coding_Notes\Faunari\data\raw\inaturalist\371662365.jpg,2026-06-13
inaturalist,371662344,Rhabdophis plumbicolor,cc-by-nc,https://inaturalist-open-data.s3.amazonaws.com/photos/679064515/medium.jpg,E:\Coding_Notes\Faunari\data\raw\inaturalist\371662344.jpg,2026-06-13
inaturalist,371662327,Bungarus caeruleus,cc-by-nc,https://inaturalist-open-data.s3.amazonaws.com/photos/679064403/medium.jpg,E:\Coding_Notes\Faunari\data\raw\inaturalist\371662327.jpg,2026-06-13
inaturalist,371652844,Oligodon arnensis,cc-by-nc,https://inaturalist-open-data.s3.amazonaws.com/photos/679461043/medium.jpg,E:\Coding_Notes\Faunari\data\raw\inaturalist\371652844.jpg,2026-06-14
inaturalist,371648955,Sahyadriophis beddomei,cc-by-nc,https://inaturalist-open-data.s3.amazonaws.com/photos/679047711/medium.jpg,E:\Coding_Notes\Faunari\data\raw\inaturalist\371648955.jpg,2026-06-11
inaturalist,371636238,Dendrelaphis tristis,,https://static.inaturalist.org/photos/679022864/medium.jpg,E:\Coding_Notes\Faunari\data\raw\inaturalist\371636238.jpg,2026-05-24
inaturalist,371633235,Dendrelaphis tristis,,https://static.inaturalist.org/photos/679015875/medium.jpg,E:\Coding_Notes\Faunari\data\raw\inaturalist\371633235.jpg,2026-05-24
inaturalist,371633226,Dendrelaphis tristis,,https://static.inaturalist.org/photos/679015671/medium.jpg,E:\Coding_Notes\Faunari\data\raw\inaturalist\371633226.jpg,2026-05-24
inaturalist,371621446,Fowlea piscator,cc-by-nc,https://inaturalist-open-data.s3.amazonaws.com/photos/678998072/medium.jpg,E:\Coding_Notes\Faunari\data\raw\inaturalist\371621446.jpg,2026-06-14
inaturalist,371579462,Daboia russelii,,https://static.inaturalist.org/photos/678917831/medium.jpg,E:\Coding_Notes\Faunari\data\raw\inaturalist\371579462.jpg,2026-06-04
inaturalist,371578629,Daboia russelii,,https://static.inaturalist.org/photos/678915870/medium.jpg,E:\Coding_Notes\Faunari\data\raw\inaturalist\371578629.jpg,2026-06-04
inaturalist,371574368,Ptyas mucosa,,https://static.inaturalist.org/photos/678907947/medium.jpg,E:\Coding_Notes\Faunari\data\raw\inaturalist\371574368.jpg,2026-06-07
inaturalist,371572474,Dendrelaphis tristis,,https://static.inaturalist.org/photos/678904754/medium.jpg,E:\Coding_Notes\Faunari\data\raw\inaturalist\371572474.jpg,2026-06-05
inaturalist,371567269,Indotyphlops braminus,,https://static.inaturalist.org/photos/678890478/medium.jpg,E:\Coding_Notes\Faunari\data\raw\inaturalist\371567269.jpg,2026-05-29
inaturalist,371567227,Ahaetulla oxyrhynca,,https://static.inaturalist.org/photos/678889570/medium.jpg,E:\Coding_Notes\Faunari\data\raw\inaturalist\371567227.jpg,2026-05-22
inaturalist,371565916,Amphiesma monticola,cc-by-nc,https://inaturalist-open-data.s3.amazonaws.com/photos/678893692/medium.jpg,E:\Coding_Notes\Faunari\data\raw\inaturalist\371565916.jpg,2026-06-14
inaturalist,371561343,Ovophis monticola,cc-by-nc,https://inaturalist-open-data.s3.amazonaws.com/photos/678885320/medium.jpg,E:\Coding_Notes\Faunari\data\raw\inaturalist\371561343.jpg,2026-06-14
inaturalist,371558949,Naja naja,,https://static.inaturalist.org/photos/678879169/medium.jpg,E:\Coding_Notes\Faunari\data\raw\inaturalist\371558949.jpg,2026-05-20
inaturalist,371557113,Ptyas mucosa,,https://static.inaturalist.org/photos/678875570/medium.jpg,E:\Coding_Notes\Faunari\data\raw\inaturalist\371557113.jpg,2026-05-19
inaturalist,371557106,Fowlea piscator,,https://static.inaturalist.org/photos/678875451/medium.jpg,E:\Coding_Notes\Faunari\data\raw\inaturalist\371557106.jpg,2026-05-19
inaturalist,371557102,Naja naja,,https://static.inaturalist.org/photos/678875424/medium.jpg,E:\Coding_Notes\Faunari\data\raw\inaturalist\371557102.jpg,2026-05-19
inaturalist,371557091,Ptyas mucosa,,https://static.inaturalist.org/photos/678874669/medium.jpg,E:\Coding_Notes\Faunari\data\raw\inaturalist\371557091.jpg,2026-05-19
inaturalist,371555601,Eryx conicus,,https://static.inaturalist.org/photos/678873482/medium.jpg,E:\Coding_Notes\Faunari\data\raw\inaturalist\371555601.jpg,2026-05-18
inaturalist,371555599,Dendrelaphis tristis,,https://static.inaturalist.org/photos/678873264/medium.jpg,E:\Coding_Notes\Faunari\data\raw\inaturalist\371555599.jpg,2026-05-18
inaturalist,371555598,Dendrelaphis tristis,,https://static.inaturalist.org/photos/678873147/medium.jpg,E:\Coding_Notes\Faunari\data\raw\inaturalist\371555598.jpg,2026-05-18
inaturalist,371555591,Dendrelaphis tristis,,https://static.inaturalist.org/photos/678872660/medium.jpg,E:\Coding_Notes\Faunari\data\raw\inaturalist\371555591.jpg,2026-05-18
inaturalist,371554300,Dendrelaphis tristis,,https://static.inaturalist.org/photos/678868547/medium.jpg,E:\Coding_Notes\Faunari\data\raw\inaturalist\371554300.jpg,2026-05-17
inaturalist,371543180,Daboia russelii,cc-by-nc,https://inaturalist-open-data.s3.amazonaws.com/photos/678850638/medium.jpg,E:\Coding_Notes\Faunari\data\raw\inaturalist\371543180.jpg,2026-06-03
inaturalist,371542844,Daboia russelii,cc-by-nc,https://inaturalist-open-data.s3.amazonaws.com/photos/678850091/medium.jpg,E:\Coding_Notes\Faunari\data\raw\inaturalist\371542844.jpg,2026-06-04
inaturalist,371541993,Naja naja,cc-by-nc,https://inaturalist-open-data.s3.amazonaws.com/photos/678848381/medium.jpg,E:\Coding_Notes\Faunari\data\raw\inaturalist\371541993.jpg,2026-06-08
inaturalist,371541280,Bungarus caeruleus,cc-by-nc,https://inaturalist-open-data.s3.amazonaws.com/photos/678846939/medium.jpg,E:\Coding_Notes\Faunari\data\raw\inaturalist\371541280.jpg,2026-06-11
inaturalist,371536332,Echis carinatus,cc-by-nc,https://inaturalist-open-data.s3.amazonaws.com/photos/678837038/medium.jpg,E:\Coding_Notes\Faunari\data\raw\inaturalist\371536332.jpg,2026-06-13
inaturalist,371531442,Daboia russelii,cc-by,https://inaturalist-open-data.s3.amazonaws.com/photos/678829015/medium.jpg,E:\Coding_Notes\Faunari\data\raw\inaturalist\371531442.jpg,2026-06-14
inaturalist,371530764,Lycodon aulicus,cc-by-nc,https://inaturalist-open-data.s3.amazonaws.com/photos/678827508/medium.jpg,E:\Coding_Notes\Faunari\data\raw\inaturalist\371530764.jpg,2026-05-13
inaturalist,371529404,Boiga trigonata,cc-by-nc,https://inaturalist-open-data.s3.amazonaws.com/photos/678824825/medium.jpg,E:\Coding_Notes\Faunari\data\raw\inaturalist\371529404.jpg,2026-06-11
inaturalist,371527734,Craspedocephalus malabaricus,cc-by-nc,https://inaturalist-open-data.s3.amazonaws.com/photos/678821829/medium.jpg,E:\Coding_Notes\Faunari\data\raw\inaturalist\371527734.jpg,2026-06-13
inaturalist,371526911,Hypnale hypnale,,https://static.inaturalist.org/photos/678819816/medium.jpg,E:\Coding_Notes\Faunari\data\raw\inaturalist\371526911.jpg,2026-06-14
inaturalist,371512301,Hypnale hypnale,cc-by-nc-nd,https://inaturalist-open-data.s3.amazonaws.com/photos/678789488/medium.jpg,E:\Coding_Notes\Faunari\data\raw\inaturalist\371512301.jpg,2026-06-13
inaturalist,371512288,Craspedocephalus malabaricus,cc-by-nc-nd,https://inaturalist-open-data.s3.amazonaws.com/photos/678789447/medium.jpg,E:\Coding_Notes\Faunari\data\raw\inaturalist\371512288.jpg,2026-06-13
inaturalist,371512225,Indotyphlops braminus,cc-by-nc-nd,https://inaturalist-open-data.s3.amazonaws.com/photos/678789298/medium.jpg,E:\Coding_Notes\Faunari\data\raw\inaturalist\371512225.jpg,2026-06-13
inaturalist,371511205,Ahaetulla malabarica,cc-by-nc-nd,https://inaturalist-open-data.s3.amazonaws.com/photos/678787223/medium.jpg,E:\Coding_Notes\Faunari\data\raw\inaturalist\371511205.jpg,2026-06-13
inaturalist,371496212,Coelognathus helena helena,cc-by-nc,https://inaturalist-open-data.s3.amazonaws.com/photos/678757925/medium.jpg,E:\Coding_Notes\Faunari\data\raw\inaturalist\371496212.jpg,2026-06-14
inaturalist,371494183,Uropeltis ocellata,cc-by,https://inaturalist-open-data.s3.amazonaws.com/photos/678754613/medium.jpg,E:\Coding_Notes\Faunari\data\raw\inaturalist\371494183.jpg,2026-06-11
inaturalist,371494156,Fowlea piscator,cc-by,https://inaturalist-open-data.s3.amazonaws.com/photos/678754563/medium.jpg,E:\Coding_Notes\Faunari\data\raw\inaturalist\371494156.jpg,2026-06-11
inaturalist,371492280,Indotyphlops braminus,,https://static.inaturalist.org/photos/678750608/medium.jpg,E:\Coding_Notes\Faunari\data\raw\inaturalist\371492280.jpg,2026-06-13
inaturalist,371487735,Ptyas mucosa,cc-by-nc,https://inaturalist-open-data.s3.amazonaws.com/photos/678742144/medium.jpg,E:\Coding_Notes\Faunari\data\raw\inaturalist\371487735.jpg,2026-06-14
inaturalist,371487541,Ptyas mucosa,cc-by-nc,https://inaturalist-open-data.s3.amazonaws.com/photos/678741566/medium.jpg,E:\Coding_Notes\Faunari\data\raw\inaturalist\371487541.jpg,2026-06-14
inaturalist,371479351,Ahaetulla laudankia,cc-by-nc,https://inaturalist-open-data.s3.amazonaws.com/photos/678726102/medium.jpg,E:\Coding_Notes\Faunari\data\raw\inaturalist\371479351.jpg,2026-06-14
inaturalist,371479314,Ahaetulla laudankia,cc-by-nc,https://inaturalist-open-data.s3.amazonaws.com/photos/678726026/medium.jpg,E:\Coding_Notes\Faunari\data\raw\inaturalist\371479314.jpg,2026-06-14
inaturalist,371472426,Python molurus,,https://static.inaturalist.org/photos/678711348/medium.jpg,E:\Coding_Notes\Faunari\data\raw\inaturalist\371472426.jpg,2025-12-18
inaturalist,371468834,Lycodon aulicus,cc-by-nc,https://inaturalist-open-data.s3.amazonaws.com/photos/678704096/medium.jpg,E:\Coding_Notes\Faunari\data\raw\inaturalist\371468834.jpg,2026-06-13
inaturalist,371443183,Echis carinatus,,https://static.inaturalist.org/photos/678744339/medium.jpg,E:\Coding_Notes\Faunari\data\raw\inaturalist\371443183.jpg,2026-06-14
inaturalist,371427101,Naja naja,cc-by-nc,https://inaturalist-open-data.s3.amazonaws.com/photos/678622800/medium.jpg,E:\Coding_Notes\Faunari\data\raw\inaturalist\371427101.jpg,2026-06-13
inaturalist,371400461,Ahaetulla oxyrhynca,cc-by-nc,https://inaturalist-open-data.s3.amazonaws.com/photos/678571256/medium.jpg,E:\Coding_Notes\Faunari\data\raw\inaturalist\371400461.jpg,2026-06-13
inaturalist,371385492,Ahaetulla oxyrhynca,cc-by,https://inaturalist-open-data.s3.amazonaws.com/photos/678541200/medium.jpg,E:\Coding_Notes\Faunari\data\raw\inaturalist\371385492.jpg,2026-06-13
inaturalist,371310289,Python molurus,,https://static.inaturalist.org/photos/678399821/medium.jpg,E:\Coding_Notes\Faunari\data\raw\inaturalist\371310289.jpg,2026-06-13
inaturalist,371309446,Ophiophagus kaalinga,,https://static.inaturalist.org/photos/678398064/medium.jpg,E:\Coding_Notes\Faunari\data\raw\inaturalist\371309446.jpg,2026-06-13
inaturalist,371304176,Naja naja,cc-by-nc,https://inaturalist-open-data.s3.amazonaws.com/photos/678387996/medium.jpg,E:\Coding_Notes\Faunari\data\raw\inaturalist\371304176.jpg,2026-06-13
inaturalist,371302962,Daboia russelii,,https://static.inaturalist.org/photos/678385655/medium.jpg,E:\Coding_Notes\Faunari\data\raw\inaturalist\371302962.jpg,2026-06-13
inaturalist,371283916,Fowlea piscator,cc-by-nc,https://inaturalist-open-data.s3.amazonaws.com/photos/678350899/medium.jpg,E:\Coding_Notes\Faunari\data\raw\inaturalist\371283916.jpg,2026-06-13
inaturalist,371276884,Fowlea piscator,cc-by-nc,https://inaturalist-open-data.s3.amazonaws.com/photos/678336432/medium.jpg,E:\Coding_Notes\Faunari\data\raw\inaturalist\371276884.jpg,2026-06-13
inaturalist,371276708,Echis carinatus,cc-by-nc,https://inaturalist-open-data.s3.amazonaws.com/photos/678336153/medium.jpg,E:\Coding_Notes\Faunari\data\raw\inaturalist\371276708.jpg,2026-06-12
inaturalist,371270991,Ptyas mucosa,cc-by-nc,https://inaturalist-open-data.s3.amazonaws.com/photos/678325733/medium.jpg,E:\Coding_Notes\Faunari\data\raw\inaturalist\371270991.jpg,2026-06-11
inaturalist,371245336,Lycodon striatus,cc-by-nc,https://inaturalist-open-data.s3.amazonaws.com/photos/678279671/medium.jpg,E:\Coding_Notes\Faunari\data\raw\inaturalist\371245336.jpg,2026-06-13
inaturalist,371244855,Bungarus caeruleus,,https://static.inaturalist.org/photos/678278524/medium.jpg,E:\Coding_Notes\Faunari\data\raw\inaturalist\371244855.jpg,2026-06-13
inaturalist,371215527,Uropeltis ocellata,cc-by-nc,https://inaturalist-open-data.s3.amazonaws.com/photos/678225372/medium.jpg,E:\Coding_Notes\Faunari\data\raw\inaturalist\371215527.jpg,2026-06-13
inaturalist,371214709,Amphiesma stolatum,cc-by-nc,https://inaturalist-open-data.s3.amazonaws.com/photos/678224139/medium.jpg,E:\Coding_Notes\Faunari\data\raw\inaturalist\371214709.jpg,2026-06-12
inaturalist,371209811,Uropeltis caudomaculata,cc-by-nc,https://inaturalist-open-data.s3.amazonaws.com/photos/678214901/medium.jpg,E:\Coding_Notes\Faunari\data\raw\inaturalist\371209811.jpg,2026-06-12
inaturalist,371198228,Amphiesma stolatum,cc-by-nc,https://inaturalist-open-data.s3.amazonaws.com/photos/678195291/medium.jpg,E:\Coding_Notes\Faunari\data\raw\inaturalist\371198228.jpg,2026-06-13
inaturalist,371193664,Bungarus fasciatus,cc-by-nc,https://inaturalist-open-data.s3.amazonaws.com/photos/678187288/medium.jpg,E:\Coding_Notes\Faunari\data\raw\inaturalist\371193664.jpg,2026-06-13
inaturalist,371186531,Sahyadriophis beddomei,cc-by-nc,https://inaturalist-open-data.s3.amazonaws.com/photos/678174277/medium.jpg,E:\Coding_Notes\Faunari\data\raw\inaturalist\371186531.jpg,2026-06-13
inaturalist,371164731,Eryx whitakeri,,https://static.inaturalist.org/photos/678118004/medium.jpg,E:\Coding_Notes\Faunari\data\raw\inaturalist\371164731.jpg,2026-02-10
inaturalist,371161591,Ptyas mucosa,cc-by-nc-sa,https://inaturalist-open-data.s3.amazonaws.com/photos/678128045/medium.jpg,E:\Coding_Notes\Faunari\data\raw\inaturalist\371161591.jpg,2026-06-13
inaturalist,371160081,Naja naja,,https://static.inaturalist.org/photos/680739886/medium.jpg,E:\Coding_Notes\Faunari\data\raw\inaturalist\371160081.jpg,2026-06-13
inaturalist,371151248,Bungarus caeruleus,cc-by-nc,https://inaturalist-open-data.s3.amazonaws.com/photos/678110288/medium.jpg,E:\Coding_Notes\Faunari\data\raw\inaturalist\371151248.jpg,2026-06-13
inaturalist,371150608,Bungarus caeruleus,cc-by-nc,https://inaturalist-open-data.s3.amazonaws.com/photos/678109235/medium.jpg,E:\Coding_Notes\Faunari\data\raw\inaturalist\371150608.jpg,2026-06-01
inaturalist,371141331,Fowlea piscator,cc-by-nc,https://inaturalist-open-data.s3.amazonaws.com/photos/678091487/medium.jpg,E:\Coding_Notes\Faunari\data\raw\inaturalist\371141331.jpg,2026-05-31
inaturalist,371140147,Naja naja,cc-by-nc,https://inaturalist-open-data.s3.amazonaws.com/photos/678088971/medium.jpg,E:\Coding_Notes\Faunari\data\raw\inaturalist\371140147.jpg,2026-06-01
inaturalist,371139231,Daboia russelii,cc-by-nc,https://inaturalist-open-data.s3.amazonaws.com/photos/678087504/medium.jpg,E:\Coding_Notes\Faunari\data\raw\inaturalist\371139231.jpg,2026-06-02
inaturalist,371138922,Naja naja,cc-by-nc,https://inaturalist-open-data.s3.amazonaws.com/photos/678086973/medium.jpg,E:\Coding_Notes\Faunari\data\raw\inaturalist\371138922.jpg,2026-06-02
inaturalist,371134289,Naja naja,cc-by-nc,https://inaturalist-open-data.s3.amazonaws.com/photos/678078494/medium.jpg,E:\Coding_Notes\Faunari\data\raw\inaturalist\371134289.jpg,2026-06-13
inaturalist,371131946,Amphiesma stolatum,,https://static.inaturalist.org/photos/678074345/medium.jpg,E:\Coding_Notes\Faunari\data\raw\inaturalist\371131946.jpg,2026-06-13
inaturalist,371123585,Elaphe taeniura,cc-by-nc,https://inaturalist-open-data.s3.amazonaws.com/photos/678058255/medium.jpg,E:\Coding_Notes\Faunari\data\raw\inaturalist\371123585.jpg,2026-06-13
inaturalist,371121586,Oligodon taeniolatus,,https://static.inaturalist.org/photos/678054339/medium.jpg,E:\Coding_Notes\Faunari\data\raw\inaturalist\371121586.jpg,2026-06-13
inaturalist,371120427,Ptyas mucosa,,https://static.inaturalist.org/photos/678051783/medium.jpg,E:\Coding_Notes\Faunari\data\raw\inaturalist\371120427.jpg,2026-06-13
inaturalist,371110829,Enhydris enhydris,,https://static.inaturalist.org/photos/678016777/medium.jpg,E:\Coding_Notes\Faunari\data\raw\inaturalist\371110829.jpg,2023-02-05
inaturalist,371108352,Lycodon aulicus,cc-by-nc,https://inaturalist-open-data.s3.amazonaws.com/photos/678028711/medium.jpg,E:\Coding_Notes\Faunari\data\raw\inaturalist\371108352.jpg,2026-06-03
inaturalist,371102208,Lycodon zawi,cc-by-nc,https://inaturalist-open-data.s3.amazonaws.com/photos/678016359/medium.jpg,E:\Coding_Notes\Faunari\data\raw\inaturalist\371102208.jpg,2026-06-13
inaturalist,371092314,Fowlea piscator,cc-by-nc,https://inaturalist-open-data.s3.amazonaws.com/photos/677996467/medium.jpg,E:\Coding_Notes\Faunari\data\raw\inaturalist\371092314.jpg,2026-06-13
inaturalist,371083475,Naja naja,cc-by-nc,https://inaturalist-open-data.s3.amazonaws.com/photos/677979040/medium.jpg,E:\Coding_Notes\Faunari\data\raw\inaturalist\371083475.jpg,2026-06-05
inaturalist,371082739,Lycodon aulicus,cc-by-nc,https://inaturalist-open-data.s3.amazonaws.com/photos/677977737/medium.jpg,E:\Coding_Notes\Faunari\data\raw\inaturalist\371082739.jpg,2026-06-05
inaturalist,371074632,Boiga beddomei,cc-by-nc,https://inaturalist-open-data.s3.amazonaws.com/photos/677961922/medium.jpg,E:\Coding_Notes\Faunari\data\raw\inaturalist\371074632.jpg,2026-06-12
inaturalist,371074566,Craspedocephalus gramineus,cc-by-nc,https://inaturalist-open-data.s3.amazonaws.com/photos/677961732/medium.jpg,E:\Coding_Notes\Faunari\data\raw\inaturalist\371074566.jpg,2026-06-12
inaturalist,371024071,Fowlea piscator,cc-by,https://inaturalist-open-data.s3.amazonaws.com/photos/677865078/medium.jpg,E:\Coding_Notes\Faunari\data\raw\inaturalist\371024071.jpg,2025-12-10
inaturalist,371005960,Echis carinatus,cc-by-nc,https://inaturalist-open-data.s3.amazonaws.com/photos/677828848/medium.jpg,E:\Coding_Notes\Faunari\data\raw\inaturalist\371005960.jpg,2026-06-11
inaturalist,370995151,Oligodon russelius,cc-by-nc,https://inaturalist-open-data.s3.amazonaws.com/photos/677807813/medium.jpg,E:\Coding_Notes\Faunari\data\raw\inaturalist\370995151.jpg,2026-06-12
inaturalist,370976595,Fowlea piscator,cc-by-nc,https://inaturalist-open-data.s3.amazonaws.com/photos/677771742/medium.jpg,E:\Coding_Notes\Faunari\data\raw\inaturalist\370976595.jpg,2025-08-23
inaturalist,370968448,Daboia russelii,cc-by,https://inaturalist-open-data.s3.amazonaws.com/photos/677757655/medium.jpg,E:\Coding_Notes\Faunari\data\raw\inaturalist\370968448.jpg,2026-06-12
inaturalist,370966686,Fowlea piscator,,https://static.inaturalist.org/photos/677739139/medium.jpg,E:\Coding_Notes\Faunari\data\raw\inaturalist\370966686.jpg,2026-06-12
inaturalist,370961182,Daboia russelii,cc-by-nc,https://inaturalist-open-data.s3.amazonaws.com/photos/677743679/medium.jpg,E:\Coding_Notes\Faunari\data\raw\inaturalist\370961182.jpg,2026-06-07
inaturalist,370959755,Dendrelaphis tristis,cc-by-nc,https://inaturalist-open-data.s3.amazonaws.com/photos/677740788/medium.jpg,E:\Coding_Notes\Faunari\data\raw\inaturalist\370959755.jpg,2026-06-12
inaturalist,370959692,Ptyas mucosa,cc-by-nc,https://inaturalist-open-data.s3.amazonaws.com/photos/677740708/medium.jpg,E:\Coding_Notes\Faunari\data\raw\inaturalist\370959692.jpg,2026-06-07
inaturalist,370945113,Rhabdophis plumbicolor plumbicolor,,https://static.inaturalist.org/photos/677714056/medium.jpg,E:\Coding_Notes\Faunari\data\raw\inaturalist\370945113.jpg,2026-06-11
inaturalist,370942270,Ahaetulla oxyrhynca,cc-by-nc,https://inaturalist-open-data.s3.amazonaws.com/photos/677706814/medium.jpg,E:\Coding_Notes\Faunari\data\raw\inaturalist\370942270.jpg,2026-02-01
inaturalist,370898601,Fowlea piscator,,https://static.inaturalist.org/photos/677625413/medium.jpg,E:\Coding_Notes\Faunari\data\raw\inaturalist\370898601.jpg,2026-05-06
inaturalist,370886476,Sahyadriophis beddomei,cc-by-nc,https://inaturalist-open-data.s3.amazonaws.com/photos/677602063/medium.jpg,E:\Coding_Notes\Faunari\data\raw\inaturalist\370886476.jpg,2026-03-10
inaturalist,370886101,Lycodon travancoricus,,https://static.inaturalist.org/photos/677601620/medium.jpg,E:\Coding_Notes\Faunari\data\raw\inaturalist\370886101.jpg,2026-06-12
inaturalist,370885331,Bungarus caeruleus,,https://static.inaturalist.org/photos/677600450/medium.jpg,E:\Coding_Notes\Faunari\data\raw\inaturalist\370885331.jpg,2026-06-12
inaturalist,370869339,Fowlea piscator,cc-by-nc,https://inaturalist-open-data.s3.amazonaws.com/photos/677570187/medium.jpg,E:\Coding_Notes\Faunari\data\raw\inaturalist\370869339.jpg,2025-05-23
inaturalist,370868028,Fowlea piscator,,https://static.inaturalist.org/photos/677568004/medium.jpg,E:\Coding_Notes\Faunari\data\raw\inaturalist\370868028.jpg,2023-10-22
inaturalist,370859748,Ptyas mucosa,cc-by-nc,https://inaturalist-open-data.s3.amazonaws.com/photos/677552694/medium.jpg,E:\Coding_Notes\Faunari\data\raw\inaturalist\370859748.jpg,2026-03-12
inaturalist,370858575,Ptyas mucosa,cc-by,https://inaturalist-open-data.s3.amazonaws.com/photos/677550156/medium.jpg,E:\Coding_Notes\Faunari\data\raw\inaturalist\370858575.jpg,2026-06-12
inaturalist,370854474,Indotyphlops braminus,,https://static.inaturalist.org/photos/677542126/medium.jpg,E:\Coding_Notes\Faunari\data\raw\inaturalist\370854474.jpg,2026-06-12
inaturalist,370853744,Ptyas mucosa,,https://static.inaturalist.org/photos/677540476/medium.jpg,E:\Coding_Notes\Faunari\data\raw\inaturalist\370853744.jpg,2024-08-25
inaturalist,370847510,Dendrelaphis tristis,cc-by-nc,https://inaturalist-open-data.s3.amazonaws.com/photos/677528334/medium.jpg,E:\Coding_Notes\Faunari\data\raw\inaturalist\370847510.jpg,2026-06-09
inaturalist,370842464,Daboia russelii,cc-by-nc,https://inaturalist-open-data.s3.amazonaws.com/photos/677532356/medium.jpg,E:\Coding_Notes\Faunari\data\raw\inaturalist\370842464.jpg,2026-06-12
inaturalist,370841938,Naja naja,cc-by,https://inaturalist-open-data.s3.amazonaws.com/photos/677517571/medium.jpg,E:\Coding_Notes\Faunari\data\raw\inaturalist\370841938.jpg,2026-06-12
inaturalist,370833606,Eryx conicus,cc-by-nc,https://inaturalist-open-data.s3.amazonaws.com/photos/677501225/medium.jpg,E:\Coding_Notes\Faunari\data\raw\inaturalist\370833606.jpg,2026-06-12
inaturalist,370825510,Craspedocephalus malabaricus,cc-by-nc,https://inaturalist-open-data.s3.amazonaws.com/photos/677485236/medium.jpg,E:\Coding_Notes\Faunari\data\raw\inaturalist\370825510.jpg,2026-06-10
inaturalist,370817316,Ptyas mucosa,cc-by-nc,https://inaturalist-open-data.s3.amazonaws.com/photos/677469440/medium.jpg,E:\Coding_Notes\Faunari\data\raw\inaturalist\370817316.jpg,2026-06-12
inaturalist,370816500,Python molurus,cc-by-nc,https://inaturalist-open-data.s3.amazonaws.com/photos/677467738/medium.jpg,E:\Coding_Notes\Faunari\data\raw\inaturalist\370816500.jpg,2026-06-11
inaturalist,370816159,Naja naja,cc-by-nc,https://inaturalist-open-data.s3.amazonaws.com/photos/677467196/medium.jpg,E:\Coding_Notes\Faunari\data\raw\inaturalist\370816159.jpg,2026-06-10
inaturalist,370813947,Sahyadriophis beddomei,cc-by-nc-nd,https://inaturalist-open-data.s3.amazonaws.com/photos/677462855/medium.jpg,E:\Coding_Notes\Faunari\data\raw\inaturalist\370813947.jpg,2026-06-11
inaturalist,370759803,Python molurus,cc-by,https://inaturalist-open-data.s3.amazonaws.com/photos/677339021/medium.jpg,E:\Coding_Notes\Faunari\data\raw\inaturalist\370759803.jpg,2007-12-22
inaturalist,370693787,Daboia russelii,cc-by-nc,https://inaturalist-open-data.s3.amazonaws.com/photos/677222199/medium.jpg,E:\Coding_Notes\Faunari\data\raw\inaturalist\370693787.jpg,2026-05-22
inaturalist,370692924,Amphiesma stolatum,cc-by-nc,https://inaturalist-open-data.s3.amazonaws.com/photos/677220461/medium.jpg,E:\Coding_Notes\Faunari\data\raw\inaturalist\370692924.jpg,2026-06-08
inaturalist,370692475,Amphiesma stolatum,cc-by-nc,https://inaturalist-open-data.s3.amazonaws.com/photos/677219730/medium.jpg,E:\Coding_Notes\Faunari\data\raw\inaturalist\370692475.jpg,2026-06-03
inaturalist,370691383,Python molurus,cc-by-nc,https://inaturalist-open-data.s3.amazonaws.com/photos/677217249/medium.jpg,E:\Coding_Notes\Faunari\data\raw\inaturalist\370691383.jpg,2026-05-26
inaturalist,370687468,Ptyas mucosa,cc-by-nc,https://inaturalist-open-data.s3.amazonaws.com/photos/677210339/medium.jpg,E:\Coding_Notes\Faunari\data\raw\inaturalist\370687468.jpg,2026-03-22
inaturalist,370686770,Oligodon taeniolatus,cc-by-nc,https://inaturalist-open-data.s3.amazonaws.com/photos/677208766/medium.jpg,E:\Coding_Notes\Faunari\data\raw\inaturalist\370686770.jpg,2026-03-10
inaturalist,370664075,Ptyas mucosa,cc-by-nc,https://inaturalist-open-data.s3.amazonaws.com/photos/677164490/medium.jpg,E:\Coding_Notes\Faunari\data\raw\inaturalist\370664075.jpg,2026-03-03
inaturalist,370648068,Eryx conicus,,https://static.inaturalist.org/photos/677133265/medium.jpg,E:\Coding_Notes\Faunari\data\raw\inaturalist\370648068.jpg,2026-06-11
inaturalist,370647609,Boiga forsteni,cc-by,https://inaturalist-open-data.s3.amazonaws.com/photos/677132371/medium.jpg,E:\Coding_Notes\Faunari\data\raw\inaturalist\370647609.jpg,2025-07-02
inaturalist,370641498,Fowlea piscator,cc-by-nc,https://inaturalist-open-data.s3.amazonaws.com/photos/677120863/medium.jpg,E:\Coding_Notes\Faunari\data\raw\inaturalist\370641498.jpg,2026-04-20
inaturalist,370640665,Amphiesma stolatum,,https://static.inaturalist.org/photos/677119409/medium.jpg,E:\Coding_Notes\Faunari\data\raw\inaturalist\370640665.jpg,2026-06-11
inaturalist,370610099,Indotyphlops braminus,,https://static.inaturalist.org/photos/677064401/medium.jpg,E:\Coding_Notes\Faunari\data\raw\inaturalist\370610099.jpg,2026-06-11
inaturalist,370579598,Naja naja,cc-by-nc,https://inaturalist-open-data.s3.amazonaws.com/photos/677006082/medium.jpg,E:\Coding_Notes\Faunari\data\raw\inaturalist\370579598.jpg,2026-06-11
inaturalist,370570733,Python molurus,cc-by-nc,https://inaturalist-open-data.s3.amazonaws.com/photos/676988940/medium.jpg,E:\Coding_Notes\Faunari\data\raw\inaturalist\370570733.jpg,2026-06-04
inaturalist,370566331,Fowlea piscator,cc-by-nc,https://inaturalist-open-data.s3.amazonaws.com/photos/676981034/medium.jpg,E:\Coding_Notes\Faunari\data\raw\inaturalist\370566331.jpg,2026-06-11
inaturalist,370565455,Ptyas mucosa,cc-by-nc,https://inaturalist-open-data.s3.amazonaws.com/photos/676979363/medium.jpg,E:\Coding_Notes\Faunari\data\raw\inaturalist\370565455.jpg,2026-06-11
inaturalist,370565363,Uropeltis ocellata,cc-by-nc,https://inaturalist-open-data.s3.amazonaws.com/photos/676979297/medium.jpg,E:\Coding_Notes\Faunari\data\raw\inaturalist\370565363.jpg,2026-06-11
inaturalist,370564350,Naja naja,cc-by-nc,https://inaturalist-open-data.s3.amazonaws.com/photos/676976995/medium.jpg,E:\Coding_Notes\Faunari\data\raw\inaturalist\370564350.jpg,2026-06-08
inaturalist,370559692,Fowlea piscator,,https://static.inaturalist.org/photos/677499056/medium.jpg,E:\Coding_Notes\Faunari\data\raw\inaturalist\370559692.jpg,2026-06-11
inaturalist,370555012,Amphiesma stolatum,,https://static.inaturalist.org/photos/676957353/medium.jpg,E:\Coding_Notes\Faunari\data\raw\inaturalist\370555012.jpg,2026-06-01
inaturalist,370554930,Ahaetulla sahyadrensis,cc-by-nc,https://inaturalist-open-data.s3.amazonaws.com/photos/676957187/medium.jpg,E:\Coding_Notes\Faunari\data\raw\inaturalist\370554930.jpg,2026-06-06
inaturalist,370552314,Fowlea piscator,cc-by-nc,https://inaturalist-open-data.s3.amazonaws.com/photos/676951639/medium.jpg,E:\Coding_Notes\Faunari\data\raw\inaturalist\370552314.jpg,2026-06-02
inaturalist,370548925,Ptyas mucosa,cc-by-nc,https://inaturalist-open-data.s3.amazonaws.com/photos/676944800/medium.jpg,E:\Coding_Notes\Faunari\data\raw\inaturalist\370548925.jpg,2026-06-06
inaturalist,370547861,Sahyadriophis beddomei,cc-by-nc,https://inaturalist-open-data.s3.amazonaws.com/photos/676921704/medium.jpg,E:\Coding_Notes\Faunari\data\raw\inaturalist\370547861.jpg,2026-03-06
inaturalist,370541374,Dendrelaphis tristis,cc-by-nc,https://inaturalist-open-data.s3.amazonaws.com/photos/676929924/medium.jpg,E:\Coding_Notes\Faunari\data\raw\inaturalist\370541374.jpg,2026-06-11
inaturalist,370538598,Ahaetulla malabarica,cc-by-nc,https://inaturalist-open-data.s3.amazonaws.com/photos/676923176/medium.jpg,E:\Coding_Notes\Faunari\data\raw\inaturalist\370538598.jpg,2026-06-09
inaturalist,370526157,Naja naja,cc-by-nc,https://inaturalist-open-data.s3.amazonaws.com/photos/676898531/medium.jpg,E:\Coding_Notes\Faunari\data\raw\inaturalist\370526157.jpg,2026-06-11
inaturalist,370524069,Uropeltis ceylanica,cc-by-nc,https://inaturalist-open-data.s3.amazonaws.com/photos/676894376/medium.jpg,E:\Coding_Notes\Faunari\data\raw\inaturalist\370524069.jpg,2026-06-11
inaturalist,370523917,Lycodon travancoricus,cc-by-nc,https://inaturalist-open-data.s3.amazonaws.com/photos/676891244/medium.jpg,E:\Coding_Notes\Faunari\data\raw\inaturalist\370523917.jpg,2026-06-11
inaturalist,370503012,Daboia russelii,cc-by-nc,https://inaturalist-open-data.s3.amazonaws.com/photos/676849939/medium.jpg,E:\Coding_Notes\Faunari\data\raw\inaturalist\370503012.jpg,2026-06-10
inaturalist,370424919,Amphiesma monticola,,https://static.inaturalist.org/photos/676696277/medium.jpg,E:\Coding_Notes\Faunari\data\raw\inaturalist\370424919.jpg,2026-06-10
inaturalist,370401364,Fowlea piscator,,https://static.inaturalist.org/photos/676664189/medium.jpg,E:\Coding_Notes\Faunari\data\raw\inaturalist\370401364.jpg,2026-06-10
inaturalist,370395836,Fowlea piscator,cc-by,https://inaturalist-open-data.s3.amazonaws.com/photos/676653638/medium.jpg,E:\Coding_Notes\Faunari\data\raw\inaturalist\370395836.jpg,2025-12-22
inaturalist,370390231,Dendrelaphis chairecacos,cc-by-nc,https://inaturalist-open-data.s3.amazonaws.com/photos/676644494/medium.jpg,E:\Coding_Notes\Faunari\data\raw\inaturalist\370390231.jpg,2025-05-11
inaturalist,370363301,Oligodon arnensis,,https://static.inaturalist.org/photos/676595635/medium.jpg,E:\Coding_Notes\Faunari\data\raw\inaturalist\370363301.jpg,2026-06-10
inaturalist,370359752,Daboia russelii,cc-by-nc,https://inaturalist-open-data.s3.amazonaws.com/photos/676588884/medium.jpg,E:\Coding_Notes\Faunari\data\raw\inaturalist\370359752.jpg,2026-06-10
inaturalist,370326021,Boiga beddomei,cc-by-nc,https://inaturalist-open-data.s3.amazonaws.com/photos/676463891/medium.jpg,E:\Coding_Notes\Faunari\data\raw\inaturalist\370326021.jpg,2026-03-11
inaturalist,370318401,Fowlea piscator,cc-by-nc,https://inaturalist-open-data.s3.amazonaws.com/photos/676513409/medium.jpg,E:\Coding_Notes\Faunari\data\raw\inaturalist\370318401.jpg,2026-06-10
inaturalist,370316619,Craspedocephalus malabaricus,cc-by-nc,https://inaturalist-open-data.s3.amazonaws.com/photos/676510010/medium.jpg,E:\Coding_Notes\Faunari\data\raw\inaturalist\370316619.jpg,2026-06-10
inaturalist,370313801,Fowlea piscator,cc-by-nc,https://inaturalist-open-data.s3.amazonaws.com/photos/676505142/medium.jpg,E:\Coding_Notes\Faunari\data\raw\inaturalist\370313801.jpg,2026-06-10
inaturalist,370273907,Trimeresurus albolabris,cc-by-nc,https://inaturalist-open-data.s3.amazonaws.com/photos/676430199/medium.jpg,E:\Coding_Notes\Faunari\data\raw\inaturalist\370273907.jpg,2026-02-26
inaturalist,370269321,Fowlea piscator,cc-by,https://inaturalist-open-data.s3.amazonaws.com/photos/676421647/medium.jpg,E:\Coding_Notes\Faunari\data\raw\inaturalist\370269321.jpg,2026-06-10
inaturalist,370248408,Python molurus,cc-by-nc,https://inaturalist-open-data.s3.amazonaws.com/photos/676372175/medium.jpg,E:\Coding_Notes\Faunari\data\raw\inaturalist\370248408.jpg,2014-08-17
inaturalist,370248360,Rhabdophis plumbicolor,cc-by-nc,https://inaturalist-open-data.s3.amazonaws.com/photos/676369821/medium.jpg,E:\Coding_Notes\Faunari\data\raw\inaturalist\370248360.jpg,2015-08-22
inaturalist,370239445,Oligodon albocinctus,cc-by-nc,https://inaturalist-open-data.s3.amazonaws.com/photos/676364380/medium.jpg,E:\Coding_Notes\Faunari\data\raw\inaturalist\370239445.jpg,2026-06-10
inaturalist,370237429,Ptyas korros,cc-by-nc,https://inaturalist-open-data.s3.amazonaws.com/photos/676360824/medium.jpg,E:\Coding_Notes\Faunari\data\raw\inaturalist\370237429.jpg,2026-06-09
inaturalist,370236684,Craspedocephalus travancoricus,cc-by,https://inaturalist-open-data.s3.amazonaws.com/photos/676359565/medium.jpg,E:\Coding_Notes\Faunari\data\raw\inaturalist\370236684.jpg,2026-06-08
inaturalist,370235938,Fowlea piscator,cc-by,https://inaturalist-open-data.s3.amazonaws.com/photos/676358242/medium.jpg,E:\Coding_Notes\Faunari\data\raw\inaturalist\370235938.jpg,2026-06-09
inaturalist,370220920,Eryx johnii,cc-by-nc,https://inaturalist-open-data.s3.amazonaws.com/photos/676328300/medium.jpg,E:\Coding_Notes\Faunari\data\raw\inaturalist\370220920.jpg,2026-06-10
inaturalist,370220427,Boiga trigonata,cc-by-nc-sa,https://inaturalist-open-data.s3.amazonaws.com/photos/676327920/medium.jpg,E:\Coding_Notes\Faunari\data\raw\inaturalist\370220427.jpg,2026-05-27
inaturalist,370218984,Craspedocephalus malabaricus,,https://static.inaturalist.org/photos/676325513/medium.jpg,E:\Coding_Notes\Faunari\data\raw\inaturalist\370218984.jpg,2026-06-09
inaturalist,370213436,Rhabdophis plumbicolor,cc-by-nc-sa,https://inaturalist-open-data.s3.amazonaws.com/photos/676314425/medium.jpg,E:\Coding_Notes\Faunari\data\raw\inaturalist\370213436.jpg,2026-06-10
inaturalist,370200417,Fowlea piscator,,https://static.inaturalist.org/photos/676298633/medium.jpg,E:\Coding_Notes\Faunari\data\raw\inaturalist\370200417.jpg,2026-06-10
inaturalist,370186778,Amphiesma stolatum,cc-by-nc,https://inaturalist-open-data.s3.amazonaws.com/photos/676260332/medium.jpg,E:\Coding_Notes\Faunari\data\raw\inaturalist\370186778.jpg,2026-06-10
inaturalist,370113431,Amphiesma stolatum,cc-by-nc,https://inaturalist-open-data.s3.amazonaws.com/photos/676114965/medium.jpg,E:\Coding_Notes\Faunari\data\raw\inaturalist\370113431.jpg,2018-09-05
inaturalist,370106840,Naja naja,,https://static.inaturalist.org/photos/676103409/medium.jpg,E:\Coding_Notes\Faunari\data\raw\inaturalist\370106840.jpg,2026-03-10
inaturalist,370102048,Fowlea piscator,cc-by-nc,https://inaturalist-open-data.s3.amazonaws.com/photos/676095419/medium.jpg,E:\Coding_Notes\Faunari\data\raw\inaturalist\370102048.jpg,2026-06-09
inaturalist,370094051,Lycodon fasciatus,cc-by-nc,https://inaturalist-open-data.s3.amazonaws.com/photos/676043270/medium.jpg,E:\Coding_Notes\Faunari\data\raw\inaturalist\370094051.jpg,2018-03-03
inaturalist,370094048,Lycodon fasciatus,cc-by-nc,https://inaturalist-open-data.s3.amazonaws.com/photos/676043271/medium.jpg,E:\Coding_Notes\Faunari\data\raw\inaturalist\370094048.jpg,2018-03-03
inaturalist,370087849,Bungarus caeruleus,cc-by-nc,https://inaturalist-open-data.s3.amazonaws.com/photos/676067308/medium.jpg,E:\Coding_Notes\Faunari\data\raw\inaturalist\370087849.jpg,2026-06-09
inaturalist,370086374,Lycodon travancoricus,cc-by-nc,https://inaturalist-open-data.s3.amazonaws.com/photos/676064226/medium.jpg,E:\Coding_Notes\Faunari\data\raw\inaturalist\370086374.jpg,2026-05-21
inaturalist,370084924,Eryx johnii,cc-by-nc,https://inaturalist-open-data.s3.amazonaws.com/photos/676049392/medium.jpg,E:\Coding_Notes\Faunari\data\raw\inaturalist\370084924.jpg,2021-11-18
inaturalist,370072524,Lycodon fasciolatus,cc-by-nc-sa,https://inaturalist-open-data.s3.amazonaws.com/photos/676038267/medium.jpg,E:\Coding_Notes\Faunari\data\raw\inaturalist\370072524.jpg,2026-06-09
inaturalist,370032172,Daboia russelii,,https://static.inaturalist.org/photos/676318806/medium.jpg,E:\Coding_Notes\Faunari\data\raw\inaturalist\370032172.jpg,2026-06-09
inaturalist,370023659,Hypnale hypnale,cc-by-nc,https://inaturalist-open-data.s3.amazonaws.com/photos/675946672/medium.jpg,E:\Coding_Notes\Faunari\data\raw\inaturalist\370023659.jpg,2026-06-08
inaturalist,369967878,Indotyphlops braminus,,https://static.inaturalist.org/photos/675842813/medium.jpg,E:\Coding_Notes\Faunari\data\raw\inaturalist\369967878.jpg,2026-05-24
inaturalist,369967741,Lycodon travancoricus,,https://static.inaturalist.org/photos/675842464/medium.jpg,E:\Coding_Notes\Faunari\data\raw\inaturalist\369967741.jpg,2026-06-05
inaturalist,369964925,Naja naja,cc-by-nc,https://inaturalist-open-data.s3.amazonaws.com/photos/675837947/medium.jpg,E:\Coding_Notes\Faunari\data\raw\inaturalist\369964925.jpg,2026-06-09
inaturalist,369939995,Ptyas mucosa,cc-by-nc,https://inaturalist-open-data.s3.amazonaws.com/photos/675789533/medium.jpg,E:\Coding_Notes\Faunari\data\raw\inaturalist\369939995.jpg,2026-02-23
inaturalist,369935151,Sinomicrurus macclellandi,cc-by-nc,https://inaturalist-open-data.s3.amazonaws.com/photos/675780653/medium.jpg,E:\Coding_Notes\Faunari\data\raw\inaturalist\369935151.jpg,2026-06-08
inaturalist,369934035,Cerberus rynchops,,https://static.inaturalist.org/photos/675778402/medium.jpg,E:\Coding_Notes\Faunari\data\raw\inaturalist\369934035.jpg,2026-06-09
inaturalist,369920612,Ptyas mucosa,cc-by-nc,https://inaturalist-open-data.s3.amazonaws.com/photos/675751807/medium.jpg,E:\Coding_Notes\Faunari\data\raw\inaturalist\369920612.jpg,2026-06-09
inaturalist,369905518,Oligodon taeniolatus,cc-by-nc,https://inaturalist-open-data.s3.amazonaws.com/photos/675935052/medium.jpg,E:\Coding_Notes\Faunari\data\raw\inaturalist\369905518.jpg,2026-06-02
inaturalist,369802758,Ptyas mucosa,cc-by-nc,https://inaturalist-open-data.s3.amazonaws.com/photos/675523607/medium.jpg,E:\Coding_Notes\Faunari\data\raw\inaturalist\369802758.jpg,2026-06-02
inaturalist,369792565,Oligodon taeniolatus,cc-by,https://inaturalist-open-data.s3.amazonaws.com/photos/675503457/medium.jpg,E:\Coding_Notes\Faunari\data\raw\inaturalist\369792565.jpg,2026-06-08
inaturalist,369791967,Coelognathus helena helena,cc-by,https://inaturalist-open-data.s3.amazonaws.com/photos/675502909/medium.jpg,E:\Coding_Notes\Faunari\data\raw\inaturalist\369791967.jpg,2026-06-08
inaturalist,369791573,Coelognathus helena helena,,https://static.inaturalist.org/photos/675501672/medium.jpg,E:\Coding_Notes\Faunari\data\raw\inaturalist\369791573.jpg,2026-06-07
inaturalist,369791116,Daboia russelii,,https://static.inaturalist.org/photos/675500933/medium.jpg,E:\Coding_Notes\Faunari\data\raw\inaturalist\369791116.jpg,2026-06-08
inaturalist,369789473,Boiga trigonata,cc-by-nc,https://inaturalist-open-data.s3.amazonaws.com/photos/675496156/medium.jpg,E:\Coding_Notes\Faunari\data\raw\inaturalist\369789473.jpg,2025-10-17
inaturalist,369789111,Python molurus,cc-by-nc,https://inaturalist-open-data.s3.amazonaws.com/photos/675496761/medium.jpg,E:\Coding_Notes\Faunari\data\raw\inaturalist\369789111.jpg,2026-06-09
inaturalist,369788932,Eryx whitakeri,cc-by-nc,https://inaturalist-open-data.s3.amazonaws.com/photos/675496169/medium.jpg,E:\Coding_Notes\Faunari\data\raw\inaturalist\369788932.jpg,2026-06-08
inaturalist,369788521,Lycodon jara,cc-by-nc,https://inaturalist-open-data.s3.amazonaws.com/photos/675494189/medium.jpg,E:\Coding_Notes\Faunari\data\raw\inaturalist\369788521.jpg,2025-06-14
inaturalist,369787968,Eryx conicus,cc-by-nc,https://inaturalist-open-data.s3.amazonaws.com/photos/675494581/medium.jpg,E:\Coding_Notes\Faunari\data\raw\inaturalist\369787968.jpg,2026-05-30
inaturalist,369759847,Ptyas mucosa,,https://static.inaturalist.org/photos/675440375/medium.jpg,E:\Coding_Notes\Faunari\data\raw\inaturalist\369759847.jpg,2024-01-07
inaturalist,369730698,Oligodon taeniolatus,,https://static.inaturalist.org/photos/675385634/medium.jpg,E:\Coding_Notes\Faunari\data\raw\inaturalist\369730698.jpg,2026-06-06
inaturalist,369729196,Ptyas mucosa,cc-by-nc,https://inaturalist-open-data.s3.amazonaws.com/photos/675383667/medium.jpg,E:\Coding_Notes\Faunari\data\raw\inaturalist\369729196.jpg,2026-06-03
inaturalist,369727806,Hypsiscopus plumbeus,cc-by-nc,https://inaturalist-open-data.s3.amazonaws.com/photos/675380989/medium.jpg,E:\Coding_Notes\Faunari\data\raw\inaturalist\369727806.jpg,2026-06-06
inaturalist,369724740,Fowlea piscator,cc-by-nc,https://inaturalist-open-data.s3.amazonaws.com/photos/675350599/medium.jpg,E:\Coding_Notes\Faunari\data\raw\inaturalist\369724740.jpg,2013-12-30
inaturalist,369713228,Amphiesma stolatum,cc-by-nc,https://inaturalist-open-data.s3.amazonaws.com/photos/675353472/medium.jpg,E:\Coding_Notes\Faunari\data\raw\inaturalist\369713228.jpg,2026-06-07
inaturalist,369684861,Fowlea piscator,cc-by-nc,https://inaturalist-open-data.s3.amazonaws.com/photos/675300694/medium.jpg,E:\Coding_Notes\Faunari\data\raw\inaturalist\369684861.jpg,2026-05-15
inaturalist,369677647,Ptyas mucosa,cc-by-nc,https://inaturalist-open-data.s3.amazonaws.com/photos/675287509/medium.jpg,E:\Coding_Notes\Faunari\data\raw\inaturalist\369677647.jpg,2026-06-08
inaturalist,369676333,Ptyas mucosa,cc-by-nc,https://inaturalist-open-data.s3.amazonaws.com/photos/675285030/medium.jpg,E:\Coding_Notes\Faunari\data\raw\inaturalist\369676333.jpg,2025-01-19
inaturalist,369670927,Eryx whitakeri,cc-by-nc,https://inaturalist-open-data.s3.amazonaws.com/photos/675275744/medium.jpg,E:\Coding_Notes\Faunari\data\raw\inaturalist\369670927.jpg,2026-02-17
inaturalist,369620958,Python molurus,cc-by-nc,https://inaturalist-open-data.s3.amazonaws.com/photos/675181047/medium.jpg,E:\Coding_Notes\Faunari\data\raw\inaturalist\369620958.jpg,2026-06-08
inaturalist,369618831,Naja naja,cc-by-nc,https://inaturalist-open-data.s3.amazonaws.com/photos/675178159/medium.jpg,E:\Coding_Notes\Faunari\data\raw\inaturalist\369618831.jpg,2026-06-07
inaturalist,369614012,Sahyadriophis beddomei,cc-by-nc-nd,https://inaturalist-open-data.s3.amazonaws.com/photos/675169079/medium.jpg,E:\Coding_Notes\Faunari\data\raw\inaturalist\369614012.jpg,2026-06-04
inaturalist,369613939,Python molurus,cc-by-nc,https://inaturalist-open-data.s3.amazonaws.com/photos/675168883/medium.jpg,E:\Coding_Notes\Faunari\data\raw\inaturalist\369613939.jpg,2026-06-05
inaturalist,369613772,Amphiesma stolatum,cc-by-nc,https://inaturalist-open-data.s3.amazonaws.com/photos/675168669/medium.jpg,E:\Coding_Notes\Faunari\data\raw\inaturalist\369613772.jpg,2026-06-07
inaturalist,369611903,Fowlea piscator,,https://static.inaturalist.org/photos/675164801/medium.jpg,E:\Coding_Notes\Faunari\data\raw\inaturalist\369611903.jpg,2026-06-08
inaturalist,369596488,Bungarus caeruleus,cc-by-nc,https://inaturalist-open-data.s3.amazonaws.com/photos/675134790/medium.jpg,E:\Coding_Notes\Faunari\data\raw\inaturalist\369596488.jpg,2026-06-06
inaturalist,369595416,Boiga nuchalis,cc-by-nc,https://inaturalist-open-data.s3.amazonaws.com/photos/675132547/medium.jpg,E:\Coding_Notes\Faunari\data\raw\inaturalist\369595416.jpg,2026-06-07
inaturalist,369595391,Ptyas mucosa,cc-by-nc,https://inaturalist-open-data.s3.amazonaws.com/photos/675132493/medium.jpg,E:\Coding_Notes\Faunari\data\raw\inaturalist\369595391.jpg,2026-06-04
inaturalist,369592864,Craspedocephalus malabaricus,cc-by-nc,https://inaturalist-open-data.s3.amazonaws.com/photos/675126890/medium.jpg,E:\Coding_Notes\Faunari\data\raw\inaturalist\369592864.jpg,2026-06-06
inaturalist,369591086,Hypnale hypnale,cc-by-nc,https://inaturalist-open-data.s3.amazonaws.com/photos/675123207/medium.jpg,E:\Coding_Notes\Faunari\data\raw\inaturalist\369591086.jpg,2026-05-19
inaturalist,369590504,Ahaetulla borealis,cc-by-nc,https://inaturalist-open-data.s3.amazonaws.com/photos/675122031/medium.jpg,E:\Coding_Notes\Faunari\data\raw\inaturalist\369590504.jpg,2026-06-04
inaturalist,369570080,Coelognathus helena helena,,https://static.inaturalist.org/photos/675074575/medium.jpg,E:\Coding_Notes\Faunari\data\raw\inaturalist\369570080.jpg,2022-03-30
inaturalist,369521600,Eryx conicus,,https://static.inaturalist.org/photos/674983810/medium.jpg,E:\Coding_Notes\Faunari\data\raw\inaturalist\369521600.jpg,2026-06-08
inaturalist,369415340,Fowlea piscator,,https://static.inaturalist.org/photos/674784090/medium.jpg,E:\Coding_Notes\Faunari\data\raw\inaturalist\369415340.jpg,2026-06-07
inaturalist,369359460,Dendrelaphis girii,cc-by-nc,https://inaturalist-open-data.s3.amazonaws.com/photos/674679865/medium.jpg,E:\Coding_Notes\Faunari\data\raw\inaturalist\369359460.jpg,2026-06-07
inaturalist,369348324,Lycodon aulicus,cc-by-nc,https://inaturalist-open-data.s3.amazonaws.com/photos/674660884/medium.jpg,E:\Coding_Notes\Faunari\data\raw\inaturalist\369348324.jpg,2026-03-04
inaturalist,369335354,Trimeresurus erythrurus,,https://static.inaturalist.org/photos/674635844/medium.jpg,E:\Coding_Notes\Faunari\data\raw\inaturalist\369335354.jpg,2026-06-01
inaturalist,369331499,Craspedocephalus malabaricus,cc-by-nc,https://inaturalist-open-data.s3.amazonaws.com/photos/674629026/medium.jpg,E:\Coding_Notes\Faunari\data\raw\inaturalist\369331499.jpg,2026-06-07
inaturalist,369330296,Fowlea piscator,cc-by-nc,https://inaturalist-open-data.s3.amazonaws.com/photos/674626771/medium.jpg,E:\Coding_Notes\Faunari\data\raw\inaturalist\369330296.jpg,2026-06-07
inaturalist,369319031,Amphiesma stolatum,,https://static.inaturalist.org/photos/674604622/medium.jpg,E:\Coding_Notes\Faunari\data\raw\inaturalist\369319031.jpg,2026-06-07
inaturalist,369315850,Craspedocephalus malabaricus,cc-by-nc,https://inaturalist-open-data.s3.amazonaws.com/photos/674598310/medium.jpg,E:\Coding_Notes\Faunari\data\raw\inaturalist\369315850.jpg,2026-05-25
inaturalist,369313813,Bungarus caeruleus,cc-by-nc,https://inaturalist-open-data.s3.amazonaws.com/photos/674594949/medium.jpg,E:\Coding_Notes\Faunari\data\raw\inaturalist\369313813.jpg,2026-06-06
inaturalist,369303706,Fowlea piscator,cc-by-nc,https://inaturalist-open-data.s3.amazonaws.com/photos/674576878/medium.jpg,E:\Coding_Notes\Faunari\data\raw\inaturalist\369303706.jpg,2026-06-07
inaturalist,369292393,Amphiesma stolatum,cc-by-nc,https://inaturalist-open-data.s3.amazonaws.com/photos/674555753/medium.jpg,E:\Coding_Notes\Faunari\data\raw\inaturalist\369292393.jpg,2026-06-07
inaturalist,369281667,Boiga multifasciata,cc-by-nc,https://inaturalist-open-data.s3.amazonaws.com/photos/674536078/medium.jpg,E:\Coding_Notes\Faunari\data\raw\inaturalist\369281667.jpg,2026-06-07
inaturalist,369280228,Fowlea piscator,cc-by,https://inaturalist-open-data.s3.amazonaws.com/photos/674533473/medium.jpg,E:\Coding_Notes\Faunari\data\raw\inaturalist\369280228.jpg,2026-01-01
inaturalist,369278638,Lycodon fasciolatus,,https://static.inaturalist.org/photos/674527774/medium.jpg,E:\Coding_Notes\Faunari\data\raw\inaturalist\369278638.jpg,2026-06-07
inaturalist,369278625,Bungarus caeruleus,,https://static.inaturalist.org/photos/674527735/medium.jpg,E:\Coding_Notes\Faunari\data\raw\inaturalist\369278625.jpg,2026-06-07
inaturalist,369278622,Echis carinatus,,https://static.inaturalist.org/photos/674527728/medium.jpg,E:\Coding_Notes\Faunari\data\raw\inaturalist\369278622.jpg,2026-06-06
inaturalist,369278599,Craspedocephalus gramineus,,https://static.inaturalist.org/photos/674527686/medium.jpg,E:\Coding_Notes\Faunari\data\raw\inaturalist\369278599.jpg,2026-06-06
inaturalist,369276324,Daboia russelii,cc-by,https://inaturalist-open-data.s3.amazonaws.com/photos/674527292/medium.jpg,E:\Coding_Notes\Faunari\data\raw\inaturalist\369276324.jpg,2026-01-03
inaturalist,369275861,Fowlea piscator,cc-by,https://inaturalist-open-data.s3.amazonaws.com/photos/674526629/medium.jpg,E:\Coding_Notes\Faunari\data\raw\inaturalist\369275861.jpg,2026-01-03
inaturalist,369260331,Lycodon aulicus,cc-by-nc,https://inaturalist-open-data.s3.amazonaws.com/photos/674497416/medium.jpg,E:\Coding_Notes\Faunari\data\raw\inaturalist\369260331.jpg,2026-06-07
inaturalist,369250136,Fowlea piscator,,https://static.inaturalist.org/photos/674478360/medium.jpg,E:\Coding_Notes\Faunari\data\raw\inaturalist\369250136.jpg,2026-06-07
inaturalist,369249820,Boiga trigonata,,https://static.inaturalist.org/photos/674475132/medium.jpg,E:\Coding_Notes\Faunari\data\raw\inaturalist\369249820.jpg,2026-05-27
inaturalist,369241880,Ptyas mucosa,cc-by-nc,https://inaturalist-open-data.s3.amazonaws.com/photos/674462718/medium.jpg,E:\Coding_Notes\Faunari\data\raw\inaturalist\369241880.jpg,2026-06-07
inaturalist,369233922,Echis carinatus,,https://static.inaturalist.org/photos/674447751/medium.jpg,E:\Coding_Notes\Faunari\data\raw\inaturalist\369233922.jpg,2026-05-25
inaturalist,369225431,Oreocryptophis porphyraceus,cc-by,https://inaturalist-open-data.s3.amazonaws.com/photos/674430980/medium.jpg,E:\Coding_Notes\Faunari\data\raw\inaturalist\369225431.jpg,2026-06-03
inaturalist,369221177,Fowlea piscator,cc-by-nc,https://inaturalist-open-data.s3.amazonaws.com/photos/674423456/medium.jpg,E:\Coding_Notes\Faunari\data\raw\inaturalist\369221177.jpg,2026-06-07
inaturalist,369217855,Ptyas mucosa,,https://static.inaturalist.org/photos/674416838/medium.jpg,E:\Coding_Notes\Faunari\data\raw\inaturalist\369217855.jpg,2026-06-06
inaturalist,369195140,Fowlea piscator,cc-by-nc,https://inaturalist-open-data.s3.amazonaws.com/photos/674369778/medium.jpg,E:\Coding_Notes\Faunari\data\raw\inaturalist\369195140.jpg,2026-05-28
inaturalist,369180642,Fowlea piscator,cc-by-nc,https://inaturalist-open-data.s3.amazonaws.com/photos/674343282/medium.jpg,E:\Coding_Notes\Faunari\data\raw\inaturalist\369180642.jpg,2026-06-07
inaturalist,369180638,Fowlea piscator,cc-by-nc,https://inaturalist-open-data.s3.amazonaws.com/photos/674343770/medium.jpg,E:\Coding_Notes\Faunari\data\raw\inaturalist\369180638.jpg,2026-06-07
inaturalist,369180018,Ahaetulla oxyrhynca,,https://static.inaturalist.org/photos/674343351/medium.jpg,E:\Coding_Notes\Faunari\data\raw\inaturalist\369180018.jpg,2026-06-07
inaturalist,369085400,Boiga beddomei,cc-by-nc,https://inaturalist-open-data.s3.amazonaws.com/photos/674159025/medium.jpg,E:\Coding_Notes\Faunari\data\raw\inaturalist\369085400.jpg,2013-06-27
inaturalist,369084542,Rhabdophis plumbicolor,cc-by-nc,https://inaturalist-open-data.s3.amazonaws.com/photos/674157279/medium.jpg,E:\Coding_Notes\Faunari\data\raw\inaturalist\369084542.jpg,2017-06-24
inaturalist,369083730,Ahaetulla borealis,cc-by-nc,https://inaturalist-open-data.s3.amazonaws.com/photos/674155802/medium.jpg,E:\Coding_Notes\Faunari\data\raw\inaturalist\369083730.jpg,2014-08-20
inaturalist,369082967,Fowlea piscator,cc-by-nc,https://inaturalist-open-data.s3.amazonaws.com/photos/674154510/medium.jpg,E:\Coding_Notes\Faunari\data\raw\inaturalist\369082967.jpg,2012-11-14
inaturalist,369082664,Dendrelaphis chairecacos,cc-by-nc,https://inaturalist-open-data.s3.amazonaws.com/photos/674153916/medium.jpg,E:\Coding_Notes\Faunari\data\raw\inaturalist\369082664.jpg,2016-03-15
inaturalist,369034988,Ptyas mucosa,cc-by-nc,https://inaturalist-open-data.s3.amazonaws.com/photos/673926109/medium.jpg,E:\Coding_Notes\Faunari\data\raw\inaturalist\369034988.jpg,2026-04-27
inaturalist,369034405,Fowlea piscator,cc-by,https://inaturalist-open-data.s3.amazonaws.com/photos/674063966/medium.jpg,E:\Coding_Notes\Faunari\data\raw\inaturalist\369034405.jpg,2026-06-06
inaturalist,369033561,Craspedocephalus malabaricus,,https://static.inaturalist.org/photos/674060964/medium.jpg,E:\Coding_Notes\Faunari\data\raw\inaturalist\369033561.jpg,2025-04-06
inaturalist,369025330,Lycodon aulicus,cc-by-nd,https://inaturalist-open-data.s3.amazonaws.com/photos/674047643/medium.jpg,E:\Coding_Notes\Faunari\data\raw\inaturalist\369025330.jpg,2026-06-06
inaturalist,368982683,Craspedocephalus anamallensis,,https://static.inaturalist.org/photos/673965514/medium.jpg,E:\Coding_Notes\Faunari\data\raw\inaturalist\368982683.jpg,2026-04-26
inaturalist,368957212,Fowlea piscator,,https://static.inaturalist.org/photos/673920391/medium.jpg,E:\Coding_Notes\Faunari\data\raw\inaturalist\368957212.jpg,2026-06-06
inaturalist,368943693,Fowlea piscator,cc-by-nc,https://inaturalist-open-data.s3.amazonaws.com/photos/673895572/medium.jpg,E:\Coding_Notes\Faunari\data\raw\inaturalist\368943693.jpg,2025-06-30
inaturalist,368939185,Dendrelaphis tristis,cc-by-nc,https://inaturalist-open-data.s3.amazonaws.com/photos/673887410/medium.jpg,E:\Coding_Notes\Faunari\data\raw\inaturalist\368939185.jpg,2026-06-06
inaturalist,368902815,Craspedocephalus malabaricus,cc-by-nc,https://inaturalist-open-data.s3.amazonaws.com/photos/673822104/medium.jpg,E:\Coding_Notes\Faunari\data\raw\inaturalist\368902815.jpg,2026-06-05
inaturalist,368902670,Lycodon travancoricus,cc-by-nc,https://inaturalist-open-data.s3.amazonaws.com/photos/673822020/medium.jpg,E:\Coding_Notes\Faunari\data\raw\inaturalist\368902670.jpg,2026-06-06
inaturalist,368888143,Amphiesma stolatum,,https://static.inaturalist.org/photos/673795737/medium.jpg,E:\Coding_Notes\Faunari\data\raw\inaturalist\368888143.jpg,2026-06-06
inaturalist,368858575,Echis carinatus,cc-by-nc,https://inaturalist-open-data.s3.amazonaws.com/photos/673737800/medium.jpg,E:\Coding_Notes\Faunari\data\raw\inaturalist\368858575.jpg,2026-06-04
inaturalist,368851538,Eryx conicus,cc-by-nc,https://inaturalist-open-data.s3.amazonaws.com/photos/673723857/medium.jpg,E:\Coding_Notes\Faunari\data\raw\inaturalist\368851538.jpg,2026-06-06
inaturalist,368666534,Ptyas mucosa,cc-by,https://inaturalist-open-data.s3.amazonaws.com/photos/673367966/medium.jpg,E:\Coding_Notes\Faunari\data\raw\inaturalist\368666534.jpg,2026-01-19
inaturalist,368663500,Coelognathus helena helena,cc-by-nc,https://inaturalist-open-data.s3.amazonaws.com/photos/673362230/medium.jpg,E:\Coding_Notes\Faunari\data\raw\inaturalist\368663500.jpg,2026-05-29
inaturalist,368662072,Lycodon travancoricus,cc-by-nc,https://inaturalist-open-data.s3.amazonaws.com/photos/673359709/medium.jpg,E:\Coding_Notes\Faunari\data\raw\inaturalist\368662072.jpg,2026-06-05
inaturalist,368657703,Amphiesma stolatum,cc-by-nc,https://inaturalist-open-data.s3.amazonaws.com/photos/678878331/medium.jpg,E:\Coding_Notes\Faunari\data\raw\inaturalist\368657703.jpg,2026-05-26
inaturalist,368623151,Craspedocephalus malabaricus,cc0,https://inaturalist-open-data.s3.amazonaws.com/photos/673291059/medium.jpg,E:\Coding_Notes\Faunari\data\raw\inaturalist\368623151.jpg,2026-05-03
inaturalist,368593093,Hypnale hypnale,,https://static.inaturalist.org/photos/673235679/medium.jpg,E:\Coding_Notes\Faunari\data\raw\inaturalist\368593093.jpg,2026-05-30
inaturalist,368592829,Fowlea piscator,,https://static.inaturalist.org/photos/673233103/medium.jpg,E:\Coding_Notes\Faunari\data\raw\inaturalist\368592829.jpg,2026-06-05
inaturalist,368592825,Fowlea piscator,,https://static.inaturalist.org/photos/673233078/medium.jpg,E:\Coding_Notes\Faunari\data\raw\inaturalist\368592825.jpg,2026-06-05
inaturalist,368592801,Fowlea piscator,,https://static.inaturalist.org/photos/673232566/medium.jpg,E:\Coding_Notes\Faunari\data\raw\inaturalist\368592801.jpg,2026-06-04
inaturalist,368592799,Fowlea piscator,,https://static.inaturalist.org/photos/673232531/medium.jpg,E:\Coding_Notes\Faunari\data\raw\inaturalist\368592799.jpg,2026-06-04
inaturalist,368591806,Fowlea piscator,cc-by,https://inaturalist-open-data.s3.amazonaws.com/photos/673233169/medium.jpg,E:\Coding_Notes\Faunari\data\raw\inaturalist\368591806.jpg,2026-06-04
inaturalist,368576423,Daboia russelii,cc-by-nc,https://inaturalist-open-data.s3.amazonaws.com/photos/673203582/medium.jpg,E:\Coding_Notes\Faunari\data\raw\inaturalist\368576423.jpg,2026-06-05
inaturalist,368571604,Eryx johnii,cc-by-nc,https://inaturalist-open-data.s3.amazonaws.com/photos/673194006/medium.jpg,E:\Coding_Notes\Faunari\data\raw\inaturalist\368571604.jpg,2026-02-22
inaturalist,368563533,Lycodon aulicus,cc-by-nc,https://inaturalist-open-data.s3.amazonaws.com/photos/673178104/medium.jpg,E:\Coding_Notes\Faunari\data\raw\inaturalist\368563533.jpg,2021-11-26
inaturalist,368561499,Lycodon fasciolatus,cc-by-nc,https://inaturalist-open-data.s3.amazonaws.com/photos/673175621/medium.jpg,E:\Coding_Notes\Faunari\data\raw\inaturalist\368561499.jpg,2026-06-03
inaturalist,368552957,Ptyas mucosa,,https://static.inaturalist.org/photos/673159278/medium.jpg,E:\Coding_Notes\Faunari\data\raw\inaturalist\368552957.jpg,2021-07-10
inaturalist,368546348,Fowlea piscator,cc-by-nc,https://inaturalist-open-data.s3.amazonaws.com/photos/673107977/medium.jpg,E:\Coding_Notes\Faunari\data\raw\inaturalist\368546348.jpg,2026-05-31
inaturalist,368532638,Indotyphlops braminus,,https://static.inaturalist.org/photos/673120037/medium.jpg,E:\Coding_Notes\Faunari\data\raw\inaturalist\368532638.jpg,2025-08-01
inaturalist,368529809,Lycodon flavomaculatus,,https://static.inaturalist.org/photos/673114420/medium.jpg,E:\Coding_Notes\Faunari\data\raw\inaturalist\368529809.jpg,2023-05-01
inaturalist,368528682,Echis carinatus,,https://static.inaturalist.org/photos/673112046/medium.jpg,E:\Coding_Notes\Faunari\data\raw\inaturalist\368528682.jpg,2026-06-05
inaturalist,368528505,Daboia russelii,,https://static.inaturalist.org/photos/673111698/medium.jpg,E:\Coding_Notes\Faunari\data\raw\inaturalist\368528505.jpg,2024-06-28
inaturalist,368528070,Bungarus caeruleus,,https://static.inaturalist.org/photos/673110681/medium.jpg,E:\Coding_Notes\Faunari\data\raw\inaturalist\368528070.jpg,2024-07-19
inaturalist,368455556,Boiga trigonata,,https://static.inaturalist.org/photos/672968654/medium.jpg,E:\Coding_Notes\Faunari\data\raw\inaturalist\368455556.jpg,2023-10-06
inaturalist,368454744,Oligodon taeniolatus,,https://static.inaturalist.org/photos/672967337/medium.jpg,E:\Coding_Notes\Faunari\data\raw\inaturalist\368454744.jpg,2024-04-14
inaturalist,368453531,Platyceps gracilis,,https://static.inaturalist.org/photos/672965318/medium.jpg,E:\Coding_Notes\Faunari\data\raw\inaturalist\368453531.jpg,2023-12-10
inaturalist,368452750,Dendrelaphis tristis,,https://static.inaturalist.org/photos/672964017/medium.jpg,E:\Coding_Notes\Faunari\data\raw\inaturalist\368452750.jpg,2024-05-09
inaturalist,368452257,Coelognathus helena helena,,https://static.inaturalist.org/photos/672963158/medium.jpg,E:\Coding_Notes\Faunari\data\raw\inaturalist\368452257.jpg,2024-08-01
inaturalist,368451763,Oligodon tillacki,,https://static.inaturalist.org/photos/672961987/medium.jpg,E:\Coding_Notes\Faunari\data\raw\inaturalist\368451763.jpg,2023-12-10
inaturalist,368451463,Ahaetulla borealis,,https://static.inaturalist.org/photos/672957690/medium.jpg,E:\Coding_Notes\Faunari\data\raw\inaturalist\368451463.jpg,2026-05-30
inaturalist,368451459,Hypnale hypnale,,https://static.inaturalist.org/photos/672956368/medium.jpg,E:\Coding_Notes\Faunari\data\raw\inaturalist\368451459.jpg,2026-05-30
inaturalist,368451231,Lycodon striatus,,https://static.inaturalist.org/photos/672960824/medium.jpg,E:\Coding_Notes\Faunari\data\raw\inaturalist\368451231.jpg,2024-12-30
inaturalist,368451194,Rhinophis travancoricus,,https://static.inaturalist.org/photos/672959750/medium.jpg,E:\Coding_Notes\Faunari\data\raw\inaturalist\368451194.jpg,2016-10-31
inaturalist,368450684,Platyceps plinii,,https://static.inaturalist.org/photos/672959679/medium.jpg,E:\Coding_Notes\Faunari\data\raw\inaturalist\368450684.jpg,2024-08-11
inaturalist,368450427,Ptyas mucosa,,https://static.inaturalist.org/photos/672959094/medium.jpg,E:\Coding_Notes\Faunari\data\raw\inaturalist\368450427.jpg,2024-06-08
inaturalist,368450009,Rhabdophis plumbicolor,,https://static.inaturalist.org/photos/672957970/medium.jpg,E:\Coding_Notes\Faunari\data\raw\inaturalist\368450009.jpg,2023-11-14
inaturalist,368449677,Fowlea piscator,,https://static.inaturalist.org/photos/672957254/medium.jpg,E:\Coding_Notes\Faunari\data\raw\inaturalist\368449677.jpg,2023-12-29
inaturalist,368448943,Amphiesma stolatum,,https://static.inaturalist.org/photos/672955930/medium.jpg,E:\Coding_Notes\Faunari\data\raw\inaturalist\368448943.jpg,2024-11-11
inaturalist,368448165,Python molurus,,https://static.inaturalist.org/photos/672954517/medium.jpg,E:\Coding_Notes\Faunari\data\raw\inaturalist\368448165.jpg,2024-05-09
inaturalist,368447713,Eryx johnii,,https://static.inaturalist.org/photos/672953789/medium.jpg,E:\Coding_Notes\Faunari\data\raw\inaturalist\368447713.jpg,2023-08-13
inaturalist,368446900,Eryx conicus,,https://static.inaturalist.org/photos/672952099/medium.jpg,E:\Coding_Notes\Faunari\data\raw\inaturalist\368446900.jpg,2024-06-05
inaturalist,368436554,Uropeltis myhendrae,,https://static.inaturalist.org/photos/672930755/medium.jpg,E:\Coding_Notes\Faunari\data\raw\inaturalist\368436554.jpg,2018-05-16
inaturalist,368430782,Boiga forsteni,,https://static.inaturalist.org/photos/672919526/medium.jpg,E:\Coding_Notes\Faunari\data\raw\inaturalist\368430782.jpg,2017-12-27
inaturalist,368430045,Calliophis nigrescens,,https://static.inaturalist.org/photos/672916601/medium.jpg,E:\Coding_Notes\Faunari\data\raw\inaturalist\368430045.jpg,2016-08-03
inaturalist,368428765,Oligodon affinis,,https://static.inaturalist.org/photos/672914387/medium.jpg,E:\Coding_Notes\Faunari\data\raw\inaturalist\368428765.jpg,2016-07-01
inaturalist,368427536,Naja naja,,https://static.inaturalist.org/photos/672913007/medium.jpg,E:\Coding_Notes\Faunari\data\raw\inaturalist\368427536.jpg,2019-07-28
inaturalist,368426504,Lycodon travancoricus,,https://static.inaturalist.org/photos/672911637/medium.jpg,E:\Coding_Notes\Faunari\data\raw\inaturalist\368426504.jpg,2018-09-05
inaturalist,368425904,Coelognathus helena monticollaris,,https://static.inaturalist.org/photos/672910330/medium.jpg,E:\Coding_Notes\Faunari\data\raw\inaturalist\368425904.jpg,2018-03-19
inaturalist,368424761,Ptyas mucosa,cc-by-nc,https://inaturalist-open-data.s3.amazonaws.com/photos/672908243/medium.jpg,E:\Coding_Notes\Faunari\data\raw\inaturalist\368424761.jpg,2026-06-01
inaturalist,368394427,Sibynophis collaris,cc-by-nc,https://inaturalist-open-data.s3.amazonaws.com/photos/672849830/medium.jpg,E:\Coding_Notes\Faunari\data\raw\inaturalist\368394427.jpg,2026-06-04
inaturalist,368362729,Bungarus fasciatus,cc-by-nc,https://inaturalist-open-data.s3.amazonaws.com/photos/672788501/medium.jpg,E:\Coding_Notes\Faunari\data\raw\inaturalist\368362729.jpg,2026-06-04
inaturalist,368359918,Rhabdophis plumbicolor,,https://static.inaturalist.org/photos/678822505/medium.jpg,E:\Coding_Notes\Faunari\data\raw\inaturalist\368359918.jpg,2026-05-23
inaturalist,368352911,Lycodon aulicus,,https://static.inaturalist.org/photos/672769438/medium.jpg,E:\Coding_Notes\Faunari\data\raw\inaturalist\368352911.jpg,2026-06-04
inaturalist,368340629,Fowlea piscator,cc-by-nc,https://inaturalist-open-data.s3.amazonaws.com/photos/672746741/medium.jpg,E:\Coding_Notes\Faunari\data\raw\inaturalist\368340629.jpg,2026-06-04
inaturalist,368332581,Boiga trigonata,cc-by-nc-nd,https://inaturalist-open-data.s3.amazonaws.com/photos/672732234/medium.jpg,E:\Coding_Notes\Faunari\data\raw\inaturalist\368332581.jpg,2026-06-03
inaturalist,368331858,Ptyas mucosa,cc-by-nc,https://inaturalist-open-data.s3.amazonaws.com/photos/672731013/medium.jpg,E:\Coding_Notes\Faunari\data\raw\inaturalist\368331858.jpg,2026-06-04
inaturalist,368305527,Oligodon russelius,cc-by-nc,https://inaturalist-open-data.s3.amazonaws.com/photos/672684731/medium.jpg,E:\Coding_Notes\Faunari\data\raw\inaturalist\368305527.jpg,2026-06-04
inaturalist,368288729,Fowlea piscator,,https://static.inaturalist.org/photos/672653910/medium.jpg,E:\Coding_Notes\Faunari\data\raw\inaturalist\368288729.jpg,2026-06-02
inaturalist,368287982,Indotyphlops braminus,,https://static.inaturalist.org/photos/672652668/medium.jpg,E:\Coding_Notes\Faunari\data\raw\inaturalist\368287982.jpg,2026-06-03
inaturalist,368284904,Indotyphlops braminus,cc-by-nc-sa,https://inaturalist-open-data.s3.amazonaws.com/photos/672645867/medium.jpg,E:\Coding_Notes\Faunari\data\raw\inaturalist\368284904.jpg,2026-06-01
inaturalist,368283646,Naja naja,cc-by-nc,https://inaturalist-open-data.s3.amazonaws.com/photos/672643767/medium.jpg,E:\Coding_Notes\Faunari\data\raw\inaturalist\368283646.jpg,2026-06-04
inaturalist,368280126,Echis carinatus,,https://static.inaturalist.org/photos/672637052/medium.jpg,E:\Coding_Notes\Faunari\data\raw\inaturalist\368280126.jpg,2025-08-12
inaturalist,368271783,Amphiesma stolatum,cc-by-nc,https://inaturalist-open-data.s3.amazonaws.com/photos/672621709/medium.jpg,E:\Coding_Notes\Faunari\data\raw\inaturalist\368271783.jpg,2026-06-04
inaturalist,368270660,Ahaetulla oxyrhynca,cc-by-nc,https://inaturalist-open-data.s3.amazonaws.com/photos/672618804/medium.jpg,E:\Coding_Notes\Faunari\data\raw\inaturalist\368270660.jpg,2021-11-18
inaturalist,368267153,Fowlea piscator,cc-by-nc,https://inaturalist-open-data.s3.amazonaws.com/photos/672606546/medium.jpg,E:\Coding_Notes\Faunari\data\raw\inaturalist\368267153.jpg,2026-06-01
inaturalist,368267054,Sibynophis subpunctatus,cc-by-nc,https://inaturalist-open-data.s3.amazonaws.com/photos/672612494/medium.jpg,E:\Coding_Notes\Faunari\data\raw\inaturalist\368267054.jpg,2026-06-04
inaturalist,368249247,Ptyas mucosa,cc-by-nc,https://inaturalist-open-data.s3.amazonaws.com/photos/672576735/medium.jpg,E:\Coding_Notes\Faunari\data\raw\inaturalist\368249247.jpg,2026-06-03
inaturalist,368245214,Craspedocephalus malabaricus,,https://static.inaturalist.org/photos/672569306/medium.jpg,E:\Coding_Notes\Faunari\data\raw\inaturalist\368245214.jpg,2026-05-28
inaturalist,368244461,Amphiesma stolatum,,https://static.inaturalist.org/photos/672567666/medium.jpg,E:\Coding_Notes\Faunari\data\raw\inaturalist\368244461.jpg,2026-06-04
inaturalist,368244010,Ahaetulla malabarica,cc-by-nc,https://inaturalist-open-data.s3.amazonaws.com/photos/672566746/medium.jpg,E:\Coding_Notes\Faunari\data\raw\inaturalist\368244010.jpg,2026-06-03
inaturalist,368243052,Rhabdophis plumbicolor,cc-by-nc,https://inaturalist-open-data.s3.amazonaws.com/photos/672558386/medium.jpg,E:\Coding_Notes\Faunari\data\raw\inaturalist\368243052.jpg,2021-11-29
inaturalist,368234227,Amphiesma stolatum,cc-by-nc,https://inaturalist-open-data.s3.amazonaws.com/photos/672547071/medium.jpg,E:\Coding_Notes\Faunari\data\raw\inaturalist\368234227.jpg,2026-06-04
inaturalist,368203857,Ptyas mucosa,,https://static.inaturalist.org/photos/672487019/medium.jpg,E:\Coding_Notes\Faunari\data\raw\inaturalist\368203857.jpg,2026-05-26
inaturalist,368100873,Indotyphlops braminus,cc-by-nc,https://inaturalist-open-data.s3.amazonaws.com/photos/672284644/medium.jpg,E:\Coding_Notes\Faunari\data\raw\inaturalist\368100873.jpg,2026-06-03
inaturalist,368096708,Hypsiscopus plumbeus,cc-by-nc,https://inaturalist-open-data.s3.amazonaws.com/photos/672275354/medium.jpg,E:\Coding_Notes\Faunari\data\raw\inaturalist\368096708.jpg,2026-06-03
inaturalist,368094202,Ahaetulla malabarica,,https://static.inaturalist.org/photos/672271679/medium.jpg,E:\Coding_Notes\Faunari\data\raw\inaturalist\368094202.jpg,2026-06-03
inaturalist,368092666,Ahaetulla malabarica,cc-by-nc,https://inaturalist-open-data.s3.amazonaws.com/photos/672268427/medium.jpg,E:\Coding_Notes\Faunari\data\raw\inaturalist\368092666.jpg,2026-05-28
inaturalist,368089770,Naja naja,cc-by-nc,https://inaturalist-open-data.s3.amazonaws.com/photos/672263270/medium.jpg,E:\Coding_Notes\Faunari\data\raw\inaturalist\368089770.jpg,2026-06-03
inaturalist,368085722,Naja naja,cc-by-nc,https://inaturalist-open-data.s3.amazonaws.com/photos/672255819/medium.jpg,E:\Coding_Notes\Faunari\data\raw\inaturalist\368085722.jpg,2025-07-16
inaturalist,368071618,Bungarus caeruleus,cc-by-nc,https://inaturalist-open-data.s3.amazonaws.com/photos/672239679/medium.jpg,E:\Coding_Notes\Faunari\data\raw\inaturalist\368071618.jpg,2026-06-03
inaturalist,368057762,Craspedocephalus gramineus,cc-by-nc,https://inaturalist-open-data.s3.amazonaws.com/photos/672206132/medium.jpg,E:\Coding_Notes\Faunari\data\raw\inaturalist\368057762.jpg,2025-12-02
inaturalist,368047969,Grypotyphlops acutus,cc0,https://inaturalist-open-data.s3.amazonaws.com/photos/672188079/medium.jpg,E:\Coding_Notes\Faunari\data\raw\inaturalist\368047969.jpg,2026-06-02
inaturalist,368008854,Fowlea piscator,,https://static.inaturalist.org/photos/672115197/medium.jpg,E:\Coding_Notes\Faunari\data\raw\inaturalist\368008854.jpg,2010-04-03
inaturalist,367988730,Ahaetulla farnsworthi,,https://static.inaturalist.org/photos/672076286/medium.jpg,E:\Coding_Notes\Faunari\data\raw\inaturalist\367988730.jpg,2026-06-03
inaturalist,367960744,Oligodon albocinctus,,https://static.inaturalist.org/photos/672021992/medium.jpg,E:\Coding_Notes\Faunari\data\raw\inaturalist\367960744.jpg,2026-06-03
inaturalist,367953511,Lycodon aulicus,,https://static.inaturalist.org/photos/672007602/medium.jpg,E:\Coding_Notes\Faunari\data\raw\inaturalist\367953511.jpg,2026-06-03
inaturalist,367942499,Lycodon travancoricus,cc-by-nc,https://inaturalist-open-data.s3.amazonaws.com/photos/671986070/medium.jpg,E:\Coding_Notes\Faunari\data\raw\inaturalist\367942499.jpg,2026-06-03
inaturalist,367940023,Ptyas mucosa,cc-by-nc,https://inaturalist-open-data.s3.amazonaws.com/photos/671981127/medium.jpg,E:\Coding_Notes\Faunari\data\raw\inaturalist\367940023.jpg,2026-06-03
inaturalist,367881561,Oligodon albocinctus,,https://static.inaturalist.org/photos/671864394/medium.jpg,E:\Coding_Notes\Faunari\data\raw\inaturalist\367881561.jpg,2026-06-02
inaturalist,367879651,Bungarus niger,,https://static.inaturalist.org/photos/671860712/medium.jpg,E:\Coding_Notes\Faunari\data\raw\inaturalist\367879651.jpg,2026-05-20
inaturalist,367825011,Python molurus,cc-by-nc,https://inaturalist-open-data.s3.amazonaws.com/photos/671755645/medium.jpg,E:\Coding_Notes\Faunari\data\raw\inaturalist\367825011.jpg,2015-06-01
inaturalist,367824999,Amphiesma stolatum,cc-by-nc,https://inaturalist-open-data.s3.amazonaws.com/photos/671751355/medium.jpg,E:\Coding_Notes\Faunari\data\raw\inaturalist\367824999.jpg,2014-07-27
inaturalist,367824994,Boiga beddomei,cc-by-nc,https://inaturalist-open-data.s3.amazonaws.com/photos/671750348/medium.jpg,E:\Coding_Notes\Faunari\data\raw\inaturalist\367824994.jpg,2016-12-26
inaturalist,367824992,Rhabdophis plumbicolor,cc-by-nc,https://inaturalist-open-data.s3.amazonaws.com/photos/671749345/medium.jpg,E:\Coding_Notes\Faunari\data\raw\inaturalist\367824992.jpg,2017-08-13
inaturalist,367824976,Echis carinatus,cc-by-nc,https://inaturalist-open-data.s3.amazonaws.com/photos/671715035/medium.jpg,E:\Coding_Notes\Faunari\data\raw\inaturalist\367824976.jpg,2019-03-10
inaturalist,367765074,Fowlea piscator,cc-by-nc,https://inaturalist-open-data.s3.amazonaws.com/photos/671642222/medium.jpg,E:\Coding_Notes\Faunari\data\raw\inaturalist\367765074.jpg,2025-11-30
inaturalist,367764902,Dendrelaphis tristis,cc-by-nc,https://inaturalist-open-data.s3.amazonaws.com/photos/671641904/medium.jpg,E:\Coding_Notes\Faunari\data\raw\inaturalist\367764902.jpg,2024-07-06
inaturalist,367764474,Oligodon russelius,cc-by-nc,https://inaturalist-open-data.s3.amazonaws.com/photos/671641236/medium.jpg,E:\Coding_Notes\Faunari\data\raw\inaturalist\367764474.jpg,2025-09-02
inaturalist,367755846,Ahaetulla borealis,cc-by-nc,https://inaturalist-open-data.s3.amazonaws.com/photos/671623665/medium.jpg,E:\Coding_Notes\Faunari\data\raw\inaturalist\367755846.jpg,2026-05-31
inaturalist,367755841,Lycodon aulicus,cc-by-nc,https://inaturalist-open-data.s3.amazonaws.com/photos/671623212/medium.jpg,E:\Coding_Notes\Faunari\data\raw\inaturalist\367755841.jpg,2026-05-31
inaturalist,367755831,Craspedocephalus malabaricus,cc-by-nc,https://inaturalist-open-data.s3.amazonaws.com/photos/671622842/medium.jpg,E:\Coding_Notes\Faunari\data\raw\inaturalist\367755831.jpg,2026-05-31
inaturalist,367755827,Craspedocephalus malabaricus,cc-by-nc,https://inaturalist-open-data.s3.amazonaws.com/photos/671622838/medium.jpg,E:\Coding_Notes\Faunari\data\raw\inaturalist\367755827.jpg,2026-05-31
inaturalist,367743342,Boiga multomaculata ochracea,,https://static.inaturalist.org/photos/671602827/medium.jpg,E:\Coding_Notes\Faunari\data\raw\inaturalist\367743342.jpg,2026-05-14
inaturalist,367722823,Naja naja,cc-by-nc,https://inaturalist-open-data.s3.amazonaws.com/photos/671565419/medium.jpg,E:\Coding_Notes\Faunari\data\raw\inaturalist\367722823.jpg,2026-06-02
inaturalist,367722138,Gloydius himalayanus,cc-by-nc,https://inaturalist-open-data.s3.amazonaws.com/photos/671564325/medium.jpg,E:\Coding_Notes\Faunari\data\raw\inaturalist\367722138.jpg,2025-06-20
inaturalist,367715439,Fowlea piscator,cc-by-nc-nd,https://inaturalist-open-data.s3.amazonaws.com/photos/671551438/medium.jpg,E:\Coding_Notes\Faunari\data\raw\inaturalist\367715439.jpg,2026-05-15
inaturalist,367709166,Amphiesma stolatum,cc-by-nc,https://inaturalist-open-data.s3.amazonaws.com/photos/671532142/medium.jpg,E:\Coding_Notes\Faunari\data\raw\inaturalist\367709166.jpg,2021-11-16
inaturalist,367709161,Daboia russelii,cc-by-nc,https://inaturalist-open-data.s3.amazonaws.com/photos/671532106/medium.jpg,E:\Coding_Notes\Faunari\data\raw\inaturalist\367709161.jpg,2021-11-21
inaturalist,367709141,Ptyas mucosa,cc-by-nc,https://inaturalist-open-data.s3.amazonaws.com/photos/671532005/medium.jpg,E:\Coding_Notes\Faunari\data\raw\inaturalist\367709141.jpg,2021-11-18
inaturalist,367709139,Fowlea piscator,cc-by-nc,https://inaturalist-open-data.s3.amazonaws.com/photos/671531994/medium.jpg,E:\Coding_Notes\Faunari\data\raw\inaturalist\367709139.jpg,2021-11-18
inaturalist,367709126,Eryx conicus,cc-by-nc,https://inaturalist-open-data.s3.amazonaws.com/photos/671531965/medium.jpg,E:\Coding_Notes\Faunari\data\raw\inaturalist\367709126.jpg,2021-11-18
inaturalist,367709123,Amphiesma stolatum,cc-by-nc,https://inaturalist-open-data.s3.amazonaws.com/photos/671531926/medium.jpg,E:\Coding_Notes\Faunari\data\raw\inaturalist\367709123.jpg,2021-11-18
inaturalist,367709121,Eryx johnii,cc-by-nc,https://inaturalist-open-data.s3.amazonaws.com/photos/671531929/medium.jpg,E:\Coding_Notes\Faunari\data\raw\inaturalist\367709121.jpg,2021-11-16
inaturalist,367709117,Echis carinatus,cc-by-nc,https://inaturalist-open-data.s3.amazonaws.com/photos/671531925/medium.jpg,E:\Coding_Notes\Faunari\data\raw\inaturalist\367709117.jpg,2021-11-16
inaturalist,367667120,Oligodon taeniolatus,cc-by-nc,https://inaturalist-open-data.s3.amazonaws.com/photos/671466601/medium.jpg,E:\Coding_Notes\Faunari\data\raw\inaturalist\367667120.jpg,2026-06-02
inaturalist,367646192,Fowlea piscator,cc-by-nc,https://inaturalist-open-data.s3.amazonaws.com/photos/671467940/medium.jpg,E:\Coding_Notes\Faunari\data\raw\inaturalist\367646192.jpg,2026-06-01
inaturalist,367643255,Rhabdophis plumbicolor,cc-by-nc,https://inaturalist-open-data.s3.amazonaws.com/photos/671420280/medium.jpg,E:\Coding_Notes\Faunari\data\raw\inaturalist\367643255.jpg,2025-02-19
inaturalist,367611885,Oligodon taeniolatus,cc-by-nc,https://inaturalist-open-data.s3.amazonaws.com/photos/671355508/medium.jpg,E:\Coding_Notes\Faunari\data\raw\inaturalist\367611885.jpg,2026-06-02
inaturalist,367608737,Indotyphlops braminus,cc-by-nc,https://inaturalist-open-data.s3.amazonaws.com/photos/671349140/medium.jpg,E:\Coding_Notes\Faunari\data\raw\inaturalist\367608737.jpg,2026-06-02
inaturalist,367594227,Trimeresurus erythrurus,cc-by,https://inaturalist-open-data.s3.amazonaws.com/photos/671320262/medium.jpg,E:\Coding_Notes\Faunari\data\raw\inaturalist\367594227.jpg,2026-06-01
inaturalist,367591933,Lycodon aulicus,cc-by-nc,https://inaturalist-open-data.s3.amazonaws.com/photos/671314110/medium.jpg,E:\Coding_Notes\Faunari\data\raw\inaturalist\367591933.jpg,2026-06-02
inaturalist,367579046,Bungarus caeruleus,cc-by-nc,https://inaturalist-open-data.s3.amazonaws.com/photos/671352214/medium.jpg,E:\Coding_Notes\Faunari\data\raw\inaturalist\367579046.jpg,2026-05-31
inaturalist,367524884,Ahaetulla farnsworthi,,https://static.inaturalist.org/photos/670870751/medium.jpg,E:\Coding_Notes\Faunari\data\raw\inaturalist\367524884.jpg,2015-07-31
inaturalist,367491975,Ahaetulla farnsworthi,cc-by,https://inaturalist-open-data.s3.amazonaws.com/photos/671120059/medium.jpg,E:\Coding_Notes\Faunari\data\raw\inaturalist\367491975.jpg,2023-07-01
inaturalist,367491827,Craspedocephalus malabaricus,cc-by,https://inaturalist-open-data.s3.amazonaws.com/photos/671119691/medium.jpg,E:\Coding_Notes\Faunari\data\raw\inaturalist\367491827.jpg,2023-07-01
inaturalist,367480525,Sibynophis subpunctatus,,https://static.inaturalist.org/photos/671098434/medium.jpg,E:\Coding_Notes\Faunari\data\raw\inaturalist\367480525.jpg,2026-05-24
inaturalist,367474885,Fowlea piscator,cc-by,https://inaturalist-open-data.s3.amazonaws.com/photos/671087761/medium.jpg,E:\Coding_Notes\Faunari\data\raw\inaturalist\367474885.jpg,2026-06-01
inaturalist,367465828,Amphiesma stolatum,,https://static.inaturalist.org/photos/671070429/medium.jpg,E:\Coding_Notes\Faunari\data\raw\inaturalist\367465828.jpg,2026-05-28
inaturalist,367465059,Ptyas mucosa,cc-by-nc,https://inaturalist-open-data.s3.amazonaws.com/photos/673362130/medium.jpg,E:\Coding_Notes\Faunari\data\raw\inaturalist\367465059.jpg,2026-05-31
inaturalist,367464800,Coelognathus helena,cc-by-nc,https://inaturalist-open-data.s3.amazonaws.com/photos/671068574/medium.jpg,E:\Coding_Notes\Faunari\data\raw\inaturalist\367464800.jpg,2026-05-23
inaturalist,367464672,Fowlea piscator,cc-by-nc,https://inaturalist-open-data.s3.amazonaws.com/photos/671067834/medium.jpg,E:\Coding_Notes\Faunari\data\raw\inaturalist\367464672.jpg,2026-05-23
inaturalist,367464608,Hypnale hypnale,,https://static.inaturalist.org/photos/671067627/medium.jpg,E:\Coding_Notes\Faunari\data\raw\inaturalist\367464608.jpg,2026-05-21
inaturalist,367441875,Naja naja,cc-by,https://inaturalist-open-data.s3.amazonaws.com/photos/671025711/medium.jpg,E:\Coding_Notes\Faunari\data\raw\inaturalist\367441875.jpg,2026-06-01
inaturalist,367430848,Lycodon striatus,cc-by-nc,https://inaturalist-open-data.s3.amazonaws.com/photos/671005277/medium.jpg,E:\Coding_Notes\Faunari\data\raw\inaturalist\367430848.jpg,2026-06-01
inaturalist,367404016,Lycodon fasciolatus,cc-by-nc,https://inaturalist-open-data.s3.amazonaws.com/photos/670956470/medium.jpg,E:\Coding_Notes\Faunari\data\raw\inaturalist\367404016.jpg,2026-06-01
inaturalist,367390663,Indotyphlops braminus,cc-by-nc,https://inaturalist-open-data.s3.amazonaws.com/photos/670930893/medium.jpg,E:\Coding_Notes\Faunari\data\raw\inaturalist\367390663.jpg,2026-06-01
inaturalist,367388565,Craspedocephalus anamallensis,cc-by,https://inaturalist-open-data.s3.amazonaws.com/photos/670926342/medium.jpg,E:\Coding_Notes\Faunari\data\raw\inaturalist\367388565.jpg,2026-05-30
inaturalist,367381100,Python molurus,,https://static.inaturalist.org/photos/670907998/medium.jpg,E:\Coding_Notes\Faunari\data\raw\inaturalist\367381100.jpg,2026-05-25
inaturalist,367374524,Trimeresurus uetzi,cc-by,https://inaturalist-open-data.s3.amazonaws.com/photos/670900437/medium.jpg,E:\Coding_Notes\Faunari\data\raw\inaturalist\367374524.jpg,2026-05-30
inaturalist,367368593,Ptyas mucosa,cc-by-nc,https://inaturalist-open-data.s3.amazonaws.com/photos/670885723/medium.jpg,E:\Coding_Notes\Faunari\data\raw\inaturalist\367368593.jpg,2025-12-22
inaturalist,367368562,Lycodon aulicus,cc-by-nc,https://inaturalist-open-data.s3.amazonaws.com/photos/670885061/medium.jpg,E:\Coding_Notes\Faunari\data\raw\inaturalist\367368562.jpg,2026-03-07
inaturalist,367368544,Fowlea piscator,cc-by-nc,https://inaturalist-open-data.s3.amazonaws.com/photos/670884860/medium.jpg,E:\Coding_Notes\Faunari\data\raw\inaturalist\367368544.jpg,2025-10-13
inaturalist,367362157,Boiga nuchalis,,https://static.inaturalist.org/photos/670876822/medium.jpg,E:\Coding_Notes\Faunari\data\raw\inaturalist\367362157.jpg,2026-05-31
inaturalist,367359007,Ptyas mucosa,cc-by-sa,https://inaturalist-open-data.s3.amazonaws.com/photos/670870592/medium.jpg,E:\Coding_Notes\Faunari\data\raw\inaturalist\367359007.jpg,2026-04-22
inaturalist,367355655,Naja naja,,https://static.inaturalist.org/photos/670864737/medium.jpg,E:\Coding_Notes\Faunari\data\raw\inaturalist\367355655.jpg,2026-06-01
inaturalist,367343465,Naja naja,cc-by-nc,https://inaturalist-open-data.s3.amazonaws.com/photos/670841000/medium.jpg,E:\Coding_Notes\Faunari\data\raw\inaturalist\367343465.jpg,2026-06-01
inaturalist,367315315,Herpetoreas xenura,cc-by,https://inaturalist-open-data.s3.amazonaws.com/photos/670784949/medium.jpg,E:\Coding_Notes\Faunari\data\raw\inaturalist\367315315.jpg,2026-05-30
inaturalist,367296286,Fowlea piscator,cc-by-nc,https://inaturalist-open-data.s3.amazonaws.com/photos/670746640/medium.jpg,E:\Coding_Notes\Faunari\data\raw\inaturalist\367296286.jpg,2026-06-01
inaturalist,367156910,Lycodon travancoricus,cc-by-nc,https://inaturalist-open-data.s3.amazonaws.com/photos/670476150/medium.jpg,E:\Coding_Notes\Faunari\data\raw\inaturalist\367156910.jpg,2016-07-13
inaturalist,367156292,Coelognathus helena monticollaris,cc-by-nc,https://inaturalist-open-data.s3.amazonaws.com/photos/670475009/medium.jpg,E:\Coding_Notes\Faunari\data\raw\inaturalist\367156292.jpg,2015-07-15
inaturalist,367153582,Craspedocephalus malabaricus,cc-by-nc,https://inaturalist-open-data.s3.amazonaws.com/photos/670470161/medium.jpg,E:\Coding_Notes\Faunari\data\raw\inaturalist\367153582.jpg,2026-05-05
inaturalist,367121444,Amphiesma stolatum,cc-by-nc,https://inaturalist-open-data.s3.amazonaws.com/photos/670409694/medium.jpg,E:\Coding_Notes\Faunari\data\raw\inaturalist\367121444.jpg,2026-05-31
inaturalist,367121365,Naja naja,cc-by-nc,https://inaturalist-open-data.s3.amazonaws.com/photos/670409506/medium.jpg,E:\Coding_Notes\Faunari\data\raw\inaturalist\367121365.jpg,2026-05-31
inaturalist,367121111,Lycodon aulicus,cc-by-nc,https://inaturalist-open-data.s3.amazonaws.com/photos/670409134/medium.jpg,E:\Coding_Notes\Faunari\data\raw\inaturalist\367121111.jpg,2026-05-31
inaturalist,367109347,Dendrelaphis tristis,cc-by-nc,https://inaturalist-open-data.s3.amazonaws.com/photos/670386294/medium.jpg,E:\Coding_Notes\Faunari\data\raw\inaturalist\367109347.jpg,2019-12-07
inaturalist,367056831,Eryx conicus,,https://static.inaturalist.org/photos/670287118/medium.jpg,E:\Coding_Notes\Faunari\data\raw\inaturalist\367056831.jpg,2026-05-27
inaturalist,367056825,Eryx johnii,,https://static.inaturalist.org/photos/670287055/medium.jpg,E:\Coding_Notes\Faunari\data\raw\inaturalist\367056825.jpg,2026-05-25
inaturalist,367056823,Rhabdophis plumbicolor,,https://static.inaturalist.org/photos/670286975/medium.jpg,E:\Coding_Notes\Faunari\data\raw\inaturalist\367056823.jpg,2026-05-24
inaturalist,367056815,Bungarus caeruleus,,https://static.inaturalist.org/photos/670286910/medium.jpg,E:\Coding_Notes\Faunari\data\raw\inaturalist\367056815.jpg,2026-05-24
inaturalist,367056813,Coelognathus helena,,https://static.inaturalist.org/photos/670286854/medium.jpg,E:\Coding_Notes\Faunari\data\raw\inaturalist\367056813.jpg,2026-05-24
inaturalist,367056805,Boiga flaviviridis,,https://static.inaturalist.org/photos/670286785/medium.jpg,E:\Coding_Notes\Faunari\data\raw\inaturalist\367056805.jpg,2026-05-24
inaturalist,367056802,Rhabdophis plumbicolor,,https://static.inaturalist.org/photos/670286725/medium.jpg,E:\Coding_Notes\Faunari\data\raw\inaturalist\367056802.jpg,2026-05-23
inaturalist,367056793,Echis carinatus,,https://static.inaturalist.org/photos/670286637/medium.jpg,E:\Coding_Notes\Faunari\data\raw\inaturalist\367056793.jpg,2026-05-23
inaturalist,367056791,Craspedocephalus gramineus,,https://static.inaturalist.org/photos/670286636/medium.jpg,E:\Coding_Notes\Faunari\data\raw\inaturalist\367056791.jpg,2026-05-23
inaturalist,367056785,Lycodon gracilis,,https://static.inaturalist.org/photos/670286587/medium.jpg,E:\Coding_Notes\Faunari\data\raw\inaturalist\367056785.jpg,2026-05-23
inaturalist,367040454,Fowlea piscator,cc-by-nc,https://inaturalist-open-data.s3.amazonaws.com/photos/670259679/medium.jpg,E:\Coding_Notes\Faunari\data\raw\inaturalist\367040454.jpg,2026-05-30
inaturalist,367031325,Ptyas mucosa,cc-by-nc,https://inaturalist-open-data.s3.amazonaws.com/photos/670242425/medium.jpg,E:\Coding_Notes\Faunari\data\raw\inaturalist\367031325.jpg,2026-05-31
inaturalist,367019988,Amphiesma stolatum,cc-by-nc,https://inaturalist-open-data.s3.amazonaws.com/photos/670221457/medium.jpg,E:\Coding_Notes\Faunari\data\raw\inaturalist\367019988.jpg,2026-05-31
inaturalist,367010235,Python molurus,cc-by-nc,https://inaturalist-open-data.s3.amazonaws.com/photos/670202015/medium.jpg,E:\Coding_Notes\Faunari\data\raw\inaturalist\367010235.jpg,1994-04-26
inaturalist,366997165,Trimeresurus popeiorum,cc-by-nc,https://inaturalist-open-data.s3.amazonaws.com/photos/670179774/medium.jpg,E:\Coding_Notes\Faunari\data\raw\inaturalist\366997165.jpg,2025-10-31
inaturalist,366996082,Ptyas mucosa,,https://static.inaturalist.org/photos/670177936/medium.jpg,E:\Coding_Notes\Faunari\data\raw\inaturalist\366996082.jpg,2026-05-31
inaturalist,366976546,Naja naja,cc-by-nc,https://inaturalist-open-data.s3.amazonaws.com/photos/670141729/medium.jpg,E:\Coding_Notes\Faunari\data\raw\inaturalist\366976546.jpg,2026-05-31
inaturalist,366969956,Coelognathus helena helena,cc-by-nc,https://inaturalist-open-data.s3.amazonaws.com/photos/670129168/medium.jpg,E:\Coding_Notes\Faunari\data\raw\inaturalist\366969956.jpg,2026-05-30
inaturalist,366961701,Boiga trigonata,cc-by-nc,https://inaturalist-open-data.s3.amazonaws.com/photos/670113058/medium.jpg,E:\Coding_Notes\Faunari\data\raw\inaturalist\366961701.jpg,2026-05-27
inaturalist,366948714,Lycodon striatus,cc-by-nc,https://inaturalist-open-data.s3.amazonaws.com/photos/670087543/medium.jpg,E:\Coding_Notes\Faunari\data\raw\inaturalist\366948714.jpg,2026-03-22
inaturalist,366925255,Fowlea piscator,cc-by-nc,https://inaturalist-open-data.s3.amazonaws.com/photos/670037221/medium.jpg,E:\Coding_Notes\Faunari\data\raw\inaturalist\366925255.jpg,2026-05-31
inaturalist,366922594,Sahyadriophis uttaraghati,cc-by-nc,https://inaturalist-open-data.s3.amazonaws.com/photos/670031539/medium.jpg,E:\Coding_Notes\Faunari\data\raw\inaturalist\366922594.jpg,2026-05-30
inaturalist,366887971,Bungarus caeruleus,cc-by-nc,https://inaturalist-open-data.s3.amazonaws.com/photos/669958394/medium.jpg,E:\Coding_Notes\Faunari\data\raw\inaturalist\366887971.jpg,2026-05-31
inaturalist,366887387,Fowlea piscator,cc-by-nc,https://inaturalist-open-data.s3.amazonaws.com/photos/669957039/medium.jpg,E:\Coding_Notes\Faunari\data\raw\inaturalist\366887387.jpg,2026-05-31
inaturalist,366887265,Eryx whitakeri,cc-by-nc,https://inaturalist-open-data.s3.amazonaws.com/photos/669957024/medium.jpg,E:\Coding_Notes\Faunari\data\raw\inaturalist\366887265.jpg,2026-05-30
inaturalist,366876308,Amphiesma monticola,,https://static.inaturalist.org/photos/669934555/medium.jpg,E:\Coding_Notes\Faunari\data\raw\inaturalist\366876308.jpg,2019-07-17
inaturalist,366858342,Naja naja,,https://static.inaturalist.org/photos/669900554/medium.jpg,E:\Coding_Notes\Faunari\data\raw\inaturalist\366858342.jpg,2017-10-02
inaturalist,366853045,Grypotyphlops acutus,,https://static.inaturalist.org/photos/669889717/medium.jpg,E:\Coding_Notes\Faunari\data\raw\inaturalist\366853045.jpg,2016-06-24
inaturalist,366757829,Rhabdophis plumbicolor,cc-by,https://inaturalist-open-data.s3.amazonaws.com/photos/669709968/medium.jpg,E:\Coding_Notes\Faunari\data\raw\inaturalist\366757829.jpg,2025-04-25
inaturalist,366756522,Boiga forsteni,cc-by,https://inaturalist-open-data.s3.amazonaws.com/photos/669707459/medium.jpg,E:\Coding_Notes\Faunari\data\raw\inaturalist\366756522.jpg,2025-07-02
inaturalist,366755750,Dendrelaphis tristis,cc-by,https://inaturalist-open-data.s3.amazonaws.com/photos/669707359/medium.jpg,E:\Coding_Notes\Faunari\data\raw\inaturalist\366755750.jpg,2025-07-02
inaturalist,366754061,Oligodon arnensis,cc-by-nc,https://inaturalist-open-data.s3.amazonaws.com/photos/669702553/medium.jpg,E:\Coding_Notes\Faunari\data\raw\inaturalist\366754061.jpg,2026-05-30
inaturalist,366735666,Bungarus caeruleus,cc-by-nc,https://inaturalist-open-data.s3.amazonaws.com/photos/669666998/medium.jpg,E:\Coding_Notes\Faunari\data\raw\inaturalist\366735666.jpg,2026-05-30
inaturalist,366723416,Fowlea piscator,,https://static.inaturalist.org/photos/669642531/medium.jpg,E:\Coding_Notes\Faunari\data\raw\inaturalist\366723416.jpg,2026-05-02
inaturalist,366722521,Boiga multifasciata,cc-by-nc,https://inaturalist-open-data.s3.amazonaws.com/photos/669645386/medium.jpg,E:\Coding_Notes\Faunari\data\raw\inaturalist\366722521.jpg,2026-05-30
inaturalist,366720203,Psammodynastes pulverulentus,cc-by-nc,https://inaturalist-open-data.s3.amazonaws.com/photos/669637361/medium.jpg,E:\Coding_Notes\Faunari\data\raw\inaturalist\366720203.jpg,2024-08-06
inaturalist,366690347,Lycodon aulicus,cc-by-nc,https://inaturalist-open-data.s3.amazonaws.com/photos/669583240/medium.jpg,E:\Coding_Notes\Faunari\data\raw\inaturalist\366690347.jpg,2017-01-16
inaturalist,366679479,Lycodon jara,cc-by-nc,https://inaturalist-open-data.s3.amazonaws.com/photos/669562782/medium.jpg,E:\Coding_Notes\Faunari\data\raw\inaturalist\366679479.jpg,2026-05-30
inaturalist,366670204,Craspedocephalus malabaricus,,https://static.inaturalist.org/photos/669546421/medium.jpg,E:\Coding_Notes\Faunari\data\raw\inaturalist\366670204.jpg,2026-05-25
inaturalist,366661661,Indotyphlops braminus,cc-by-nc-nd,https://inaturalist-open-data.s3.amazonaws.com/photos/669531814/medium.jpg,E:\Coding_Notes\Faunari\data\raw\inaturalist\366661661.jpg,2026-05-15
inaturalist,366661572,Uropeltis bicatenata,,https://static.inaturalist.org/photos/671439284/medium.jpg,E:\Coding_Notes\Faunari\data\raw\inaturalist\366661572.jpg,2026-05-30
inaturalist,366655162,Fowlea piscator,cc-by,https://inaturalist-open-data.s3.amazonaws.com/photos/669519363/medium.jpg,E:\Coding_Notes\Faunari\data\raw\inaturalist\366655162.jpg,2026-01-25
inaturalist,366651127,Bungarus caeruleus,cc-by-nc,https://inaturalist-open-data.s3.amazonaws.com/photos/669512260/medium.jpg,E:\Coding_Notes\Faunari\data\raw\inaturalist\366651127.jpg,2026-05-29
inaturalist,366639685,Ptyas nigromarginata,cc-by-nc,https://inaturalist-open-data.s3.amazonaws.com/photos/669427429/medium.jpg,E:\Coding_Notes\Faunari\data\raw\inaturalist\366639685.jpg,2026-05-26
inaturalist,366628623,Fowlea piscator,cc-by-nc,https://inaturalist-open-data.s3.amazonaws.com/photos/669470805/medium.jpg,E:\Coding_Notes\Faunari\data\raw\inaturalist\366628623.jpg,2025-07-01
inaturalist,366622999,Ptyas mucosa,cc-by-nc,https://inaturalist-open-data.s3.amazonaws.com/photos/669460258/medium.jpg,E:\Coding_Notes\Faunari\data\raw\inaturalist\366622999.jpg,2018-06-02
inaturalist,366611375,Fowlea piscator,cc-by,https://inaturalist-open-data.s3.amazonaws.com/photos/669439166/medium.jpg,E:\Coding_Notes\Faunari\data\raw\inaturalist\366611375.jpg,2026-05-30
inaturalist,366594922,Dendrelaphis tristis,,https://static.inaturalist.org/photos/669394200/medium.jpg,E:\Coding_Notes\Faunari\data\raw\inaturalist\366594922.jpg,2026-05-15
inaturalist,366585632,Rhabdophis leonardi,,https://static.inaturalist.org/photos/669392586/medium.jpg,E:\Coding_Notes\Faunari\data\raw\inaturalist\366585632.jpg,2026-05-29
inaturalist,366577195,Naja naja,cc-by-nc,https://inaturalist-open-data.s3.amazonaws.com/photos/669375530/medium.jpg,E:\Coding_Notes\Faunari\data\raw\inaturalist\366577195.jpg,2020-03-10
inaturalist,366568733,Daboia russelii,cc-by-nc,https://inaturalist-open-data.s3.amazonaws.com/photos/669360135/medium.jpg,E:\Coding_Notes\Faunari\data\raw\inaturalist\366568733.jpg,2026-05-27
inaturalist,366403990,Pseudoxenodon macrops,cc-by-nc,https://inaturalist-open-data.s3.amazonaws.com/photos/669041356/medium.jpg,E:\Coding_Notes\Faunari\data\raw\inaturalist\366403990.jpg,2014-11-05
inaturalist,366392997,Sahyadriophis beddomei,,https://static.inaturalist.org/photos/669021356/medium.jpg,E:\Coding_Notes\Faunari\data\raw\inaturalist\366392997.jpg,2026-05-29
inaturalist,366392444,Lycodon aulicus,cc-by-nc,https://inaturalist-open-data.s3.amazonaws.com/photos/669014375/medium.jpg,E:\Coding_Notes\Faunari\data\raw\inaturalist\366392444.jpg,2012-10-30
inaturalist,366374338,Ptyas mucosa,,https://static.inaturalist.org/photos/668986264/medium.jpg,E:\Coding_Notes\Faunari\data\raw\inaturalist\366374338.jpg,2026-05-29
inaturalist,366368061,Indotyphlops braminus,,https://static.inaturalist.org/photos/668974791/medium.jpg,E:\Coding_Notes\Faunari\data\raw\inaturalist\366368061.jpg,2026-05-29
inaturalist,366367759,Lycodon striatus,cc-by-nc,https://inaturalist-open-data.s3.amazonaws.com/photos/668974414/medium.jpg,E:\Coding_Notes\Faunari\data\raw\inaturalist\366367759.jpg,2026-05-29
inaturalist,366357209,Boiga cyanea,cc-by-nc,https://inaturalist-open-data.s3.amazonaws.com/photos/668953318/medium.jpg,E:\Coding_Notes\Faunari\data\raw\inaturalist\366357209.jpg,2026-05-28
inaturalist,366321474,Lycodon aulicus,cc-by-nc,https://inaturalist-open-data.s3.amazonaws.com/photos/668891186/medium.jpg,E:\Coding_Notes\Faunari\data\raw\inaturalist\366321474.jpg,2016-05-29
inaturalist,366321415,Ptyas mucosa,cc-by-nc,https://inaturalist-open-data.s3.amazonaws.com/photos/668890638/medium.jpg,E:\Coding_Notes\Faunari\data\raw\inaturalist\366321415.jpg,2026-05-19
inaturalist,366316583,Fowlea piscator,cc-by-sa,https://inaturalist-open-data.s3.amazonaws.com/photos/668896594/medium.jpg,E:\Coding_Notes\Faunari\data\raw\inaturalist\366316583.jpg,2026-05-29
inaturalist,366303817,Boiga forsteni,,https://static.inaturalist.org/photos/668857413/medium.jpg,E:\Coding_Notes\Faunari\data\raw\inaturalist\366303817.jpg,2026-05-29
inaturalist,366299445,Ptyas mucosa,,https://static.inaturalist.org/photos/668849949/medium.jpg,E:\Coding_Notes\Faunari\data\raw\inaturalist\366299445.jpg,2026-05-29
inaturalist,366298239,Fowlea piscator,cc-by-nc,https://inaturalist-open-data.s3.amazonaws.com/photos/668847733/medium.jpg,E:\Coding_Notes\Faunari\data\raw\inaturalist\366298239.jpg,2026-05-24
inaturalist,366284602,Hypnale hypnale,,https://static.inaturalist.org/photos/668820567/medium.jpg,E:\Coding_Notes\Faunari\data\raw\inaturalist\366284602.jpg,2019-06-17
inaturalist,366283981,Chrysopelea ornata,,https://static.inaturalist.org/photos/668818984/medium.jpg,E:\Coding_Notes\Faunari\data\raw\inaturalist\366283981.jpg,2019-07-22
inaturalist,366267577,Coelognathus helena monticollaris,,https://static.inaturalist.org/photos/668783705/medium.jpg,E:\Coding_Notes\Faunari\data\raw\inaturalist\366267577.jpg,2026-03-19
inaturalist,366263303,Naja naja,cc-by-nc,https://inaturalist-open-data.s3.amazonaws.com/photos/668779466/medium.jpg,E:\Coding_Notes\Faunari\data\raw\inaturalist\366263303.jpg,2026-05-29
inaturalist,366211869,Python molurus,cc-by-nc,https://inaturalist-open-data.s3.amazonaws.com/photos/668676677/medium.jpg,E:\Coding_Notes\Faunari\data\raw\inaturalist\366211869.jpg,2026-05-28
inaturalist,366144849,Plectrurus perroteti,cc-by-nc,https://inaturalist-open-data.s3.amazonaws.com/photos/668546438/medium.jpg,E:\Coding_Notes\Faunari\data\raw\inaturalist\366144849.jpg,2010-12-31
inaturalist,366144848,Plectrurus perroteti,cc-by-nc,https://inaturalist-open-data.s3.amazonaws.com/photos/668546414/medium.jpg,E:\Coding_Notes\Faunari\data\raw\inaturalist\366144848.jpg,2010-12-30
inaturalist,366126595,Ptyas mucosa,cc-by-nc,https://inaturalist-open-data.s3.amazonaws.com/photos/668512391/medium.jpg,E:\Coding_Notes\Faunari\data\raw\inaturalist\366126595.jpg,2026-01-13
inaturalist,366113772,Naja naja,cc-by-nc,https://inaturalist-open-data.s3.amazonaws.com/photos/668488792/medium.jpg,E:\Coding_Notes\Faunari\data\raw\inaturalist\366113772.jpg,2026-05-29
inaturalist,366078406,Amphiesma stolatum,,https://static.inaturalist.org/photos/668423631/medium.jpg,E:\Coding_Notes\Faunari\data\raw\inaturalist\366078406.jpg,2026-05-23
inaturalist,366063394,Amphiesma stolatum,cc-by-nc,https://inaturalist-open-data.s3.amazonaws.com/photos/668394981/medium.jpg,E:\Coding_Notes\Faunari\data\raw\inaturalist\366063394.jpg,2026-05-28
inaturalist,366058541,Ptyas mucosa,cc-by-nc,https://inaturalist-open-data.s3.amazonaws.com/photos/668323899/medium.jpg,E:\Coding_Notes\Faunari\data\raw\inaturalist\366058541.jpg,2020-09-03
inaturalist,366058487,Oligodon taeniolatus,cc-by-nc,https://inaturalist-open-data.s3.amazonaws.com/photos/668315609/medium.jpg,E:\Coding_Notes\Faunari\data\raw\inaturalist\366058487.jpg,2021-02-24
inaturalist,366058481,Daboia russelii,cc-by-nc,https://inaturalist-open-data.s3.amazonaws.com/photos/668314423/medium.jpg,E:\Coding_Notes\Faunari\data\raw\inaturalist\366058481.jpg,2017-10-20
inaturalist,366058310,Sahyadriophis beddomei,cc-by-nc,https://inaturalist-open-data.s3.amazonaws.com/photos/668302146/medium.jpg,E:\Coding_Notes\Faunari\data\raw\inaturalist\366058310.jpg,2019-12-01
inaturalist,366058306,Indotyphlops braminus,cc-by-nc,https://inaturalist-open-data.s3.amazonaws.com/photos/668301669/medium.jpg,E:\Coding_Notes\Faunari\data\raw\inaturalist\366058306.jpg,2019-11-24
inaturalist,366058280,Craspedocephalus malabaricus,cc-by-nc,https://inaturalist-open-data.s3.amazonaws.com/photos/668298705/medium.jpg,E:\Coding_Notes\Faunari\data\raw\inaturalist\366058280.jpg,2019-09-24
inaturalist,366058275,Lycodon travancoricus,cc-by-nc,https://inaturalist-open-data.s3.amazonaws.com/photos/668296606/medium.jpg,E:\Coding_Notes\Faunari\data\raw\inaturalist\366058275.jpg,2020-02-05
inaturalist,366058268,Rhinophis melanoleucus,cc-by-nc,https://inaturalist-open-data.s3.amazonaws.com/photos/668295995/medium.jpg,E:\Coding_Notes\Faunari\data\raw\inaturalist\366058268.jpg,2020-02-21
inaturalist,366058242,Ptyas mucosa,cc-by-nc,https://inaturalist-open-data.s3.amazonaws.com/photos/668293697/medium.jpg,E:\Coding_Notes\Faunari\data\raw\inaturalist\366058242.jpg,2019-12-19
inaturalist,366032854,Fowlea piscator,cc-by-nc,https://inaturalist-open-data.s3.amazonaws.com/photos/668338106/medium.jpg,E:\Coding_Notes\Faunari\data\raw\inaturalist\366032854.jpg,2026-05-28
inaturalist,366009118,Amphiesma stolatum,cc-by-nc,https://inaturalist-open-data.s3.amazonaws.com/photos/668295150/medium.jpg,E:\Coding_Notes\Faunari\data\raw\inaturalist\366009118.jpg,2026-05-28
inaturalist,366005667,Boiga trigonata,cc-by-nc,https://inaturalist-open-data.s3.amazonaws.com/photos/668287325/medium.jpg,E:\Coding_Notes\Faunari\data\raw\inaturalist\366005667.jpg,2024-11-12
inaturalist,365994633,Hypnale hypnale,cc-by,https://inaturalist-open-data.s3.amazonaws.com/photos/668266710/medium.jpg,E:\Coding_Notes\Faunari\data\raw\inaturalist\365994633.jpg,2026-05-13
inaturalist,365993906,Coelognathus helena,,https://static.inaturalist.org/photos/668265498/medium.jpg,E:\Coding_Notes\Faunari\data\raw\inaturalist\365993906.jpg,2026-05-27
inaturalist,365993770,Naja naja,,https://static.inaturalist.org/photos/668265240/medium.jpg,E:\Coding_Notes\Faunari\data\raw\inaturalist\365993770.jpg,2026-05-27
inaturalist,365993708,Rhabdophis plumbicolor,,https://static.inaturalist.org/photos/668265138/medium.jpg,E:\Coding_Notes\Faunari\data\raw\inaturalist\365993708.jpg,2026-05-28
inaturalist,365967390,Sahyadriophis beddomei,,https://static.inaturalist.org/photos/668215889/medium.jpg,E:\Coding_Notes\Faunari\data\raw\inaturalist\365967390.jpg,2026-05-28
inaturalist,365962461,Oligodon taeniolatus,cc-by-nc,https://inaturalist-open-data.s3.amazonaws.com/photos/668206848/medium.jpg,E:\Coding_Notes\Faunari\data\raw\inaturalist\365962461.jpg,2026-05-28
inaturalist,365960471,Dendrelaphis tristis,,https://static.inaturalist.org/photos/668190151/medium.jpg,E:\Coding_Notes\Faunari\data\raw\inaturalist\365960471.jpg,2025-11-02
inaturalist,365960443,Ahaetulla oxyrhynca,,https://static.inaturalist.org/photos/668203165/medium.jpg,E:\Coding_Notes\Faunari\data\raw\inaturalist\365960443.jpg,2026-05-24
inaturalist,365956330,Coelognathus helena monticollaris,cc0,https://inaturalist-open-data.s3.amazonaws.com/photos/668195120/medium.jpg,E:\Coding_Notes\Faunari\data\raw\inaturalist\365956330.jpg,2026-05-27
inaturalist,365945420,Amphiesma stolatum,,https://static.inaturalist.org/photos/668172465/medium.jpg,E:\Coding_Notes\Faunari\data\raw\inaturalist\365945420.jpg,2026-05-28
inaturalist,365939638,Dendrelaphis chairecacos,cc-by-nc,https://inaturalist-open-data.s3.amazonaws.com/photos/668161801/medium.jpg,E:\Coding_Notes\Faunari\data\raw\inaturalist\365939638.jpg,2026-05-27
inaturalist,365939170,Fowlea piscator,cc-by-nc,https://inaturalist-open-data.s3.amazonaws.com/photos/668160831/medium.jpg,E:\Coding_Notes\Faunari\data\raw\inaturalist\365939170.jpg,2023-09-21
inaturalist,365937845,Fowlea piscator,cc-by-nc,https://inaturalist-open-data.s3.amazonaws.com/photos/668158173/medium.jpg,E:\Coding_Notes\Faunari\data\raw\inaturalist\365937845.jpg,2022-01-22
inaturalist,365928550,Lycodon aulicus,cc-by-nc,https://inaturalist-open-data.s3.amazonaws.com/photos/668139821/medium.jpg,E:\Coding_Notes\Faunari\data\raw\inaturalist\365928550.jpg,2026-05-28
inaturalist,365917858,Fowlea tytleri,cc-by-nc,https://inaturalist-open-data.s3.amazonaws.com/photos/668117211/medium.jpg,E:\Coding_Notes\Faunari\data\raw\inaturalist\365917858.jpg,2026-05-28
inaturalist,365917581,Bungarus andamanensis,cc-by-nc,https://inaturalist-open-data.s3.amazonaws.com/photos/668116812/medium.jpg,E:\Coding_Notes\Faunari\data\raw\inaturalist\365917581.jpg,2026-05-28
inaturalist,365907494,Daboia russelii,,https://static.inaturalist.org/photos/668096164/medium.jpg,E:\Coding_Notes\Faunari\data\raw\inaturalist\365907494.jpg,2026-05-27
inaturalist,365888347,Bungarus niger,cc-by,https://inaturalist-open-data.s3.amazonaws.com/photos/668057204/medium.jpg,E:\Coding_Notes\Faunari\data\raw\inaturalist\365888347.jpg,2026-05-20
inaturalist,365828346,Craspedocephalus malabaricus,cc-by-nc,https://inaturalist-open-data.s3.amazonaws.com/photos/667942521/medium.jpg,E:\Coding_Notes\Faunari\data\raw\inaturalist\365828346.jpg,2026-05-20
inaturalist,365782751,Amphiesma stolatum,cc-by-nc,https://inaturalist-open-data.s3.amazonaws.com/photos/667857210/medium.jpg,E:\Coding_Notes\Faunari\data\raw\inaturalist\365782751.jpg,2002-11-30
inaturalist,365770432,Lycodon striatus,cc-by-nc,https://inaturalist-open-data.s3.amazonaws.com/photos/667832788/medium.jpg,E:\Coding_Notes\Faunari\data\raw\inaturalist\365770432.jpg,2026-05-27
inaturalist,365759881,Ahaetulla anomala,cc-by-nc,https://inaturalist-open-data.s3.amazonaws.com/photos/667810862/medium.jpg,E:\Coding_Notes\Faunari\data\raw\inaturalist\365759881.jpg,2016-02-01
inaturalist,365754312,Lycodon jara,cc-by-nc,https://inaturalist-open-data.s3.amazonaws.com/photos/667801687/medium.jpg,E:\Coding_Notes\Faunari\data\raw\inaturalist\365754312.jpg,2012-07-08
inaturalist,365753847,Lycodon jara,cc-by-nc,https://inaturalist-open-data.s3.amazonaws.com/photos/667800548/medium.jpg,E:\Coding_Notes\Faunari\data\raw\inaturalist\365753847.jpg,2012-07-14
inaturalist,365750671,Dendrelaphis chairecacos,cc-by-nc,https://inaturalist-open-data.s3.amazonaws.com/photos/667794611/medium.jpg,E:\Coding_Notes\Faunari\data\raw\inaturalist\365750671.jpg,2015-07-12
inaturalist,365749655,Calliophis bibroni,cc-by-nc,https://inaturalist-open-data.s3.amazonaws.com/photos/667792870/medium.jpg,E:\Coding_Notes\Faunari\data\raw\inaturalist\365749655.jpg,2016-08-20
inaturalist,365739386,Fowlea piscator,cc-by,https://inaturalist-open-data.s3.amazonaws.com/photos/667773874/medium.jpg,E:\Coding_Notes\Faunari\data\raw\inaturalist\365739386.jpg,2026-05-27
inaturalist,365733175,Fowlea piscator,,https://static.inaturalist.org/photos/667761427/medium.jpg,E:\Coding_Notes\Faunari\data\raw\inaturalist\365733175.jpg,2024-11-21
inaturalist,365732680,Fowlea piscator,cc-by-nc-sa,https://inaturalist-open-data.s3.amazonaws.com/photos/667757713/medium.jpg,E:\Coding_Notes\Faunari\data\raw\inaturalist\365732680.jpg,2026-05-27
inaturalist,365724049,Lycodon jara,cc-by-nc,https://inaturalist-open-data.s3.amazonaws.com/photos/667744995/medium.jpg,E:\Coding_Notes\Faunari\data\raw\inaturalist\365724049.jpg,2026-04-28
inaturalist,365723440,Fowlea piscator,cc-by-nc,https://inaturalist-open-data.s3.amazonaws.com/photos/667744085/medium.jpg,E:\Coding_Notes\Faunari\data\raw\inaturalist\365723440.jpg,2026-04-28
inaturalist,365705743,Craspedocephalus anamallensis,cc-by-nc,https://inaturalist-open-data.s3.amazonaws.com/photos/667692321/medium.jpg,E:\Coding_Notes\Faunari\data\raw\inaturalist\365705743.jpg,2026-05-18
inaturalist,365705726,Boiga thackerayi,cc-by-nc,https://inaturalist-open-data.s3.amazonaws.com/photos/667692218/medium.jpg,E:\Coding_Notes\Faunari\data\raw\inaturalist\365705726.jpg,2026-05-18
inaturalist,365705282,Amphiesma stolatum,,https://static.inaturalist.org/photos/667712072/medium.jpg,E:\Coding_Notes\Faunari\data\raw\inaturalist\365705282.jpg,2024-10-12
inaturalist,365704774,Coelognathus helena,,https://static.inaturalist.org/photos/667711140/medium.jpg,E:\Coding_Notes\Faunari\data\raw\inaturalist\365704774.jpg,2024-10-23
inaturalist,365697213,Chrysopelea ornata,cc-by-nc,https://inaturalist-open-data.s3.amazonaws.com/photos/667697389/medium.jpg,E:\Coding_Notes\Faunari\data\raw\inaturalist\365697213.jpg,2026-05-26
inaturalist,365679301,Lycodon striatus,,https://static.inaturalist.org/photos/667665554/medium.jpg,E:\Coding_Notes\Faunari\data\raw\inaturalist\365679301.jpg,2026-04-09
inaturalist,365675110,Craspedocephalus malabaricus,cc-by-nc,https://inaturalist-open-data.s3.amazonaws.com/photos/667656649/medium.jpg,E:\Coding_Notes\Faunari\data\raw\inaturalist\365675110.jpg,2021-02-11
inaturalist,365675109,Ahaetulla malabarica,cc-by-nc,https://inaturalist-open-data.s3.amazonaws.com/photos/667656623/medium.jpg,E:\Coding_Notes\Faunari\data\raw\inaturalist\365675109.jpg,2021-02-11
inaturalist,365669736,Hypnale hypnale,cc-by-nc,https://inaturalist-open-data.s3.amazonaws.com/photos/667648596/medium.jpg,E:\Coding_Notes\Faunari\data\raw\inaturalist\365669736.jpg,2026-05-27
inaturalist,365648705,Herpetoreas platyceps,cc-by-nc,https://inaturalist-open-data.s3.amazonaws.com/photos/667609502/medium.jpg,E:\Coding_Notes\Faunari\data\raw\inaturalist\365648705.jpg,2024-07-29
inaturalist,365642584,Ptyas korros,cc-by-nc,https://inaturalist-open-data.s3.amazonaws.com/photos/667598507/medium.jpg,E:\Coding_Notes\Faunari\data\raw\inaturalist\365642584.jpg,2026-05-03
inaturalist,365641148,Indotyphlops braminus,cc-by-nc,https://inaturalist-open-data.s3.amazonaws.com/photos/667595001/medium.jpg,E:\Coding_Notes\Faunari\data\raw\inaturalist\365641148.jpg,2026-05-26
inaturalist,365640476,Amphiesma stolatum,cc-by,https://inaturalist-open-data.s3.amazonaws.com/photos/667594143/medium.jpg,E:\Coding_Notes\Faunari\data\raw\inaturalist\365640476.jpg,2026-05-27
inaturalist,365594446,Dieurostus dussumieri,cc-by,https://inaturalist-open-data.s3.amazonaws.com/photos/667504259/medium.jpg,E:\Coding_Notes\Faunari\data\raw\inaturalist\365594446.jpg,2026-04-09
inaturalist,365593584,Dendrelaphis girii,cc-by,https://inaturalist-open-data.s3.amazonaws.com/photos/667501778/medium.jpg,E:\Coding_Notes\Faunari\data\raw\inaturalist\365593584.jpg,2026-04-16
inaturalist,365592254,Amphiesma stolatum,cc-by,https://inaturalist-open-data.s3.amazonaws.com/photos/667499455/medium.jpg,E:\Coding_Notes\Faunari\data\raw\inaturalist\365592254.jpg,2026-05-26
inaturalist,365584318,Daboia russelii,cc-by-nc,https://inaturalist-open-data.s3.amazonaws.com/photos/667482798/medium.jpg,E:\Coding_Notes\Faunari\data\raw\inaturalist\365584318.jpg,2026-05-27
inaturalist,365481538,Fowlea piscator,cc-by-nc,https://inaturalist-open-data.s3.amazonaws.com/photos/667274376/medium.jpg,E:\Coding_Notes\Faunari\data\raw\inaturalist\365481538.jpg,2025-06-29
inaturalist,365481534,Craspedocephalus malabaricus,cc-by-nc,https://inaturalist-open-data.s3.amazonaws.com/photos/667273250/medium.jpg,E:\Coding_Notes\Faunari\data\raw\inaturalist\365481534.jpg,2025-06-29
inaturalist,365481526,Craspedocephalus malabaricus,cc-by-nc,https://inaturalist-open-data.s3.amazonaws.com/photos/667272612/medium.jpg,E:\Coding_Notes\Faunari\data\raw\inaturalist\365481526.jpg,2025-06-28
inaturalist,365472005,Daboia russelii,,https://static.inaturalist.org/photos/667267361/medium.jpg,E:\Coding_Notes\Faunari\data\raw\inaturalist\365472005.jpg,2026-05-23
inaturalist,365471807,Ptyas mucosa,,https://static.inaturalist.org/photos/667266941/medium.jpg,E:\Coding_Notes\Faunari\data\raw\inaturalist\365471807.jpg,2026-05-26
inaturalist,365468088,Lycodon jara,cc-by-nc,https://inaturalist-open-data.s3.amazonaws.com/photos/667259988/medium.jpg,E:\Coding_Notes\Faunari\data\raw\inaturalist\365468088.jpg,2025-11-16
inaturalist,365467896,Python molurus,cc-by-nc,https://inaturalist-open-data.s3.amazonaws.com/photos/667259552/medium.jpg,E:\Coding_Notes\Faunari\data\raw\inaturalist\365467896.jpg,2025-07-12
inaturalist,365466393,Lycodon aulicus,cc-by-nc,https://inaturalist-open-data.s3.amazonaws.com/photos/667256522/medium.jpg,E:\Coding_Notes\Faunari\data\raw\inaturalist\365466393.jpg,2025-11-05
inaturalist,365462803,Amphiesma monticola,,https://static.inaturalist.org/photos/667250648/medium.jpg,E:\Coding_Notes\Faunari\data\raw\inaturalist\365462803.jpg,2026-05-07
inaturalist,365457479,Echis carinatus,cc-by-nc,https://inaturalist-open-data.s3.amazonaws.com/photos/667239893/medium.jpg,E:\Coding_Notes\Faunari\data\raw\inaturalist\365457479.jpg,2026-05-26
inaturalist,365434949,Ptyas mucosa,cc-by-nc,https://inaturalist-open-data.s3.amazonaws.com/photos/667198199/medium.jpg,E:\Coding_Notes\Faunari\data\raw\inaturalist\365434949.jpg,2024-08-14
inaturalist,365377332,Xylophis perroteti,cc-by-nc,https://inaturalist-open-data.s3.amazonaws.com/photos/667090647/medium.jpg,E:\Coding_Notes\Faunari\data\raw\inaturalist\365377332.jpg,2026-05-05
inaturalist,365377243,Xylophis perroteti,cc-by-nc,https://inaturalist-open-data.s3.amazonaws.com/photos/667090404/medium.jpg,E:\Coding_Notes\Faunari\data\raw\inaturalist\365377243.jpg,2026-05-05
inaturalist,365361660,Pseudoxenodon macrops,cc-by,https://inaturalist-open-data.s3.amazonaws.com/photos/667060573/medium.jpg,E:\Coding_Notes\Faunari\data\raw\inaturalist\365361660.jpg,2026-05-26
inaturalist,365347006,Boiga wallachi,cc-by-nc,https://inaturalist-open-data.s3.amazonaws.com/photos/667033642/medium.jpg,E:\Coding_Notes\Faunari\data\raw\inaturalist\365347006.jpg,2026-05-25
inaturalist,365328506,Fowlea piscator,cc-by-nc,https://inaturalist-open-data.s3.amazonaws.com/photos/666999307/medium.jpg,E:\Coding_Notes\Faunari\data\raw\inaturalist\365328506.jpg,2026-05-25
inaturalist,365322506,Grypotyphlops acutus,cc-by-nc,https://inaturalist-open-data.s3.amazonaws.com/photos/666988281/medium.jpg,E:\Coding_Notes\Faunari\data\raw\inaturalist\365322506.jpg,2026-05-26
inaturalist,365312777,Naja naja,cc-by-nc,https://inaturalist-open-data.s3.amazonaws.com/photos/666966569/medium.jpg,E:\Coding_Notes\Faunari\data\raw\inaturalist\365312777.jpg,2026-05-26
inaturalist,365284751,Dendrelaphis proarchos,cc-by-nc,https://inaturalist-open-data.s3.amazonaws.com/photos/666909645/medium.jpg,E:\Coding_Notes\Faunari\data\raw\inaturalist\365284751.jpg,2026-05-26
inaturalist,365101451,Ptyas mucosa,cc-by-nc,https://inaturalist-open-data.s3.amazonaws.com/photos/666558552/medium.jpg,E:\Coding_Notes\Faunari\data\raw\inaturalist\365101451.jpg,2026-05-24
inaturalist,365099436,Boiga forsteni,cc-by-nc,https://inaturalist-open-data.s3.amazonaws.com/photos/666554953/medium.jpg,E:\Coding_Notes\Faunari\data\raw\inaturalist\365099436.jpg,2026-05-24
inaturalist,365076865,Fowlea piscator,cc-by,https://inaturalist-open-data.s3.amazonaws.com/photos/666513378/medium.jpg,E:\Coding_Notes\Faunari\data\raw\inaturalist\365076865.jpg,2026-05-25
inaturalist,365055015,Lycodon zawi,cc-by-nc,https://inaturalist-open-data.s3.amazonaws.com/photos/666473934/medium.jpg,E:\Coding_Notes\Faunari\data\raw\inaturalist\365055015.jpg,2026-05-21
inaturalist,365050650,Boiga cyanea,cc-by-nc,https://inaturalist-open-data.s3.amazonaws.com/photos/666466687/medium.jpg,E:\Coding_Notes\Faunari\data\raw\inaturalist\365050650.jpg,2026-05-13
inaturalist,365043750,Lycodon travancoricus,cc-by-nc,https://inaturalist-open-data.s3.amazonaws.com/photos/666454353/medium.jpg,E:\Coding_Notes\Faunari\data\raw\inaturalist\365043750.jpg,2026-05-25
inaturalist,365040961,Indotyphlops braminus,,https://static.inaturalist.org/photos/666447527/medium.jpg,E:\Coding_Notes\Faunari\data\raw\inaturalist\365040961.jpg,2026-05-25
inaturalist,365035498,Fowlea piscator,cc-by-nc-nd,https://inaturalist-open-data.s3.amazonaws.com/photos/666436954/medium.jpg,E:\Coding_Notes\Faunari\data\raw\inaturalist\365035498.jpg,2026-05-25
inaturalist,365003501,Echis carinatus,cc-by-nc,https://inaturalist-open-data.s3.amazonaws.com/photos/666374688/medium.jpg,E:\Coding_Notes\Faunari\data\raw\inaturalist\365003501.jpg,2026-05-25
inaturalist,364998850,Amphiesma stolatum,cc-by-nc,https://inaturalist-open-data.s3.amazonaws.com/photos/666366006/medium.jpg,E:\Coding_Notes\Faunari\data\raw\inaturalist\364998850.jpg,2026-05-25
inaturalist,364996470,Fowlea piscator,cc-by-nc,https://inaturalist-open-data.s3.amazonaws.com/photos/666361119/medium.jpg,E:\Coding_Notes\Faunari\data\raw\inaturalist\364996470.jpg,2026-02-19
inaturalist,364994569,Craspedocephalus anamallensis,cc-by-nc,https://inaturalist-open-data.s3.amazonaws.com/photos/666357611/medium.jpg,E:\Coding_Notes\Faunari\data\raw\inaturalist\364994569.jpg,2026-05-25
inaturalist,364994412,Craspedocephalus macrolepis,cc-by-nc,https://inaturalist-open-data.s3.amazonaws.com/photos/666357227/medium.jpg,E:\Coding_Notes\Faunari\data\raw\inaturalist\364994412.jpg,2026-05-24
inaturalist,364990609,Dendrelaphis tristis,cc-by-nc,https://inaturalist-open-data.s3.amazonaws.com/photos/666348731/medium.jpg,E:\Coding_Notes\Faunari\data\raw\inaturalist\364990609.jpg,2024-12-21
inaturalist,364982908,Lycodon striatus,cc-by-nc,https://inaturalist-open-data.s3.amazonaws.com/photos/666336300/medium.jpg,E:\Coding_Notes\Faunari\data\raw\inaturalist\364982908.jpg,2026-04-13
inaturalist,364980335,Dendrelaphis chairecacos,cc-by-nc-nd,https://inaturalist-open-data.s3.amazonaws.com/photos/666331516/medium.jpg,E:\Coding_Notes\Faunari\data\raw\inaturalist\364980335.jpg,2026-05-23
inaturalist,364978623,Sahyadriophis beddomei,cc-by-nc-nd,https://inaturalist-open-data.s3.amazonaws.com/photos/666328146/medium.jpg,E:\Coding_Notes\Faunari\data\raw\inaturalist\364978623.jpg,2026-05-23
inaturalist,364972857,Fowlea piscator,cc-by-nc,https://inaturalist-open-data.s3.amazonaws.com/photos/666317187/medium.jpg,E:\Coding_Notes\Faunari\data\raw\inaturalist\364972857.jpg,2026-05-25
inaturalist,364966297,Eryx conicus,,https://static.inaturalist.org/photos/666304752/medium.jpg,E:\Coding_Notes\Faunari\data\raw\inaturalist\364966297.jpg,2026-05-24
inaturalist,364963771,Naja naja,cc-by-nc,https://inaturalist-open-data.s3.amazonaws.com/photos/666300786/medium.jpg,E:\Coding_Notes\Faunari\data\raw\inaturalist\364963771.jpg,2026-05-25
inaturalist,364961078,Craspedocephalus anamallensis,cc-by,https://inaturalist-open-data.s3.amazonaws.com/photos/666295273/medium.jpg,E:\Coding_Notes\Faunari\data\raw\inaturalist\364961078.jpg,2026-05-24
inaturalist,364949402,Hypnale hypnale,,https://static.inaturalist.org/photos/666273901/medium.jpg,E:\Coding_Notes\Faunari\data\raw\inaturalist\364949402.jpg,2026-05-24
inaturalist,364943127,Craspedocephalus anamallensis,cc-by-nc,https://inaturalist-open-data.s3.amazonaws.com/photos/666261512/medium.jpg,E:\Coding_Notes\Faunari\data\raw\inaturalist\364943127.jpg,2026-05-24
inaturalist,364935953,Dendrelaphis tristis,,https://static.inaturalist.org/photos/666247159/medium.jpg,E:\Coding_Notes\Faunari\data\raw\inaturalist\364935953.jpg,2026-05-23
inaturalist,364925283,Naja naja,cc-by-nc,https://inaturalist-open-data.s3.amazonaws.com/photos/666225527/medium.jpg,E:\Coding_Notes\Faunari\data\raw\inaturalist\364925283.jpg,2026-05-17
inaturalist,364920274,Boiga forsteni,cc-by-nc,https://inaturalist-open-data.s3.amazonaws.com/photos/666888672/medium.jpg,E:\Coding_Notes\Faunari\data\raw\inaturalist\364920274.jpg,2026-05-25
inaturalist,364867007,Naja naja,cc-by-nc,https://inaturalist-open-data.s3.amazonaws.com/photos/666100840/medium.jpg,E:\Coding_Notes\Faunari\data\raw\inaturalist\364867007.jpg,2026-05-06
inaturalist,364761376,Bungarus fasciatus,cc-by-nc,https://inaturalist-open-data.s3.amazonaws.com/photos/666316154/medium.jpg,E:\Coding_Notes\Faunari\data\raw\inaturalist\364761376.jpg,2026-05-24
inaturalist,364714841,Lycodon fasciatus,,https://static.inaturalist.org/photos/665821476/medium.jpg,E:\Coding_Notes\Faunari\data\raw\inaturalist\364714841.jpg,2026-05-24
inaturalist,364701123,Ahaetulla oxyrhynca,,https://static.inaturalist.org/photos/665796075/medium.jpg,E:\Coding_Notes\Faunari\data\raw\inaturalist\364701123.jpg,2026-05-24
inaturalist,364696719,Oligodon tillacki,,https://static.inaturalist.org/photos/665788048/medium.jpg,E:\Coding_Notes\Faunari\data\raw\inaturalist\364696719.jpg,2026-05-24
inaturalist,364692932,Oligodon tillacki,cc-by-nc,https://inaturalist-open-data.s3.amazonaws.com/photos/665781635/medium.jpg,E:\Coding_Notes\Faunari\data\raw\inaturalist\364692932.jpg,2026-03-18
inaturalist,364665925,Fowlea piscator,,https://static.inaturalist.org/photos/665740445/medium.jpg,E:\Coding_Notes\Faunari\data\raw\inaturalist\364665925.jpg,2026-05-24
inaturalist,364642598,Eryx whitakeri,,https://static.inaturalist.org/photos/665690061/medium.jpg,E:\Coding_Notes\Faunari\data\raw\inaturalist\364642598.jpg,2026-05-23
inaturalist,364639593,Fowlea piscator,cc-by-nc,https://inaturalist-open-data.s3.amazonaws.com/photos/665684464/medium.jpg,E:\Coding_Notes\Faunari\data\raw\inaturalist\364639593.jpg,2026-05-22
inaturalist,364620173,Craspedocephalus malabaricus,cc-by-nc,https://inaturalist-open-data.s3.amazonaws.com/photos/665679939/medium.jpg,E:\Coding_Notes\Faunari\data\raw\inaturalist\364620173.jpg,2026-05-13
inaturalist,364602330,Lycodon jara,cc-by-nc,https://inaturalist-open-data.s3.amazonaws.com/photos/665617242/medium.jpg,E:\Coding_Notes\Faunari\data\raw\inaturalist\364602330.jpg,2025-01-05
inaturalist,364597218,Amphiesma monticola,cc-by-nc,https://inaturalist-open-data.s3.amazonaws.com/photos/665607158/medium.jpg,E:\Coding_Notes\Faunari\data\raw\inaturalist\364597218.jpg,2025-11-15
inaturalist,364591546,Fowlea piscator,cc-by-nc,https://inaturalist-open-data.s3.amazonaws.com/photos/665596808/medium.jpg,E:\Coding_Notes\Faunari\data\raw\inaturalist\364591546.jpg,2026-05-24
inaturalist,364583352,Boiga forsteni,cc-by-nc,https://inaturalist-open-data.s3.amazonaws.com/photos/665580969/medium.jpg,E:\Coding_Notes\Faunari\data\raw\inaturalist\364583352.jpg,2026-05-23
inaturalist,364570675,Eryx johnii,cc-by-nc,https://inaturalist-open-data.s3.amazonaws.com/photos/665557134/medium.jpg,E:\Coding_Notes\Faunari\data\raw\inaturalist\364570675.jpg,2026-04-03
inaturalist,364570248,Psammophis schokari,cc-by-nc,https://inaturalist-open-data.s3.amazonaws.com/photos/665556349/medium.jpg,E:\Coding_Notes\Faunari\data\raw\inaturalist\364570248.jpg,2023-07-09
inaturalist,364569225,Naja naja,cc-by-nc,https://inaturalist-open-data.s3.amazonaws.com/photos/665554343/medium.jpg,E:\Coding_Notes\Faunari\data\raw\inaturalist\364569225.jpg,2024-11-29
inaturalist,364568389,Eryx conicus,cc-by-nc,https://inaturalist-open-data.s3.amazonaws.com/photos/665552512/medium.jpg,E:\Coding_Notes\Faunari\data\raw\inaturalist\364568389.jpg,2026-05-24
inaturalist,364568004,Ptyas mucosa,,https://static.inaturalist.org/photos/665551990/medium.jpg,E:\Coding_Notes\Faunari\data\raw\inaturalist\364568004.jpg,2026-05-24
inaturalist,364559235,Fowlea piscator,cc-by-nc,https://inaturalist-open-data.s3.amazonaws.com/photos/665535054/medium.jpg,E:\Coding_Notes\Faunari\data\raw\inaturalist\364559235.jpg,2026-05-23
inaturalist,364557713,Naja naja,,https://static.inaturalist.org/photos/665532269/medium.jpg,E:\Coding_Notes\Faunari\data\raw\inaturalist\364557713.jpg,2026-03-20
inaturalist,364550380,Lycodon travancoricus,cc-by-nc,https://inaturalist-open-data.s3.amazonaws.com/photos/665517125/medium.jpg,E:\Coding_Notes\Faunari\data\raw\inaturalist\364550380.jpg,2026-03-07
inaturalist,364548566,Lycodon fasciolatus,,https://static.inaturalist.org/photos/665513657/medium.jpg,E:\Coding_Notes\Faunari\data\raw\inaturalist\364548566.jpg,2026-05-24
inaturalist,364547156,Lycodon aulicus,,https://static.inaturalist.org/photos/665511044/medium.jpg,E:\Coding_Notes\Faunari\data\raw\inaturalist\364547156.jpg,2026-05-22
inaturalist,364523676,Eryx conicus,cc-by-nc,https://inaturalist-open-data.s3.amazonaws.com/photos/665465099/medium.jpg,E:\Coding_Notes\Faunari\data\raw\inaturalist\364523676.jpg,2026-05-21
inaturalist,364422975,Ahaetulla sahyadrensis,cc-by-nc,https://inaturalist-open-data.s3.amazonaws.com/photos/665267605/medium.jpg,E:\Coding_Notes\Faunari\data\raw\inaturalist\364422975.jpg,2026-05-24
inaturalist,364408151,Ptyas mucosa,cc-by-nc,https://inaturalist-open-data.s3.amazonaws.com/photos/665172718/medium.jpg,E:\Coding_Notes\Faunari\data\raw\inaturalist\364408151.jpg,2024-02-08
inaturalist,364376460,Lycodon travancoricus,cc-by-nc,https://inaturalist-open-data.s3.amazonaws.com/photos/665182452/medium.jpg,E:\Coding_Notes\Faunari\data\raw\inaturalist\364376460.jpg,2026-05-23
inaturalist,364356650,Coelognathus helena helena,,https://static.inaturalist.org/photos/665528247/medium.jpg,E:\Coding_Notes\Faunari\data\raw\inaturalist\364356650.jpg,2026-05-23
inaturalist,364355159,Elaphe hodgsoni,cc-by-nc,https://inaturalist-open-data.s3.amazonaws.com/photos/665141522/medium.jpg,E:\Coding_Notes\Faunari\data\raw\inaturalist\364355159.jpg,2026-05-17
inaturalist,364332594,Uropeltis myhendrae,,https://static.inaturalist.org/photos/665100888/medium.jpg,E:\Coding_Notes\Faunari\data\raw\inaturalist\364332594.jpg,2025-08-06
inaturalist,364317147,Indotyphlops braminus,cc-by-nc,https://inaturalist-open-data.s3.amazonaws.com/photos/665072383/medium.jpg,E:\Coding_Notes\Faunari\data\raw\inaturalist\364317147.jpg,2026-05-23
inaturalist,364304809,Bungarus caeruleus,,https://static.inaturalist.org/photos/665050627/medium.jpg,E:\Coding_Notes\Faunari\data\raw\inaturalist\364304809.jpg,2026-05-23
inaturalist,364291766,Fowlea piscator,,https://static.inaturalist.org/photos/665028285/medium.jpg,E:\Coding_Notes\Faunari\data\raw\inaturalist\364291766.jpg,2026-05-23
inaturalist,364276268,Ptyas mucosa,cc-by-nc,https://inaturalist-open-data.s3.amazonaws.com/photos/664999796/medium.jpg,E:\Coding_Notes\Faunari\data\raw\inaturalist\364276268.jpg,2026-04-11
inaturalist,364268021,Sahyadriophis beddomei,cc-by-nc,https://inaturalist-open-data.s3.amazonaws.com/photos/665166747/medium.jpg,E:\Coding_Notes\Faunari\data\raw\inaturalist\364268021.jpg,2026-05-23
inaturalist,364260464,Indotyphlops braminus,cc-by-nc,https://inaturalist-open-data.s3.amazonaws.com/photos/664971235/medium.jpg,E:\Coding_Notes\Faunari\data\raw\inaturalist\364260464.jpg,2026-05-23
inaturalist,364248470,Echis carinatus,cc-by-nc,https://inaturalist-open-data.s3.amazonaws.com/photos/664949758/medium.jpg,E:\Coding_Notes\Faunari\data\raw\inaturalist\364248470.jpg,2023-10-31
inaturalist,364248322,Naja naja,cc-by-nc,https://inaturalist-open-data.s3.amazonaws.com/photos/664949516/medium.jpg,E:\Coding_Notes\Faunari\data\raw\inaturalist\364248322.jpg,2026-05-23
inaturalist,364233929,Xylophis perroteti,,https://static.inaturalist.org/photos/664924089/medium.jpg,E:\Coding_Notes\Faunari\data\raw\inaturalist\364233929.jpg,2026-05-23
inaturalist,364230947,Craspedocephalus malabaricus,cc-by-nc,https://inaturalist-open-data.s3.amazonaws.com/photos/664918328/medium.jpg,E:\Coding_Notes\Faunari\data\raw\inaturalist\364230947.jpg,2026-05-23
inaturalist,364230915,Boiga beddomei,cc-by-nc,https://inaturalist-open-data.s3.amazonaws.com/photos/664918180/medium.jpg,E:\Coding_Notes\Faunari\data\raw\inaturalist\364230915.jpg,2026-05-22
inaturalist,364230829,Craspedocephalus gramineus,cc-by-nc,https://inaturalist-open-data.s3.amazonaws.com/photos/664918109/medium.jpg,E:\Coding_Notes\Faunari\data\raw\inaturalist\364230829.jpg,2026-05-22
inaturalist,364227105,Python molurus,cc-by-nc,https://inaturalist-open-data.s3.amazonaws.com/photos/664911193/medium.jpg,E:\Coding_Notes\Faunari\data\raw\inaturalist\364227105.jpg,2023-11-09
inaturalist,364223941,Naja naja,,https://static.inaturalist.org/photos/664905651/medium.jpg,E:\Coding_Notes\Faunari\data\raw\inaturalist\364223941.jpg,2026-05-23
inaturalist,364218009,Sahyadriophis beddomei,,https://static.inaturalist.org/photos/664895201/medium.jpg,E:\Coding_Notes\Faunari\data\raw\inaturalist\364218009.jpg,2025-08-03
inaturalist,364205691,Fowlea piscator,cc-by-nc,https://inaturalist-open-data.s3.amazonaws.com/photos/664873483/medium.jpg,E:\Coding_Notes\Faunari\data\raw\inaturalist\364205691.jpg,2026-05-23
inaturalist,364195235,Ptyas mucosa,cc-by-nc-nd,https://inaturalist-open-data.s3.amazonaws.com/photos/664853671/medium.jpg,E:\Coding_Notes\Faunari\data\raw\inaturalist\364195235.jpg,2026-05-09
inaturalist,364191523,Naja naja,cc-by-nc,https://inaturalist-open-data.s3.amazonaws.com/photos/664844690/medium.jpg,E:\Coding_Notes\Faunari\data\raw\inaturalist\364191523.jpg,2025-09-22
inaturalist,364189074,Ptyas mucosa,,https://static.inaturalist.org/photos/664840858/medium.jpg,E:\Coding_Notes\Faunari\data\raw\inaturalist\364189074.jpg,2025-10-17
inaturalist,364173424,Fowlea piscator,,https://static.inaturalist.org/photos/664905610/medium.jpg,E:\Coding_Notes\Faunari\data\raw\inaturalist\364173424.jpg,2026-05-23
inaturalist,364169400,Boiga nuchalis,cc-by-nc,https://inaturalist-open-data.s3.amazonaws.com/photos/664802133/medium.jpg,E:\Coding_Notes\Faunari\data\raw\inaturalist\364169400.jpg,2026-03-22
inaturalist,364161907,Lycodon fasciolatus,,https://static.inaturalist.org/photos/664794901/medium.jpg,E:\Coding_Notes\Faunari\data\raw\inaturalist\364161907.jpg,2026-05-23
inaturalist,364159513,Daboia russelii,cc-by-nc,https://inaturalist-open-data.s3.amazonaws.com/photos/664781970/medium.jpg,E:\Coding_Notes\Faunari\data\raw\inaturalist\364159513.jpg,2026-05-08
inaturalist,364158450,Eryx conicus,cc-by-nc,https://inaturalist-open-data.s3.amazonaws.com/photos/664779972/medium.jpg,E:\Coding_Notes\Faunari\data\raw\inaturalist\364158450.jpg,2026-05-12
inaturalist,364157479,Naja naja,,https://static.inaturalist.org/photos/664778011/medium.jpg,E:\Coding_Notes\Faunari\data\raw\inaturalist\364157479.jpg,2026-05-15
inaturalist,364156941,Ptyas mucosa,,https://static.inaturalist.org/photos/664776858/medium.jpg,E:\Coding_Notes\Faunari\data\raw\inaturalist\364156941.jpg,2026-05-21
inaturalist,364154547,Lycodon hypsirhinoides,,https://static.inaturalist.org/photos/664772189/medium.jpg,E:\Coding_Notes\Faunari\data\raw\inaturalist\364154547.jpg,2026-05-08
inaturalist,364153864,Trimeresurus andersonii,,https://static.inaturalist.org/photos/664770739/medium.jpg,E:\Coding_Notes\Faunari\data\raw\inaturalist\364153864.jpg,2026-05-11
inaturalist,364153439,Trimeresurus andersonii,,https://static.inaturalist.org/photos/664770009/medium.jpg,E:\Coding_Notes\Faunari\data\raw\inaturalist\364153439.jpg,2026-05-11
inaturalist,364151038,Indotyphlops braminus,cc-by-nc,https://inaturalist-open-data.s3.amazonaws.com/photos/664765388/medium.jpg,E:\Coding_Notes\Faunari\data\raw\inaturalist\364151038.jpg,2026-05-23
inaturalist,364142565,Craspedocephalus malabaricus,cc-by-nc,https://inaturalist-open-data.s3.amazonaws.com/photos/664736651/medium.jpg,E:\Coding_Notes\Faunari\data\raw\inaturalist\364142565.jpg,2025-01-25
inaturalist,364041811,Boiga cyanea,cc-by-nc,https://inaturalist-open-data.s3.amazonaws.com/photos/664552417/medium.jpg,E:\Coding_Notes\Faunari\data\raw\inaturalist\364041811.jpg,2026-05-14
inaturalist,364038889,Eryx johnii,cc-by-nc,https://inaturalist-open-data.s3.amazonaws.com/photos/664548873/medium.jpg,E:\Coding_Notes\Faunari\data\raw\inaturalist\364038889.jpg,2026-05-22
inaturalist,363980483,Pseudoindotyphlops porrectus,cc-by-nc,https://inaturalist-open-data.s3.amazonaws.com/photos/664440867/medium.jpg,E:\Coding_Notes\Faunari\data\raw\inaturalist\363980483.jpg,2019-12-09
inaturalist,363978849,Lycodon travancoricus,,https://static.inaturalist.org/photos/664438635/medium.jpg,E:\Coding_Notes\Faunari\data\raw\inaturalist\363978849.jpg,2026-05-22
inaturalist,363978583,Ptyas mucosa,cc-by-nc,https://inaturalist-open-data.s3.amazonaws.com/photos/664437970/medium.jpg,E:\Coding_Notes\Faunari\data\raw\inaturalist\363978583.jpg,2026-05-22
inaturalist,363970691,Craspedocephalus strigatus,cc-by-nc,https://inaturalist-open-data.s3.amazonaws.com/photos/664421974/medium.jpg,E:\Coding_Notes\Faunari\data\raw\inaturalist\363970691.jpg,2026-04-27
inaturalist,363970350,Daboia russelii,cc-by,https://inaturalist-open-data.s3.amazonaws.com/photos/664422907/medium.jpg,E:\Coding_Notes\Faunari\data\raw\inaturalist\363970350.jpg,2026-05-14
inaturalist,363969977,Daboia russelii,,https://static.inaturalist.org/photos/664422187/medium.jpg,E:\Coding_Notes\Faunari\data\raw\inaturalist\363969977.jpg,2026-05-18
inaturalist,363967223,Fowlea piscator,,https://static.inaturalist.org/photos/664417101/medium.jpg,E:\Coding_Notes\Faunari\data\raw\inaturalist\363967223.jpg,2026-05-18
inaturalist,363966491,Daboia russelii,,https://static.inaturalist.org/photos/664415515/medium.jpg,E:\Coding_Notes\Faunari\data\raw\inaturalist\363966491.jpg,2026-05-18
inaturalist,363956455,Ptyas mucosa,cc-by-nc,https://inaturalist-open-data.s3.amazonaws.com/photos/664398279/medium.jpg,E:\Coding_Notes\Faunari\data\raw\inaturalist\363956455.jpg,2026-05-22
inaturalist,363938673,Boiga wallachi,,https://static.inaturalist.org/photos/664366228/medium.jpg,E:\Coding_Notes\Faunari\data\raw\inaturalist\363938673.jpg,2026-04-23
inaturalist,363931682,Sibynophis collaris,cc-by-nc,https://inaturalist-open-data.s3.amazonaws.com/photos/664355528/medium.jpg,E:\Coding_Notes\Faunari\data\raw\inaturalist\363931682.jpg,2026-05-21
inaturalist,363926760,Dendrelaphis tristis,cc-by-nc,https://inaturalist-open-data.s3.amazonaws.com/photos/664345270/medium.jpg,E:\Coding_Notes\Faunari\data\raw\inaturalist\363926760.jpg,2023-08-03
inaturalist,363926746,Ahaetulla oxyrhynca,cc-by-nc,https://inaturalist-open-data.s3.amazonaws.com/photos/664345235/medium.jpg,E:\Coding_Notes\Faunari\data\raw\inaturalist\363926746.jpg,2023-08-03
inaturalist,363926732,Craspedocephalus gramineus,cc-by-nc,https://inaturalist-open-data.s3.amazonaws.com/photos/664345200/medium.jpg,E:\Coding_Notes\Faunari\data\raw\inaturalist\363926732.jpg,2023-08-03
inaturalist,363926713,Craspedocephalus gramineus,cc-by-nc,https://inaturalist-open-data.s3.amazonaws.com/photos/664345165/medium.jpg,E:\Coding_Notes\Faunari\data\raw\inaturalist\363926713.jpg,2023-08-03
inaturalist,363924293,Python molurus,cc-by-nc,https://inaturalist-open-data.s3.amazonaws.com/photos/664468439/medium.jpg,E:\Coding_Notes\Faunari\data\raw\inaturalist\363924293.jpg,2026-05-22
inaturalist,363918099,Dendrelaphis tristis,cc-by-nc,https://inaturalist-open-data.s3.amazonaws.com/photos/664330155/medium.jpg,E:\Coding_Notes\Faunari\data\raw\inaturalist\363918099.jpg,2023-07-17
inaturalist,363918019,Amphiesma stolatum,cc-by-nc,https://inaturalist-open-data.s3.amazonaws.com/photos/664330099/medium.jpg,E:\Coding_Notes\Faunari\data\raw\inaturalist\363918019.jpg,2023-04-11
inaturalist,363917945,Melanophidium wynaudense,cc-by-nc,https://inaturalist-open-data.s3.amazonaws.com/photos/664330039/medium.jpg,E:\Coding_Notes\Faunari\data\raw\inaturalist\363917945.jpg,2023-01-26
inaturalist,363915184,Craspedocephalus malabaricus,cc-by-nc,https://inaturalist-open-data.s3.amazonaws.com/photos/664325136/medium.jpg,E:\Coding_Notes\Faunari\data\raw\inaturalist\363915184.jpg,2022-11-27
inaturalist,363915164,Dendrelaphis grandoculis,cc-by-nc,https://inaturalist-open-data.s3.amazonaws.com/photos/664325083/medium.jpg,E:\Coding_Notes\Faunari\data\raw\inaturalist\363915164.jpg,2022-11-23
inaturalist,363915143,Craspedocephalus malabaricus,cc-by-nc,https://inaturalist-open-data.s3.amazonaws.com/photos/664325042/medium.jpg,E:\Coding_Notes\Faunari\data\raw\inaturalist\363915143.jpg,2022-11-18
inaturalist,363915127,Ahaetulla farnsworthi,cc-by-nc,https://inaturalist-open-data.s3.amazonaws.com/photos/664325008/medium.jpg,E:\Coding_Notes\Faunari\data\raw\inaturalist\363915127.jpg,2022-11-12
inaturalist,363915110,Hypnale hypnale,cc-by-nc,https://inaturalist-open-data.s3.amazonaws.com/photos/664324974/medium.jpg,E:\Coding_Notes\Faunari\data\raw\inaturalist\363915110.jpg,2022-11-12
inaturalist,363915085,Craspedocephalus malabaricus,cc-by-nc,https://inaturalist-open-data.s3.amazonaws.com/photos/664324935/medium.jpg,E:\Coding_Notes\Faunari\data\raw\inaturalist\363915085.jpg,2022-11-02
inaturalist,363915063,Craspedocephalus malabaricus,cc-by-nc,https://inaturalist-open-data.s3.amazonaws.com/photos/664324882/medium.jpg,E:\Coding_Notes\Faunari\data\raw\inaturalist\363915063.jpg,2022-10-30
inaturalist,363914915,Lycodon travancoricus,cc-by-nc,https://inaturalist-open-data.s3.amazonaws.com/photos/664324579/medium.jpg,E:\Coding_Notes\Faunari\data\raw\inaturalist\363914915.jpg,2022-10-24
inaturalist,363914763,Craspedocephalus malabaricus,cc-by-nc,https://inaturalist-open-data.s3.amazonaws.com/photos/664324832/medium.jpg,E:\Coding_Notes\Faunari\data\raw\inaturalist\363914763.jpg,2022-10-17
inaturalist,363914740,Craspedocephalus malabaricus,cc-by-nc,https://inaturalist-open-data.s3.amazonaws.com/photos/664324347/medium.jpg,E:\Coding_Notes\Faunari\data\raw\inaturalist\363914740.jpg,2022-10-09
inaturalist,363914332,Fowlea piscator,cc-by-nc,https://inaturalist-open-data.s3.amazonaws.com/photos/664323614/medium.jpg,E:\Coding_Notes\Faunari\data\raw\inaturalist\363914332.jpg,2022-09-28
inaturalist,363914192,Boiga nuchalis,cc-by-nc,https://inaturalist-open-data.s3.amazonaws.com/photos/664323276/medium.jpg,E:\Coding_Notes\Faunari\data\raw\inaturalist\363914192.jpg,2022-09-21
inaturalist,363914108,Boiga nuchalis,cc-by-nc,https://inaturalist-open-data.s3.amazonaws.com/photos/664323238/medium.jpg,E:\Coding_Notes\Faunari\data\raw\inaturalist\363914108.jpg,2022-09-19
inaturalist,363913913,Ahaetulla farnsworthi,cc-by-nc,https://inaturalist-open-data.s3.amazonaws.com/photos/664322799/medium.jpg,E:\Coding_Notes\Faunari\data\raw\inaturalist\363913913.jpg,2022-09-19
inaturalist,363913789,Ahaetulla farnsworthi,cc-by-nc,https://inaturalist-open-data.s3.amazonaws.com/photos/664322531/medium.jpg,E:\Coding_Notes\Faunari\data\raw\inaturalist\363913789.jpg,2022-09-06
inaturalist,363913633,Ophiophagus kaalinga,cc-by-nc,https://inaturalist-open-data.s3.amazonaws.com/photos/664322250/medium.jpg,E:\Coding_Notes\Faunari\data\raw\inaturalist\363913633.jpg,2022-08-26
inaturalist,363913433,Craspedocephalus malabaricus,cc-by-nc,https://inaturalist-open-data.s3.amazonaws.com/photos/664321814/medium.jpg,E:\Coding_Notes\Faunari\data\raw\inaturalist\363913433.jpg,2022-12-30
inaturalist,363913417,Craspedocephalus malabaricus,cc-by-nc,https://inaturalist-open-data.s3.amazonaws.com/photos/664321778/medium.jpg,E:\Coding_Notes\Faunari\data\raw\inaturalist\363913417.jpg,2022-12-12
inaturalist,363913394,Sahyadriophis beddomei,cc-by-nc,https://inaturalist-open-data.s3.amazonaws.com/photos/664323147/medium.jpg,E:\Coding_Notes\Faunari\data\raw\inaturalist\363913394.jpg,2022-09-20
inaturalist,363913348,Ahaetulla farnsworthi,cc-by-nc,https://inaturalist-open-data.s3.amazonaws.com/photos/664321672/medium.jpg,E:\Coding_Notes\Faunari\data\raw\inaturalist\363913348.jpg,2022-07-30
inaturalist,363913197,Craspedocephalus malabaricus,cc-by-nc,https://inaturalist-open-data.s3.amazonaws.com/photos/664321418/medium.jpg,E:\Coding_Notes\Faunari\data\raw\inaturalist\363913197.jpg,2022-09-05
inaturalist,363913185,Craspedocephalus malabaricus,cc-by-nc,https://inaturalist-open-data.s3.amazonaws.com/photos/664321381/medium.jpg,E:\Coding_Notes\Faunari\data\raw\inaturalist\363913185.jpg,2022-08-21
inaturalist,363909331,Oligodon arnensis,,https://static.inaturalist.org/photos/664314226/medium.jpg,E:\Coding_Notes\Faunari\data\raw\inaturalist\363909331.jpg,2026-05-21
inaturalist,363899427,Eryx conicus,cc-by-nc,https://inaturalist-open-data.s3.amazonaws.com/photos/664296918/medium.jpg,E:\Coding_Notes\Faunari\data\raw\inaturalist\363899427.jpg,2026-05-14
inaturalist,363893162,Ahaetulla borealis,cc-by-nc,https://inaturalist-open-data.s3.amazonaws.com/photos/664284842/medium.jpg,E:\Coding_Notes\Faunari\data\raw\inaturalist\363893162.jpg,2026-05-17
inaturalist,363893131,Calliophis nigrescens,cc-by-nc,https://inaturalist-open-data.s3.amazonaws.com/photos/664285287/medium.jpg,E:\Coding_Notes\Faunari\data\raw\inaturalist\363893131.jpg,2026-05-09
inaturalist,363892679,Craspedocephalus malabaricus,cc-by-nc,https://inaturalist-open-data.s3.amazonaws.com/photos/664284343/medium.jpg,E:\Coding_Notes\Faunari\data\raw\inaturalist\363892679.jpg,2022-08-18
inaturalist,363892666,Craspedocephalus malabaricus,cc-by-nc,https://inaturalist-open-data.s3.amazonaws.com/photos/664284316/medium.jpg,E:\Coding_Notes\Faunari\data\raw\inaturalist\363892666.jpg,2022-08-18
inaturalist,363892646,Craspedocephalus malabaricus,cc-by-nc,https://inaturalist-open-data.s3.amazonaws.com/photos/664284288/medium.jpg,E:\Coding_Notes\Faunari\data\raw\inaturalist\363892646.jpg,2022-08-14
inaturalist,363879602,Fowlea piscator,cc-by-nc,https://inaturalist-open-data.s3.amazonaws.com/photos/664259258/medium.jpg,E:\Coding_Notes\Faunari\data\raw\inaturalist\363879602.jpg,2025-03-12
inaturalist,363872584,Coelognathus helena,,https://static.inaturalist.org/photos/664245191/medium.jpg,E:\Coding_Notes\Faunari\data\raw\inaturalist\363872584.jpg,2026-05-22
inaturalist,363871755,Hypnale hypnale,cc-by-nc,https://inaturalist-open-data.s3.amazonaws.com/photos/664243327/medium.jpg,E:\Coding_Notes\Faunari\data\raw\inaturalist\363871755.jpg,2025-08-20
inaturalist,363857649,Fowlea piscator,cc-by-nc,https://inaturalist-open-data.s3.amazonaws.com/photos/664213980/medium.jpg,E:\Coding_Notes\Faunari\data\raw\inaturalist\363857649.jpg,2026-05-22
inaturalist,363853824,Eryx whitakeri,cc-by-nc,https://inaturalist-open-data.s3.amazonaws.com/photos/664208921/medium.jpg,E:\Coding_Notes\Faunari\data\raw\inaturalist\363853824.jpg,2026-05-22
inaturalist,363835069,Lycodon travancoricus,cc-by-nc,https://inaturalist-open-data.s3.amazonaws.com/photos/664174916/medium.jpg,E:\Coding_Notes\Faunari\data\raw\inaturalist\363835069.jpg,2026-05-22
inaturalist,363740117,Craspedocephalus malabaricus,cc-by-nc,https://inaturalist-open-data.s3.amazonaws.com/photos/664185366/medium.jpg,E:\Coding_Notes\Faunari\data\raw\inaturalist\363740117.jpg,2026-05-22
inaturalist,363737763,Craspedocephalus malabaricus,cc-by-nc,https://inaturalist-open-data.s3.amazonaws.com/photos/664186246/medium.jpg,E:\Coding_Notes\Faunari\data\raw\inaturalist\363737763.jpg,2026-05-21
inaturalist,363720323,Amphiesma stolatum,cc-by-nc,https://inaturalist-open-data.s3.amazonaws.com/photos/663955218/medium.jpg,E:\Coding_Notes\Faunari\data\raw\inaturalist\363720323.jpg,2026-05-21
inaturalist,363700762,Oligodon taeniolatus,cc-by-nc,https://inaturalist-open-data.s3.amazonaws.com/photos/663916239/medium.jpg,E:\Coding_Notes\Faunari\data\raw\inaturalist\363700762.jpg,2026-05-16
inaturalist,363700320,Ptyas mucosa,cc-by-nc,https://inaturalist-open-data.s3.amazonaws.com/photos/663915310/medium.jpg,E:\Coding_Notes\Faunari\data\raw\inaturalist\363700320.jpg,2026-05-09
inaturalist,363674997,Lycodon aulicus,,https://static.inaturalist.org/photos/663868986/medium.jpg,E:\Coding_Notes\Faunari\data\raw\inaturalist\363674997.jpg,2026-05-21
inaturalist,363664930,Sahyadriophis beddomei,cc-by,https://inaturalist-open-data.s3.amazonaws.com/photos/663850435/medium.jpg,E:\Coding_Notes\Faunari\data\raw\inaturalist\363664930.jpg,2026-05-09
inaturalist,363664761,Python molurus,,https://static.inaturalist.org/photos/663845254/medium.jpg,E:\Coding_Notes\Faunari\data\raw\inaturalist\363664761.jpg,2026-05-15
inaturalist,363655778,Lycodon aulicus,cc-by-nc,https://inaturalist-open-data.s3.amazonaws.com/photos/663833042/medium.jpg,E:\Coding_Notes\Faunari\data\raw\inaturalist\363655778.jpg,2026-05-21
inaturalist,363643691,Elaphe cantoris,cc-by-nc,https://inaturalist-open-data.s3.amazonaws.com/photos/665685314/medium.jpg,E:\Coding_Notes\Faunari\data\raw\inaturalist\363643691.jpg,2026-05-10
inaturalist,363643634,Pseudoxenodon macrops,cc-by-nc,https://inaturalist-open-data.s3.amazonaws.com/photos/663810234/medium.jpg,E:\Coding_Notes\Faunari\data\raw\inaturalist\363643634.jpg,2026-05-07
inaturalist,363629753,Craspedocephalus macrolepis,cc-by-nc,https://inaturalist-open-data.s3.amazonaws.com/photos/665199383/medium.jpg,E:\Coding_Notes\Faunari\data\raw\inaturalist\363629753.jpg,2026-05-21
inaturalist,363607020,Daboia russelii,cc-by-nc,https://inaturalist-open-data.s3.amazonaws.com/photos/663742412/medium.jpg,E:\Coding_Notes\Faunari\data\raw\inaturalist\363607020.jpg,2026-05-21
inaturalist,363597880,Fowlea piscator,cc-by-nc,https://inaturalist-open-data.s3.amazonaws.com/photos/663725276/medium.jpg,E:\Coding_Notes\Faunari\data\raw\inaturalist\363597880.jpg,2026-05-19
inaturalist,363592520,Lycodon aulicus,cc-by-nc-nd,https://inaturalist-open-data.s3.amazonaws.com/photos/663715778/medium.jpg,E:\Coding_Notes\Faunari\data\raw\inaturalist\363592520.jpg,2026-05-16
inaturalist,363591690,Oligodon arnensis,cc-by-nc,https://inaturalist-open-data.s3.amazonaws.com/photos/663714431/medium.jpg,E:\Coding_Notes\Faunari\data\raw\inaturalist\363591690.jpg,2023-07-05
inaturalist,363577155,Chrysopelea ornata,,https://static.inaturalist.org/photos/663688540/medium.jpg,E:\Coding_Notes\Faunari\data\raw\inaturalist\363577155.jpg,2026-05-19
inaturalist,363575826,Oligodon arnensis,cc-by-nc,https://inaturalist-open-data.s3.amazonaws.com/photos/663686413/medium.jpg,E:\Coding_Notes\Faunari\data\raw\inaturalist\363575826.jpg,2026-05-01
inaturalist,363575819,Eryx whitakeri,cc-by-nc,https://inaturalist-open-data.s3.amazonaws.com/photos/663686381/medium.jpg,E:\Coding_Notes\Faunari\data\raw\inaturalist\363575819.jpg,2026-05-21
inaturalist,363572921,Boiga thackerayi,cc-by-nc,https://inaturalist-open-data.s3.amazonaws.com/photos/663680320/medium.jpg,E:\Coding_Notes\Faunari\data\raw\inaturalist\363572921.jpg,2026-05-21
inaturalist,363562139,Naja naja,cc-by-nc,https://inaturalist-open-data.s3.amazonaws.com/photos/663661477/medium.jpg,E:\Coding_Notes\Faunari\data\raw\inaturalist\363562139.jpg,2026-04-24
inaturalist,363531403,Fowlea piscator,cc-by-nc,https://inaturalist-open-data.s3.amazonaws.com/photos/663599510/medium.jpg,E:\Coding_Notes\Faunari\data\raw\inaturalist\363531403.jpg,2026-05-21
inaturalist,363531332,Fowlea piscator,cc-by-nc,https://inaturalist-open-data.s3.amazonaws.com/photos/663599409/medium.jpg,E:\Coding_Notes\Faunari\data\raw\inaturalist\363531332.jpg,2026-05-21
inaturalist,363391038,Dendrelaphis girii,cc-by,https://inaturalist-open-data.s3.amazonaws.com/photos/663327116/medium.jpg,E:\Coding_Notes\Faunari\data\raw\inaturalist\363391038.jpg,2026-05-20
inaturalist,363368641,Bungarus bungaroides,cc-by-nc,https://inaturalist-open-data.s3.amazonaws.com/photos/663284255/medium.jpg,E:\Coding_Notes\Faunari\data\raw\inaturalist\363368641.jpg,2026-05-20
inaturalist,363357874,Daboia russelii,cc-by-nc,https://inaturalist-open-data.s3.amazonaws.com/photos/663265718/medium.jpg,E:\Coding_Notes\Faunari\data\raw\inaturalist\363357874.jpg,2026-05-20
inaturalist,363348235,Fowlea piscator,,https://static.inaturalist.org/photos/663248990/medium.jpg,E:\Coding_Notes\Faunari\data\raw\inaturalist\363348235.jpg,2026-05-20
inaturalist,363317876,Craspedocephalus malabaricus,cc-by-nc,https://inaturalist-open-data.s3.amazonaws.com/photos/663195409/medium.jpg,E:\Coding_Notes\Faunari\data\raw\inaturalist\363317876.jpg,2026-05-19
inaturalist,363310918,Eryx conicus,cc-by-nc-sa,https://inaturalist-open-data.s3.amazonaws.com/photos/663182177/medium.jpg,E:\Coding_Notes\Faunari\data\raw\inaturalist\363310918.jpg,2026-05-20
inaturalist,363292970,Amphiesma stolatum,cc-by-nc,https://inaturalist-open-data.s3.amazonaws.com/photos/663150278/medium.jpg,E:\Coding_Notes\Faunari\data\raw\inaturalist\363292970.jpg,2026-05-19
inaturalist,363291025,Ptyas mucosa,,https://static.inaturalist.org/photos/663146375/medium.jpg,E:\Coding_Notes\Faunari\data\raw\inaturalist\363291025.jpg,2026-05-20
inaturalist,363284072,Hypnale hypnale,,https://static.inaturalist.org/photos/663133430/medium.jpg,E:\Coding_Notes\Faunari\data\raw\inaturalist\363284072.jpg,2026-05-18
inaturalist,363273565,Fowlea piscator,cc-by,https://inaturalist-open-data.s3.amazonaws.com/photos/663113914/medium.jpg,E:\Coding_Notes\Faunari\data\raw\inaturalist\363273565.jpg,2026-05-18
inaturalist,363273152,Eryx conicus,cc-by-nc,https://inaturalist-open-data.s3.amazonaws.com/photos/663112889/medium.jpg,E:\Coding_Notes\Faunari\data\raw\inaturalist\363273152.jpg,2025-07-04
inaturalist,363261640,Ptyas mucosa,cc-by-nc,https://inaturalist-open-data.s3.amazonaws.com/photos/663089949/medium.jpg,E:\Coding_Notes\Faunari\data\raw\inaturalist\363261640.jpg,2026-05-17
inaturalist,363256117,Dendrelaphis girii,,https://static.inaturalist.org/photos/666348644/medium.jpg,E:\Coding_Notes\Faunari\data\raw\inaturalist\363256117.jpg,2026-05-20
inaturalist,363243635,Grypotyphlops acutus,cc-by-nc,https://inaturalist-open-data.s3.amazonaws.com/photos/663052127/medium.jpg,E:\Coding_Notes\Faunari\data\raw\inaturalist\363243635.jpg,2026-05-20
inaturalist,363205757,Fowlea piscator,cc-by-nc,https://inaturalist-open-data.s3.amazonaws.com/photos/662964522/medium.jpg,E:\Coding_Notes\Faunari\data\raw\inaturalist\363205757.jpg,2026-05-19
inaturalist,363205749,Fowlea piscator,cc-by-nc,https://inaturalist-open-data.s3.amazonaws.com/photos/662964069/medium.jpg,E:\Coding_Notes\Faunari\data\raw\inaturalist\363205749.jpg,2026-05-19
inaturalist,363198078,Ahaetulla malabarica,cc-by-nc,https://inaturalist-open-data.s3.amazonaws.com/photos/662932867/medium.jpg,E:\Coding_Notes\Faunari\data\raw\inaturalist\363198078.jpg,2026-05-18
inaturalist,363131084,Amphiesma stolatum,cc0,https://inaturalist-open-data.s3.amazonaws.com/photos/663055158/medium.jpg,E:\Coding_Notes\Faunari\data\raw\inaturalist\363131084.jpg,2026-05-18
inaturalist,363062663,Eryx conicus,cc-by-nc,https://inaturalist-open-data.s3.amazonaws.com/photos/662711724/medium.jpg,E:\Coding_Notes\Faunari\data\raw\inaturalist\363062663.jpg,2026-05-19
inaturalist,363057234,Boiga forsteni,cc-by-nc,https://inaturalist-open-data.s3.amazonaws.com/photos/662692750/medium.jpg,E:\Coding_Notes\Faunari\data\raw\inaturalist\363057234.jpg,2026-05-19
inaturalist,363048114,Daboia russelii,cc-by-nc,https://inaturalist-open-data.s3.amazonaws.com/photos/662674421/medium.jpg,E:\Coding_Notes\Faunari\data\raw\inaturalist\363048114.jpg,2026-05-18
inaturalist,363043906,Trimeresurus erythrurus,cc-by-nc,https://inaturalist-open-data.s3.amazonaws.com/photos/662667263/medium.jpg,E:\Coding_Notes\Faunari\data\raw\inaturalist\363043906.jpg,2026-05-19
inaturalist,363038922,Ptyas mucosa,cc-by-nc,https://inaturalist-open-data.s3.amazonaws.com/photos/662658619/medium.jpg,E:\Coding_Notes\Faunari\data\raw\inaturalist\363038922.jpg,2026-05-19
inaturalist,363031761,Ahaetulla oxyrhynca,cc-by-nc,https://inaturalist-open-data.s3.amazonaws.com/photos/662645911/medium.jpg,E:\Coding_Notes\Faunari\data\raw\inaturalist\363031761.jpg,2026-05-19
inaturalist,363027123,Fowlea piscator,cc-by-nc,https://inaturalist-open-data.s3.amazonaws.com/photos/663166155/medium.jpg,E:\Coding_Notes\Faunari\data\raw\inaturalist\363027123.jpg,2026-05-19
inaturalist,363022953,Daboia russelii,cc-by-nc,https://inaturalist-open-data.s3.amazonaws.com/photos/662628525/medium.jpg,E:\Coding_Notes\Faunari\data\raw\inaturalist\363022953.jpg,2026-05-15
inaturalist,363016436,Hypnale hypnale,cc-by-nc,https://inaturalist-open-data.s3.amazonaws.com/photos/662618691/medium.jpg,E:\Coding_Notes\Faunari\data\raw\inaturalist\363016436.jpg,2026-05-17
inaturalist,363015472,Ptyas mucosa,cc-by-nc,https://inaturalist-open-data.s3.amazonaws.com/photos/662617338/medium.jpg,E:\Coding_Notes\Faunari\data\raw\inaturalist\363015472.jpg,2026-05-19
inaturalist,362989045,Python bivittatus,cc-by-nc,https://inaturalist-open-data.s3.amazonaws.com/photos/662568489/medium.jpg,E:\Coding_Notes\Faunari\data\raw\inaturalist\362989045.jpg,2026-05-19
inaturalist,362981835,Boiga trigonata,cc-by-nc,https://inaturalist-open-data.s3.amazonaws.com/photos/662555100/medium.jpg,E:\Coding_Notes\Faunari\data\raw\inaturalist\362981835.jpg,2026-05-08
inaturalist,362972374,Lycodon aulicus,cc-by-nc,https://inaturalist-open-data.s3.amazonaws.com/photos/662535077/medium.jpg,E:\Coding_Notes\Faunari\data\raw\inaturalist\362972374.jpg,2026-05-19
inaturalist,362962851,Boiga multifasciata,cc-by-nc-nd,https://inaturalist-open-data.s3.amazonaws.com/photos/662517377/medium.jpg,E:\Coding_Notes\Faunari\data\raw\inaturalist\362962851.jpg,2026-05-17
inaturalist,362961039,Daboia russelii,cc-by-nc,https://inaturalist-open-data.s3.amazonaws.com/photos/663915188/medium.jpg,E:\Coding_Notes\Faunari\data\raw\inaturalist\362961039.jpg,2026-05-06
inaturalist,362930220,Fowlea piscator,,https://static.inaturalist.org/photos/662451826/medium.jpg,E:\Coding_Notes\Faunari\data\raw\inaturalist\362930220.jpg,2026-05-19
inaturalist,362871742,Ptyas mucosa,cc-by-nc,https://inaturalist-open-data.s3.amazonaws.com/photos/662336681/medium.jpg,E:\Coding_Notes\Faunari\data\raw\inaturalist\362871742.jpg,2026-04-27
inaturalist,362837958,Sahyadriophis beddomei,cc-by-nc,https://inaturalist-open-data.s3.amazonaws.com/photos/662269505/medium.jpg,E:\Coding_Notes\Faunari\data\raw\inaturalist\362837958.jpg,2026-05-15
inaturalist,362836797,Dendrelaphis ashoki,cc-by-nc,https://inaturalist-open-data.s3.amazonaws.com/photos/662267557/medium.jpg,E:\Coding_Notes\Faunari\data\raw\inaturalist\362836797.jpg,2026-05-15
inaturalist,362835444,Ahaetulla borealis,cc-by-nc,https://inaturalist-open-data.s3.amazonaws.com/photos/662265157/medium.jpg,E:\Coding_Notes\Faunari\data\raw\inaturalist\362835444.jpg,2026-05-16
inaturalist,362834151,Lycodon travancoricus,cc-by-nc,https://inaturalist-open-data.s3.amazonaws.com/photos/662262856/medium.jpg,E:\Coding_Notes\Faunari\data\raw\inaturalist\362834151.jpg,2026-05-19
inaturalist,362762238,Ptyas mucosa,cc-by-nc,https://inaturalist-open-data.s3.amazonaws.com/photos/662125462/medium.jpg,E:\Coding_Notes\Faunari\data\raw\inaturalist\362762238.jpg,2026-04-11
inaturalist,362755197,Hypnale hypnale,cc-by-nc,https://inaturalist-open-data.s3.amazonaws.com/photos/662113071/medium.jpg,E:\Coding_Notes\Faunari\data\raw\inaturalist\362755197.jpg,2026-05-17
inaturalist,362728664,Dendrelaphis tristis,cc-by-nc,https://inaturalist-open-data.s3.amazonaws.com/photos/662063883/medium.jpg,E:\Coding_Notes\Faunari\data\raw\inaturalist\362728664.jpg,2026-05-18
inaturalist,362721494,Eryx conicus,cc-by-nc,https://inaturalist-open-data.s3.amazonaws.com/photos/662050862/medium.jpg,E:\Coding_Notes\Faunari\data\raw\inaturalist\362721494.jpg,2026-04-26
inaturalist,362720389,Hypnale hypnale,,https://static.inaturalist.org/photos/662049449/medium.jpg,E:\Coding_Notes\Faunari\data\raw\inaturalist\362720389.jpg,2014-07-31
inaturalist,362719715,Rhabdophis plumbicolor,,https://static.inaturalist.org/photos/662048900/medium.jpg,E:\Coding_Notes\Faunari\data\raw\inaturalist\362719715.jpg,2014-07-31
inaturalist,362704324,Fowlea piscator,,https://static.inaturalist.org/photos/661993469/medium.jpg,E:\Coding_Notes\Faunari\data\raw\inaturalist\362704324.jpg,2026-05-17
inaturalist,362697505,Ahaetulla sahyadrensis,cc-by-nc,https://inaturalist-open-data.s3.amazonaws.com/photos/662007022/medium.jpg,E:\Coding_Notes\Faunari\data\raw\inaturalist\362697505.jpg,2026-05-18
inaturalist,362691926,Platyplectrurus madurensis,cc-by-nc,https://inaturalist-open-data.s3.amazonaws.com/photos/661996479/medium.jpg,E:\Coding_Notes\Faunari\data\raw\inaturalist\362691926.jpg,2026-05-17
inaturalist,362671139,Boiga stoliczkae,cc-by-nc,https://inaturalist-open-data.s3.amazonaws.com/photos/661959076/medium.jpg,E:\Coding_Notes\Faunari\data\raw\inaturalist\362671139.jpg,2026-04-28
inaturalist,362668657,Rhabdophis himalayanus,cc-by-nc,https://inaturalist-open-data.s3.amazonaws.com/photos/661954302/medium.jpg,E:\Coding_Notes\Faunari\data\raw\inaturalist\362668657.jpg,2026-04-28
inaturalist,362666208,Lycodon travancoricus,,https://static.inaturalist.org/photos/661940558/medium.jpg,E:\Coding_Notes\Faunari\data\raw\inaturalist\362666208.jpg,2023-07-29
inaturalist,362626107,Rhabdophis plumbicolor,cc-by-nc,https://inaturalist-open-data.s3.amazonaws.com/photos/661871958/medium.jpg,E:\Coding_Notes\Faunari\data\raw\inaturalist\362626107.jpg,2026-05-17
inaturalist,362484476,Craspedocephalus gramineus,,https://static.inaturalist.org/photos/661595332/medium.jpg,E:\Coding_Notes\Faunari\data\raw\inaturalist\362484476.jpg,2026-05-16
inaturalist,362450947,Lycodon travancoricus,,https://static.inaturalist.org/photos/661533280/medium.jpg,E:\Coding_Notes\Faunari\data\raw\inaturalist\362450947.jpg,2026-05-17
inaturalist,362449855,Hypnale hypnale,,https://static.inaturalist.org/photos/661531305/medium.jpg,E:\Coding_Notes\Faunari\data\raw\inaturalist\362449855.jpg,2026-05-15
inaturalist,362393407,Ophiophagus kaalinga,cc-by,https://inaturalist-open-data.s3.amazonaws.com/photos/661427551/medium.jpg,E:\Coding_Notes\Faunari\data\raw\inaturalist\362393407.jpg,2026-05-13
inaturalist,362393333,Hypnale hypnale,cc-by,https://inaturalist-open-data.s3.amazonaws.com/photos/661427458/medium.jpg,E:\Coding_Notes\Faunari\data\raw\inaturalist\362393333.jpg,2026-05-13
inaturalist,362392668,Craspedocephalus anamallensis,cc-by-nc,https://inaturalist-open-data.s3.amazonaws.com/photos/661426153/medium.jpg,E:\Coding_Notes\Faunari\data\raw\inaturalist\362392668.jpg,2026-05-17
inaturalist,362392454,Craspedocephalus anamallensis,cc-by-nc,https://inaturalist-open-data.s3.amazonaws.com/photos/661425804/medium.jpg,E:\Coding_Notes\Faunari\data\raw\inaturalist\362392454.jpg,2026-05-17
inaturalist,362380630,Hypnale hypnale,cc-by-nc,https://inaturalist-open-data.s3.amazonaws.com/photos/661403411/medium.jpg,E:\Coding_Notes\Faunari\data\raw\inaturalist\362380630.jpg,2026-05-13
inaturalist,362380121,Ophiophagus kaalinga,cc-by-nc,https://inaturalist-open-data.s3.amazonaws.com/photos/661402542/medium.jpg,E:\Coding_Notes\Faunari\data\raw\inaturalist\362380121.jpg,2026-05-13
inaturalist,362380009,Hypnale hypnale,cc-by,https://inaturalist-open-data.s3.amazonaws.com/photos/661402312/medium.jpg,E:\Coding_Notes\Faunari\data\raw\inaturalist\362380009.jpg,2026-05-13
inaturalist,362365175,Boiga stoliczkae,,https://static.inaturalist.org/photos/661375581/medium.jpg,E:\Coding_Notes\Faunari\data\raw\inaturalist\362365175.jpg,2026-04-24
inaturalist,362258436,Boiga nuchalis,cc-by-nc,https://inaturalist-open-data.s3.amazonaws.com/photos/661178050/medium.jpg,E:\Coding_Notes\Faunari\data\raw\inaturalist\362258436.jpg,2026-05-17
inaturalist,362238770,Ptyas mucosa,cc-by,https://inaturalist-open-data.s3.amazonaws.com/photos/661138305/medium.jpg,E:\Coding_Notes\Faunari\data\raw\inaturalist\362238770.jpg,2026-05-15
inaturalist,362232662,Indotyphlops braminus,cc-by-nc,https://inaturalist-open-data.s3.amazonaws.com/photos/661127476/medium.jpg,E:\Coding_Notes\Faunari\data\raw\inaturalist\362232662.jpg,2024-10-31
inaturalist,362047851,Dendrelaphis tristis,,https://static.inaturalist.org/photos/660770439/medium.jpg,E:\Coding_Notes\Faunari\data\raw\inaturalist\362047851.jpg,2026-05-11
inaturalist,362042007,Lycodon striatus,,https://static.inaturalist.org/photos/660759866/medium.jpg,E:\Coding_Notes\Faunari\data\raw\inaturalist\362042007.jpg,2026-05-16
inaturalist,361945798,Ptyas mucosa,cc-by-nc,https://inaturalist-open-data.s3.amazonaws.com/photos/660587476/medium.jpg,E:\Coding_Notes\Faunari\data\raw\inaturalist\361945798.jpg,2026-05-16
inaturalist,361939502,Hypnale hypnale,,https://static.inaturalist.org/photos/660576412/medium.jpg,E:\Coding_Notes\Faunari\data\raw\inaturalist\361939502.jpg,2023-11-14
inaturalist,361939414,Craspedocephalus travancoricus,,https://static.inaturalist.org/photos/660575977/medium.jpg,E:\Coding_Notes\Faunari\data\raw\inaturalist\361939414.jpg,2024-04-10
inaturalist,361930584,Fowlea piscator,cc-by-nc,https://inaturalist-open-data.s3.amazonaws.com/photos/660560392/medium.jpg,E:\Coding_Notes\Faunari\data\raw\inaturalist\361930584.jpg,2026-05-16
inaturalist,361927742,Oligodon taeniolatus,,https://static.inaturalist.org/photos/660555300/medium.jpg,E:\Coding_Notes\Faunari\data\raw\inaturalist\361927742.jpg,2026-05-16
inaturalist,361921847,Bungarus caeruleus,cc-by,https://inaturalist-open-data.s3.amazonaws.com/photos/660544626/medium.jpg,E:\Coding_Notes\Faunari\data\raw\inaturalist\361921847.jpg,2026-05-15
inaturalist,361910131,Lycodon hypsirhinoides,cc-by,https://inaturalist-open-data.s3.amazonaws.com/photos/660521745/medium.jpg,E:\Coding_Notes\Faunari\data\raw\inaturalist\361910131.jpg,2026-05-13
inaturalist,361908728,Ptyas mucosa,,https://static.inaturalist.org/photos/660519110/medium.jpg,E:\Coding_Notes\Faunari\data\raw\inaturalist\361908728.jpg,2026-05-15
inaturalist,361908403,Lycodon aulicus,cc-by-nc-sa,https://inaturalist-open-data.s3.amazonaws.com/photos/660518398/medium.jpg,E:\Coding_Notes\Faunari\data\raw\inaturalist\361908403.jpg,2026-05-10
inaturalist,361907071,Ahaetulla oxyrhynca,,https://static.inaturalist.org/photos/660515647/medium.jpg,E:\Coding_Notes\Faunari\data\raw\inaturalist\361907071.jpg,2021-06-30
inaturalist,361906618,Ahaetulla oxyrhynca,,https://static.inaturalist.org/photos/660514544/medium.jpg,E:\Coding_Notes\Faunari\data\raw\inaturalist\361906618.jpg,2021-07-10
inaturalist,361906521,Ptyas mucosa,cc-by-nc,https://inaturalist-open-data.s3.amazonaws.com/photos/660514257/medium.jpg,E:\Coding_Notes\Faunari\data\raw\inaturalist\361906521.jpg,2026-05-06
inaturalist,361906258,Eryx conicus,,https://static.inaturalist.org/photos/660513911/medium.jpg,E:\Coding_Notes\Faunari\data\raw\inaturalist\361906258.jpg,2026-05-16
inaturalist,361905887,Ahaetulla oxyrhynca,,https://static.inaturalist.org/photos/660513255/medium.jpg,E:\Coding_Notes\Faunari\data\raw\inaturalist\361905887.jpg,2021-12-19
inaturalist,361905621,Fowlea piscator,,https://static.inaturalist.org/photos/660512777/medium.jpg,E:\Coding_Notes\Faunari\data\raw\inaturalist\361905621.jpg,2022-02-04
inaturalist,361903694,Hypnale hypnale,,https://static.inaturalist.org/photos/660509351/medium.jpg,E:\Coding_Notes\Faunari\data\raw\inaturalist\361903694.jpg,2023-11-14
inaturalist,361903390,Craspedocephalus travancoricus,,https://static.inaturalist.org/photos/660509108/medium.jpg,E:\Coding_Notes\Faunari\data\raw\inaturalist\361903390.jpg,2023-11-13
inaturalist,361902871,Ptyas mucosa,,https://static.inaturalist.org/photos/660507900/medium.jpg,E:\Coding_Notes\Faunari\data\raw\inaturalist\361902871.jpg,2026-05-16
inaturalist,361902085,Oligodon arnensis,,https://static.inaturalist.org/photos/660506449/medium.jpg,E:\Coding_Notes\Faunari\data\raw\inaturalist\361902085.jpg,2026-05-16
inaturalist,361893609,Fowlea piscator,cc-by-nc,https://inaturalist-open-data.s3.amazonaws.com/photos/660489745/medium.jpg,E:\Coding_Notes\Faunari\data\raw\inaturalist\361893609.jpg,2026-05-16
inaturalist,361819154,Gloydius himalayanus,cc-by-nc,https://inaturalist-open-data.s3.amazonaws.com/photos/660345375/medium.jpg,E:\Coding_Notes\Faunari\data\raw\inaturalist\361819154.jpg,2026-04-15
inaturalist,361744587,Eryx conicus,cc-by-nc,https://inaturalist-open-data.s3.amazonaws.com/photos/660204776/medium.jpg,E:\Coding_Notes\Faunari\data\raw\inaturalist\361744587.jpg,2026-05-15
inaturalist,361724753,Pareas monticola,cc-by-nc,https://inaturalist-open-data.s3.amazonaws.com/photos/660170769/medium.jpg,E:\Coding_Notes\Faunari\data\raw\inaturalist\361724753.jpg,2026-05-15
inaturalist,361724432,Fowlea piscator,cc-by-nc,https://inaturalist-open-data.s3.amazonaws.com/photos/660167856/medium.jpg,E:\Coding_Notes\Faunari\data\raw\inaturalist\361724432.jpg,2026-05-13
inaturalist,361708362,Elaphe hodgsoni,cc-by-nc,https://inaturalist-open-data.s3.amazonaws.com/photos/660140877/medium.jpg,E:\Coding_Notes\Faunari\data\raw\inaturalist\361708362.jpg,2026-05-15
inaturalist,361674495,Hypnale hypnale,,https://static.inaturalist.org/photos/660080167/medium.jpg,E:\Coding_Notes\Faunari\data\raw\inaturalist\361674495.jpg,2023-11-15
inaturalist,361672245,Craspedocephalus peltopelor,,https://static.inaturalist.org/photos/660075353/medium.jpg,E:\Coding_Notes\Faunari\data\raw\inaturalist\361672245.jpg,2024-04-09
inaturalist,361671398,Craspedocephalus travancoricus,,https://static.inaturalist.org/photos/660073654/medium.jpg,E:\Coding_Notes\Faunari\data\raw\inaturalist\361671398.jpg,2024-04-09
inaturalist,361671195,Craspedocephalus travancoricus,,https://static.inaturalist.org/photos/660073384/medium.jpg,E:\Coding_Notes\Faunari\data\raw\inaturalist\361671195.jpg,2024-04-10
inaturalist,361670937,Craspedocephalus travancoricus,,https://static.inaturalist.org/photos/660073249/medium.jpg,E:\Coding_Notes\Faunari\data\raw\inaturalist\361670937.jpg,2024-04-10
inaturalist,361670370,Craspedocephalus travancoricus,,https://static.inaturalist.org/photos/660071642/medium.jpg,E:\Coding_Notes\Faunari\data\raw\inaturalist\361670370.jpg,2026-05-15
inaturalist,361662891,Ptyas mucosa,,https://static.inaturalist.org/photos/660058985/medium.jpg,E:\Coding_Notes\Faunari\data\raw\inaturalist\361662891.jpg,2026-05-15
inaturalist,361651755,Xylophis perroteti,,https://static.inaturalist.org/photos/660038666/medium.jpg,E:\Coding_Notes\Faunari\data\raw\inaturalist\361651755.jpg,2026-05-15
inaturalist,361647693,Malayopython reticulatus,cc-by-nc,https://inaturalist-open-data.s3.amazonaws.com/photos/660031650/medium.jpg,E:\Coding_Notes\Faunari\data\raw\inaturalist\361647693.jpg,2025-11-29
inaturalist,361635366,Naja naja,,https://static.inaturalist.org/photos/660497274/medium.jpg,E:\Coding_Notes\Faunari\data\raw\inaturalist\361635366.jpg,2026-05-14
inaturalist,361631074,Hypnale hypnale,cc-by-nc,https://inaturalist-open-data.s3.amazonaws.com/photos/660000049/medium.jpg,E:\Coding_Notes\Faunari\data\raw\inaturalist\361631074.jpg,2015-08-19
inaturalist,361628546,Daboia russelii,cc-by,https://inaturalist-open-data.s3.amazonaws.com/photos/659989739/medium.jpg,E:\Coding_Notes\Faunari\data\raw\inaturalist\361628546.jpg,2026-05-14
inaturalist,361616078,Lycodon travancoricus,,https://static.inaturalist.org/photos/659969550/medium.jpg,E:\Coding_Notes\Faunari\data\raw\inaturalist\361616078.jpg,2026-01-31
inaturalist,361602038,Naja naja,cc-by-nc,https://inaturalist-open-data.s3.amazonaws.com/photos/659940752/medium.jpg,E:\Coding_Notes\Faunari\data\raw\inaturalist\361602038.jpg,2026-04-13
inaturalist,361586584,Ahaetulla oxyrhynca,cc-by,https://inaturalist-open-data.s3.amazonaws.com/photos/659910029/medium.jpg,E:\Coding_Notes\Faunari\data\raw\inaturalist\361586584.jpg,2026-05-15
inaturalist,361479880,Coelognathus helena helena,cc-by-nc,https://inaturalist-open-data.s3.amazonaws.com/photos/659701499/medium.jpg,E:\Coding_Notes\Faunari\data\raw\inaturalist\361479880.jpg,2026-05-14
inaturalist,361479476,Ahaetulla farnsworthi,cc-by-sa,https://inaturalist-open-data.s3.amazonaws.com/photos/659521366/medium.jpg,E:\Coding_Notes\Faunari\data\raw\inaturalist\361479476.jpg,2026-05-14
inaturalist,361463932,Daboia russelii,,https://static.inaturalist.org/photos/659671233/medium.jpg,E:\Coding_Notes\Faunari\data\raw\inaturalist\361463932.jpg,2026-05-14
inaturalist,361409563,Indotyphlops braminus,cc-by-nc,https://inaturalist-open-data.s3.amazonaws.com/photos/659571813/medium.jpg,E:\Coding_Notes\Faunari\data\raw\inaturalist\361409563.jpg,2026-05-14
inaturalist,361400514,Daboia russelii,cc-by-nc,https://inaturalist-open-data.s3.amazonaws.com/photos/659553949/medium.jpg,E:\Coding_Notes\Faunari\data\raw\inaturalist\361400514.jpg,2026-05-13
inaturalist,361378276,Python molurus,,https://static.inaturalist.org/photos/659512480/medium.jpg,E:\Coding_Notes\Faunari\data\raw\inaturalist\361378276.jpg,2026-05-07
inaturalist,361377530,Ptyas mucosa,,https://static.inaturalist.org/photos/659511031/medium.jpg,E:\Coding_Notes\Faunari\data\raw\inaturalist\361377530.jpg,2026-05-14
inaturalist,361366592,Ptyas mucosa,cc-by-nc,https://inaturalist-open-data.s3.amazonaws.com/photos/659491152/medium.jpg,E:\Coding_Notes\Faunari\data\raw\inaturalist\361366592.jpg,2025-05-11
inaturalist,361363138,Fowlea piscator,cc-by-nc,https://inaturalist-open-data.s3.amazonaws.com/photos/659484373/medium.jpg,E:\Coding_Notes\Faunari\data\raw\inaturalist\361363138.jpg,2026-05-14
inaturalist,361363135,Fowlea piscator,cc-by-nc,https://inaturalist-open-data.s3.amazonaws.com/photos/659484370/medium.jpg,E:\Coding_Notes\Faunari\data\raw\inaturalist\361363135.jpg,2026-05-14
inaturalist,361347812,Ptyas mucosa,cc-by-nc,https://inaturalist-open-data.s3.amazonaws.com/photos/659455451/medium.jpg,E:\Coding_Notes\Faunari\data\raw\inaturalist\361347812.jpg,2026-02-28
inaturalist,361347718,Fowlea piscator,cc-by,https://inaturalist-open-data.s3.amazonaws.com/photos/659535857/medium.jpg,E:\Coding_Notes\Faunari\data\raw\inaturalist\361347718.jpg,2026-05-14
inaturalist,361345885,Ptyas mucosa,cc-by-nc,https://inaturalist-open-data.s3.amazonaws.com/photos/659452040/medium.jpg,E:\Coding_Notes\Faunari\data\raw\inaturalist\361345885.jpg,2026-05-14
inaturalist,361345803,Ptyas mucosa,cc-by-nc,https://inaturalist-open-data.s3.amazonaws.com/photos/659451925/medium.jpg,E:\Coding_Notes\Faunari\data\raw\inaturalist\361345803.jpg,2026-05-14
inaturalist,361334478,Lycodon aulicus,cc-by-nc,https://inaturalist-open-data.s3.amazonaws.com/photos/659429782/medium.jpg,E:\Coding_Notes\Faunari\data\raw\inaturalist\361334478.jpg,2026-05-13
inaturalist,361304370,Fowlea piscator,cc-by,https://inaturalist-open-data.s3.amazonaws.com/photos/660287688/medium.jpg,E:\Coding_Notes\Faunari\data\raw\inaturalist\361304370.jpg,2026-04-13
inaturalist,361212648,Boiga beddomei,cc-by-nc,https://inaturalist-open-data.s3.amazonaws.com/photos/659189116/medium.jpg,E:\Coding_Notes\Faunari\data\raw\inaturalist\361212648.jpg,2026-05-11
inaturalist,361193337,Ahaetulla malabarica,cc-by-nc,https://inaturalist-open-data.s3.amazonaws.com/photos/659157498/medium.jpg,E:\Coding_Notes\Faunari\data\raw\inaturalist\361193337.jpg,2026-05-13
inaturalist,361158165,Rhabdophis plumbicolor,cc-by-nc,https://inaturalist-open-data.s3.amazonaws.com/photos/659093385/medium.jpg,E:\Coding_Notes\Faunari\data\raw\inaturalist\361158165.jpg,2026-05-13
inaturalist,361152747,Indotyphlops braminus,cc-by-nc,https://inaturalist-open-data.s3.amazonaws.com/photos/659084251/medium.jpg,E:\Coding_Notes\Faunari\data\raw\inaturalist\361152747.jpg,2026-05-13
inaturalist,361149709,Bungarus caeruleus,cc-by-nc,https://inaturalist-open-data.s3.amazonaws.com/photos/659077771/medium.jpg,E:\Coding_Notes\Faunari\data\raw\inaturalist\361149709.jpg,2026-05-13
inaturalist,361134912,Hypnale hypnale,,https://static.inaturalist.org/photos/659050369/medium.jpg,E:\Coding_Notes\Faunari\data\raw\inaturalist\361134912.jpg,2026-02-21
inaturalist,361095472,Naja naja,cc-by-nc,https://inaturalist-open-data.s3.amazonaws.com/photos/659410190/medium.jpg,E:\Coding_Notes\Faunari\data\raw\inaturalist\361095472.jpg,2026-05-13
inaturalist,361092934,Hypnale hypnale,cc-by-nc,https://inaturalist-open-data.s3.amazonaws.com/photos/658970639/medium.jpg,E:\Coding_Notes\Faunari\data\raw\inaturalist\361092934.jpg,2026-05-13
inaturalist,361078823,Fowlea piscator,,https://static.inaturalist.org/photos/658942014/medium.jpg,E:\Coding_Notes\Faunari\data\raw\inaturalist\361078823.jpg,2026-05-09
inaturalist,361074727,Lycodon travancoricus,cc-by,https://inaturalist-open-data.s3.amazonaws.com/photos/658934927/medium.jpg,E:\Coding_Notes\Faunari\data\raw\inaturalist\361074727.jpg,2026-05-11
inaturalist,361064025,Fowlea piscator,cc-by-nc,https://inaturalist-open-data.s3.amazonaws.com/photos/658915963/medium.jpg,E:\Coding_Notes\Faunari\data\raw\inaturalist\361064025.jpg,2026-05-13
inaturalist,361036906,Melanophidium punctatum,,https://static.inaturalist.org/photos/658859144/medium.jpg,E:\Coding_Notes\Faunari\data\raw\inaturalist\361036906.jpg,2026-05-10
inaturalist,360936174,Fowlea piscator,cc-by-nc,https://inaturalist-open-data.s3.amazonaws.com/photos/658659528/medium.jpg,E:\Coding_Notes\Faunari\data\raw\inaturalist\360936174.jpg,2026-05-12
inaturalist,360907417,Eryx conicus,,https://static.inaturalist.org/photos/658605043/medium.jpg,E:\Coding_Notes\Faunari\data\raw\inaturalist\360907417.jpg,2022-07-14
inaturalist,360901256,Oligodon albocinctus,,https://static.inaturalist.org/photos/658593921/medium.jpg,E:\Coding_Notes\Faunari\data\raw\inaturalist\360901256.jpg,2026-05-11
inaturalist,360889416,Fowlea piscator,cc-by-nc,https://inaturalist-open-data.s3.amazonaws.com/photos/658572566/medium.jpg,E:\Coding_Notes\Faunari\data\raw\inaturalist\360889416.jpg,2026-04-17
inaturalist,360888794,Lycodon aulicus,cc-by-nc,https://inaturalist-open-data.s3.amazonaws.com/photos/658571691/medium.jpg,E:\Coding_Notes\Faunari\data\raw\inaturalist\360888794.jpg,2026-05-12
inaturalist,360882096,Lycodon striatus,cc-by-nc,https://inaturalist-open-data.s3.amazonaws.com/photos/658559215/medium.jpg,E:\Coding_Notes\Faunari\data\raw\inaturalist\360882096.jpg,2026-05-09
inaturalist,360871562,Lycodon travancoricus,cc-by-nc,https://inaturalist-open-data.s3.amazonaws.com/photos/658539469/medium.jpg,E:\Coding_Notes\Faunari\data\raw\inaturalist\360871562.jpg,2026-05-11
inaturalist,360870525,Rhinophis melanoleucus,,https://static.inaturalist.org/photos/658537764/medium.jpg,E:\Coding_Notes\Faunari\data\raw\inaturalist\360870525.jpg,2026-05-12
inaturalist,360870305,Fowlea piscator,,https://static.inaturalist.org/photos/658537159/medium.jpg,E:\Coding_Notes\Faunari\data\raw\inaturalist\360870305.jpg,2026-05-12
inaturalist,360869398,Oligodon affinis,,https://static.inaturalist.org/photos/658535352/medium.jpg,E:\Coding_Notes\Faunari\data\raw\inaturalist\360869398.jpg,2026-05-11
inaturalist,360857670,Hypnale hypnale,cc-by-nc,https://inaturalist-open-data.s3.amazonaws.com/photos/658510321/medium.jpg,E:\Coding_Notes\Faunari\data\raw\inaturalist\360857670.jpg,2024-12-07
inaturalist,360857653,Amphiesma monticola,cc-by-nc,https://inaturalist-open-data.s3.amazonaws.com/photos/658510060/medium.jpg,E:\Coding_Notes\Faunari\data\raw\inaturalist\360857653.jpg,2024-12-02
inaturalist,360857647,Hypnale hypnale,cc-by-nc,https://inaturalist-open-data.s3.amazonaws.com/photos/658510003/medium.jpg,E:\Coding_Notes\Faunari\data\raw\inaturalist\360857647.jpg,2024-12-06
inaturalist,360857623,Hypnale hypnale,cc-by-nc,https://inaturalist-open-data.s3.amazonaws.com/photos/658509619/medium.jpg,E:\Coding_Notes\Faunari\data\raw\inaturalist\360857623.jpg,2024-12-05
inaturalist,360857614,Hypnale hypnale,cc-by-nc,https://inaturalist-open-data.s3.amazonaws.com/photos/658509036/medium.jpg,E:\Coding_Notes\Faunari\data\raw\inaturalist\360857614.jpg,2024-12-05
inaturalist,360850458,Boiga forsteni,cc-by-nc,https://inaturalist-open-data.s3.amazonaws.com/photos/658499414/medium.jpg,E:\Coding_Notes\Faunari\data\raw\inaturalist\360850458.jpg,2026-05-07
inaturalist,360847427,Python molurus,cc-by-nc,https://inaturalist-open-data.s3.amazonaws.com/photos/658493970/medium.jpg,E:\Coding_Notes\Faunari\data\raw\inaturalist\360847427.jpg,2026-05-12
inaturalist,360844073,Fowlea piscator,cc-by-nc,https://inaturalist-open-data.s3.amazonaws.com/photos/658486351/medium.jpg,E:\Coding_Notes\Faunari\data\raw\inaturalist\360844073.jpg,2026-05-12
inaturalist,360833367,Fowlea piscator,cc-by,https://inaturalist-open-data.s3.amazonaws.com/photos/658466875/medium.jpg,E:\Coding_Notes\Faunari\data\raw\inaturalist\360833367.jpg,2025-11-27
inaturalist,360824942,Coelognathus helena helena,cc-by-nc,https://inaturalist-open-data.s3.amazonaws.com/photos/658451278/medium.jpg,E:\Coding_Notes\Faunari\data\raw\inaturalist\360824942.jpg,2026-05-03
inaturalist,360815043,Platyceps plinii,cc-by-nc,https://inaturalist-open-data.s3.amazonaws.com/photos/658431732/medium.jpg,E:\Coding_Notes\Faunari\data\raw\inaturalist\360815043.jpg,2026-05-10
inaturalist,360814629,Ptyas mucosa,cc-by-nc,https://inaturalist-open-data.s3.amazonaws.com/photos/658430823/medium.jpg,E:\Coding_Notes\Faunari\data\raw\inaturalist\360814629.jpg,2026-05-12
inaturalist,360800694,Ptyas mucosa,,https://static.inaturalist.org/photos/658404093/medium.jpg,E:\Coding_Notes\Faunari\data\raw\inaturalist\360800694.jpg,2026-05-12
inaturalist,360780074,Eryx johnii,,https://static.inaturalist.org/photos/658361326/medium.jpg,E:\Coding_Notes\Faunari\data\raw\inaturalist\360780074.jpg,2026-05-02
inaturalist,360778402,Ahaetulla perroteti,cc-by-nc,https://inaturalist-open-data.s3.amazonaws.com/photos/658359478/medium.jpg,E:\Coding_Notes\Faunari\data\raw\inaturalist\360778402.jpg,2026-04-27
inaturalist,360773456,Ahaetulla oxyrhynca,cc-by-nc,https://inaturalist-open-data.s3.amazonaws.com/photos/658348330/medium.jpg,E:\Coding_Notes\Faunari\data\raw\inaturalist\360773456.jpg,2026-05-12
inaturalist,360773370,Lycodon aulicus,,https://static.inaturalist.org/photos/658348037/medium.jpg,E:\Coding_Notes\Faunari\data\raw\inaturalist\360773370.jpg,2026-05-09
inaturalist,360645233,Coelognathus helena helena,cc-by-nc,https://inaturalist-open-data.s3.amazonaws.com/photos/658090897/medium.jpg,E:\Coding_Notes\Faunari\data\raw\inaturalist\360645233.jpg,2026-05-11
inaturalist,360612558,Bungarus caeruleus,cc-by-nc,https://inaturalist-open-data.s3.amazonaws.com/photos/658030893/medium.jpg,E:\Coding_Notes\Faunari\data\raw\inaturalist\360612558.jpg,2026-05-10
inaturalist,360612196,Dendrelaphis tristis,cc-by-nc,https://inaturalist-open-data.s3.amazonaws.com/photos/658030134/medium.jpg,E:\Coding_Notes\Faunari\data\raw\inaturalist\360612196.jpg,2026-05-10
inaturalist,360610211,Trimeresurus septentrionalis,cc-by-nc,https://inaturalist-open-data.s3.amazonaws.com/photos/658025999/medium.jpg,E:\Coding_Notes\Faunari\data\raw\inaturalist\360610211.jpg,2026-05-10
inaturalist,360595107,Chrysopelea ornata,,https://static.inaturalist.org/photos/657997917/medium.jpg,E:\Coding_Notes\Faunari\data\raw\inaturalist\360595107.jpg,2026-05-11
inaturalist,360594181,Coelognathus helena monticollaris,,https://static.inaturalist.org/photos/657995498/medium.jpg,E:\Coding_Notes\Faunari\data\raw\inaturalist\360594181.jpg,2026-05-11
inaturalist,360593996,Lycodon travancoricus,cc-by-sa,https://inaturalist-open-data.s3.amazonaws.com/photos/657994894/medium.jpg,E:\Coding_Notes\Faunari\data\raw\inaturalist\360593996.jpg,2026-05-11
inaturalist,360583568,Echis carinatus,cc-by-nc,https://inaturalist-open-data.s3.amazonaws.com/photos/657973917/medium.jpg,E:\Coding_Notes\Faunari\data\raw\inaturalist\360583568.jpg,2025-10-11
inaturalist,360574687,Coelognathus radiatus,cc-by-nc,https://inaturalist-open-data.s3.amazonaws.com/photos/657955986/medium.jpg,E:\Coding_Notes\Faunari\data\raw\inaturalist\360574687.jpg,2026-05-10
inaturalist,360559264,Ptyas mucosa,cc-by-nc,https://inaturalist-open-data.s3.amazonaws.com/photos/657928126/medium.jpg,E:\Coding_Notes\Faunari\data\raw\inaturalist\360559264.jpg,2026-05-11
inaturalist,360548736,Naja naja,cc-by-nc,https://inaturalist-open-data.s3.amazonaws.com/photos/657908449/medium.jpg,E:\Coding_Notes\Faunari\data\raw\inaturalist\360548736.jpg,2026-05-11
inaturalist,360543708,Platyceps ventromaculatus,cc-by-nc,https://inaturalist-open-data.s3.amazonaws.com/photos/657898014/medium.jpg,E:\Coding_Notes\Faunari\data\raw\inaturalist\360543708.jpg,2026-04-25
inaturalist,360535670,Fowlea piscator,cc-by-nc,https://inaturalist-open-data.s3.amazonaws.com/photos/657883900/medium.jpg,E:\Coding_Notes\Faunari\data\raw\inaturalist\360535670.jpg,2026-05-11
inaturalist,360532748,Python molurus,,https://static.inaturalist.org/photos/657878067/medium.jpg,E:\Coding_Notes\Faunari\data\raw\inaturalist\360532748.jpg,2026-05-11
inaturalist,360532665,Lycodon aulicus,cc-by-nc,https://inaturalist-open-data.s3.amazonaws.com/photos/657877787/medium.jpg,E:\Coding_Notes\Faunari\data\raw\inaturalist\360532665.jpg,2026-05-09
inaturalist,360532577,Lycodon aulicus,cc-by-nc,https://inaturalist-open-data.s3.amazonaws.com/photos/657877544/medium.jpg,E:\Coding_Notes\Faunari\data\raw\inaturalist\360532577.jpg,2026-05-09
inaturalist,360532386,Boiga trigonata,cc-by-nc,https://inaturalist-open-data.s3.amazonaws.com/photos/657877068/medium.jpg,E:\Coding_Notes\Faunari\data\raw\inaturalist\360532386.jpg,2026-05-09
inaturalist,360529668,Ahaetulla farnsworthi,cc-by-nc,https://inaturalist-open-data.s3.amazonaws.com/photos/657871668/medium.jpg,E:\Coding_Notes\Faunari\data\raw\inaturalist\360529668.jpg,2026-05-11
inaturalist,360525467,Ptyas mucosa,cc-by-nc,https://inaturalist-open-data.s3.amazonaws.com/photos/657864019/medium.jpg,E:\Coding_Notes\Faunari\data\raw\inaturalist\360525467.jpg,2026-05-11
inaturalist,360484148,Ptyas mucosa,cc-by-nc,https://inaturalist-open-data.s3.amazonaws.com/photos/657786572/medium.jpg,E:\Coding_Notes\Faunari\data\raw\inaturalist\360484148.jpg,2026-05-11
inaturalist,360467867,Boiga andamanensis,,https://static.inaturalist.org/photos/657759263/medium.jpg,E:\Coding_Notes\Faunari\data\raw\inaturalist\360467867.jpg,2026-04-01
inaturalist,360461581,Boiga trigonata,,https://static.inaturalist.org/photos/657746930/medium.jpg,E:\Coding_Notes\Faunari\data\raw\inaturalist\360461581.jpg,2026-05-10
inaturalist,360341172,Indotyphlops braminus,cc-by-nc,https://inaturalist-open-data.s3.amazonaws.com/photos/657513571/medium.jpg,E:\Coding_Notes\Faunari\data\raw\inaturalist\360341172.jpg,2019-08-10
inaturalist,360331177,Lycodon travancoricus,cc-by-nc,https://inaturalist-open-data.s3.amazonaws.com/photos/657495186/medium.jpg,E:\Coding_Notes\Faunari\data\raw\inaturalist\360331177.jpg,2026-05-11
inaturalist,360312061,Indotyphlops braminus,cc-by-nc,https://inaturalist-open-data.s3.amazonaws.com/photos/657444380/medium.jpg,E:\Coding_Notes\Faunari\data\raw\inaturalist\360312061.jpg,2026-05-10
inaturalist,360309197,Uropeltis ocellata,,https://static.inaturalist.org/photos/657453113/medium.jpg,E:\Coding_Notes\Faunari\data\raw\inaturalist\360309197.jpg,2026-05-06
inaturalist,360308455,Fowlea piscator,cc-by-nc,https://inaturalist-open-data.s3.amazonaws.com/photos/657449509/medium.jpg,E:\Coding_Notes\Faunari\data\raw\inaturalist\360308455.jpg,2026-04-27
inaturalist,360308442,Fowlea piscator,cc-by-nc,https://inaturalist-open-data.s3.amazonaws.com/photos/657449310/medium.jpg,E:\Coding_Notes\Faunari\data\raw\inaturalist\360308442.jpg,2026-04-27
inaturalist,360308435,Fowlea piscator,cc-by-nc,https://inaturalist-open-data.s3.amazonaws.com/photos/657449295/medium.jpg,E:\Coding_Notes\Faunari\data\raw\inaturalist\360308435.jpg,2026-04-27
inaturalist,360242559,Daboia russelii,cc-by-nc,https://inaturalist-open-data.s3.amazonaws.com/photos/657304618/medium.jpg,E:\Coding_Notes\Faunari\data\raw\inaturalist\360242559.jpg,2026-05-09
inaturalist,360215114,Fowlea piscator,cc-by-nc,https://inaturalist-open-data.s3.amazonaws.com/photos/657305838/medium.jpg,E:\Coding_Notes\Faunari\data\raw\inaturalist\360215114.jpg,2026-05-10
inaturalist,360206135,Psammodynastes pulverulentus,cc-by-nc,https://inaturalist-open-data.s3.amazonaws.com/photos/654958706/medium.jpg,E:\Coding_Notes\Faunari\data\raw\inaturalist\360206135.jpg,2026-04-03
inaturalist,360205694,Trimeresurus septentrionalis,cc-by-nc,https://inaturalist-open-data.s3.amazonaws.com/photos/657265402/medium.jpg,E:\Coding_Notes\Faunari\data\raw\inaturalist\360205694.jpg,2026-05-09
inaturalist,360205532,Psammodynastes pulverulentus,cc-by-nc,https://inaturalist-open-data.s3.amazonaws.com/photos/654955517/medium.jpg,E:\Coding_Notes\Faunari\data\raw\inaturalist\360205532.jpg,2026-04-03
inaturalist,360166382,Oligodon arnensis,cc-by-nc,https://inaturalist-open-data.s3.amazonaws.com/photos/657250606/medium.jpg,E:\Coding_Notes\Faunari\data\raw\inaturalist\360166382.jpg,2026-05-10
inaturalist,360165520,Trimeresurus erythrurus,,https://static.inaturalist.org/photos/657192054/medium.jpg,E:\Coding_Notes\Faunari\data\raw\inaturalist\360165520.jpg,2024-07-22
inaturalist,360151324,Craspedocephalus gramineus,cc-by-nc,https://inaturalist-open-data.s3.amazonaws.com/photos/657164617/medium.jpg,E:\Coding_Notes\Faunari\data\raw\inaturalist\360151324.jpg,2023-11-05
inaturalist,360138860,Rhabdophis plumbicolor,cc-by-nc,https://inaturalist-open-data.s3.amazonaws.com/photos/659606567/medium.jpg,E:\Coding_Notes\Faunari\data\raw\inaturalist\360138860.jpg,2026-05-10
inaturalist,360136728,Ahaetulla borealis,cc-by-nc,https://inaturalist-open-data.s3.amazonaws.com/photos/657138113/medium.jpg,E:\Coding_Notes\Faunari\data\raw\inaturalist\360136728.jpg,2026-05-05
inaturalist,360136058,Ptyas mucosa,cc-by-nc,https://inaturalist-open-data.s3.amazonaws.com/photos/657140490/medium.jpg,E:\Coding_Notes\Faunari\data\raw\inaturalist\360136058.jpg,2026-05-10
inaturalist,360120324,Oligodon taeniolatus,cc-by-nc,https://inaturalist-open-data.s3.amazonaws.com/photos/657110950/medium.jpg,E:\Coding_Notes\Faunari\data\raw\inaturalist\360120324.jpg,2026-05-10
inaturalist,360106912,Echis carinatus,,https://static.inaturalist.org/photos/657084554/medium.jpg,E:\Coding_Notes\Faunari\data\raw\inaturalist\360106912.jpg,2026-04-27
inaturalist,360091182,Ptyas mucosa,cc-by-nc-sa,https://inaturalist-open-data.s3.amazonaws.com/photos/657056926/medium.jpg,E:\Coding_Notes\Faunari\data\raw\inaturalist\360091182.jpg,2026-05-10
inaturalist,360072047,Lycodon travancoricus,cc-by-nc,https://inaturalist-open-data.s3.amazonaws.com/photos/657013848/medium.jpg,E:\Coding_Notes\Faunari\data\raw\inaturalist\360072047.jpg,2025-06-17
inaturalist,360071740,Lycodon travancoricus,cc-by-nc,https://inaturalist-open-data.s3.amazonaws.com/photos/657013271/medium.jpg,E:\Coding_Notes\Faunari\data\raw\inaturalist\360071740.jpg,2025-06-17
inaturalist,360037703,Boiga forsteni,cc-by-nc,https://inaturalist-open-data.s3.amazonaws.com/photos/656932993/medium.jpg,E:\Coding_Notes\Faunari\data\raw\inaturalist\360037703.jpg,2026-03-04
inaturalist,359961089,Python molurus,cc-by-nc,https://inaturalist-open-data.s3.amazonaws.com/photos/656766558/medium.jpg,E:\Coding_Notes\Faunari\data\raw\inaturalist\359961089.jpg,2026-03-18
inaturalist,359934568,Ahaetulla oxyrhynca,cc-by-nc,https://inaturalist-open-data.s3.amazonaws.com/photos/656746626/medium.jpg,E:\Coding_Notes\Faunari\data\raw\inaturalist\359934568.jpg,2026-05-09
inaturalist,359904563,Gonyosoma oxycephalum,,https://static.inaturalist.org/photos/656690358/medium.jpg,E:\Coding_Notes\Faunari\data\raw\inaturalist\359904563.jpg,2026-04-01
inaturalist,359903729,Ophiophagus hannah,,https://static.inaturalist.org/photos/656688682/medium.jpg,E:\Coding_Notes\Faunari\data\raw\inaturalist\359903729.jpg,2026-04-03
inaturalist,359903392,Trimeresurus andersonii,,https://static.inaturalist.org/photos/656688044/medium.jpg,E:\Coding_Notes\Faunari\data\raw\inaturalist\359903392.jpg,2026-04-01
inaturalist,359902993,Trimeresurus andersonii,,https://static.inaturalist.org/photos/656687154/medium.jpg,E:\Coding_Notes\Faunari\data\raw\inaturalist\359902993.jpg,2026-04-02
inaturalist,359883955,Enhydris enhydris,cc-by-nc,https://inaturalist-open-data.s3.amazonaws.com/photos/656653470/medium.jpg,E:\Coding_Notes\Faunari\data\raw\inaturalist\359883955.jpg,2026-05-09
inaturalist,359868085,Argyrophis diardii,,https://static.inaturalist.org/photos/656615268/medium.jpg,E:\Coding_Notes\Faunari\data\raw\inaturalist\359868085.jpg,2026-05-09
inaturalist,359862706,Lycodon striatus,cc-by-nc,https://inaturalist-open-data.s3.amazonaws.com/photos/656614648/medium.jpg,E:\Coding_Notes\Faunari\data\raw\inaturalist\359862706.jpg,2026-05-09
inaturalist,359862658,Eryx conicus,cc-by-nc,https://inaturalist-open-data.s3.amazonaws.com/photos/656614536/medium.jpg,E:\Coding_Notes\Faunari\data\raw\inaturalist\359862658.jpg,2026-05-09
inaturalist,359838581,Sahyadriophis beddomei,cc-by-nc,https://inaturalist-open-data.s3.amazonaws.com/photos/656568345/medium.jpg,E:\Coding_Notes\Faunari\data\raw\inaturalist\359838581.jpg,2026-05-06
inaturalist,359829167,Lycodon fasciolatus,cc-by-nc,https://inaturalist-open-data.s3.amazonaws.com/photos/657217223/medium.jpg,E:\Coding_Notes\Faunari\data\raw\inaturalist\359829167.jpg,2026-05-09
inaturalist,359818026,Fowlea piscator,cc-by-nc,https://inaturalist-open-data.s3.amazonaws.com/photos/656557810/medium.jpg,E:\Coding_Notes\Faunari\data\raw\inaturalist\359818026.jpg,2026-05-09
inaturalist,359817649,Naja naja,,https://static.inaturalist.org/photos/656527444/medium.jpg,E:\Coding_Notes\Faunari\data\raw\inaturalist\359817649.jpg,2026-05-09
inaturalist,359813214,Amphiesma stolatum,cc-by-nc,https://inaturalist-open-data.s3.amazonaws.com/photos/656522105/medium.jpg,E:\Coding_Notes\Faunari\data\raw\inaturalist\359813214.jpg,2026-05-09
inaturalist,359804834,Trimeresurus erythrurus,,https://static.inaturalist.org/photos/656497707/medium.jpg,E:\Coding_Notes\Faunari\data\raw\inaturalist\359804834.jpg,2024-09-25
inaturalist,359801607,Fowlea piscator,cc-by-nc,https://inaturalist-open-data.s3.amazonaws.com/photos/656500292/medium.jpg,E:\Coding_Notes\Faunari\data\raw\inaturalist\359801607.jpg,2026-05-09
inaturalist,359784739,Naja naja,cc-by-nc,https://inaturalist-open-data.s3.amazonaws.com/photos/658451253/medium.jpg,E:\Coding_Notes\Faunari\data\raw\inaturalist\359784739.jpg,2026-04-24
inaturalist,359780918,Boiga flaviviridis,cc-by-nc,https://inaturalist-open-data.s3.amazonaws.com/photos/656463555/medium.jpg,E:\Coding_Notes\Faunari\data\raw\inaturalist\359780918.jpg,2025-09-28
inaturalist,359775434,Ahaetulla malabarica,cc-by-nc,https://inaturalist-open-data.s3.amazonaws.com/photos/656453765/medium.jpg,E:\Coding_Notes\Faunari\data\raw\inaturalist\359775434.jpg,2026-05-09
inaturalist,359742445,Eryx conicus,cc-by-nc,https://inaturalist-open-data.s3.amazonaws.com/photos/656392582/medium.jpg,E:\Coding_Notes\Faunari\data\raw\inaturalist\359742445.jpg,2026-05-09
inaturalist,359734471,Craspedocephalus malabaricus,cc-by-nc,https://inaturalist-open-data.s3.amazonaws.com/photos/656377084/medium.jpg,E:\Coding_Notes\Faunari\data\raw\inaturalist\359734471.jpg,2026-05-08
inaturalist,359720524,Boiga nuchalis,cc-by-nc,https://inaturalist-open-data.s3.amazonaws.com/photos/656348679/medium.jpg,E:\Coding_Notes\Faunari\data\raw\inaturalist\359720524.jpg,2026-05-07
inaturalist,359717206,Daboia russelii,cc-by-nc,https://inaturalist-open-data.s3.amazonaws.com/photos/656342935/medium.jpg,E:\Coding_Notes\Faunari\data\raw\inaturalist\359717206.jpg,2026-05-09
inaturalist,359694542,Boiga trigonata,cc-by-nc,https://inaturalist-open-data.s3.amazonaws.com/photos/656298236/medium.jpg,E:\Coding_Notes\Faunari\data\raw\inaturalist\359694542.jpg,2026-05-09
inaturalist,359641697,Fowlea piscator,cc-by-nc,https://inaturalist-open-data.s3.amazonaws.com/photos/656192384/medium.jpg,E:\Coding_Notes\Faunari\data\raw\inaturalist\359641697.jpg,2026-05-09
inaturalist,359627362,Fowlea piscator,cc-by-nc,https://inaturalist-open-data.s3.amazonaws.com/photos/656144785/medium.jpg,E:\Coding_Notes\Faunari\data\raw\inaturalist\359627362.jpg,2026-03-18
inaturalist,359534001,Lycodon aulicus,,https://static.inaturalist.org/photos/655983203/medium.jpg,E:\Coding_Notes\Faunari\data\raw\inaturalist\359534001.jpg,2026-05-08
inaturalist,359504669,Boiga thackerayi,cc-by-nc,https://inaturalist-open-data.s3.amazonaws.com/photos/655932099/medium.jpg,E:\Coding_Notes\Faunari\data\raw\inaturalist\359504669.jpg,2026-05-07
inaturalist,359496989,Amphiesma stolatum,,https://static.inaturalist.org/photos/663070049/medium.jpg,E:\Coding_Notes\Faunari\data\raw\inaturalist\359496989.jpg,2026-05-08
inaturalist,359496690,Ahaetulla farnsworthi,,https://static.inaturalist.org/photos/655913992/medium.jpg,E:\Coding_Notes\Faunari\data\raw\inaturalist\359496690.jpg,2026-05-02
inaturalist,359496568,Eryx conicus,,https://static.inaturalist.org/photos/655913664/medium.jpg,E:\Coding_Notes\Faunari\data\raw\inaturalist\359496568.jpg,2026-03-03
inaturalist,359478366,Naja naja,cc-by-nc,https://inaturalist-open-data.s3.amazonaws.com/photos/655880105/medium.jpg,E:\Coding_Notes\Faunari\data\raw\inaturalist\359478366.jpg,2026-05-08
inaturalist,359475616,Coelognathus helena helena,,https://static.inaturalist.org/photos/655874656/medium.jpg,E:\Coding_Notes\Faunari\data\raw\inaturalist\359475616.jpg,2025-03-27
inaturalist,359473886,Naja naja,cc-by-nc,https://inaturalist-open-data.s3.amazonaws.com/photos/655872388/medium.jpg,E:\Coding_Notes\Faunari\data\raw\inaturalist\359473886.jpg,2026-05-07
inaturalist,359446627,Dendrelaphis tristis,,https://static.inaturalist.org/photos/655823256/medium.jpg,E:\Coding_Notes\Faunari\data\raw\inaturalist\359446627.jpg,2026-05-04
inaturalist,359438368,Naja naja,cc-by-nc,https://inaturalist-open-data.s3.amazonaws.com/photos/655806911/medium.jpg,E:\Coding_Notes\Faunari\data\raw\inaturalist\359438368.jpg,2026-05-08
inaturalist,359434613,Fowlea piscator,,https://static.inaturalist.org/photos/655800241/medium.jpg,E:\Coding_Notes\Faunari\data\raw\inaturalist\359434613.jpg,2026-02-15
inaturalist,359402714,Eryx conicus,,https://static.inaturalist.org/photos/655738652/medium.jpg,E:\Coding_Notes\Faunari\data\raw\inaturalist\359402714.jpg,2026-05-07
inaturalist,359319913,Echis carinatus,cc-by-nc,https://inaturalist-open-data.s3.amazonaws.com/photos/655569269/medium.jpg,E:\Coding_Notes\Faunari\data\raw\inaturalist\359319913.jpg,2019-12-26
inaturalist,359275001,Coelognathus helena helena,cc-by-nc,https://inaturalist-open-data.s3.amazonaws.com/photos/655482111/medium.jpg,E:\Coding_Notes\Faunari\data\raw\inaturalist\359275001.jpg,2026-05-07
inaturalist,359268315,Boiga multomaculata ochracea,,https://static.inaturalist.org/photos/655470380/medium.jpg,E:\Coding_Notes\Faunari\data\raw\inaturalist\359268315.jpg,2026-05-07
inaturalist,359266844,Lycodon fasciolatus,cc-by-nc,https://inaturalist-open-data.s3.amazonaws.com/photos/655467557/medium.jpg,E:\Coding_Notes\Faunari\data\raw\inaturalist\359266844.jpg,2026-05-07
inaturalist,359263387,Boiga nuchalis,cc-by-nc,https://inaturalist-open-data.s3.amazonaws.com/photos/655720484/medium.jpg,E:\Coding_Notes\Faunari\data\raw\inaturalist\359263387.jpg,2026-05-07
inaturalist,359254278,Fowlea piscator,cc-by-nc,https://inaturalist-open-data.s3.amazonaws.com/photos/655445420/medium.jpg,E:\Coding_Notes\Faunari\data\raw\inaturalist\359254278.jpg,2024-11-24
inaturalist,359254271,Fowlea piscator,cc-by-nc,https://inaturalist-open-data.s3.amazonaws.com/photos/655444454/medium.jpg,E:\Coding_Notes\Faunari\data\raw\inaturalist\359254271.jpg,2024-11-24
inaturalist,359221761,Ptyas mucosa,cc-by-nc,https://inaturalist-open-data.s3.amazonaws.com/photos/655384128/medium.jpg,E:\Coding_Notes\Faunari\data\raw\inaturalist\359221761.jpg,2026-05-07
inaturalist,359206118,Fowlea piscator,cc-by-nc,https://inaturalist-open-data.s3.amazonaws.com/photos/655355101/medium.jpg,E:\Coding_Notes\Faunari\data\raw\inaturalist\359206118.jpg,2026-05-07
inaturalist,359199447,Ptyas mucosa,cc-by-nc,https://inaturalist-open-data.s3.amazonaws.com/photos/655340765/medium.jpg,E:\Coding_Notes\Faunari\data\raw\inaturalist\359199447.jpg,2026-05-07
inaturalist,359170301,Fowlea piscator,cc-by-nc,https://inaturalist-open-data.s3.amazonaws.com/photos/655288561/medium.jpg,E:\Coding_Notes\Faunari\data\raw\inaturalist\359170301.jpg,2026-05-07
inaturalist,359169849,Daboia russelii,cc-by-nc,https://inaturalist-open-data.s3.amazonaws.com/photos/655287688/medium.jpg,E:\Coding_Notes\Faunari\data\raw\inaturalist\359169849.jpg,2025-11-19
inaturalist,359107379,Coelognathus helena helena,cc-by-nc,https://inaturalist-open-data.s3.amazonaws.com/photos/655170059/medium.jpg,E:\Coding_Notes\Faunari\data\raw\inaturalist\359107379.jpg,2026-05-07
inaturalist,359104710,Cerberus rynchops,cc-by-nc,https://inaturalist-open-data.s3.amazonaws.com/photos/655163306/medium.jpg,E:\Coding_Notes\Faunari\data\raw\inaturalist\359104710.jpg,2026-05-07
inaturalist,359091384,Oligodon arnensis,cc-by-nc,https://inaturalist-open-data.s3.amazonaws.com/photos/654763220/medium.jpg,E:\Coding_Notes\Faunari\data\raw\inaturalist\359091384.jpg,2026-02-15
inaturalist,359091367,Ptyas mucosa,cc-by-nc,https://inaturalist-open-data.s3.amazonaws.com/photos/654763185/medium.jpg,E:\Coding_Notes\Faunari\data\raw\inaturalist\359091367.jpg,2026-02-20
inaturalist,359036800,Oligodon taeniolatus,,https://static.inaturalist.org/photos/655030576/medium.jpg,E:\Coding_Notes\Faunari\data\raw\inaturalist\359036800.jpg,2026-05-07
inaturalist,359025865,Platyceps ventromaculatus,cc-by-nc,https://inaturalist-open-data.s3.amazonaws.com/photos/655008511/medium.jpg,E:\Coding_Notes\Faunari\data\raw\inaturalist\359025865.jpg,2013-09-27
inaturalist,358986380,Fowlea piscator,cc-by-nc,https://inaturalist-open-data.s3.amazonaws.com/photos/654931615/medium.jpg,E:\Coding_Notes\Faunari\data\raw\inaturalist\358986380.jpg,2026-05-06
inaturalist,358983035,Lycodon travancoricus,cc-by-nc,https://inaturalist-open-data.s3.amazonaws.com/photos/655303105/medium.jpg,E:\Coding_Notes\Faunari\data\raw\inaturalist\358983035.jpg,2026-05-06
inaturalist,358964605,Fowlea piscator,cc-by-nc,https://inaturalist-open-data.s3.amazonaws.com/photos/654889069/medium.jpg,E:\Coding_Notes\Faunari\data\raw\inaturalist\358964605.jpg,2021-04-01
inaturalist,358928230,Naja naja,cc-by-nc,https://inaturalist-open-data.s3.amazonaws.com/photos/654826338/medium.jpg,E:\Coding_Notes\Faunari\data\raw\inaturalist\358928230.jpg,2026-05-06
inaturalist,358916831,Sahyadriophis uttaraghati,cc-by-nc,https://inaturalist-open-data.s3.amazonaws.com/photos/654805938/medium.jpg,E:\Coding_Notes\Faunari\data\raw\inaturalist\358916831.jpg,2026-05-02
inaturalist,358882482,Daboia russelii,cc-by-nc,https://inaturalist-open-data.s3.amazonaws.com/photos/654739967/medium.jpg,E:\Coding_Notes\Faunari\data\raw\inaturalist\358882482.jpg,2026-04-14
inaturalist,358880745,Xylophis perroteti,cc-by-nc,https://inaturalist-open-data.s3.amazonaws.com/photos/654735076/medium.jpg,E:\Coding_Notes\Faunari\data\raw\inaturalist\358880745.jpg,2025-06-01
inaturalist,358873210,Naja naja,cc-by-nc,https://inaturalist-open-data.s3.amazonaws.com/photos/654723487/medium.jpg,E:\Coding_Notes\Faunari\data\raw\inaturalist\358873210.jpg,2026-04-19
inaturalist,358867357,Ptyas mucosa,cc-by-nc,https://inaturalist-open-data.s3.amazonaws.com/photos/654712889/medium.jpg,E:\Coding_Notes\Faunari\data\raw\inaturalist\358867357.jpg,2026-05-06
inaturalist,358853969,Python molurus,cc-by-nc,https://inaturalist-open-data.s3.amazonaws.com/photos/654687097/medium.jpg,E:\Coding_Notes\Faunari\data\raw\inaturalist\358853969.jpg,2022-08-30
inaturalist,358845542,Dendrelaphis proarchos,cc-by-nc,https://inaturalist-open-data.s3.amazonaws.com/photos/654671839/medium.jpg,E:\Coding_Notes\Faunari\data\raw\inaturalist\358845542.jpg,2026-02-16
inaturalist,358834506,Sibynophis sagittarius,,https://static.inaturalist.org/photos/654633648/medium.jpg,E:\Coding_Notes\Faunari\data\raw\inaturalist\358834506.jpg,2025-02-16
inaturalist,358803262,Boiga andamanensis,cc-by-nc,https://inaturalist-open-data.s3.amazonaws.com/photos/654586949/medium.jpg,E:\Coding_Notes\Faunari\data\raw\inaturalist\358803262.jpg,2026-05-06
inaturalist,358798895,Dendrelaphis proarchos,cc-by-nc,https://inaturalist-open-data.s3.amazonaws.com/photos/654578907/medium.jpg,E:\Coding_Notes\Faunari\data\raw\inaturalist\358798895.jpg,2025-11-17
inaturalist,358788570,Python bivittatus,cc-by-nc,https://inaturalist-open-data.s3.amazonaws.com/photos/654558466/medium.jpg,E:\Coding_Notes\Faunari\data\raw\inaturalist\358788570.jpg,2024-02-29
inaturalist,358725591,Ahaetulla malabarica,cc-by-nc,https://inaturalist-open-data.s3.amazonaws.com/photos/654433581/medium.jpg,E:\Coding_Notes\Faunari\data\raw\inaturalist\358725591.jpg,2023-08-31
inaturalist,358705434,Python bivittatus,,https://static.inaturalist.org/photos/654393614/medium.jpg,E:\Coding_Notes\Faunari\data\raw\inaturalist\358705434.jpg,2026-04-17
inaturalist,358690372,Python molurus,,https://static.inaturalist.org/photos/654363566/medium.jpg,E:\Coding_Notes\Faunari\data\raw\inaturalist\358690372.jpg,2026-05-06
inaturalist,358674098,Amphiesma stolatum,cc-by-nc,https://inaturalist-open-data.s3.amazonaws.com/photos/654333410/medium.jpg,E:\Coding_Notes\Faunari\data\raw\inaturalist\358674098.jpg,2026-05-01
inaturalist,358672526,Craspedocephalus malabaricus,cc-by-nc,https://inaturalist-open-data.s3.amazonaws.com/photos/654329885/medium.jpg,E:\Coding_Notes\Faunari\data\raw\inaturalist\358672526.jpg,2017-08-13
inaturalist,358671921,Fowlea piscator,cc-by-nc,https://inaturalist-open-data.s3.amazonaws.com/photos/654329175/medium.jpg,E:\Coding_Notes\Faunari\data\raw\inaturalist\358671921.jpg,2026-05-04
inaturalist,358671898,Craspedocephalus malabaricus,cc-by-nc,https://inaturalist-open-data.s3.amazonaws.com/photos/654328753/medium.jpg,E:\Coding_Notes\Faunari\data\raw\inaturalist\358671898.jpg,2017-08-12
inaturalist,358671258,Craspedocephalus malabaricus,cc-by-nc,https://inaturalist-open-data.s3.amazonaws.com/photos/654327069/medium.jpg,E:\Coding_Notes\Faunari\data\raw\inaturalist\358671258.jpg,2017-08-13
inaturalist,358642415,Amphiesma stolatum,cc-by-nc,https://inaturalist-open-data.s3.amazonaws.com/photos/654274818/medium.jpg,E:\Coding_Notes\Faunari\data\raw\inaturalist\358642415.jpg,2026-05-03
inaturalist,358633820,Amphiesma stolatum,cc0,https://inaturalist-open-data.s3.amazonaws.com/photos/654257965/medium.jpg,E:\Coding_Notes\Faunari\data\raw\inaturalist\358633820.jpg,2026-05-05
inaturalist,358609113,Ptyas mucosa,cc-by-nc,https://inaturalist-open-data.s3.amazonaws.com/photos/654213317/medium.jpg,E:\Coding_Notes\Faunari\data\raw\inaturalist\358609113.jpg,2026-04-25
inaturalist,358580968,Fowlea piscator,cc-by-nc,https://inaturalist-open-data.s3.amazonaws.com/photos/654158620/medium.jpg,E:\Coding_Notes\Faunari\data\raw\inaturalist\358580968.jpg,2026-05-05
inaturalist,358560078,Fowlea piscator,cc-by-nc,https://inaturalist-open-data.s3.amazonaws.com/photos/654118527/medium.jpg,E:\Coding_Notes\Faunari\data\raw\inaturalist\358560078.jpg,2026-05-02
inaturalist,358558843,Python molurus,cc-by-nc,https://inaturalist-open-data.s3.amazonaws.com/photos/654115330/medium.jpg,E:\Coding_Notes\Faunari\data\raw\inaturalist\358558843.jpg,2005-11-20
inaturalist,358537346,Ptyas mucosa,cc-by,https://inaturalist-open-data.s3.amazonaws.com/photos/654074760/medium.jpg,E:\Coding_Notes\Faunari\data\raw\inaturalist\358537346.jpg,2026-03-24
inaturalist,358536338,Fowlea piscator,cc-by,https://inaturalist-open-data.s3.amazonaws.com/photos/654073057/medium.jpg,E:\Coding_Notes\Faunari\data\raw\inaturalist\358536338.jpg,2026-04-04
inaturalist,358532920,Fowlea piscator,cc-by,https://inaturalist-open-data.s3.amazonaws.com/photos/654067124/medium.jpg,E:\Coding_Notes\Faunari\data\raw\inaturalist\358532920.jpg,2026-05-01
inaturalist,358491018,Lycodon aulicus,,https://static.inaturalist.org/photos/653983835/medium.jpg,E:\Coding_Notes\Faunari\data\raw\inaturalist\358491018.jpg,2026-05-05
inaturalist,358344297,Amphiesma stolatum,cc-by-nc,https://inaturalist-open-data.s3.amazonaws.com/photos/653697948/medium.jpg,E:\Coding_Notes\Faunari\data\raw\inaturalist\358344297.jpg,2025-06-27
inaturalist,358337870,Sahyadriophis beddomei,cc-by-nc,https://inaturalist-open-data.s3.amazonaws.com/photos/653685701/medium.jpg,E:\Coding_Notes\Faunari\data\raw\inaturalist\358337870.jpg,2026-05-04
inaturalist,358323768,Lycodon fasciolatus,cc-by-nc,https://inaturalist-open-data.s3.amazonaws.com/photos/653657792/medium.jpg,E:\Coding_Notes\Faunari\data\raw\inaturalist\358323768.jpg,2026-05-04
inaturalist,358322548,Bungarus caeruleus,cc-by-nc,https://inaturalist-open-data.s3.amazonaws.com/photos/653655499/medium.jpg,E:\Coding_Notes\Faunari\data\raw\inaturalist\358322548.jpg,2026-05-04
inaturalist,358321578,Naja naja,cc-by-nc,https://inaturalist-open-data.s3.amazonaws.com/photos/653653446/medium.jpg,E:\Coding_Notes\Faunari\data\raw\inaturalist\358321578.jpg,2026-05-01
inaturalist,358303825,Daboia russelii,cc-by-nc,https://inaturalist-open-data.s3.amazonaws.com/photos/653620657/medium.jpg,E:\Coding_Notes\Faunari\data\raw\inaturalist\358303825.jpg,2026-05-04
inaturalist,358284004,Fowlea piscator,cc-by-nc,https://inaturalist-open-data.s3.amazonaws.com/photos/653582021/medium.jpg,E:\Coding_Notes\Faunari\data\raw\inaturalist\358284004.jpg,2026-05-04
inaturalist,358278942,Ptyas mucosa,,https://static.inaturalist.org/photos/653572298/medium.jpg,E:\Coding_Notes\Faunari\data\raw\inaturalist\358278942.jpg,2026-05-04
inaturalist,358259479,Fowlea piscator,cc-by-nc,https://inaturalist-open-data.s3.amazonaws.com/photos/653533704/medium.jpg,E:\Coding_Notes\Faunari\data\raw\inaturalist\358259479.jpg,2026-05-03
inaturalist,358257834,Ptyas mucosa,cc-by-nc,https://inaturalist-open-data.s3.amazonaws.com/photos/653530173/medium.jpg,E:\Coding_Notes\Faunari\data\raw\inaturalist\358257834.jpg,2026-05-04
inaturalist,358252250,Fowlea piscator,cc-by-nc,https://inaturalist-open-data.s3.amazonaws.com/photos/653517903/medium.jpg,E:\Coding_Notes\Faunari\data\raw\inaturalist\358252250.jpg,2026-05-04
inaturalist,358236926,Amphiesma stolatum,cc-by-nc,https://inaturalist-open-data.s3.amazonaws.com/photos/653488552/medium.jpg,E:\Coding_Notes\Faunari\data\raw\inaturalist\358236926.jpg,2026-05-04
inaturalist,358227115,Ptyas mucosa,cc-by-nc,https://inaturalist-open-data.s3.amazonaws.com/photos/653470047/medium.jpg,E:\Coding_Notes\Faunari\data\raw\inaturalist\358227115.jpg,2026-05-03
inaturalist,358219314,Coelognathus helena helena,,https://static.inaturalist.org/photos/653455849/medium.jpg,E:\Coding_Notes\Faunari\data\raw\inaturalist\358219314.jpg,2026-05-04
inaturalist,358216585,Daboia russelii,cc-by-nc,https://inaturalist-open-data.s3.amazonaws.com/photos/653442349/medium.jpg,E:\Coding_Notes\Faunari\data\raw\inaturalist\358216585.jpg,2026-05-03
inaturalist,358202376,Ptyas mucosa,,https://static.inaturalist.org/photos/653422905/medium.jpg,E:\Coding_Notes\Faunari\data\raw\inaturalist\358202376.jpg,2026-05-04
inaturalist,358186889,Ptyas mucosa,,https://static.inaturalist.org/photos/653391250/medium.jpg,E:\Coding_Notes\Faunari\data\raw\inaturalist\358186889.jpg,2026-05-04
inaturalist,358165318,Ptyas mucosa,cc-by-nc,https://inaturalist-open-data.s3.amazonaws.com/photos/653346686/medium.jpg,E:\Coding_Notes\Faunari\data\raw\inaturalist\358165318.jpg,2026-05-04
inaturalist,358161100,Lycodon striatus,,https://static.inaturalist.org/photos/653338095/medium.jpg,E:\Coding_Notes\Faunari\data\raw\inaturalist\358161100.jpg,2026-05-03
inaturalist,358141749,Coelognathus helena helena,cc-by-nc,https://inaturalist-open-data.s3.amazonaws.com/photos/653299379/medium.jpg,E:\Coding_Notes\Faunari\data\raw\inaturalist\358141749.jpg,2026-05-04
inaturalist,358015799,Hypnale hypnale,cc-by-nc,https://inaturalist-open-data.s3.amazonaws.com/photos/653048026/medium.jpg,E:\Coding_Notes\Faunari\data\raw\inaturalist\358015799.jpg,2009-05-04
inaturalist,357938362,Lycodon aulicus,,https://static.inaturalist.org/photos/652896300/medium.jpg,E:\Coding_Notes\Faunari\data\raw\inaturalist\357938362.jpg,2026-05-02
inaturalist,357926923,Amphiesma stolatum,cc-by-nc,https://inaturalist-open-data.s3.amazonaws.com/photos/652889939/medium.jpg,E:\Coding_Notes\Faunari\data\raw\inaturalist\357926923.jpg,2026-05-03
inaturalist,357898566,Echis carinatus carinatus,cc-by-nc,https://inaturalist-open-data.s3.amazonaws.com/photos/652827127/medium.jpg,E:\Coding_Notes\Faunari\data\raw\inaturalist\357898566.jpg,2026-04-26
inaturalist,357890786,Coelognathus helena helena,cc-by-nc,https://inaturalist-open-data.s3.amazonaws.com/photos/652812446/medium.jpg,E:\Coding_Notes\Faunari\data\raw\inaturalist\357890786.jpg,2026-04-27
inaturalist,357883132,Lycodon aulicus,cc-by-nc,https://inaturalist-open-data.s3.amazonaws.com/photos/652797228/medium.jpg,E:\Coding_Notes\Faunari\data\raw\inaturalist\357883132.jpg,2026-04-10
inaturalist,357880636,Amphiesma stolatum,cc-by-nc,https://inaturalist-open-data.s3.amazonaws.com/photos/652791727/medium.jpg,E:\Coding_Notes\Faunari\data\raw\inaturalist\357880636.jpg,2025-11-12
inaturalist,357862712,Dendrelaphis tristis,cc-by,https://inaturalist-open-data.s3.amazonaws.com/photos/652759391/medium.jpg,E:\Coding_Notes\Faunari\data\raw\inaturalist\357862712.jpg,2026-05-02
inaturalist,357842617,Naja naja,cc-by-nc,https://inaturalist-open-data.s3.amazonaws.com/photos/652720962/medium.jpg,E:\Coding_Notes\Faunari\data\raw\inaturalist\357842617.jpg,2026-05-03
inaturalist,357834051,Amphiesma stolatum,,https://static.inaturalist.org/photos/652706041/medium.jpg,E:\Coding_Notes\Faunari\data\raw\inaturalist\357834051.jpg,2026-05-03
inaturalist,357824351,Python molurus,,https://static.inaturalist.org/photos/652688439/medium.jpg,E:\Coding_Notes\Faunari\data\raw\inaturalist\357824351.jpg,2026-05-03
inaturalist,357816305,Python molurus,cc-by-nc,https://inaturalist-open-data.s3.amazonaws.com/photos/652673017/medium.jpg,E:\Coding_Notes\Faunari\data\raw\inaturalist\357816305.jpg,2022-09-29
inaturalist,357815767,Ptyas mucosa,,https://static.inaturalist.org/photos/652671823/medium.jpg,E:\Coding_Notes\Faunari\data\raw\inaturalist\357815767.jpg,2026-01-12
inaturalist,357801751,Sahyadriophis uttaraghati,,https://static.inaturalist.org/photos/652644402/medium.jpg,E:\Coding_Notes\Faunari\data\raw\inaturalist\357801751.jpg,2026-05-02
inaturalist,357760480,Boiga forsteni,cc-by-nc-sa,https://inaturalist-open-data.s3.amazonaws.com/photos/652560381/medium.jpg,E:\Coding_Notes\Faunari\data\raw\inaturalist\357760480.jpg,2026-05-02
inaturalist,357603719,Fowlea piscator,cc-by-nc,https://inaturalist-open-data.s3.amazonaws.com/photos/652253017/medium.jpg,E:\Coding_Notes\Faunari\data\raw\inaturalist\357603719.jpg,2026-05-02
inaturalist,357586201,Fowlea piscator,cc-by-nc,https://inaturalist-open-data.s3.amazonaws.com/photos/652219974/medium.jpg,E:\Coding_Notes\Faunari\data\raw\inaturalist\357586201.jpg,2026-04-30
inaturalist,357528848,Ptyas mucosa,,https://static.inaturalist.org/photos/652110816/medium.jpg,E:\Coding_Notes\Faunari\data\raw\inaturalist\357528848.jpg,2026-04-25
inaturalist,357526426,Ptyas mucosa,cc-by-nc,https://inaturalist-open-data.s3.amazonaws.com/photos/652103852/medium.jpg,E:\Coding_Notes\Faunari\data\raw\inaturalist\357526426.jpg,2026-05-02
inaturalist,357503179,Echis carinatus,cc-by-nc,https://inaturalist-open-data.s3.amazonaws.com/photos/652062719/medium.jpg,E:\Coding_Notes\Faunari\data\raw\inaturalist\357503179.jpg,2026-05-01
inaturalist,357502860,Ptyas mucosa,cc0,https://inaturalist-open-data.s3.amazonaws.com/photos/652062255/medium.jpg,E:\Coding_Notes\Faunari\data\raw\inaturalist\357502860.jpg,2026-05-02
inaturalist,357493972,Oligodon arnensis,,https://static.inaturalist.org/photos/652044813/medium.jpg,E:\Coding_Notes\Faunari\data\raw\inaturalist\357493972.jpg,2026-05-01
inaturalist,357493769,Coelognathus helena helena,,https://static.inaturalist.org/photos/652044369/medium.jpg,E:\Coding_Notes\Faunari\data\raw\inaturalist\357493769.jpg,2026-04-07
inaturalist,357492463,Ahaetulla anomala,,https://static.inaturalist.org/photos/652041865/medium.jpg,E:\Coding_Notes\Faunari\data\raw\inaturalist\357492463.jpg,2026-03-28
inaturalist,357489757,Naja naja,cc-by-nc,https://inaturalist-open-data.s3.amazonaws.com/photos/652036596/medium.jpg,E:\Coding_Notes\Faunari\data\raw\inaturalist\357489757.jpg,2026-05-02
inaturalist,357488435,Naja naja,cc-by-nc,https://inaturalist-open-data.s3.amazonaws.com/photos/652034537/medium.jpg,E:\Coding_Notes\Faunari\data\raw\inaturalist\357488435.jpg,2026-05-02
inaturalist,357472814,Fowlea piscator,cc-by-nc,https://inaturalist-open-data.s3.amazonaws.com/photos/652005705/medium.jpg,E:\Coding_Notes\Faunari\data\raw\inaturalist\357472814.jpg,2026-05-02
inaturalist,357462916,Eryx whitakeri,cc-by-nc,https://inaturalist-open-data.s3.amazonaws.com/photos/651986735/medium.jpg,E:\Coding_Notes\Faunari\data\raw\inaturalist\357462916.jpg,2026-01-05
inaturalist,357446482,Fowlea piscator,cc-by-nc,https://inaturalist-open-data.s3.amazonaws.com/photos/651949495/medium.jpg,E:\Coding_Notes\Faunari\data\raw\inaturalist\357446482.jpg,2026-03-22
inaturalist,357438334,Dendrelaphis tristis,,https://static.inaturalist.org/photos/651942198/medium.jpg,E:\Coding_Notes\Faunari\data\raw\inaturalist\357438334.jpg,2026-04-25
inaturalist,357435357,Naja naja,cc-by-nc,https://inaturalist-open-data.s3.amazonaws.com/photos/651937293/medium.jpg,E:\Coding_Notes\Faunari\data\raw\inaturalist\357435357.jpg,2026-05-02
inaturalist,357427387,Ptyas mucosa,cc-by-nc,https://inaturalist-open-data.s3.amazonaws.com/photos/651923400/medium.jpg,E:\Coding_Notes\Faunari\data\raw\inaturalist\357427387.jpg,2026-04-27
inaturalist,357420817,Ptyas mucosa,cc-by-nc,https://inaturalist-open-data.s3.amazonaws.com/photos/651910581/medium.jpg,E:\Coding_Notes\Faunari\data\raw\inaturalist\357420817.jpg,2026-04-25
inaturalist,357417050,Ptyas mucosa,cc-by-nc,https://inaturalist-open-data.s3.amazonaws.com/photos/651901605/medium.jpg,E:\Coding_Notes\Faunari\data\raw\inaturalist\357417050.jpg,2026-03-10
inaturalist,357379617,Fowlea piscator,,https://static.inaturalist.org/photos/651825157/medium.jpg,E:\Coding_Notes\Faunari\data\raw\inaturalist\357379617.jpg,2026-05-02
inaturalist,357368249,Python molurus,cc-by-nc,https://inaturalist-open-data.s3.amazonaws.com/photos/651799991/medium.jpg,E:\Coding_Notes\Faunari\data\raw\inaturalist\357368249.jpg,2026-03-12
inaturalist,357334401,Lycodon nympha,cc-by-nc,https://inaturalist-open-data.s3.amazonaws.com/photos/651731246/medium.jpg,E:\Coding_Notes\Faunari\data\raw\inaturalist\357334401.jpg,2019-07-07
inaturalist,357286088,Bungarus caeruleus,cc-by-nc,https://inaturalist-open-data.s3.amazonaws.com/photos/651634180/medium.jpg,E:\Coding_Notes\Faunari\data\raw\inaturalist\357286088.jpg,2026-04-25
inaturalist,357229229,Gloydius himalayanus,,https://static.inaturalist.org/photos/651523882/medium.jpg,E:\Coding_Notes\Faunari\data\raw\inaturalist\357229229.jpg,2026-05-01
inaturalist,357221476,Gloydius himalayanus,cc-by-nc,https://inaturalist-open-data.s3.amazonaws.com/photos/651509659/medium.jpg,E:\Coding_Notes\Faunari\data\raw\inaturalist\357221476.jpg,2026-05-01
inaturalist,357196823,Indotyphlops braminus,cc-by-nc,https://inaturalist-open-data.s3.amazonaws.com/photos/651461158/medium.jpg,E:\Coding_Notes\Faunari\data\raw\inaturalist\357196823.jpg,2026-05-01
inaturalist,357196348,Echis carinatus,cc-by,https://inaturalist-open-data.s3.amazonaws.com/photos/651460230/medium.jpg,E:\Coding_Notes\Faunari\data\raw\inaturalist\357196348.jpg,2026-05-01
inaturalist,357140090,Ahaetulla oxyrhynca,cc-by-nc,https://inaturalist-open-data.s3.amazonaws.com/photos/651352879/medium.jpg,E:\Coding_Notes\Faunari\data\raw\inaturalist\357140090.jpg,2025-09-11
inaturalist,357135811,Ptyas mucosa,cc-by-nc,https://inaturalist-open-data.s3.amazonaws.com/photos/651344861/medium.jpg,E:\Coding_Notes\Faunari\data\raw\inaturalist\357135811.jpg,2026-04-30
inaturalist,357128920,Amphiesma stolatum,cc-by-nc,https://inaturalist-open-data.s3.amazonaws.com/photos/651330988/medium.jpg,E:\Coding_Notes\Faunari\data\raw\inaturalist\357128920.jpg,2026-05-01
inaturalist,357111627,Naja naja,cc-by-nc,https://inaturalist-open-data.s3.amazonaws.com/photos/651298854/medium.jpg,E:\Coding_Notes\Faunari\data\raw\inaturalist\357111627.jpg,2021-08-01
inaturalist,357111319,Boiga forsteni,cc-by-nc,https://inaturalist-open-data.s3.amazonaws.com/photos/651298351/medium.jpg,E:\Coding_Notes\Faunari\data\raw\inaturalist\357111319.jpg,2017-06-24
inaturalist,357106725,Lycodon aulicus,cc-by-nc,https://inaturalist-open-data.s3.amazonaws.com/photos/651289435/medium.jpg,E:\Coding_Notes\Faunari\data\raw\inaturalist\357106725.jpg,2024-11-14
inaturalist,357102721,Indotyphlops braminus,cc-by-nc,https://inaturalist-open-data.s3.amazonaws.com/photos/651281434/medium.jpg,E:\Coding_Notes\Faunari\data\raw\inaturalist\357102721.jpg,2025-08-13
inaturalist,357102109,Dendrelaphis andamanensis,cc-by-nc,https://inaturalist-open-data.s3.amazonaws.com/photos/651285083/medium.jpg,E:\Coding_Notes\Faunari\data\raw\inaturalist\357102109.jpg,2015-12-30
inaturalist,357100805,Lycodon striatus,cc-by-nc,https://inaturalist-open-data.s3.amazonaws.com/photos/651277715/medium.jpg,E:\Coding_Notes\Faunari\data\raw\inaturalist\357100805.jpg,2019-07-31
inaturalist,357100636,Fowlea piscator,cc-by-nc,https://inaturalist-open-data.s3.amazonaws.com/photos/651277483/medium.jpg,E:\Coding_Notes\Faunari\data\raw\inaturalist\357100636.jpg,2019-07-29
inaturalist,357100469,Fowlea piscator,cc-by-nc,https://inaturalist-open-data.s3.amazonaws.com/photos/651277209/medium.jpg,E:\Coding_Notes\Faunari\data\raw\inaturalist\357100469.jpg,2019-07-29
inaturalist,357100245,Python molurus,cc-by-nc,https://inaturalist-open-data.s3.amazonaws.com/photos/651276843/medium.jpg,E:\Coding_Notes\Faunari\data\raw\inaturalist\357100245.jpg,2019-07-28
inaturalist,357100123,Fowlea piscator,cc-by-nc,https://inaturalist-open-data.s3.amazonaws.com/photos/651276533/medium.jpg,E:\Coding_Notes\Faunari\data\raw\inaturalist\357100123.jpg,2019-07-24
inaturalist,357068649,Dendrelaphis tristis,cc-by-nc,https://inaturalist-open-data.s3.amazonaws.com/photos/651215312/medium.jpg,E:\Coding_Notes\Faunari\data\raw\inaturalist\357068649.jpg,2026-04-26
inaturalist,357066929,Ptyas mucosa,,https://static.inaturalist.org/photos/651211200/medium.jpg,E:\Coding_Notes\Faunari\data\raw\inaturalist\357066929.jpg,2026-05-01
inaturalist,357064026,Craspedocephalus macrolepis,cc-by-nc,https://inaturalist-open-data.s3.amazonaws.com/photos/651202472/medium.jpg,E:\Coding_Notes\Faunari\data\raw\inaturalist\357064026.jpg,2026-04-26
inaturalist,357047574,Oligodon arnensis,cc-by-nc,https://inaturalist-open-data.s3.amazonaws.com/photos/651173465/medium.jpg,E:\Coding_Notes\Faunari\data\raw\inaturalist\357047574.jpg,2024-05-09
inaturalist,357044397,Xenopeltis unicolor,cc-by-nc,https://inaturalist-open-data.s3.amazonaws.com/photos/651165451/medium.jpg,E:\Coding_Notes\Faunari\data\raw\inaturalist\357044397.jpg,2018-01-17
inaturalist,357044389,Xenochrophis trianguligerus,cc-by-nc,https://inaturalist-open-data.s3.amazonaws.com/photos/651163448/medium.jpg,E:\Coding_Notes\Faunari\data\raw\inaturalist\357044389.jpg,2018-01-04
inaturalist,357044388,Cerberus rynchops,cc-by-nc,https://inaturalist-open-data.s3.amazonaws.com/photos/651162776/medium.jpg,E:\Coding_Notes\Faunari\data\raw\inaturalist\357044388.jpg,2018-01-11
inaturalist,357044387,Cerberus rynchops,cc-by-nc,https://inaturalist-open-data.s3.amazonaws.com/photos/651162736/medium.jpg,E:\Coding_Notes\Faunari\data\raw\inaturalist\357044387.jpg,2018-01-08
inaturalist,357044385,Cerberus rynchops,cc-by-nc,https://inaturalist-open-data.s3.amazonaws.com/photos/651162734/medium.jpg,E:\Coding_Notes\Faunari\data\raw\inaturalist\357044385.jpg,2018-01-07
inaturalist,357044382,Cerberus rynchops,cc-by-nc,https://inaturalist-open-data.s3.amazonaws.com/photos/651162298/medium.jpg,E:\Coding_Notes\Faunari\data\raw\inaturalist\357044382.jpg,2018-01-15
inaturalist,357044372,Boiga wallachi,cc-by-nc,https://inaturalist-open-data.s3.amazonaws.com/photos/651160950/medium.jpg,E:\Coding_Notes\Faunari\data\raw\inaturalist\357044372.jpg,2018-01-13
inaturalist,357044369,Boiga wallachi,cc-by-nc,https://inaturalist-open-data.s3.amazonaws.com/photos/651160923/medium.jpg,E:\Coding_Notes\Faunari\data\raw\inaturalist\357044369.jpg,2018-01-02
inaturalist,357044368,Dendrelaphis humayuni,cc-by-nc,https://inaturalist-open-data.s3.amazonaws.com/photos/651159966/medium.jpg,E:\Coding_Notes\Faunari\data\raw\inaturalist\357044368.jpg,2018-01-11
inaturalist,357044366,Dendrelaphis humayuni,cc-by-nc,https://inaturalist-open-data.s3.amazonaws.com/photos/651159959/medium.jpg,E:\Coding_Notes\Faunari\data\raw\inaturalist\357044366.jpg,2018-01-07
inaturalist,357044363,Dendrelaphis humayuni,cc-by-nc,https://inaturalist-open-data.s3.amazonaws.com/photos/651159926/medium.jpg,E:\Coding_Notes\Faunari\data\raw\inaturalist\357044363.jpg,2018-01-02
inaturalist,357022238,Fowlea piscator,,https://static.inaturalist.org/photos/651121196/medium.jpg,E:\Coding_Notes\Faunari\data\raw\inaturalist\357022238.jpg,2026-04-26
inaturalist,356942668,Echis carinatus,cc-by-nc,https://inaturalist-open-data.s3.amazonaws.com/photos/651952493/medium.jpg,E:\Coding_Notes\Faunari\data\raw\inaturalist\356942668.jpg,2026-04-29
inaturalist,356911381,Oligodon russelius,cc-by-nc,https://inaturalist-open-data.s3.amazonaws.com/photos/650907504/medium.jpg,E:\Coding_Notes\Faunari\data\raw\inaturalist\356911381.jpg,2026-04-30
inaturalist,356904458,Xylophis perroteti,cc-by,https://inaturalist-open-data.s3.amazonaws.com/photos/650894098/medium.jpg,E:\Coding_Notes\Faunari\data\raw\inaturalist\356904458.jpg,2026-04-30
inaturalist,356863475,Dendrelaphis tristis,cc-by-nc,https://inaturalist-open-data.s3.amazonaws.com/photos/650814950/medium.jpg,E:\Coding_Notes\Faunari\data\raw\inaturalist\356863475.jpg,2026-04-27
inaturalist,356855598,Elaphe cantoris,,https://static.inaturalist.org/photos/650700298/medium.jpg,E:\Coding_Notes\Faunari\data\raw\inaturalist\356855598.jpg,2012-05-23
inaturalist,356834826,Fowlea piscator,cc-by-nc,https://inaturalist-open-data.s3.amazonaws.com/photos/650753346/medium.jpg,E:\Coding_Notes\Faunari\data\raw\inaturalist\356834826.jpg,2026-04-22
inaturalist,356805783,Fowlea piscator,cc-by-nc,https://inaturalist-open-data.s3.amazonaws.com/photos/650708691/medium.jpg,E:\Coding_Notes\Faunari\data\raw\inaturalist\356805783.jpg,2026-04-29
inaturalist,356805666,Fowlea piscator,cc-by-nc,https://inaturalist-open-data.s3.amazonaws.com/photos/650708414/medium.jpg,E:\Coding_Notes\Faunari\data\raw\inaturalist\356805666.jpg,2026-04-29
inaturalist,356781040,Ptyas mucosa,,https://static.inaturalist.org/photos/650659216/medium.jpg,E:\Coding_Notes\Faunari\data\raw\inaturalist\356781040.jpg,2026-04-27
inaturalist,356771180,Fowlea piscator,,https://static.inaturalist.org/photos/650647599/medium.jpg,E:\Coding_Notes\Faunari\data\raw\inaturalist\356771180.jpg,2025-10-08
inaturalist,356764473,Ptyas mucosa,cc-by-nc,https://inaturalist-open-data.s3.amazonaws.com/photos/650635776/medium.jpg,E:\Coding_Notes\Faunari\data\raw\inaturalist\356764473.jpg,2026-04-13
inaturalist,356764253,Amphiesma stolatum,cc-by-nc,https://inaturalist-open-data.s3.amazonaws.com/photos/650635355/medium.jpg,E:\Coding_Notes\Faunari\data\raw\inaturalist\356764253.jpg,2026-04-30
inaturalist,356762291,Elaphe cantoris,cc-by-nc,https://inaturalist-open-data.s3.amazonaws.com/photos/650632974/medium.jpg,E:\Coding_Notes\Faunari\data\raw\inaturalist\356762291.jpg,2026-04-29
inaturalist,356758577,Echis carinatus,,https://static.inaturalist.org/photos/650624955/medium.jpg,E:\Coding_Notes\Faunari\data\raw\inaturalist\356758577.jpg,2026-04-29
inaturalist,356752966,Ahaetulla oxyrhynca,cc-by-nc,https://inaturalist-open-data.s3.amazonaws.com/photos/650614187/medium.jpg,E:\Coding_Notes\Faunari\data\raw\inaturalist\356752966.jpg,2021-10-27
inaturalist,356743039,Ptyas mucosa,cc-by-nc,https://inaturalist-open-data.s3.amazonaws.com/photos/656469195/medium.jpg,E:\Coding_Notes\Faunari\data\raw\inaturalist\356743039.jpg,2026-04-28
inaturalist,356742546,Ptyas mucosa,cc-by-nc,https://inaturalist-open-data.s3.amazonaws.com/photos/650593314/medium.jpg,E:\Coding_Notes\Faunari\data\raw\inaturalist\356742546.jpg,2026-04-14
inaturalist,356685275,Ptyas mucosa,,https://static.inaturalist.org/photos/650476095/medium.jpg,E:\Coding_Notes\Faunari\data\raw\inaturalist\356685275.jpg,2026-01-24
inaturalist,356682972,Fowlea tytleri,cc-by-nc,https://inaturalist-open-data.s3.amazonaws.com/photos/650473783/medium.jpg,E:\Coding_Notes\Faunari\data\raw\inaturalist\356682972.jpg,2017-12-05
inaturalist,356551980,Boiga westermanni,,https://static.inaturalist.org/photos/650222713/medium.jpg,E:\Coding_Notes\Faunari\data\raw\inaturalist\356551980.jpg,2026-03-30
inaturalist,356541999,Daboia russelii,cc-by-nc,https://inaturalist-open-data.s3.amazonaws.com/photos/650205597/medium.jpg,E:\Coding_Notes\Faunari\data\raw\inaturalist\356541999.jpg,2021-11-20
inaturalist,356541055,Ptyas mucosa,cc-by-nc,https://inaturalist-open-data.s3.amazonaws.com/photos/650203678/medium.jpg,E:\Coding_Notes\Faunari\data\raw\inaturalist\356541055.jpg,2026-04-26
inaturalist,356540561,Trimeresurus erythrurus,cc-by-nc,https://inaturalist-open-data.s3.amazonaws.com/photos/650202528/medium.jpg,E:\Coding_Notes\Faunari\data\raw\inaturalist\356540561.jpg,2026-04-27
inaturalist,356537054,Ptyas mucosa,cc-by-nc,https://inaturalist-open-data.s3.amazonaws.com/photos/650196390/medium.jpg,E:\Coding_Notes\Faunari\data\raw\inaturalist\356537054.jpg,2026-04-25
inaturalist,356495429,Hypnale hypnale,cc0,https://inaturalist-open-data.s3.amazonaws.com/photos/650119025/medium.jpg,E:\Coding_Notes\Faunari\data\raw\inaturalist\356495429.jpg,2026-04-29
inaturalist,356479718,Ptyas mucosa,,https://static.inaturalist.org/photos/650093352/medium.jpg,E:\Coding_Notes\Faunari\data\raw\inaturalist\356479718.jpg,2026-04-29
inaturalist,356467606,Ptyas mucosa,cc-by-nc,https://inaturalist-open-data.s3.amazonaws.com/photos/650069243/medium.jpg,E:\Coding_Notes\Faunari\data\raw\inaturalist\356467606.jpg,2026-04-26
inaturalist,356460263,Trimeresurus andersonii,cc-by-nc,https://inaturalist-open-data.s3.amazonaws.com/photos/650053729/medium.jpg,E:\Coding_Notes\Faunari\data\raw\inaturalist\356460263.jpg,2017-12-06
inaturalist,356460260,Trimeresurus andersonii,cc-by-nc,https://inaturalist-open-data.s3.amazonaws.com/photos/650053718/medium.jpg,E:\Coding_Notes\Faunari\data\raw\inaturalist\356460260.jpg,2017-12-06
inaturalist,356460257,Trimeresurus andersonii,cc-by-nc,https://inaturalist-open-data.s3.amazonaws.com/photos/650053704/medium.jpg,E:\Coding_Notes\Faunari\data\raw\inaturalist\356460257.jpg,2017-12-04
inaturalist,356460251,Trimeresurus andersonii,cc-by-nc,https://inaturalist-open-data.s3.amazonaws.com/photos/650053673/medium.jpg,E:\Coding_Notes\Faunari\data\raw\inaturalist\356460251.jpg,2017-12-04
inaturalist,356460241,Trimeresurus andersonii,cc-by-nc,https://inaturalist-open-data.s3.amazonaws.com/photos/650053668/medium.jpg,E:\Coding_Notes\Faunari\data\raw\inaturalist\356460241.jpg,2017-07-01
inaturalist,356460240,Trimeresurus andersonii,cc-by-nc,https://inaturalist-open-data.s3.amazonaws.com/photos/650053628/medium.jpg,E:\Coding_Notes\Faunari\data\raw\inaturalist\356460240.jpg,2017-10-27
inaturalist,356460232,Trimeresurus andersonii,cc-by-nc,https://inaturalist-open-data.s3.amazonaws.com/photos/650053600/medium.jpg,E:\Coding_Notes\Faunari\data\raw\inaturalist\356460232.jpg,2016-10-22
inaturalist,356460231,Trimeresurus andersonii,cc-by-nc,https://inaturalist-open-data.s3.amazonaws.com/photos/650053565/medium.jpg,E:\Coding_Notes\Faunari\data\raw\inaturalist\356460231.jpg,2017-10-20
inaturalist,356460230,Trimeresurus andersonii,cc-by-nc,https://inaturalist-open-data.s3.amazonaws.com/photos/650053515/medium.jpg,E:\Coding_Notes\Faunari\data\raw\inaturalist\356460230.jpg,2017-10-19
inaturalist,356458376,Fowlea tytleri,cc-by-nc,https://inaturalist-open-data.s3.amazonaws.com/photos/650052021/medium.jpg,E:\Coding_Notes\Faunari\data\raw\inaturalist\356458376.jpg,2017-07-29
inaturalist,356458174,Cerberus rynchops,cc-by-nc,https://inaturalist-open-data.s3.amazonaws.com/photos/650050713/medium.jpg,E:\Coding_Notes\Faunari\data\raw\inaturalist\356458174.jpg,2017-10-06
inaturalist,356458173,Cerberus rynchops,cc-by-nc,https://inaturalist-open-data.s3.amazonaws.com/photos/650050708/medium.jpg,E:\Coding_Notes\Faunari\data\raw\inaturalist\356458173.jpg,2017-09-09
inaturalist,356458171,Cerberus rynchops,cc-by-nc,https://inaturalist-open-data.s3.amazonaws.com/photos/650050677/medium.jpg,E:\Coding_Notes\Faunari\data\raw\inaturalist\356458171.jpg,2016-12-23
inaturalist,356457476,Bungarus andamanensis,cc-by-nc,https://inaturalist-open-data.s3.amazonaws.com/photos/650049366/medium.jpg,E:\Coding_Notes\Faunari\data\raw\inaturalist\356457476.jpg,2017-12-06
inaturalist,356457474,Bungarus andamanensis,cc-by-nc,https://inaturalist-open-data.s3.amazonaws.com/photos/650049359/medium.jpg,E:\Coding_Notes\Faunari\data\raw\inaturalist\356457474.jpg,2017-12-03
inaturalist,356457473,Bungarus andamanensis,cc-by-nc,https://inaturalist-open-data.s3.amazonaws.com/photos/650049324/medium.jpg,E:\Coding_Notes\Faunari\data\raw\inaturalist\356457473.jpg,2016-12-22
inaturalist,356457472,Bungarus andamanensis,cc-by-nc,https://inaturalist-open-data.s3.amazonaws.com/photos/650049285/medium.jpg,E:\Coding_Notes\Faunari\data\raw\inaturalist\356457472.jpg,2017-10-16
inaturalist,356456460,Lycodon hypsirhinoides,cc-by-nc,https://inaturalist-open-data.s3.amazonaws.com/photos/650047477/medium.jpg,E:\Coding_Notes\Faunari\data\raw\inaturalist\356456460.jpg,2016-09-05
inaturalist,356456459,Lycodon hypsirhinoides,cc-by-nc,https://inaturalist-open-data.s3.amazonaws.com/photos/650047472/medium.jpg,E:\Coding_Notes\Faunari\data\raw\inaturalist\356456459.jpg,2017-07-24
inaturalist,356456456,Lycodon hypsirhinoides,cc-by-nc,https://inaturalist-open-data.s3.amazonaws.com/photos/650047436/medium.jpg,E:\Coding_Notes\Faunari\data\raw\inaturalist\356456456.jpg,2016-09-04
inaturalist,356456455,Lycodon hypsirhinoides,cc-by-nc,https://inaturalist-open-data.s3.amazonaws.com/photos/650047401/medium.jpg,E:\Coding_Notes\Faunari\data\raw\inaturalist\356456455.jpg,2017-09-10
inaturalist,356456454,Lycodon hypsirhinoides,cc-by-nc,https://inaturalist-open-data.s3.amazonaws.com/photos/650047397/medium.jpg,E:\Coding_Notes\Faunari\data\raw\inaturalist\356456454.jpg,2017-06-29
inaturalist,356455530,Ptyas mucosa,,https://static.inaturalist.org/photos/650038199/medium.jpg,E:\Coding_Notes\Faunari\data\raw\inaturalist\356455530.jpg,2026-04-27
inaturalist,356455525,Boiga andamanensis,cc-by-nc,https://inaturalist-open-data.s3.amazonaws.com/photos/650046363/medium.jpg,E:\Coding_Notes\Faunari\data\raw\inaturalist\356455525.jpg,2017-12-03
inaturalist,356455172,Boiga andamanensis,cc-by-nc,https://inaturalist-open-data.s3.amazonaws.com/photos/650045978/medium.jpg,E:\Coding_Notes\Faunari\data\raw\inaturalist\356455172.jpg,2017-10-20
inaturalist,356452130,Lycodon aulicus,cc-by-nc,https://inaturalist-open-data.s3.amazonaws.com/photos/650039779/medium.jpg,E:\Coding_Notes\Faunari\data\raw\inaturalist\356452130.jpg,2018-06-07
inaturalist,356450226,Fowlea piscator,,https://static.inaturalist.org/photos/650037970/medium.jpg,E:\Coding_Notes\Faunari\data\raw\inaturalist\356450226.jpg,2026-04-29
inaturalist,356435053,Ptyas mucosa,,https://static.inaturalist.org/photos/650004511/medium.jpg,E:\Coding_Notes\Faunari\data\raw\inaturalist\356435053.jpg,2026-04-27
inaturalist,356427510,Ahaetulla oxyrhynca,,https://static.inaturalist.org/photos/649988438/medium.jpg,E:\Coding_Notes\Faunari\data\raw\inaturalist\356427510.jpg,2026-04-27
inaturalist,356426432,Naja naja,,https://static.inaturalist.org/photos/649994348/medium.jpg,E:\Coding_Notes\Faunari\data\raw\inaturalist\356426432.jpg,2026-04-27
inaturalist,356415813,Naja naja,cc-by-nc,https://inaturalist-open-data.s3.amazonaws.com/photos/649974335/medium.jpg,E:\Coding_Notes\Faunari\data\raw\inaturalist\356415813.jpg,2018-07-31
inaturalist,356415604,Bungarus caeruleus,cc-by-nc,https://inaturalist-open-data.s3.amazonaws.com/photos/649973924/medium.jpg,E:\Coding_Notes\Faunari\data\raw\inaturalist\356415604.jpg,2017-06-10
inaturalist,356415389,Coelognathus helena helena,cc-by-nc,https://inaturalist-open-data.s3.amazonaws.com/photos/649973394/medium.jpg,E:\Coding_Notes\Faunari\data\raw\inaturalist\356415389.jpg,2018-06-25
inaturalist,356415265,Oligodon tillacki,cc-by-nc,https://inaturalist-open-data.s3.amazonaws.com/photos/649973006/medium.jpg,E:\Coding_Notes\Faunari\data\raw\inaturalist\356415265.jpg,2017-06-10
inaturalist,356415024,Boiga trigonata,cc-by-nc,https://inaturalist-open-data.s3.amazonaws.com/photos/649972705/medium.jpg,E:\Coding_Notes\Faunari\data\raw\inaturalist\356415024.jpg,2018-06-25
inaturalist,356414538,Platyceps plinii,cc-by-nc,https://inaturalist-open-data.s3.amazonaws.com/photos/649972266/medium.jpg,E:\Coding_Notes\Faunari\data\raw\inaturalist\356414538.jpg,2018-12-27
inaturalist,356414439,Eryx johnii,cc-by-nc,https://inaturalist-open-data.s3.amazonaws.com/photos/649972001/medium.jpg,E:\Coding_Notes\Faunari\data\raw\inaturalist\356414439.jpg,2018-06-28
inaturalist,356405365,Fowlea piscator,cc-by-nc,https://inaturalist-open-data.s3.amazonaws.com/photos/649956024/medium.jpg,E:\Coding_Notes\Faunari\data\raw\inaturalist\356405365.jpg,2026-04-24
inaturalist,356405043,Naja naja,cc-by-nc,https://inaturalist-open-data.s3.amazonaws.com/photos/649955453/medium.jpg,E:\Coding_Notes\Faunari\data\raw\inaturalist\356405043.jpg,2026-04-27
inaturalist,356402266,Ptyas mucosa,cc-by-nc,https://inaturalist-open-data.s3.amazonaws.com/photos/649950376/medium.jpg,E:\Coding_Notes\Faunari\data\raw\inaturalist\356402266.jpg,2015-08-15
inaturalist,356384660,Eryx conicus,cc-by-nc,https://inaturalist-open-data.s3.amazonaws.com/photos/649917137/medium.jpg,E:\Coding_Notes\Faunari\data\raw\inaturalist\356384660.jpg,2015-10-04
inaturalist,356378819,Dendrelaphis tristis,cc-by-nc,https://inaturalist-open-data.s3.amazonaws.com/photos/649906982/medium.jpg,E:\Coding_Notes\Faunari\data\raw\inaturalist\356378819.jpg,2026-04-27
inaturalist,356374356,Fowlea piscator,cc-by-nc,https://inaturalist-open-data.s3.amazonaws.com/photos/649898709/medium.jpg,E:\Coding_Notes\Faunari\data\raw\inaturalist\356374356.jpg,2026-04-27
inaturalist,356365146,Naja naja,cc-by-nc,https://inaturalist-open-data.s3.amazonaws.com/photos/649880161/medium.jpg,E:\Coding_Notes\Faunari\data\raw\inaturalist\356365146.jpg,2026-04-27
inaturalist,356250534,Sahyadriophis uttaraghati,cc-by-nc,https://inaturalist-open-data.s3.amazonaws.com/photos/649662731/medium.jpg,E:\Coding_Notes\Faunari\data\raw\inaturalist\356250534.jpg,2026-04-28
inaturalist,356147225,Ptyas mucosa,cc-by-nc,https://inaturalist-open-data.s3.amazonaws.com/photos/649461630/medium.jpg,E:\Coding_Notes\Faunari\data\raw\inaturalist\356147225.jpg,2026-02-11
inaturalist,356116711,Eryx conicus,cc-by-nc,https://inaturalist-open-data.s3.amazonaws.com/photos/649416708/medium.jpg,E:\Coding_Notes\Faunari\data\raw\inaturalist\356116711.jpg,2022-07-01
inaturalist,356107941,Ptyas mucosa,,https://static.inaturalist.org/photos/649399808/medium.jpg,E:\Coding_Notes\Faunari\data\raw\inaturalist\356107941.jpg,2026-04-25
inaturalist,356097358,Ptyas mucosa,cc-by-nc,https://inaturalist-open-data.s3.amazonaws.com/photos/649380236/medium.jpg,E:\Coding_Notes\Faunari\data\raw\inaturalist\356097358.jpg,2026-04-24
inaturalist,356096933,Fowlea piscator,,https://static.inaturalist.org/photos/649379458/medium.jpg,E:\Coding_Notes\Faunari\data\raw\inaturalist\356096933.jpg,2026-04-28
inaturalist,356079442,Dendrelaphis tristis,,https://static.inaturalist.org/photos/649352855/medium.jpg,E:\Coding_Notes\Faunari\data\raw\inaturalist\356079442.jpg,2026-04-26
inaturalist,356041383,Ptyas mucosa,cc-by-nc,https://inaturalist-open-data.s3.amazonaws.com/photos/649277884/medium.jpg,E:\Coding_Notes\Faunari\data\raw\inaturalist\356041383.jpg,2025-11-29
inaturalist,356038913,Dendrelaphis tristis,cc-by-nc,https://inaturalist-open-data.s3.amazonaws.com/photos/649276881/medium.jpg,E:\Coding_Notes\Faunari\data\raw\inaturalist\356038913.jpg,2026-04-27
inaturalist,356004983,Ptyas mucosa,cc-by-nc,https://inaturalist-open-data.s3.amazonaws.com/photos/649218259/medium.jpg,E:\Coding_Notes\Faunari\data\raw\inaturalist\356004983.jpg,2026-04-25
inaturalist,355985719,Dendrelaphis tristis,,https://static.inaturalist.org/photos/649183622/medium.jpg,E:\Coding_Notes\Faunari\data\raw\inaturalist\355985719.jpg,2026-04-24
inaturalist,355962365,Coelognathus helena helena,,https://static.inaturalist.org/photos/649140840/medium.jpg,E:\Coding_Notes\Faunari\data\raw\inaturalist\355962365.jpg,2026-04-28
inaturalist,355961217,Dendrelaphis chairecacos,cc-by-nc,https://inaturalist-open-data.s3.amazonaws.com/photos/649137148/medium.jpg,E:\Coding_Notes\Faunari\data\raw\inaturalist\355961217.jpg,2026-04-27
inaturalist,355952126,Ahaetulla oxyrhynca,,https://static.inaturalist.org/photos/649123365/medium.jpg,E:\Coding_Notes\Faunari\data\raw\inaturalist\355952126.jpg,2026-04-28
inaturalist,355923246,Lycodon aulicus,cc-by-nc,https://inaturalist-open-data.s3.amazonaws.com/photos/649069512/medium.jpg,E:\Coding_Notes\Faunari\data\raw\inaturalist\355923246.jpg,2026-04-22
inaturalist,355547974,Daboia russelii,,https://static.inaturalist.org/photos/648406778/medium.jpg,E:\Coding_Notes\Faunari\data\raw\inaturalist\355547974.jpg,2026-04-27
inaturalist,355524184,Amphiesma stolatum,cc-by-nc,https://inaturalist-open-data.s3.amazonaws.com/photos/648366926/medium.jpg,E:\Coding_Notes\Faunari\data\raw\inaturalist\355524184.jpg,2026-04-25
inaturalist,355523987,Ptyas mucosa,cc-by-nc,https://inaturalist-open-data.s3.amazonaws.com/photos/648367471/medium.jpg,E:\Coding_Notes\Faunari\data\raw\inaturalist\355523987.jpg,2026-04-27
inaturalist,355520908,Eryx conicus,cc-by-nc,https://inaturalist-open-data.s3.amazonaws.com/photos/648361451/medium.jpg,E:\Coding_Notes\Faunari\data\raw\inaturalist\355520908.jpg,2026-04-03
inaturalist,355489141,Dendrelaphis tristis,cc-by-nc,https://inaturalist-open-data.s3.amazonaws.com/photos/648310546/medium.jpg,E:\Coding_Notes\Faunari\data\raw\inaturalist\355489141.jpg,2026-04-27
inaturalist,355488098,Dendrelaphis tristis,cc-by-nc,https://inaturalist-open-data.s3.amazonaws.com/photos/648308995/medium.jpg,E:\Coding_Notes\Faunari\data\raw\inaturalist\355488098.jpg,2026-04-27
inaturalist,355480986,Fowlea piscator,cc-by-nc,https://inaturalist-open-data.s3.amazonaws.com/photos/648297703/medium.jpg,E:\Coding_Notes\Faunari\data\raw\inaturalist\355480986.jpg,2026-04-27
inaturalist,355477266,Fowlea piscator,cc-by-nc,https://inaturalist-open-data.s3.amazonaws.com/photos/648291616/medium.jpg,E:\Coding_Notes\Faunari\data\raw\inaturalist\355477266.jpg,2026-04-27
inaturalist,355462932,Eryx conicus,cc-by-nc,https://inaturalist-open-data.s3.amazonaws.com/photos/648268844/medium.jpg,E:\Coding_Notes\Faunari\data\raw\inaturalist\355462932.jpg,2026-04-27
inaturalist,355404311,Oligodon brevicauda,cc-by-nc,https://inaturalist-open-data.s3.amazonaws.com/photos/648177430/medium.jpg,E:\Coding_Notes\Faunari\data\raw\inaturalist\355404311.jpg,2022-05-07
inaturalist,355402527,Fowlea piscator,cc-by-nc,https://inaturalist-open-data.s3.amazonaws.com/photos/648175759/medium.jpg,E:\Coding_Notes\Faunari\data\raw\inaturalist\355402527.jpg,2026-04-26
inaturalist,355400560,Oligodon affinis,cc-by-nc,https://inaturalist-open-data.s3.amazonaws.com/photos/648169936/medium.jpg,E:\Coding_Notes\Faunari\data\raw\inaturalist\355400560.jpg,2022-05-10
inaturalist,355306096,Ptyas mucosa,cc-by-nc,https://inaturalist-open-data.s3.amazonaws.com/photos/648007615/medium.jpg,E:\Coding_Notes\Faunari\data\raw\inaturalist\355306096.jpg,2026-04-27
inaturalist,355296524,Ptyas mucosa,cc-by-nc,https://inaturalist-open-data.s3.amazonaws.com/photos/648011536/medium.jpg,E:\Coding_Notes\Faunari\data\raw\inaturalist\355296524.jpg,2026-04-27
inaturalist,355286471,Lycodon aulicus,cc-by-nc,https://inaturalist-open-data.s3.amazonaws.com/photos/647996876/medium.jpg,E:\Coding_Notes\Faunari\data\raw\inaturalist\355286471.jpg,2026-04-27
inaturalist,355272945,Amphiesma stolatum,cc-by-nc,https://inaturalist-open-data.s3.amazonaws.com/photos/647977221/medium.jpg,E:\Coding_Notes\Faunari\data\raw\inaturalist\355272945.jpg,2026-04-27
inaturalist,355255180,Dendrelaphis girii,cc-by-nc,https://inaturalist-open-data.s3.amazonaws.com/photos/647947226/medium.jpg,E:\Coding_Notes\Faunari\data\raw\inaturalist\355255180.jpg,2026-04-25
inaturalist,355214815,Boiga cyanea,cc-by-nc,https://inaturalist-open-data.s3.amazonaws.com/photos/647889898/medium.jpg,E:\Coding_Notes\Faunari\data\raw\inaturalist\355214815.jpg,2026-04-21
inaturalist,355203759,Boiga gocool,cc-by-nc,https://inaturalist-open-data.s3.amazonaws.com/photos/647873505/medium.jpg,E:\Coding_Notes\Faunari\data\raw\inaturalist\355203759.jpg,2026-04-23
inaturalist,355181489,Echis carinatus carinatus,cc-by-nc,https://inaturalist-open-data.s3.amazonaws.com/photos/647838857/medium.jpg,E:\Coding_Notes\Faunari\data\raw\inaturalist\355181489.jpg,2026-04-26
inaturalist,355180814,Echis carinatus,cc-by-nc,https://inaturalist-open-data.s3.amazonaws.com/photos/647838001/medium.jpg,E:\Coding_Notes\Faunari\data\raw\inaturalist\355180814.jpg,2026-04-26
inaturalist,355179915,Craspedocephalus gramineus,cc-by-nc,https://inaturalist-open-data.s3.amazonaws.com/photos/647836849/medium.jpg,E:\Coding_Notes\Faunari\data\raw\inaturalist\355179915.jpg,2026-04-26
inaturalist,355178561,Fowlea piscator,cc-by-nc,https://inaturalist-open-data.s3.amazonaws.com/photos/647765176/medium.jpg,E:\Coding_Notes\Faunari\data\raw\inaturalist\355178561.jpg,2026-04-24
inaturalist,355147215,Bungarus niger,cc-by-nc,https://inaturalist-open-data.s3.amazonaws.com/photos/647789640/medium.jpg,E:\Coding_Notes\Faunari\data\raw\inaturalist\355147215.jpg,2026-04-10
inaturalist,355122312,Dendrelaphis tristis,,https://static.inaturalist.org/photos/647754175/medium.jpg,E:\Coding_Notes\Faunari\data\raw\inaturalist\355122312.jpg,2026-04-27
inaturalist,355114568,Dendrelaphis tristis,cc-by-nc,https://inaturalist-open-data.s3.amazonaws.com/photos/647727370/medium.jpg,E:\Coding_Notes\Faunari\data\raw\inaturalist\355114568.jpg,2026-04-27
inaturalist,355114316,Dendrelaphis tristis,cc-by-nc,https://inaturalist-open-data.s3.amazonaws.com/photos/647724830/medium.jpg,E:\Coding_Notes\Faunari\data\raw\inaturalist\355114316.jpg,2026-04-27
inaturalist,355103372,Ptyas mucosa,cc-by-nc,https://inaturalist-open-data.s3.amazonaws.com/photos/647725123/medium.jpg,E:\Coding_Notes\Faunari\data\raw\inaturalist\355103372.jpg,2026-04-18
inaturalist,355098378,Ptyas mucosa,cc-by-nc,https://inaturalist-open-data.s3.amazonaws.com/photos/647718408/medium.jpg,E:\Coding_Notes\Faunari\data\raw\inaturalist\355098378.jpg,2026-04-27
inaturalist,355056592,Fowlea piscator,cc-by,https://inaturalist-open-data.s3.amazonaws.com/photos/647650902/medium.jpg,E:\Coding_Notes\Faunari\data\raw\inaturalist\355056592.jpg,2026-04-24
inaturalist,355046380,Indotyphlops braminus,,https://static.inaturalist.org/photos/647634547/medium.jpg,E:\Coding_Notes\Faunari\data\raw\inaturalist\355046380.jpg,2026-04-25
inaturalist,355026941,Ahaetulla malabarica,cc-by-nc,https://inaturalist-open-data.s3.amazonaws.com/photos/647600773/medium.jpg,E:\Coding_Notes\Faunari\data\raw\inaturalist\355026941.jpg,2026-04-25
inaturalist,355015263,Fowlea piscator,,https://static.inaturalist.org/photos/647577848/medium.jpg,E:\Coding_Notes\Faunari\data\raw\inaturalist\355015263.jpg,2026-04-25
inaturalist,355004839,Craspedocephalus gramineus,cc-by-nc,https://inaturalist-open-data.s3.amazonaws.com/photos/647559363/medium.jpg,E:\Coding_Notes\Faunari\data\raw\inaturalist\355004839.jpg,2026-04-26
inaturalist,354982368,Fowlea piscator,,https://static.inaturalist.org/photos/647521514/medium.jpg,E:\Coding_Notes\Faunari\data\raw\inaturalist\354982368.jpg,2026-04-25
inaturalist,354950997,Ptyas mucosa,cc-by-nc,https://inaturalist-open-data.s3.amazonaws.com/photos/647465673/medium.jpg,E:\Coding_Notes\Faunari\data\raw\inaturalist\354950997.jpg,2026-04-27
inaturalist,354649490,Fowlea piscator,cc-by-nc,https://inaturalist-open-data.s3.amazonaws.com/photos/646931542/medium.jpg,E:\Coding_Notes\Faunari\data\raw\inaturalist\354649490.jpg,2026-04-27
inaturalist,354616699,Fowlea piscator,cc-by-nc,https://inaturalist-open-data.s3.amazonaws.com/photos/646875608/medium.jpg,E:\Coding_Notes\Faunari\data\raw\inaturalist\354616699.jpg,2026-04-26
inaturalist,354609264,Ptyas mucosa,cc-by-nc,https://inaturalist-open-data.s3.amazonaws.com/photos/646862859/medium.jpg,E:\Coding_Notes\Faunari\data\raw\inaturalist\354609264.jpg,2026-04-26
inaturalist,354567639,Fowlea piscator,,https://static.inaturalist.org/photos/646792357/medium.jpg,E:\Coding_Notes\Faunari\data\raw\inaturalist\354567639.jpg,2026-03-22
inaturalist,354564399,Fowlea piscator,,https://static.inaturalist.org/photos/646791816/medium.jpg,E:\Coding_Notes\Faunari\data\raw\inaturalist\354564399.jpg,2026-04-25
inaturalist,354450477,Ptyas mucosa,cc-by-nc,https://inaturalist-open-data.s3.amazonaws.com/photos/646600667/medium.jpg,E:\Coding_Notes\Faunari\data\raw\inaturalist\354450477.jpg,2026-04-26
inaturalist,354418882,Ptyas mucosa,cc-by-nc,https://inaturalist-open-data.s3.amazonaws.com/photos/646549403/medium.jpg,E:\Coding_Notes\Faunari\data\raw\inaturalist\354418882.jpg,2026-04-26
inaturalist,354417127,Eryx conicus,cc-by-nc,https://inaturalist-open-data.s3.amazonaws.com/photos/646546617/medium.jpg,E:\Coding_Notes\Faunari\data\raw\inaturalist\354417127.jpg,2026-04-13
inaturalist,354415930,Psammodynastes pulverulentus,,https://static.inaturalist.org/photos/646530763/medium.jpg,E:\Coding_Notes\Faunari\data\raw\inaturalist\354415930.jpg,2026-04-03
inaturalist,354390864,Naja naja,cc-by-nc,https://inaturalist-open-data.s3.amazonaws.com/photos/646504642/medium.jpg,E:\Coding_Notes\Faunari\data\raw\inaturalist\354390864.jpg,2026-04-26
inaturalist,354355731,Fowlea piscator,cc-by-nc,https://inaturalist-open-data.s3.amazonaws.com/photos/646447868/medium.jpg,E:\Coding_Notes\Faunari\data\raw\inaturalist\354355731.jpg,2026-04-26
inaturalist,354355665,Fowlea piscator,cc-by-nc,https://inaturalist-open-data.s3.amazonaws.com/photos/646483237/medium.jpg,E:\Coding_Notes\Faunari\data\raw\inaturalist\354355665.jpg,2026-04-26
inaturalist,354355175,Fowlea piscator,,https://static.inaturalist.org/photos/646446959/medium.jpg,E:\Coding_Notes\Faunari\data\raw\inaturalist\354355175.jpg,2026-04-26
inaturalist,354352540,Dendrelaphis tristis,,https://static.inaturalist.org/photos/646442479/medium.jpg,E:\Coding_Notes\Faunari\data\raw\inaturalist\354352540.jpg,2026-04-26
inaturalist,354333121,Amphiesma stolatum,cc-by-nc,https://inaturalist-open-data.s3.amazonaws.com/photos/646410002/medium.jpg,E:\Coding_Notes\Faunari\data\raw\inaturalist\354333121.jpg,2026-04-26
inaturalist,354256808,Ptyas mucosa,,https://static.inaturalist.org/photos/646302067/medium.jpg,E:\Coding_Notes\Faunari\data\raw\inaturalist\354256808.jpg,2026-04-26
inaturalist,354220294,Lycodon fasciolatus,,https://static.inaturalist.org/photos/646230987/medium.jpg,E:\Coding_Notes\Faunari\data\raw\inaturalist\354220294.jpg,2026-04-26
inaturalist,354164723,Lycodon fasciolatus,cc-by-nc,https://inaturalist-open-data.s3.amazonaws.com/photos/646141494/medium.jpg,E:\Coding_Notes\Faunari\data\raw\inaturalist\354164723.jpg,2026-04-26
inaturalist,354138685,Bungarus fasciatus,cc-by-nc,https://inaturalist-open-data.s3.amazonaws.com/photos/646096032/medium.jpg,E:\Coding_Notes\Faunari\data\raw\inaturalist\354138685.jpg,2026-04-26
inaturalist,354091476,Oligodon affinis,cc-by-nc,https://inaturalist-open-data.s3.amazonaws.com/photos/646013337/medium.jpg,E:\Coding_Notes\Faunari\data\raw\inaturalist\354091476.jpg,2026-04-25
inaturalist,354076530,Craspedocephalus malabaricus,cc-by-nc,https://inaturalist-open-data.s3.amazonaws.com/photos/645987112/medium.jpg,E:\Coding_Notes\Faunari\data\raw\inaturalist\354076530.jpg,2026-04-25
inaturalist,353866960,Fowlea piscator,cc-by-nc,https://inaturalist-open-data.s3.amazonaws.com/photos/645601848/medium.jpg,E:\Coding_Notes\Faunari\data\raw\inaturalist\353866960.jpg,2026-01-12
inaturalist,353755786,Ptyas mucosa,cc-by-nc,https://inaturalist-open-data.s3.amazonaws.com/photos/645322317/medium.jpg,E:\Coding_Notes\Faunari\data\raw\inaturalist\353755786.jpg,2026-04-25
inaturalist,353755528,Dendrelaphis girii,cc-by-nc,https://inaturalist-open-data.s3.amazonaws.com/photos/645407082/medium.jpg,E:\Coding_Notes\Faunari\data\raw\inaturalist\353755528.jpg,2026-04-25
inaturalist,353732117,Enhydris enhydris,cc-by-nc,https://inaturalist-open-data.s3.amazonaws.com/photos/645367749/medium.jpg,E:\Coding_Notes\Faunari\data\raw\inaturalist\353732117.jpg,2026-04-25
inaturalist,353728817,Eryx conicus,cc-by-nc,https://inaturalist-open-data.s3.amazonaws.com/photos/645360603/medium.jpg,E:\Coding_Notes\Faunari\data\raw\inaturalist\353728817.jpg,2026-04-06
inaturalist,353725780,Fowlea piscator,cc-by-nc,https://inaturalist-open-data.s3.amazonaws.com/photos/645355028/medium.jpg,E:\Coding_Notes\Faunari\data\raw\inaturalist\353725780.jpg,2026-04-11
inaturalist,353679248,Sinomicrurus gorei,cc-by-nc,https://inaturalist-open-data.s3.amazonaws.com/photos/645277860/medium.jpg,E:\Coding_Notes\Faunari\data\raw\inaturalist\353679248.jpg,2026-04-25
inaturalist,353666246,Lycodon fasciolatus,cc-by,https://inaturalist-open-data.s3.amazonaws.com/photos/645256065/medium.jpg,E:\Coding_Notes\Faunari\data\raw\inaturalist\353666246.jpg,2026-04-01
inaturalist,353638115,Fowlea piscator,cc-by-nc,https://inaturalist-open-data.s3.amazonaws.com/photos/645119741/medium.jpg,E:\Coding_Notes\Faunari\data\raw\inaturalist\353638115.jpg,2026-04-25
inaturalist,353530590,Grypotyphlops acutus,,https://static.inaturalist.org/photos/645037470/medium.jpg,E:\Coding_Notes\Faunari\data\raw\inaturalist\353530590.jpg,2026-04-25
inaturalist,353398210,Lycodon fasciolatus,cc-by-nc,https://inaturalist-open-data.s3.amazonaws.com/photos/646135786/medium.jpg,E:\Coding_Notes\Faunari\data\raw\inaturalist\353398210.jpg,2026-04-22
inaturalist,353398025,Bungarus caeruleus,cc-by-nc,https://inaturalist-open-data.s3.amazonaws.com/photos/644825151/medium.jpg,E:\Coding_Notes\Faunari\data\raw\inaturalist\353398025.jpg,2026-04-25
inaturalist,353391617,Dendrelaphis tristis,cc-by-nc,https://inaturalist-open-data.s3.amazonaws.com/photos/644817984/medium.jpg,E:\Coding_Notes\Faunari\data\raw\inaturalist\353391617.jpg,2026-04-17
inaturalist,353340364,Fowlea piscator,cc-by-nc,https://inaturalist-open-data.s3.amazonaws.com/photos/644740124/medium.jpg,E:\Coding_Notes\Faunari\data\raw\inaturalist\353340364.jpg,2026-04-24
inaturalist,353331669,Echis carinatus,cc-by,https://inaturalist-open-data.s3.amazonaws.com/photos/644726408/medium.jpg,E:\Coding_Notes\Faunari\data\raw\inaturalist\353331669.jpg,2026-04-13
inaturalist,353319974,Dendrelaphis girii,cc-by-nc,https://inaturalist-open-data.s3.amazonaws.com/photos/644707516/medium.jpg,E:\Coding_Notes\Faunari\data\raw\inaturalist\353319974.jpg,2026-04-25
inaturalist,353307047,Daboia russelii,cc-by-nc,https://inaturalist-open-data.s3.amazonaws.com/photos/644686401/medium.jpg,E:\Coding_Notes\Faunari\data\raw\inaturalist\353307047.jpg,2026-04-24
inaturalist,353304481,Boiga siamensis,cc-by-nc,https://inaturalist-open-data.s3.amazonaws.com/photos/644681617/medium.jpg,E:\Coding_Notes\Faunari\data\raw\inaturalist\353304481.jpg,2026-04-24
inaturalist,353294228,Cerberus rynchops,cc-by-nc,https://inaturalist-open-data.s3.amazonaws.com/photos/644665005/medium.jpg,E:\Coding_Notes\Faunari\data\raw\inaturalist\353294228.jpg,2026-04-24
inaturalist,353293135,Lycodon fasciolatus,cc-by-nc,https://inaturalist-open-data.s3.amazonaws.com/photos/644664247/medium.jpg,E:\Coding_Notes\Faunari\data\raw\inaturalist\353293135.jpg,2026-04-25
inaturalist,353289241,Ptyas mucosa,cc-by-nc,https://inaturalist-open-data.s3.amazonaws.com/photos/644655494/medium.jpg,E:\Coding_Notes\Faunari\data\raw\inaturalist\353289241.jpg,2026-04-25
inaturalist,353230698,Lycodon fasciolatus,cc-by,https://inaturalist-open-data.s3.amazonaws.com/photos/644554422/medium.jpg,E:\Coding_Notes\Faunari\data\raw\inaturalist\353230698.jpg,2026-04-01
inaturalist,353191750,Fowlea piscator,,https://static.inaturalist.org/photos/644487058/medium.jpg,E:\Coding_Notes\Faunari\data\raw\inaturalist\353191750.jpg,2026-04-24
inaturalist,352940030,Fowlea piscator,,https://static.inaturalist.org/photos/644044448/medium.jpg,E:\Coding_Notes\Faunari\data\raw\inaturalist\352940030.jpg,2026-04-24
inaturalist,352926018,Ptyas mucosa,cc-by-nc,https://inaturalist-open-data.s3.amazonaws.com/photos/644021422/medium.jpg,E:\Coding_Notes\Faunari\data\raw\inaturalist\352926018.jpg,2026-04-24
inaturalist,352853181,Enhydris enhydris,cc-by-nc,https://inaturalist-open-data.s3.amazonaws.com/photos/643903174/medium.jpg,E:\Coding_Notes\Faunari\data\raw\inaturalist\352853181.jpg,2026-04-24
inaturalist,352841446,Eryx whitakeri,cc-by-nc,https://inaturalist-open-data.s3.amazonaws.com/photos/643884300/medium.jpg,E:\Coding_Notes\Faunari\data\raw\inaturalist\352841446.jpg,2026-04-24
inaturalist,352832203,Ptyas mucosa,,https://static.inaturalist.org/photos/643857650/medium.jpg,E:\Coding_Notes\Faunari\data\raw\inaturalist\352832203.jpg,2026-04-24
inaturalist,352786043,Naja naja,,https://static.inaturalist.org/photos/643798220/medium.jpg,E:\Coding_Notes\Faunari\data\raw\inaturalist\352786043.jpg,2026-04-24
inaturalist,352775850,Elaphe hodgsoni,cc-by-nc,https://inaturalist-open-data.s3.amazonaws.com/photos/643782609/medium.jpg,E:\Coding_Notes\Faunari\data\raw\inaturalist\352775850.jpg,2026-04-24
inaturalist,352774312,Ptyas mucosa,,https://static.inaturalist.org/photos/643779343/medium.jpg,E:\Coding_Notes\Faunari\data\raw\inaturalist\352774312.jpg,2026-04-23
inaturalist,352774136,Naja naja,cc-by-nc,https://inaturalist-open-data.s3.amazonaws.com/photos/643780015/medium.jpg,E:\Coding_Notes\Faunari\data\raw\inaturalist\352774136.jpg,2026-04-24
inaturalist,352759285,Python molurus,cc-by-nc,https://inaturalist-open-data.s3.amazonaws.com/photos/643757187/medium.jpg,E:\Coding_Notes\Faunari\data\raw\inaturalist\352759285.jpg,2026-04-24
inaturalist,352749532,Fowlea piscator,cc-by-nc,https://inaturalist-open-data.s3.amazonaws.com/photos/643742020/medium.jpg,E:\Coding_Notes\Faunari\data\raw\inaturalist\352749532.jpg,2026-04-24
inaturalist,352740369,Lycodon jara,cc-by-nc,https://inaturalist-open-data.s3.amazonaws.com/photos/643727733/medium.jpg,E:\Coding_Notes\Faunari\data\raw\inaturalist\352740369.jpg,2026-04-24
inaturalist,352740309,Oligodon russelius,cc-by-nc,https://inaturalist-open-data.s3.amazonaws.com/photos/643748828/medium.jpg,E:\Coding_Notes\Faunari\data\raw\inaturalist\352740309.jpg,2026-04-24
inaturalist,352736444,Ahaetulla oxyrhynca,cc-by-nc,https://inaturalist-open-data.s3.amazonaws.com/photos/643721487/medium.jpg,E:\Coding_Notes\Faunari\data\raw\inaturalist\352736444.jpg,2026-04-24
inaturalist,352659651,Naja kaouthia,cc-by-nc,https://inaturalist-open-data.s3.amazonaws.com/photos/643601758/medium.jpg,E:\Coding_Notes\Faunari\data\raw\inaturalist\352659651.jpg,2026-04-24
inaturalist,352655505,Rhabdophis plumbicolor,cc-by-nc,https://inaturalist-open-data.s3.amazonaws.com/photos/643595607/medium.jpg,E:\Coding_Notes\Faunari\data\raw\inaturalist\352655505.jpg,2025-06-05
inaturalist,352652719,Daboia russelii,,https://static.inaturalist.org/photos/643590992/medium.jpg,E:\Coding_Notes\Faunari\data\raw\inaturalist\352652719.jpg,2026-04-24
inaturalist,352645743,Rhabdophis plumbicolor plumbicolor,,https://static.inaturalist.org/photos/643580253/medium.jpg,E:\Coding_Notes\Faunari\data\raw\inaturalist\352645743.jpg,2026-04-21
inaturalist,352644800,Craspedocephalus malabaricus,,https://static.inaturalist.org/photos/643573642/medium.jpg,E:\Coding_Notes\Faunari\data\raw\inaturalist\352644800.jpg,2024-09-01
inaturalist,352644770,Ahaetulla malabarica,,https://static.inaturalist.org/photos/643573499/medium.jpg,E:\Coding_Notes\Faunari\data\raw\inaturalist\352644770.jpg,2024-09-01
inaturalist,352641709,Lycodon fasciolatus,cc0,https://inaturalist-open-data.s3.amazonaws.com/photos/643573556/medium.jpg,E:\Coding_Notes\Faunari\data\raw\inaturalist\352641709.jpg,2026-04-24
inaturalist,352636548,Indotyphlops braminus,,https://static.inaturalist.org/photos/643565333/medium.jpg,E:\Coding_Notes\Faunari\data\raw\inaturalist\352636548.jpg,2024-08-20
inaturalist,352634016,Python molurus,cc0,https://inaturalist-open-data.s3.amazonaws.com/photos/643562822/medium.jpg,E:\Coding_Notes\Faunari\data\raw\inaturalist\352634016.jpg,2026-04-24
inaturalist,352628346,Eryx whitakeri,cc0,https://inaturalist-open-data.s3.amazonaws.com/photos/643554255/medium.jpg,E:\Coding_Notes\Faunari\data\raw\inaturalist\352628346.jpg,2026-04-24
inaturalist,352619584,Lycodon striatus,cc-by-nc,https://inaturalist-open-data.s3.amazonaws.com/photos/643542054/medium.jpg,E:\Coding_Notes\Faunari\data\raw\inaturalist\352619584.jpg,2026-04-23
inaturalist,352611736,Ptyas mucosa,cc-by-nc,https://inaturalist-open-data.s3.amazonaws.com/photos/643529718/medium.jpg,E:\Coding_Notes\Faunari\data\raw\inaturalist\352611736.jpg,2026-04-24
inaturalist,352610827,Naja naja,cc-by-nc,https://inaturalist-open-data.s3.amazonaws.com/photos/643528615/medium.jpg,E:\Coding_Notes\Faunari\data\raw\inaturalist\352610827.jpg,2026-04-24
inaturalist,352599678,Sibynophis subpunctatus,cc-by-nc,https://inaturalist-open-data.s3.amazonaws.com/photos/643513917/medium.jpg,E:\Coding_Notes\Faunari\data\raw\inaturalist\352599678.jpg,2026-04-24
inaturalist,352599446,Ptyas mucosa,,https://static.inaturalist.org/photos/643520676/medium.jpg,E:\Coding_Notes\Faunari\data\raw\inaturalist\352599446.jpg,2026-04-24
inaturalist,352571923,Grypotyphlops acutus,cc-by-nc,https://inaturalist-open-data.s3.amazonaws.com/photos/643475693/medium.jpg,E:\Coding_Notes\Faunari\data\raw\inaturalist\352571923.jpg,2026-04-24
inaturalist,352561778,Lycodon fasciolatus,cc-by-nc,https://inaturalist-open-data.s3.amazonaws.com/photos/643462874/medium.jpg,E:\Coding_Notes\Faunari\data\raw\inaturalist\352561778.jpg,2026-04-24
inaturalist,352553254,Fowlea piscator,cc-by-nc,https://inaturalist-open-data.s3.amazonaws.com/photos/643452134/medium.jpg,E:\Coding_Notes\Faunari\data\raw\inaturalist\352553254.jpg,2025-12-03
inaturalist,352550822,Craspedocephalus gramineus,cc-by-nc,https://inaturalist-open-data.s3.amazonaws.com/photos/643448765/medium.jpg,E:\Coding_Notes\Faunari\data\raw\inaturalist\352550822.jpg,2025-12-17
inaturalist,352499195,Ptyas mucosa,,https://static.inaturalist.org/photos/643378580/medium.jpg,E:\Coding_Notes\Faunari\data\raw\inaturalist\352499195.jpg,2026-04-24
inaturalist,352494319,Ptyas korros,cc-by,https://inaturalist-open-data.s3.amazonaws.com/photos/650660858/medium.jpg,E:\Coding_Notes\Faunari\data\raw\inaturalist\352494319.jpg,2026-04-16
inaturalist,352486224,Python molurus,cc0,https://inaturalist-open-data.s3.amazonaws.com/photos/643354395/medium.jpg,E:\Coding_Notes\Faunari\data\raw\inaturalist\352486224.jpg,2026-04-24
inaturalist,352482449,Eryx whitakeri,cc0,https://inaturalist-open-data.s3.amazonaws.com/photos/643347005/medium.jpg,E:\Coding_Notes\Faunari\data\raw\inaturalist\352482449.jpg,2026-04-24
inaturalist,352460935,Daboia russelii,cc-by-nc,https://inaturalist-open-data.s3.amazonaws.com/photos/643308009/medium.jpg,E:\Coding_Notes\Faunari\data\raw\inaturalist\352460935.jpg,2025-12-26
inaturalist,352450963,Oligodon taeniolatus,,https://static.inaturalist.org/photos/643290707/medium.jpg,E:\Coding_Notes\Faunari\data\raw\inaturalist\352450963.jpg,2026-03-01
inaturalist,352432963,Indotyphlops braminus,,https://static.inaturalist.org/photos/643255317/medium.jpg,E:\Coding_Notes\Faunari\data\raw\inaturalist\352432963.jpg,2026-04-24
inaturalist,352297820,Dendrelaphis tristis,cc-by-nc,https://inaturalist-open-data.s3.amazonaws.com/photos/642999088/medium.jpg,E:\Coding_Notes\Faunari\data\raw\inaturalist\352297820.jpg,2026-04-18
inaturalist,352290383,Acrochordus granulatus,cc-by-nc,https://inaturalist-open-data.s3.amazonaws.com/photos/642986432/medium.jpg,E:\Coding_Notes\Faunari\data\raw\inaturalist\352290383.jpg,2025-04-09
inaturalist,352284894,Fowlea piscator,cc-by-nc,https://inaturalist-open-data.s3.amazonaws.com/photos/642976432/medium.jpg,E:\Coding_Notes\Faunari\data\raw\inaturalist\352284894.jpg,2026-04-22
inaturalist,352283783,Bungarus caeruleus,,https://static.inaturalist.org/photos/642974864/medium.jpg,E:\Coding_Notes\Faunari\data\raw\inaturalist\352283783.jpg,2026-04-23
inaturalist,352230354,Python bivittatus,cc-by-nc,https://inaturalist-open-data.s3.amazonaws.com/photos/642878012/medium.jpg,E:\Coding_Notes\Faunari\data\raw\inaturalist\352230354.jpg,2020-08-06
inaturalist,352224027,Naja kaouthia,cc-by-nc,https://inaturalist-open-data.s3.amazonaws.com/photos/642866954/medium.jpg,E:\Coding_Notes\Faunari\data\raw\inaturalist\352224027.jpg,2020-09-12
inaturalist,352217323,Platyceps plinii,cc-by-nc,https://inaturalist-open-data.s3.amazonaws.com/photos/642853201/medium.jpg,E:\Coding_Notes\Faunari\data\raw\inaturalist\352217323.jpg,2026-01-28
inaturalist,352212726,Argyrophis diardii,,https://static.inaturalist.org/photos/642844901/medium.jpg,E:\Coding_Notes\Faunari\data\raw\inaturalist\352212726.jpg,2026-03-21
inaturalist,352200827,Ptyas mucosa,cc-by-nc,https://inaturalist-open-data.s3.amazonaws.com/photos/642822327/medium.jpg,E:\Coding_Notes\Faunari\data\raw\inaturalist\352200827.jpg,2026-04-18
inaturalist,352182542,Dendrelaphis tristis,,https://static.inaturalist.org/photos/642788003/medium.jpg,E:\Coding_Notes\Faunari\data\raw\inaturalist\352182542.jpg,2026-04-23
inaturalist,352181492,Oligodon albocinctus,,https://static.inaturalist.org/photos/642786396/medium.jpg,E:\Coding_Notes\Faunari\data\raw\inaturalist\352181492.jpg,2026-04-22
inaturalist,352152904,Oligodon travancoricus,,https://static.inaturalist.org/photos/642726502/medium.jpg,E:\Coding_Notes\Faunari\data\raw\inaturalist\352152904.jpg,2026-04-23
inaturalist,352061952,Ptyas mucosa,cc-by-nc,https://inaturalist-open-data.s3.amazonaws.com/photos/642546674/medium.jpg,E:\Coding_Notes\Faunari\data\raw\inaturalist\352061952.jpg,2026-04-23
inaturalist,352060011,Ptyas mucosa,,https://static.inaturalist.org/photos/642542982/medium.jpg,E:\Coding_Notes\Faunari\data\raw\inaturalist\352060011.jpg,2026-04-23
inaturalist,352037181,Python bivittatus,cc-by-nc,https://inaturalist-open-data.s3.amazonaws.com/photos/642497483/medium.jpg,E:\Coding_Notes\Faunari\data\raw\inaturalist\352037181.jpg,2025-12-23
inaturalist,352034560,Oligodon taeniolatus,cc-by-nc,https://inaturalist-open-data.s3.amazonaws.com/photos/642492057/medium.jpg,E:\Coding_Notes\Faunari\data\raw\inaturalist\352034560.jpg,2026-04-18
inaturalist,352013396,Dendrelaphis tristis,cc-by-nc,https://inaturalist-open-data.s3.amazonaws.com/photos/642452581/medium.jpg,E:\Coding_Notes\Faunari\data\raw\inaturalist\352013396.jpg,2025-08-04
inaturalist,352012599,Oligodon arnensis,cc-by-nc,https://inaturalist-open-data.s3.amazonaws.com/photos/642451087/medium.jpg,E:\Coding_Notes\Faunari\data\raw\inaturalist\352012599.jpg,2025-09-01
inaturalist,352012393,Boiga trigonata,cc-by-nc,https://inaturalist-open-data.s3.amazonaws.com/photos/642450716/medium.jpg,E:\Coding_Notes\Faunari\data\raw\inaturalist\352012393.jpg,2025-09-05
inaturalist,351987697,Ptyas mucosa,cc-by-nc,https://inaturalist-open-data.s3.amazonaws.com/photos/642404865/medium.jpg,E:\Coding_Notes\Faunari\data\raw\inaturalist\351987697.jpg,2026-04-22
inaturalist,351987262,Ptyas mucosa,cc-by-nc,https://inaturalist-open-data.s3.amazonaws.com/photos/642404174/medium.jpg,E:\Coding_Notes\Faunari\data\raw\inaturalist\351987262.jpg,2026-04-22
inaturalist,351985823,Ahaetulla borealis,cc-by-nc,https://inaturalist-open-data.s3.amazonaws.com/photos/642401216/medium.jpg,E:\Coding_Notes\Faunari\data\raw\inaturalist\351985823.jpg,2026-04-18
inaturalist,351956039,Trimeresurus andersonii,cc-by-nc,https://inaturalist-open-data.s3.amazonaws.com/photos/642344727/medium.jpg,E:\Coding_Notes\Faunari\data\raw\inaturalist\351956039.jpg,2019-12-15
inaturalist,351955495,Oligodon taeniolatus,cc-by-nc,https://inaturalist-open-data.s3.amazonaws.com/photos/642343683/medium.jpg,E:\Coding_Notes\Faunari\data\raw\inaturalist\351955495.jpg,2026-04-22
inaturalist,351948869,Amphiesma stolatum,cc-by-nc,https://inaturalist-open-data.s3.amazonaws.com/photos/642331188/medium.jpg,E:\Coding_Notes\Faunari\data\raw\inaturalist\351948869.jpg,2026-04-21
inaturalist,351945245,Oligodon taeniolatus,,https://static.inaturalist.org/photos/642324139/medium.jpg,E:\Coding_Notes\Faunari\data\raw\inaturalist\351945245.jpg,2026-02-17
inaturalist,351936277,Eryx whitakeri,,https://static.inaturalist.org/photos/642307752/medium.jpg,E:\Coding_Notes\Faunari\data\raw\inaturalist\351936277.jpg,2026-04-21
inaturalist,351932083,Amphiesma stolatum,cc-by-nc,https://inaturalist-open-data.s3.amazonaws.com/photos/642299652/medium.jpg,E:\Coding_Notes\Faunari\data\raw\inaturalist\351932083.jpg,2026-04-21
inaturalist,351928718,Amphiesma stolatum,cc-by-nc,https://inaturalist-open-data.s3.amazonaws.com/photos/642293584/medium.jpg,E:\Coding_Notes\Faunari\data\raw\inaturalist\351928718.jpg,2026-04-21
inaturalist,351925286,Coelognathus radiatus,cc-by,https://inaturalist-open-data.s3.amazonaws.com/photos/642287548/medium.jpg,E:\Coding_Notes\Faunari\data\raw\inaturalist\351925286.jpg,2026-04-22
inaturalist,351919442,Ptyas mucosa,,https://static.inaturalist.org/photos/642276212/medium.jpg,E:\Coding_Notes\Faunari\data\raw\inaturalist\351919442.jpg,2026-04-10
inaturalist,351905215,Eryx whitakeri,cc0,https://inaturalist-open-data.s3.amazonaws.com/photos/642248904/medium.jpg,E:\Coding_Notes\Faunari\data\raw\inaturalist\351905215.jpg,2026-04-21
inaturalist,351901114,Eryx whitakeri,cc0,https://inaturalist-open-data.s3.amazonaws.com/photos/642240585/medium.jpg,E:\Coding_Notes\Faunari\data\raw\inaturalist\351901114.jpg,2026-04-21
inaturalist,351900805,Cerberus rynchops,,https://static.inaturalist.org/photos/642239202/medium.jpg,E:\Coding_Notes\Faunari\data\raw\inaturalist\351900805.jpg,2026-04-09
inaturalist,351900806,Boiga andamanensis,,https://static.inaturalist.org/photos/642239219/medium.jpg,E:\Coding_Notes\Faunari\data\raw\inaturalist\351900806.jpg,2026-04-11
inaturalist,351900803,Trimeresurus andersonii,,https://static.inaturalist.org/photos/642239181/medium.jpg,E:\Coding_Notes\Faunari\data\raw\inaturalist\351900803.jpg,2026-04-09
inaturalist,351900801,Trimeresurus andersonii,,https://static.inaturalist.org/photos/642239140/medium.jpg,E:\Coding_Notes\Faunari\data\raw\inaturalist\351900801.jpg,2026-04-08
inaturalist,351900158,Python molurus,,https://static.inaturalist.org/photos/642238695/medium.jpg,E:\Coding_Notes\Faunari\data\raw\inaturalist\351900158.jpg,2026-02-07
inaturalist,351898221,Python molurus,,https://static.inaturalist.org/photos/642237451/medium.jpg,E:\Coding_Notes\Faunari\data\raw\inaturalist\351898221.jpg,2026-04-22
inaturalist,351890107,Naja naja,cc-by-nc-nd,https://inaturalist-open-data.s3.amazonaws.com/photos/642218416/medium.jpg,E:\Coding_Notes\Faunari\data\raw\inaturalist\351890107.jpg,2026-02-19
inaturalist,351886883,Naja naja,,https://static.inaturalist.org/photos/642212108/medium.jpg,E:\Coding_Notes\Faunari\data\raw\inaturalist\351886883.jpg,2026-04-22
inaturalist,351868132,Naja naja,cc-by-nc,https://inaturalist-open-data.s3.amazonaws.com/photos/642172044/medium.jpg,E:\Coding_Notes\Faunari\data\raw\inaturalist\351868132.jpg,2026-04-22
inaturalist,351792208,Daboia russelii,,https://static.inaturalist.org/photos/642022887/medium.jpg,E:\Coding_Notes\Faunari\data\raw\inaturalist\351792208.jpg,2026-04-22
inaturalist,351779752,Boiga trigonata,cc-by-nc-sa,https://inaturalist-open-data.s3.amazonaws.com/photos/641999405/medium.jpg,E:\Coding_Notes\Faunari\data\raw\inaturalist\351779752.jpg,2026-04-08
inaturalist,351779581,Fowlea piscator,cc-by-nc-sa,https://inaturalist-open-data.s3.amazonaws.com/photos/641998939/medium.jpg,E:\Coding_Notes\Faunari\data\raw\inaturalist\351779581.jpg,2026-04-08
inaturalist,351774152,Ahaetulla farnsworthi,cc-by-sa,https://inaturalist-open-data.s3.amazonaws.com/photos/641948840/medium.jpg,E:\Coding_Notes\Faunari\data\raw\inaturalist\351774152.jpg,2026-02-28
inaturalist,351727229,Bungarus fasciatus,cc-by-nc,https://inaturalist-open-data.s3.amazonaws.com/photos/641900464/medium.jpg,E:\Coding_Notes\Faunari\data\raw\inaturalist\351727229.jpg,2026-04-21
inaturalist,351694406,Fowlea piscator,cc-by-nc,https://inaturalist-open-data.s3.amazonaws.com/photos/641836768/medium.jpg,E:\Coding_Notes\Faunari\data\raw\inaturalist\351694406.jpg,2026-04-21
inaturalist,351679743,Ahaetulla malabarica,,https://static.inaturalist.org/photos/641808120/medium.jpg,E:\Coding_Notes\Faunari\data\raw\inaturalist\351679743.jpg,2026-04-16
inaturalist,351679464,Amphiesma stolatum,cc-by-nc,https://inaturalist-open-data.s3.amazonaws.com/photos/641807876/medium.jpg,E:\Coding_Notes\Faunari\data\raw\inaturalist\351679464.jpg,2026-04-21
inaturalist,351679157,Ptyas mucosa,cc-by-nc,https://inaturalist-open-data.s3.amazonaws.com/photos/641807294/medium.jpg,E:\Coding_Notes\Faunari\data\raw\inaturalist\351679157.jpg,2026-04-21
inaturalist,351676127,Eryx whitakeri,,https://static.inaturalist.org/photos/641791887/medium.jpg,E:\Coding_Notes\Faunari\data\raw\inaturalist\351676127.jpg,2026-04-19
inaturalist,351676126,Fowlea piscator,,https://static.inaturalist.org/photos/641791730/medium.jpg,E:\Coding_Notes\Faunari\data\raw\inaturalist\351676126.jpg,2026-04-19
inaturalist,351676116,Craspedocephalus gramineus,,https://static.inaturalist.org/photos/641791574/medium.jpg,E:\Coding_Notes\Faunari\data\raw\inaturalist\351676116.jpg,2026-04-19
inaturalist,351670315,Pareas monticola,cc-by-nc,https://inaturalist-open-data.s3.amazonaws.com/photos/641790604/medium.jpg,E:\Coding_Notes\Faunari\data\raw\inaturalist\351670315.jpg,2026-04-17
inaturalist,351661411,Naja naja,cc-by-nc,https://inaturalist-open-data.s3.amazonaws.com/photos/641771467/medium.jpg,E:\Coding_Notes\Faunari\data\raw\inaturalist\351661411.jpg,2026-04-12
inaturalist,351649086,Ptyas mucosa,,https://static.inaturalist.org/photos/641746491/medium.jpg,E:\Coding_Notes\Faunari\data\raw\inaturalist\351649086.jpg,2026-04-21
inaturalist,351603945,Lycodon aulicus,cc-by-nc,https://inaturalist-open-data.s3.amazonaws.com/photos/641654854/medium.jpg,E:\Coding_Notes\Faunari\data\raw\inaturalist\351603945.jpg,2026-03-24
inaturalist,351570269,Fowlea piscator,cc-by-nc-sa,https://inaturalist-open-data.s3.amazonaws.com/photos/641588363/medium.jpg,E:\Coding_Notes\Faunari\data\raw\inaturalist\351570269.jpg,2026-04-11
inaturalist,351543492,Daboia russelii,cc0,https://inaturalist-open-data.s3.amazonaws.com/photos/641535062/medium.jpg,E:\Coding_Notes\Faunari\data\raw\inaturalist\351543492.jpg,2026-04-13
inaturalist,351523700,Craspedocephalus malabaricus,,https://static.inaturalist.org/photos/641497723/medium.jpg,E:\Coding_Notes\Faunari\data\raw\inaturalist\351523700.jpg,2025-09-13
inaturalist,351522414,Melanophidium wynaudense,,https://static.inaturalist.org/photos/641495971/medium.jpg,E:\Coding_Notes\Faunari\data\raw\inaturalist\351522414.jpg,2025-09-13
inaturalist,351520930,Craspedocephalus malabaricus,,https://static.inaturalist.org/photos/641493625/medium.jpg,E:\Coding_Notes\Faunari\data\raw\inaturalist\351520930.jpg,2025-09-14
inaturalist,351519721,Hypnale hypnale,,https://static.inaturalist.org/photos/641491059/medium.jpg,E:\Coding_Notes\Faunari\data\raw\inaturalist\351519721.jpg,2025-09-11
inaturalist,351519407,Fowlea piscator,,https://static.inaturalist.org/photos/641490587/medium.jpg,E:\Coding_Notes\Faunari\data\raw\inaturalist\351519407.jpg,2025-09-09
inaturalist,351519058,Echis carinatus,,https://static.inaturalist.org/photos/641490018/medium.jpg,E:\Coding_Notes\Faunari\data\raw\inaturalist\351519058.jpg,2025-09-17
inaturalist,351519031,Ahaetulla oxyrhynca,,https://static.inaturalist.org/photos/641489970/medium.jpg,E:\Coding_Notes\Faunari\data\raw\inaturalist\351519031.jpg,2025-09-17
inaturalist,351474225,Amphiesma monticola,,https://static.inaturalist.org/photos/641406966/medium.jpg,E:\Coding_Notes\Faunari\data\raw\inaturalist\351474225.jpg,2026-04-20
inaturalist,351446523,Eryx johnii,cc-by-nc,https://inaturalist-open-data.s3.amazonaws.com/photos/641355737/medium.jpg,E:\Coding_Notes\Faunari\data\raw\inaturalist\351446523.jpg,2026-04-20
inaturalist,351422306,Ahaetulla malabarica,cc-by-nc,https://inaturalist-open-data.s3.amazonaws.com/photos/641307219/medium.jpg,E:\Coding_Notes\Faunari\data\raw\inaturalist\351422306.jpg,2026-04-20
inaturalist,351385218,Boiga trigonata,cc-by-nc,https://inaturalist-open-data.s3.amazonaws.com/photos/641749860/medium.jpg,E:\Coding_Notes\Faunari\data\raw\inaturalist\351385218.jpg,2026-04-20
inaturalist,351385076,Boiga trigonata,cc-by-nc,https://inaturalist-open-data.s3.amazonaws.com/photos/641232802/medium.jpg,E:\Coding_Notes\Faunari\data\raw\inaturalist\351385076.jpg,2026-04-20
inaturalist,351381049,Ptyas mucosa,cc-by-nc,https://inaturalist-open-data.s3.amazonaws.com/photos/641224462/medium.jpg,E:\Coding_Notes\Faunari\data\raw\inaturalist\351381049.jpg,2026-04-20
inaturalist,351381004,Ptyas mucosa,cc-by-nc,https://inaturalist-open-data.s3.amazonaws.com/photos/641224337/medium.jpg,E:\Coding_Notes\Faunari\data\raw\inaturalist\351381004.jpg,2026-04-20
inaturalist,351359740,Ptyas mucosa,cc-by-nc,https://inaturalist-open-data.s3.amazonaws.com/photos/641177774/medium.jpg,E:\Coding_Notes\Faunari\data\raw\inaturalist\351359740.jpg,2026-02-07
inaturalist,351321264,Naja naja,cc-by-nc,https://inaturalist-open-data.s3.amazonaws.com/photos/641095435/medium.jpg,E:\Coding_Notes\Faunari\data\raw\inaturalist\351321264.jpg,2023-07-03
inaturalist,351230872,Sahyadriophis beddomei,cc-by-nc,https://inaturalist-open-data.s3.amazonaws.com/photos/640919163/medium.jpg,E:\Coding_Notes\Faunari\data\raw\inaturalist\351230872.jpg,2026-02-12
inaturalist,351183798,Amphiesma stolatum,,https://static.inaturalist.org/photos/640829024/medium.jpg,E:\Coding_Notes\Faunari\data\raw\inaturalist\351183798.jpg,2026-04-19
inaturalist,351152415,Craspedocephalus macrolepis,cc-by-nc,https://inaturalist-open-data.s3.amazonaws.com/photos/640764706/medium.jpg,E:\Coding_Notes\Faunari\data\raw\inaturalist\351152415.jpg,2026-01-07
inaturalist,351139439,Fowlea piscator,cc-by-nc,https://inaturalist-open-data.s3.amazonaws.com/photos/640742837/medium.jpg,E:\Coding_Notes\Faunari\data\raw\inaturalist\351139439.jpg,2025-11-06
inaturalist,351126874,Oligodon taeniolatus,cc-by-nc,https://inaturalist-open-data.s3.amazonaws.com/photos/640719939/medium.jpg,E:\Coding_Notes\Faunari\data\raw\inaturalist\351126874.jpg,2026-04-19
inaturalist,351086803,Ptyas mucosa,cc-by-nc,https://inaturalist-open-data.s3.amazonaws.com/photos/640645423/medium.jpg,E:\Coding_Notes\Faunari\data\raw\inaturalist\351086803.jpg,2026-04-18
inaturalist,351074269,Oligodon russelius,cc-by-nc,https://inaturalist-open-data.s3.amazonaws.com/photos/640622607/medium.jpg,E:\Coding_Notes\Faunari\data\raw\inaturalist\351074269.jpg,2026-04-18
inaturalist,351068564,Dendrelaphis tristis,cc-by-nc,https://inaturalist-open-data.s3.amazonaws.com/photos/640611882/medium.jpg,E:\Coding_Notes\Faunari\data\raw\inaturalist\351068564.jpg,2026-04-19
inaturalist,351060337,Ptyas mucosa,,https://static.inaturalist.org/photos/640595812/medium.jpg,E:\Coding_Notes\Faunari\data\raw\inaturalist\351060337.jpg,2026-04-19
inaturalist,350934158,Bungarus andamanensis,,https://static.inaturalist.org/photos/640354588/medium.jpg,E:\Coding_Notes\Faunari\data\raw\inaturalist\350934158.jpg,2026-04-07
inaturalist,350934153,Dendrelaphis andamanensis,,https://static.inaturalist.org/photos/640354474/medium.jpg,E:\Coding_Notes\Faunari\data\raw\inaturalist\350934153.jpg,2026-04-07
inaturalist,350836742,Dendrelaphis tristis,,https://static.inaturalist.org/photos/640192043/medium.jpg,E:\Coding_Notes\Faunari\data\raw\inaturalist\350836742.jpg,2026-04-07
inaturalist,350821787,Boiga trigonata,cc-by,https://inaturalist-open-data.s3.amazonaws.com/photos/640148286/medium.jpg,E:\Coding_Notes\Faunari\data\raw\inaturalist\350821787.jpg,2026-04-18
inaturalist,350816050,Ptyas mucosa,cc-by-nc,https://inaturalist-open-data.s3.amazonaws.com/photos/640138424/medium.jpg,E:\Coding_Notes\Faunari\data\raw\inaturalist\350816050.jpg,2026-04-18
inaturalist,350814854,Bungarus caeruleus,cc-by-nc,https://inaturalist-open-data.s3.amazonaws.com/photos/640136198/medium.jpg,E:\Coding_Notes\Faunari\data\raw\inaturalist\350814854.jpg,2025-12-07
inaturalist,350806746,Fowlea piscator,cc-by-nc,https://inaturalist-open-data.s3.amazonaws.com/photos/640121110/medium.jpg,E:\Coding_Notes\Faunari\data\raw\inaturalist\350806746.jpg,2026-03-28
inaturalist,350806340,Lycodon fasciolatus,,https://static.inaturalist.org/photos/640120080/medium.jpg,E:\Coding_Notes\Faunari\data\raw\inaturalist\350806340.jpg,2026-04-17
inaturalist,350804992,Naja naja,,https://static.inaturalist.org/photos/640117290/medium.jpg,E:\Coding_Notes\Faunari\data\raw\inaturalist\350804992.jpg,2026-03-26
inaturalist,350802289,Sahyadriophis beddomei,,https://static.inaturalist.org/photos/640112627/medium.jpg,E:\Coding_Notes\Faunari\data\raw\inaturalist\350802289.jpg,2026-04-18
inaturalist,350774061,Ptyas mucosa,,https://static.inaturalist.org/photos/640060221/medium.jpg,E:\Coding_Notes\Faunari\data\raw\inaturalist\350774061.jpg,2026-04-18
inaturalist,350760722,Coelognathus helena monticollaris,cc-by-nc,https://inaturalist-open-data.s3.amazonaws.com/photos/640033957/medium.jpg,E:\Coding_Notes\Faunari\data\raw\inaturalist\350760722.jpg,2025-06-06
inaturalist,350754989,Ptyas mucosa,,https://static.inaturalist.org/photos/640023597/medium.jpg,E:\Coding_Notes\Faunari\data\raw\inaturalist\350754989.jpg,2026-04-18
inaturalist,350736095,Ptyas mucosa,,https://static.inaturalist.org/photos/639988327/medium.jpg,E:\Coding_Notes\Faunari\data\raw\inaturalist\350736095.jpg,2026-04-18
inaturalist,350723582,Lycodon fasciolatus,,https://static.inaturalist.org/photos/639963045/medium.jpg,E:\Coding_Notes\Faunari\data\raw\inaturalist\350723582.jpg,2026-04-18
inaturalist,350719944,Psammodynastes pulverulentus,cc-by-nc,https://inaturalist-open-data.s3.amazonaws.com/photos/639955980/medium.jpg,E:\Coding_Notes\Faunari\data\raw\inaturalist\350719944.jpg,2026-04-17
inaturalist,350709675,Ptyas mucosa,cc-by-nc,https://inaturalist-open-data.s3.amazonaws.com/photos/639935036/medium.jpg,E:\Coding_Notes\Faunari\data\raw\inaturalist\350709675.jpg,2026-04-07
inaturalist,350709614,Ahaetulla oxyrhynca,cc-by-nc,https://inaturalist-open-data.s3.amazonaws.com/photos/639934939/medium.jpg,E:\Coding_Notes\Faunari\data\raw\inaturalist\350709614.jpg,2026-04-07
inaturalist,350709557,Coelognathus helena helena,cc-by-nc,https://inaturalist-open-data.s3.amazonaws.com/photos/639934797/medium.jpg,E:\Coding_Notes\Faunari\data\raw\inaturalist\350709557.jpg,2026-04-07
inaturalist,350709424,Daboia russelii,cc-by-nc,https://inaturalist-open-data.s3.amazonaws.com/photos/639934508/medium.jpg,E:\Coding_Notes\Faunari\data\raw\inaturalist\350709424.jpg,2026-04-14
inaturalist,350707125,Craspedocephalus malabaricus,cc-by-nc,https://inaturalist-open-data.s3.amazonaws.com/photos/639929426/medium.jpg,E:\Coding_Notes\Faunari\data\raw\inaturalist\350707125.jpg,2024-09-20
inaturalist,350706917,Craspedocephalus malabaricus,cc-by-nc,https://inaturalist-open-data.s3.amazonaws.com/photos/639928945/medium.jpg,E:\Coding_Notes\Faunari\data\raw\inaturalist\350706917.jpg,2025-09-05
inaturalist,350706713,Hypnale hypnale,cc-by-nc,https://inaturalist-open-data.s3.amazonaws.com/photos/639927948/medium.jpg,E:\Coding_Notes\Faunari\data\raw\inaturalist\350706713.jpg,2025-09-06
inaturalist,350706326,Ahaetulla borealis,cc-by-nc,https://inaturalist-open-data.s3.amazonaws.com/photos/639927129/medium.jpg,E:\Coding_Notes\Faunari\data\raw\inaturalist\350706326.jpg,2025-10-19
inaturalist,350704370,Craspedocephalus malabaricus,cc-by-nc,https://inaturalist-open-data.s3.amazonaws.com/photos/639923731/medium.jpg,E:\Coding_Notes\Faunari\data\raw\inaturalist\350704370.jpg,2024-03-09
inaturalist,350704236,Ahaetulla farnsworthi,cc-by-nc,https://inaturalist-open-data.s3.amazonaws.com/photos/639923541/medium.jpg,E:\Coding_Notes\Faunari\data\raw\inaturalist\350704236.jpg,2024-03-08
inaturalist,350703385,Craspedocephalus malabaricus,cc-by-nc,https://inaturalist-open-data.s3.amazonaws.com/photos/639921991/medium.jpg,E:\Coding_Notes\Faunari\data\raw\inaturalist\350703385.jpg,2024-09-22
inaturalist,350701610,Craspedocephalus malabaricus,cc-by-nc,https://inaturalist-open-data.s3.amazonaws.com/photos/639918941/medium.jpg,E:\Coding_Notes\Faunari\data\raw\inaturalist\350701610.jpg,2024-09-22
inaturalist,350701480,Craspedocephalus malabaricus,cc-by-nc,https://inaturalist-open-data.s3.amazonaws.com/photos/639918425/medium.jpg,E:\Coding_Notes\Faunari\data\raw\inaturalist\350701480.jpg,2024-09-23
inaturalist,350700684,Amphiesma stolatum,cc-by-nc,https://inaturalist-open-data.s3.amazonaws.com/photos/639915198/medium.jpg,E:\Coding_Notes\Faunari\data\raw\inaturalist\350700684.jpg,2024-09-22
inaturalist,350688487,Python molurus,,https://static.inaturalist.org/photos/639892386/medium.jpg,E:\Coding_Notes\Faunari\data\raw\inaturalist\350688487.jpg,2026-04-14
inaturalist,350673608,Dendrelaphis tristis,cc-by-nc-sa,https://inaturalist-open-data.s3.amazonaws.com/photos/639862782/medium.jpg,E:\Coding_Notes\Faunari\data\raw\inaturalist\350673608.jpg,2025-10-12
inaturalist,350618394,Dendrelaphis proarchos,cc-by-nc,https://inaturalist-open-data.s3.amazonaws.com/photos/639751559/medium.jpg,E:\Coding_Notes\Faunari\data\raw\inaturalist\350618394.jpg,2026-04-16
inaturalist,350573762,Indotyphlops braminus,,https://static.inaturalist.org/photos/639664368/medium.jpg,E:\Coding_Notes\Faunari\data\raw\inaturalist\350573762.jpg,2026-04-17
inaturalist,350569168,Bungarus caeruleus,,https://static.inaturalist.org/photos/639656233/medium.jpg,E:\Coding_Notes\Faunari\data\raw\inaturalist\350569168.jpg,2026-04-17
inaturalist,350549994,Ahaetulla oxyrhynca,cc-by-nc-sa,https://inaturalist-open-data.s3.amazonaws.com/photos/639619537/medium.jpg,E:\Coding_Notes\Faunari\data\raw\inaturalist\350549994.jpg,2025-02-07
inaturalist,350546955,Ptyas mucosa,cc-by-nc-sa,https://inaturalist-open-data.s3.amazonaws.com/photos/639613696/medium.jpg,E:\Coding_Notes\Faunari\data\raw\inaturalist\350546955.jpg,2026-03-10
inaturalist,350546593,Coelognathus helena helena,cc-by-nc-sa,https://inaturalist-open-data.s3.amazonaws.com/photos/639612995/medium.jpg,E:\Coding_Notes\Faunari\data\raw\inaturalist\350546593.jpg,2026-04-10
inaturalist,350545159,Naja naja,cc-by-nc-sa,https://inaturalist-open-data.s3.amazonaws.com/photos/639610373/medium.jpg,E:\Coding_Notes\Faunari\data\raw\inaturalist\350545159.jpg,2026-04-11
inaturalist,350544899,Echis carinatus,cc-by-nc-sa,https://inaturalist-open-data.s3.amazonaws.com/photos/639609891/medium.jpg,E:\Coding_Notes\Faunari\data\raw\inaturalist\350544899.jpg,2026-04-16
inaturalist,350544517,Daboia russelii,cc-by-nc-sa,https://inaturalist-open-data.s3.amazonaws.com/photos/639609378/medium.jpg,E:\Coding_Notes\Faunari\data\raw\inaturalist\350544517.jpg,2026-04-17
inaturalist,350534071,Eryx conicus,,https://static.inaturalist.org/photos/641289601/medium.jpg,E:\Coding_Notes\Faunari\data\raw\inaturalist\350534071.jpg,2026-04-17
inaturalist,350509664,Bungarus caeruleus,,https://static.inaturalist.org/photos/639530147/medium.jpg,E:\Coding_Notes\Faunari\data\raw\inaturalist\350509664.jpg,2025-12-07
inaturalist,350505387,Hypnale hypnale,cc-by-nc,https://inaturalist-open-data.s3.amazonaws.com/photos/639533561/medium.jpg,E:\Coding_Notes\Faunari\data\raw\inaturalist\350505387.jpg,2024-09-20
inaturalist,350504990,Rhabdops olivaceus,cc-by-nc,https://inaturalist-open-data.s3.amazonaws.com/photos/639532491/medium.jpg,E:\Coding_Notes\Faunari\data\raw\inaturalist\350504990.jpg,2024-09-21
inaturalist,350491903,Ahaetulla sahyadrensis,,https://static.inaturalist.org/photos/639508965/medium.jpg,E:\Coding_Notes\Faunari\data\raw\inaturalist\350491903.jpg,2026-04-17
inaturalist,350491829,Ahaetulla sahyadrensis,,https://static.inaturalist.org/photos/639509049/medium.jpg,E:\Coding_Notes\Faunari\data\raw\inaturalist\350491829.jpg,2026-04-17
inaturalist,350491801,Ahaetulla sahyadrensis,,https://static.inaturalist.org/photos/639508772/medium.jpg,E:\Coding_Notes\Faunari\data\raw\inaturalist\350491801.jpg,2026-04-17
inaturalist,350485810,Ahaetulla sahyadrensis,cc-by-nc,https://inaturalist-open-data.s3.amazonaws.com/photos/639498149/medium.jpg,E:\Coding_Notes\Faunari\data\raw\inaturalist\350485810.jpg,2026-04-17
inaturalist,350476593,Ptyas mucosa,cc-by-nc,https://inaturalist-open-data.s3.amazonaws.com/photos/639494878/medium.jpg,E:\Coding_Notes\Faunari\data\raw\inaturalist\350476593.jpg,2026-04-05
inaturalist,350470721,Daboia russelii,cc-by-nc,https://inaturalist-open-data.s3.amazonaws.com/photos/639469965/medium.jpg,E:\Coding_Notes\Faunari\data\raw\inaturalist\350470721.jpg,2025-01-20
inaturalist,350443741,Naja naja,cc-by-nc,https://inaturalist-open-data.s3.amazonaws.com/photos/639414795/medium.jpg,E:\Coding_Notes\Faunari\data\raw\inaturalist\350443741.jpg,2026-04-14
inaturalist,350345042,Amphiesma stolatum,cc-by-nc,https://inaturalist-open-data.s3.amazonaws.com/photos/639216722/medium.jpg,E:\Coding_Notes\Faunari\data\raw\inaturalist\350345042.jpg,2026-04-16
inaturalist,350344840,Dendrelaphis tristis,cc-by-nc,https://inaturalist-open-data.s3.amazonaws.com/photos/639216404/medium.jpg,E:\Coding_Notes\Faunari\data\raw\inaturalist\350344840.jpg,2026-04-16
inaturalist,350279376,Trimeresurus andersonii,,https://static.inaturalist.org/photos/639089915/medium.jpg,E:\Coding_Notes\Faunari\data\raw\inaturalist\350279376.jpg,2026-04-05
inaturalist,350279372,Lycodon hypsirhinoides,,https://static.inaturalist.org/photos/639089539/medium.jpg,E:\Coding_Notes\Faunari\data\raw\inaturalist\350279372.jpg,2026-04-05
inaturalist,350279370,Bungarus andamanensis,,https://static.inaturalist.org/photos/639089456/medium.jpg,E:\Coding_Notes\Faunari\data\raw\inaturalist\350279370.jpg,2026-04-05
inaturalist,350279366,Trimeresurus andersonii,,https://static.inaturalist.org/photos/639089153/medium.jpg,E:\Coding_Notes\Faunari\data\raw\inaturalist\350279366.jpg,2026-04-05
inaturalist,350279357,Fowlea tytleri,,https://static.inaturalist.org/photos/639088826/medium.jpg,E:\Coding_Notes\Faunari\data\raw\inaturalist\350279357.jpg,2026-04-04
inaturalist,350279339,Lycodon hypsirhinoides,,https://static.inaturalist.org/photos/639088355/medium.jpg,E:\Coding_Notes\Faunari\data\raw\inaturalist\350279339.jpg,2026-04-03
inaturalist,350254777,Naja naja,,https://static.inaturalist.org/photos/639041958/medium.jpg,E:\Coding_Notes\Faunari\data\raw\inaturalist\350254777.jpg,2026-04-15
inaturalist,350239015,Lycodon aulicus,cc-by-nc,https://inaturalist-open-data.s3.amazonaws.com/photos/639013124/medium.jpg,E:\Coding_Notes\Faunari\data\raw\inaturalist\350239015.jpg,2026-04-15
inaturalist,350234283,Ptyas mucosa,cc-by-nc,https://inaturalist-open-data.s3.amazonaws.com/photos/639010354/medium.jpg,E:\Coding_Notes\Faunari\data\raw\inaturalist\350234283.jpg,2026-04-15
inaturalist,350216119,Daboia russelii,cc-by-nc,https://inaturalist-open-data.s3.amazonaws.com/photos/638961860/medium.jpg,E:\Coding_Notes\Faunari\data\raw\inaturalist\350216119.jpg,2026-02-04
inaturalist,350203428,Indotyphlops braminus,,https://static.inaturalist.org/photos/638943609/medium.jpg,E:\Coding_Notes\Faunari\data\raw\inaturalist\350203428.jpg,2026-04-16
inaturalist,350202879,Ahaetulla malabarica,cc-by-nc,https://inaturalist-open-data.s3.amazonaws.com/photos/638942360/medium.jpg,E:\Coding_Notes\Faunari\data\raw\inaturalist\350202879.jpg,2026-04-16
inaturalist,350191290,Amphiesma stolatum,cc-by-nc-sa,https://inaturalist-open-data.s3.amazonaws.com/photos/638918679/medium.jpg,E:\Coding_Notes\Faunari\data\raw\inaturalist\350191290.jpg,2026-04-16
inaturalist,350189535,Craspedocephalus macrolepis,cc-by-nc,https://inaturalist-open-data.s3.amazonaws.com/photos/638914482/medium.jpg,E:\Coding_Notes\Faunari\data\raw\inaturalist\350189535.jpg,2025-10-17
inaturalist,350189466,Craspedocephalus macrolepis,cc-by-nc,https://inaturalist-open-data.s3.amazonaws.com/photos/638914338/medium.jpg,E:\Coding_Notes\Faunari\data\raw\inaturalist\350189466.jpg,2025-10-17
inaturalist,350189377,Craspedocephalus macrolepis,cc-by-nc,https://inaturalist-open-data.s3.amazonaws.com/photos/638914125/medium.jpg,E:\Coding_Notes\Faunari\data\raw\inaturalist\350189377.jpg,2025-10-17
inaturalist,350189228,Ahaetulla dispar,cc-by-nc,https://inaturalist-open-data.s3.amazonaws.com/photos/638913909/medium.jpg,E:\Coding_Notes\Faunari\data\raw\inaturalist\350189228.jpg,2025-10-16
inaturalist,350189168,Ahaetulla dispar,cc-by-nc,https://inaturalist-open-data.s3.amazonaws.com/photos/638913777/medium.jpg,E:\Coding_Notes\Faunari\data\raw\inaturalist\350189168.jpg,2025-10-16
inaturalist,350187344,Python molurus,cc0,https://inaturalist-open-data.s3.amazonaws.com/photos/638909890/medium.jpg,E:\Coding_Notes\Faunari\data\raw\inaturalist\350187344.jpg,2026-04-15
inaturalist,350182168,Lycodon travancoricus,cc-by-nc,https://inaturalist-open-data.s3.amazonaws.com/photos/638899195/medium.jpg,E:\Coding_Notes\Faunari\data\raw\inaturalist\350182168.jpg,2026-04-08
inaturalist,350153879,Coelognathus helena,,https://static.inaturalist.org/photos/638841259/medium.jpg,E:\Coding_Notes\Faunari\data\raw\inaturalist\350153879.jpg,2026-02-01
inaturalist,350063983,Rhabdophis plumbicolor,,https://static.inaturalist.org/photos/638664098/medium.jpg,E:\Coding_Notes\Faunari\data\raw\inaturalist\350063983.jpg,2026-04-01
inaturalist,350050349,Ahaetulla borealis,,https://static.inaturalist.org/photos/638637390/medium.jpg,E:\Coding_Notes\Faunari\data\raw\inaturalist\350050349.jpg,2025-10-25
inaturalist,350036569,Eryx whitakeri,cc0,https://inaturalist-open-data.s3.amazonaws.com/photos/638611542/medium.jpg,E:\Coding_Notes\Faunari\data\raw\inaturalist\350036569.jpg,2026-04-12
inaturalist,350034410,Python molurus,cc0,https://inaturalist-open-data.s3.amazonaws.com/photos/638607436/medium.jpg,E:\Coding_Notes\Faunari\data\raw\inaturalist\350034410.jpg,2026-04-14
inaturalist,350033598,Ptyas mucosa,cc0,https://inaturalist-open-data.s3.amazonaws.com/photos/638605580/medium.jpg,E:\Coding_Notes\Faunari\data\raw\inaturalist\350033598.jpg,2026-04-15
inaturalist,350014602,Ptyas mucosa,cc-by-nc-nd,https://inaturalist-open-data.s3.amazonaws.com/photos/638571328/medium.jpg,E:\Coding_Notes\Faunari\data\raw\inaturalist\350014602.jpg,2026-04-14
inaturalist,350006521,Lycodon travancoricus,cc-by-nc,https://inaturalist-open-data.s3.amazonaws.com/photos/638555182/medium.jpg,E:\Coding_Notes\Faunari\data\raw\inaturalist\350006521.jpg,2026-04-10
inaturalist,349989387,Ahaetulla oxyrhynca,cc-by-nc,https://inaturalist-open-data.s3.amazonaws.com/photos/638521287/medium.jpg,E:\Coding_Notes\Faunari\data\raw\inaturalist\349989387.jpg,2026-04-15
inaturalist,349985342,Daboia russelii,cc-by-nc,https://inaturalist-open-data.s3.amazonaws.com/photos/638513476/medium.jpg,E:\Coding_Notes\Faunari\data\raw\inaturalist\349985342.jpg,2026-04-14
inaturalist,349979635,Ptyas mucosa,,https://static.inaturalist.org/photos/638497756/medium.jpg,E:\Coding_Notes\Faunari\data\raw\inaturalist\349979635.jpg,2026-02-28
inaturalist,349971993,Ptyas mucosa,cc-by-nc,https://inaturalist-open-data.s3.amazonaws.com/photos/638489777/medium.jpg,E:\Coding_Notes\Faunari\data\raw\inaturalist\349971993.jpg,2026-04-15
inaturalist,349971697,Dendrelaphis tristis,cc-by-nc,https://inaturalist-open-data.s3.amazonaws.com/photos/638487633/medium.jpg,E:\Coding_Notes\Faunari\data\raw\inaturalist\349971697.jpg,2026-04-15
inaturalist,349961060,Dendrelaphis proarchos,,https://static.inaturalist.org/photos/638510184/medium.jpg,E:\Coding_Notes\Faunari\data\raw\inaturalist\349961060.jpg,2026-04-15
inaturalist,349953347,Fowlea piscator,cc-by-nc,https://inaturalist-open-data.s3.amazonaws.com/photos/638452412/medium.jpg,E:\Coding_Notes\Faunari\data\raw\inaturalist\349953347.jpg,2026-01-25
inaturalist,349943904,Daboia russelii,,https://static.inaturalist.org/photos/638434479/medium.jpg,E:\Coding_Notes\Faunari\data\raw\inaturalist\349943904.jpg,2007-03-15
inaturalist,349934826,Oligodon taeniolatus,cc-by-nc-sa,https://inaturalist-open-data.s3.amazonaws.com/photos/638414918/medium.jpg,E:\Coding_Notes\Faunari\data\raw\inaturalist\349934826.jpg,2026-04-12
inaturalist,349816544,Eryx johnii,,https://static.inaturalist.org/photos/638184067/medium.jpg,E:\Coding_Notes\Faunari\data\raw\inaturalist\349816544.jpg,2026-04-14
inaturalist,349805361,Eryx conicus,cc-by-nc,https://inaturalist-open-data.s3.amazonaws.com/photos/638161999/medium.jpg,E:\Coding_Notes\Faunari\data\raw\inaturalist\349805361.jpg,2026-04-14
inaturalist,349775955,Fowlea piscator,,https://static.inaturalist.org/photos/638107816/medium.jpg,E:\Coding_Notes\Faunari\data\raw\inaturalist\349775955.jpg,2026-04-14
inaturalist,349768801,Coelognathus radiatus,cc-by-nc,https://inaturalist-open-data.s3.amazonaws.com/photos/638094576/medium.jpg,E:\Coding_Notes\Faunari\data\raw\inaturalist\349768801.jpg,2026-04-14
inaturalist,349767207,Dendrelaphis tristis,cc-by-nc,https://inaturalist-open-data.s3.amazonaws.com/photos/638090391/medium.jpg,E:\Coding_Notes\Faunari\data\raw\inaturalist\349767207.jpg,2026-04-14
inaturalist,349740743,Oligodon russelius,cc-by-nc,https://inaturalist-open-data.s3.amazonaws.com/photos/638040838/medium.jpg,E:\Coding_Notes\Faunari\data\raw\inaturalist\349740743.jpg,2026-04-14
inaturalist,349739822,Oligodon russelius,cc-by-nc,https://inaturalist-open-data.s3.amazonaws.com/photos/638039870/medium.jpg,E:\Coding_Notes\Faunari\data\raw\inaturalist\349739822.jpg,2026-04-14
inaturalist,349733627,Ptyas mucosa,,https://static.inaturalist.org/photos/638027630/medium.jpg,E:\Coding_Notes\Faunari\data\raw\inaturalist\349733627.jpg,2026-04-11
inaturalist,349730753,Python bivittatus,cc-by-nc,https://inaturalist-open-data.s3.amazonaws.com/photos/638022227/medium.jpg,E:\Coding_Notes\Faunari\data\raw\inaturalist\349730753.jpg,2026-04-12
inaturalist,349728077,Coelognathus radiatus,cc-by-nc,https://inaturalist-open-data.s3.amazonaws.com/photos/638017280/medium.jpg,E:\Coding_Notes\Faunari\data\raw\inaturalist\349728077.jpg,2026-04-14
inaturalist,349726959,Python bivittatus,cc-by-nc,https://inaturalist-open-data.s3.amazonaws.com/photos/638013061/medium.jpg,E:\Coding_Notes\Faunari\data\raw\inaturalist\349726959.jpg,2012-12-29
inaturalist,349719563,Amphiesma stolatum,cc-by,https://inaturalist-open-data.s3.amazonaws.com/photos/638001353/medium.jpg,E:\Coding_Notes\Faunari\data\raw\inaturalist\349719563.jpg,2026-04-14
inaturalist,349712803,Chrysopelea ornata,,https://static.inaturalist.org/photos/637987491/medium.jpg,E:\Coding_Notes\Faunari\data\raw\inaturalist\349712803.jpg,2025-08-15
inaturalist,349705163,Indotyphlops braminus,,https://static.inaturalist.org/photos/637972536/medium.jpg,E:\Coding_Notes\Faunari\data\raw\inaturalist\349705163.jpg,2026-04-14
inaturalist,349703538,Craspedocephalus macrolepis,cc-by-nc,https://inaturalist-open-data.s3.amazonaws.com/photos/637969353/medium.jpg,E:\Coding_Notes\Faunari\data\raw\inaturalist\349703538.jpg,2023-08-06
inaturalist,349702574,Ahaetulla dispar,cc-by-nc,https://inaturalist-open-data.s3.amazonaws.com/photos/637967011/medium.jpg,E:\Coding_Notes\Faunari\data\raw\inaturalist\349702574.jpg,2023-08-06
inaturalist,349702536,Amphiesma stolatum,cc-by-nc,https://inaturalist-open-data.s3.amazonaws.com/photos/637966890/medium.jpg,E:\Coding_Notes\Faunari\data\raw\inaturalist\349702536.jpg,2025-06-21
inaturalist,349701289,Lycodon aulicus,cc-by-nc,https://inaturalist-open-data.s3.amazonaws.com/photos/637964171/medium.jpg,E:\Coding_Notes\Faunari\data\raw\inaturalist\349701289.jpg,2026-03-07
inaturalist,349700957,Fowlea piscator,cc-by-nc,https://inaturalist-open-data.s3.amazonaws.com/photos/637963591/medium.jpg,E:\Coding_Notes\Faunari\data\raw\inaturalist\349700957.jpg,2025-11-24
inaturalist,349700791,Fowlea piscator,cc-by-nc,https://inaturalist-open-data.s3.amazonaws.com/photos/637963281/medium.jpg,E:\Coding_Notes\Faunari\data\raw\inaturalist\349700791.jpg,2025-12-11
inaturalist,349700479,Ptyas mucosa,cc-by-nc,https://inaturalist-open-data.s3.amazonaws.com/photos/637962594/medium.jpg,E:\Coding_Notes\Faunari\data\raw\inaturalist\349700479.jpg,2025-03-14
inaturalist,349601038,Boiga trigonata,,https://static.inaturalist.org/photos/637767935/medium.jpg,E:\Coding_Notes\Faunari\data\raw\inaturalist\349601038.jpg,2026-04-01
inaturalist,349576535,Lycodon striatus,,https://static.inaturalist.org/photos/637719368/medium.jpg,E:\Coding_Notes\Faunari\data\raw\inaturalist\349576535.jpg,2026-04-13
inaturalist,349560702,Bungarus caeruleus,,https://static.inaturalist.org/photos/637687254/medium.jpg,E:\Coding_Notes\Faunari\data\raw\inaturalist\349560702.jpg,2025-10-17
inaturalist,349535373,Oligodon arnensis,,https://static.inaturalist.org/photos/637636922/medium.jpg,E:\Coding_Notes\Faunari\data\raw\inaturalist\349535373.jpg,2026-04-13
inaturalist,349505001,Fowlea piscator,cc-by-nc,https://inaturalist-open-data.s3.amazonaws.com/photos/637579967/medium.jpg,E:\Coding_Notes\Faunari\data\raw\inaturalist\349505001.jpg,2026-04-13
inaturalist,349502851,Amphiesma stolatum,cc-by-nc,https://inaturalist-open-data.s3.amazonaws.com/photos/637575743/medium.jpg,E:\Coding_Notes\Faunari\data\raw\inaturalist\349502851.jpg,2026-04-13
inaturalist,349495863,Dieurostus dussumieri,cc-by-nc,https://inaturalist-open-data.s3.amazonaws.com/photos/637562672/medium.jpg,E:\Coding_Notes\Faunari\data\raw\inaturalist\349495863.jpg,2026-04-09
inaturalist,349495562,Chrysopelea ornata,cc-by,https://inaturalist-open-data.s3.amazonaws.com/photos/637561953/medium.jpg,E:\Coding_Notes\Faunari\data\raw\inaturalist\349495562.jpg,2026-04-13
inaturalist,349471981,Dendrelaphis tristis,cc-by-nc,https://inaturalist-open-data.s3.amazonaws.com/photos/637515664/medium.jpg,E:\Coding_Notes\Faunari\data\raw\inaturalist\349471981.jpg,2026-04-13
inaturalist,349457270,Ptyas mucosa,,https://static.inaturalist.org/photos/637495903/medium.jpg,E:\Coding_Notes\Faunari\data\raw\inaturalist\349457270.jpg,2026-04-13
inaturalist,349456377,Amphiesma stolatum,cc-by-nc,https://inaturalist-open-data.s3.amazonaws.com/photos/637483882/medium.jpg,E:\Coding_Notes\Faunari\data\raw\inaturalist\349456377.jpg,2025-12-06
inaturalist,349441734,Bungarus caeruleus,,https://static.inaturalist.org/photos/637453362/medium.jpg,E:\Coding_Notes\Faunari\data\raw\inaturalist\349441734.jpg,1970-01-01
inaturalist,349422694,Craspedocephalus gramineus,,https://static.inaturalist.org/photos/637413442/medium.jpg,E:\Coding_Notes\Faunari\data\raw\inaturalist\349422694.jpg,2026-04-04
inaturalist,349422585,Coelognathus helena,,https://static.inaturalist.org/photos/637413101/medium.jpg,E:\Coding_Notes\Faunari\data\raw\inaturalist\349422585.jpg,2026-04-04
inaturalist,349422412,Python molurus,,https://static.inaturalist.org/photos/637412608/medium.jpg,E:\Coding_Notes\Faunari\data\raw\inaturalist\349422412.jpg,2026-04-05
inaturalist,349421670,Ahaetulla borealis,,https://static.inaturalist.org/photos/637411243/medium.jpg,E:\Coding_Notes\Faunari\data\raw\inaturalist\349421670.jpg,2026-04-05
inaturalist,349421425,Lycodon travancoricus,,https://static.inaturalist.org/photos/637410682/medium.jpg,E:\Coding_Notes\Faunari\data\raw\inaturalist\349421425.jpg,2026-04-05
inaturalist,349387881,Sahyadriophis beddomei,cc-by-nc,https://inaturalist-open-data.s3.amazonaws.com/photos/637340305/medium.jpg,E:\Coding_Notes\Faunari\data\raw\inaturalist\349387881.jpg,2014-09-19
inaturalist,349380740,Lycodon travancoricus,cc-by-nc,https://inaturalist-open-data.s3.amazonaws.com/photos/637322721/medium.jpg,E:\Coding_Notes\Faunari\data\raw\inaturalist\349380740.jpg,2015-04-22
inaturalist,349373602,Fowlea piscator,cc-by-nc,https://inaturalist-open-data.s3.amazonaws.com/photos/637312170/medium.jpg,E:\Coding_Notes\Faunari\data\raw\inaturalist\349373602.jpg,2011-10-07
inaturalist,349328320,Dendrelaphis girii,cc0,https://inaturalist-open-data.s3.amazonaws.com/photos/637226406/medium.jpg,E:\Coding_Notes\Faunari\data\raw\inaturalist\349328320.jpg,2026-04-13
inaturalist,349322011,Hypnale hypnale,cc-by,https://inaturalist-open-data.s3.amazonaws.com/photos/636041966/medium.jpg,E:\Coding_Notes\Faunari\data\raw\inaturalist\349322011.jpg,2026-04-08
inaturalist,349266817,Oligodon tillacki,cc-by-nc,https://inaturalist-open-data.s3.amazonaws.com/photos/637120929/medium.jpg,E:\Coding_Notes\Faunari\data\raw\inaturalist\349266817.jpg,2026-04-12
inaturalist,349264439,Oligodon taeniolatus,cc-by-nc,https://inaturalist-open-data.s3.amazonaws.com/photos/637100126/medium.jpg,E:\Coding_Notes\Faunari\data\raw\inaturalist\349264439.jpg,2026-04-12
inaturalist,349259433,Sahyadriophis uttaraghati,cc-by-nc,https://inaturalist-open-data.s3.amazonaws.com/photos/637090487/medium.jpg,E:\Coding_Notes\Faunari\data\raw\inaturalist\349259433.jpg,2026-04-11
inaturalist,349207711,Ahaetulla farnsworthi,,https://static.inaturalist.org/photos/636991929/medium.jpg,E:\Coding_Notes\Faunari\data\raw\inaturalist\349207711.jpg,2026-04-12
inaturalist,349203756,Bungarus caeruleus,cc-by-nc,https://inaturalist-open-data.s3.amazonaws.com/photos/636984931/medium.jpg,E:\Coding_Notes\Faunari\data\raw\inaturalist\349203756.jpg,2020-10-22
inaturalist,349201433,Ptyas mucosa,cc-by-nc,https://inaturalist-open-data.s3.amazonaws.com/photos/636980383/medium.jpg,E:\Coding_Notes\Faunari\data\raw\inaturalist\349201433.jpg,2026-04-12
inaturalist,349174350,Dendrelaphis tristis,,https://static.inaturalist.org/photos/636927816/medium.jpg,E:\Coding_Notes\Faunari\data\raw\inaturalist\349174350.jpg,2026-04-11
inaturalist,349173002,Fowlea piscator,cc-by-nc,https://inaturalist-open-data.s3.amazonaws.com/photos/636923795/medium.jpg,E:\Coding_Notes\Faunari\data\raw\inaturalist\349173002.jpg,2026-04-12
inaturalist,349170214,Amphiesma monticola,cc-by-nc,https://inaturalist-open-data.s3.amazonaws.com/photos/636918971/medium.jpg,E:\Coding_Notes\Faunari\data\raw\inaturalist\349170214.jpg,2016-02-14
inaturalist,349169125,Oligodon taeniolatus,cc-by-nc,https://inaturalist-open-data.s3.amazonaws.com/photos/636917171/medium.jpg,E:\Coding_Notes\Faunari\data\raw\inaturalist\349169125.jpg,2026-04-11
inaturalist,349168124,Oligodon taeniolatus,cc-by-nc,https://inaturalist-open-data.s3.amazonaws.com/photos/636915239/medium.jpg,E:\Coding_Notes\Faunari\data\raw\inaturalist\349168124.jpg,2026-04-12
inaturalist,349163819,Dendrelaphis tristis,cc-by-nc,https://inaturalist-open-data.s3.amazonaws.com/photos/636906058/medium.jpg,E:\Coding_Notes\Faunari\data\raw\inaturalist\349163819.jpg,2025-11-03
inaturalist,349161227,Fowlea piscator,cc-by,https://inaturalist-open-data.s3.amazonaws.com/photos/637006455/medium.jpg,E:\Coding_Notes\Faunari\data\raw\inaturalist\349161227.jpg,2026-04-12
inaturalist,349153676,Ptyas mucosa,cc-by-nc,https://inaturalist-open-data.s3.amazonaws.com/photos/636884614/medium.jpg,E:\Coding_Notes\Faunari\data\raw\inaturalist\349153676.jpg,2026-03-16
inaturalist,349147556,Amphiesma stolatum,cc-by,https://inaturalist-open-data.s3.amazonaws.com/photos/636872562/medium.jpg,E:\Coding_Notes\Faunari\data\raw\inaturalist\349147556.jpg,2026-04-12
inaturalist,349038521,Ptyas mucosa,cc-by,https://inaturalist-open-data.s3.amazonaws.com/photos/636657271/medium.jpg,E:\Coding_Notes\Faunari\data\raw\inaturalist\349038521.jpg,2026-04-10
inaturalist,349027274,Oligodon taeniolatus,cc-by-nc,https://inaturalist-open-data.s3.amazonaws.com/photos/636634377/medium.jpg,E:\Coding_Notes\Faunari\data\raw\inaturalist\349027274.jpg,2026-04-11
inaturalist,349009933,Ptyas mucosa,cc-by-nc,https://inaturalist-open-data.s3.amazonaws.com/photos/636605202/medium.jpg,E:\Coding_Notes\Faunari\data\raw\inaturalist\349009933.jpg,2026-04-04
inaturalist,349007813,Daboia russelii,cc-by-nc,https://inaturalist-open-data.s3.amazonaws.com/photos/636598601/medium.jpg,E:\Coding_Notes\Faunari\data\raw\inaturalist\349007813.jpg,2026-04-05
inaturalist,349002565,Fowlea piscator,cc-by-nc,https://inaturalist-open-data.s3.amazonaws.com/photos/636588315/medium.jpg,E:\Coding_Notes\Faunari\data\raw\inaturalist\349002565.jpg,2026-03-19
inaturalist,348996727,Cerberus rynchops,cc-by-nc,https://inaturalist-open-data.s3.amazonaws.com/photos/636570806/medium.jpg,E:\Coding_Notes\Faunari\data\raw\inaturalist\348996727.jpg,2026-04-10
inaturalist,348982524,Spalerosophis diadema,cc-by-nc,https://inaturalist-open-data.s3.amazonaws.com/photos/636550388/medium.jpg,E:\Coding_Notes\Faunari\data\raw\inaturalist\348982524.jpg,2025-10-08
inaturalist,348977412,Fowlea piscator,cc-by-nc,https://inaturalist-open-data.s3.amazonaws.com/photos/636517590/medium.jpg,E:\Coding_Notes\Faunari\data\raw\inaturalist\348977412.jpg,2026-04-11
inaturalist,348952408,Oligodon russelius,cc-by-nc,https://inaturalist-open-data.s3.amazonaws.com/photos/636492798/medium.jpg,E:\Coding_Notes\Faunari\data\raw\inaturalist\348952408.jpg,2026-04-11
inaturalist,348942918,Craspedocephalus malabaricus,cc-by-nc,https://inaturalist-open-data.s3.amazonaws.com/photos/636473446/medium.jpg,E:\Coding_Notes\Faunari\data\raw\inaturalist\348942918.jpg,2024-10-31
inaturalist,348936648,Eryx conicus,cc-by,https://inaturalist-open-data.s3.amazonaws.com/photos/636463198/medium.jpg,E:\Coding_Notes\Faunari\data\raw\inaturalist\348936648.jpg,2026-04-11
inaturalist,348921811,Ptyas korros,cc-by-nc,https://inaturalist-open-data.s3.amazonaws.com/photos/636435416/medium.jpg,E:\Coding_Notes\Faunari\data\raw\inaturalist\348921811.jpg,2026-04-02
inaturalist,348878733,Cerberus rynchops,cc-by-nc,https://inaturalist-open-data.s3.amazonaws.com/photos/636350177/medium.jpg,E:\Coding_Notes\Faunari\data\raw\inaturalist\348878733.jpg,2026-04-11
inaturalist,348863122,Fowlea piscator,cc0,https://inaturalist-open-data.s3.amazonaws.com/photos/636319799/medium.jpg,E:\Coding_Notes\Faunari\data\raw\inaturalist\348863122.jpg,2026-03-31
inaturalist,348862545,Eryx whitakeri,cc0,https://inaturalist-open-data.s3.amazonaws.com/photos/636318289/medium.jpg,E:\Coding_Notes\Faunari\data\raw\inaturalist\348862545.jpg,2026-04-10
inaturalist,348862469,Fowlea piscator,cc-by-nc,https://inaturalist-open-data.s3.amazonaws.com/photos/636318048/medium.jpg,E:\Coding_Notes\Faunari\data\raw\inaturalist\348862469.jpg,2026-04-11
inaturalist,348790819,Lycodon aulicus,cc-by-nc,https://inaturalist-open-data.s3.amazonaws.com/photos/636174533/medium.jpg,E:\Coding_Notes\Faunari\data\raw\inaturalist\348790819.jpg,2026-04-11
inaturalist,348740088,Fowlea piscator,cc-by-nc,https://inaturalist-open-data.s3.amazonaws.com/photos/636067424/medium.jpg,E:\Coding_Notes\Faunari\data\raw\inaturalist\348740088.jpg,2026-04-01
inaturalist,348733897,Fowlea piscator,cc-by,https://inaturalist-open-data.s3.amazonaws.com/photos/636061404/medium.jpg,E:\Coding_Notes\Faunari\data\raw\inaturalist\348733897.jpg,2026-04-10
inaturalist,348698775,Indotyphlops braminus,cc-by-nc,https://inaturalist-open-data.s3.amazonaws.com/photos/635994697/medium.jpg,E:\Coding_Notes\Faunari\data\raw\inaturalist\348698775.jpg,2026-03-25
inaturalist,348693303,Craspedocephalus gramineus,cc-by-nc,https://inaturalist-open-data.s3.amazonaws.com/photos/635982914/medium.jpg,E:\Coding_Notes\Faunari\data\raw\inaturalist\348693303.jpg,2025-12-31
inaturalist,348691616,Ptyas mucosa,cc-by-nc,https://inaturalist-open-data.s3.amazonaws.com/photos/635979100/medium.jpg,E:\Coding_Notes\Faunari\data\raw\inaturalist\348691616.jpg,2026-03-05
inaturalist,348681708,Oligodon albocinctus,,https://static.inaturalist.org/photos/651256789/medium.jpg,E:\Coding_Notes\Faunari\data\raw\inaturalist\348681708.jpg,2026-04-09
inaturalist,348677781,Dendrelaphis tristis,cc-by-nc,https://inaturalist-open-data.s3.amazonaws.com/photos/635951692/medium.jpg,E:\Coding_Notes\Faunari\data\raw\inaturalist\348677781.jpg,2026-04-10
inaturalist,348669948,Fowlea piscator,cc-by-nc,https://inaturalist-open-data.s3.amazonaws.com/photos/635935558/medium.jpg,E:\Coding_Notes\Faunari\data\raw\inaturalist\348669948.jpg,2026-03-17
inaturalist,348661022,Daboia russelii,cc-by-nc,https://inaturalist-open-data.s3.amazonaws.com/photos/635918696/medium.jpg,E:\Coding_Notes\Faunari\data\raw\inaturalist\348661022.jpg,2026-04-10
inaturalist,348660951,Fowlea piscator,cc-by-nc,https://inaturalist-open-data.s3.amazonaws.com/photos/635918544/medium.jpg,E:\Coding_Notes\Faunari\data\raw\inaturalist\348660951.jpg,2026-04-09
inaturalist,348646683,Fowlea piscator,,https://static.inaturalist.org/photos/635888460/medium.jpg,E:\Coding_Notes\Faunari\data\raw\inaturalist\348646683.jpg,2024-11-26
inaturalist,348644097,Bungarus caeruleus,,https://static.inaturalist.org/photos/635882751/medium.jpg,E:\Coding_Notes\Faunari\data\raw\inaturalist\348644097.jpg,2025-11-18
inaturalist,348643795,Ptyas mucosa,,https://static.inaturalist.org/photos/635882099/medium.jpg,E:\Coding_Notes\Faunari\data\raw\inaturalist\348643795.jpg,2025-03-16
inaturalist,348512453,Lycodon striatus,cc-by-nc,https://inaturalist-open-data.s3.amazonaws.com/photos/635617362/medium.jpg,E:\Coding_Notes\Faunari\data\raw\inaturalist\348512453.jpg,2026-04-04
inaturalist,348503581,Fowlea piscator,cc-by-nc,https://inaturalist-open-data.s3.amazonaws.com/photos/635601287/medium.jpg,E:\Coding_Notes\Faunari\data\raw\inaturalist\348503581.jpg,2023-06-22
inaturalist,348491312,Ptyas mucosa,cc-by-nc,https://inaturalist-open-data.s3.amazonaws.com/photos/635578424/medium.jpg,E:\Coding_Notes\Faunari\data\raw\inaturalist\348491312.jpg,2026-04-09
inaturalist,348458568,Rhabdophis plumbicolor,cc-by-nc,https://inaturalist-open-data.s3.amazonaws.com/photos/635515544/medium.jpg,E:\Coding_Notes\Faunari\data\raw\inaturalist\348458568.jpg,2026-04-09
inaturalist,348457693,Boiga trigonata,cc-by-nc,https://inaturalist-open-data.s3.amazonaws.com/photos/635513654/medium.jpg,E:\Coding_Notes\Faunari\data\raw\inaturalist\348457693.jpg,2026-04-09
inaturalist,348456400,Dendrelaphis tristis,cc-by-nc,https://inaturalist-open-data.s3.amazonaws.com/photos/635510949/medium.jpg,E:\Coding_Notes\Faunari\data\raw\inaturalist\348456400.jpg,2026-04-03
inaturalist,348453013,Ophiophagus hannah,cc-by,https://inaturalist-open-data.s3.amazonaws.com/photos/635504723/medium.jpg,E:\Coding_Notes\Faunari\data\raw\inaturalist\348453013.jpg,2026-04-09
inaturalist,348447951,Fowlea piscator,cc-by-nc,https://inaturalist-open-data.s3.amazonaws.com/photos/635493477/medium.jpg,E:\Coding_Notes\Faunari\data\raw\inaturalist\348447951.jpg,2026-04-06
inaturalist,348439583,Fowlea tytleri,cc-by-nc,https://inaturalist-open-data.s3.amazonaws.com/photos/635476830/medium.jpg,E:\Coding_Notes\Faunari\data\raw\inaturalist\348439583.jpg,2026-03-30
inaturalist,348437474,Ptyas mucosa,cc-by-nc,https://inaturalist-open-data.s3.amazonaws.com/photos/635472453/medium.jpg,E:\Coding_Notes\Faunari\data\raw\inaturalist\348437474.jpg,2026-04-09
inaturalist,348437434,Ptyas mucosa,cc-by-nc,https://inaturalist-open-data.s3.amazonaws.com/photos/635472380/medium.jpg,E:\Coding_Notes\Faunari\data\raw\inaturalist\348437434.jpg,2026-04-09
inaturalist,348329637,Coelognathus helena monticollaris,cc-by-nc,https://inaturalist-open-data.s3.amazonaws.com/photos/635256920/medium.jpg,E:\Coding_Notes\Faunari\data\raw\inaturalist\348329637.jpg,2022-01-29
inaturalist,348329472,Ptyas mucosa,cc-by-nc,https://inaturalist-open-data.s3.amazonaws.com/photos/635256588/medium.jpg,E:\Coding_Notes\Faunari\data\raw\inaturalist\348329472.jpg,2021-11-23
inaturalist,348296861,Lycodon travancoricus,,https://static.inaturalist.org/photos/635194702/medium.jpg,E:\Coding_Notes\Faunari\data\raw\inaturalist\348296861.jpg,2026-04-08
inaturalist,348286153,Eryx conicus,cc-by-nc,https://inaturalist-open-data.s3.amazonaws.com/photos/635174042/medium.jpg,E:\Coding_Notes\Faunari\data\raw\inaturalist\348286153.jpg,2026-04-08
inaturalist,348271615,Eryx conicus,cc-by-nc,https://inaturalist-open-data.s3.amazonaws.com/photos/635145336/medium.jpg,E:\Coding_Notes\Faunari\data\raw\inaturalist\348271615.jpg,2026-04-08
inaturalist,348270287,Bungarus caeruleus,cc-by-nc,https://inaturalist-open-data.s3.amazonaws.com/photos/635142809/medium.jpg,E:\Coding_Notes\Faunari\data\raw\inaturalist\348270287.jpg,2026-04-08
inaturalist,348267546,Amphiesma stolatum,cc-by-nc,https://inaturalist-open-data.s3.amazonaws.com/photos/635137515/medium.jpg,E:\Coding_Notes\Faunari\data\raw\inaturalist\348267546.jpg,2024-09-08
inaturalist,348266984,Eryx conicus,cc-by-nc,https://inaturalist-open-data.s3.amazonaws.com/photos/635136694/medium.jpg,E:\Coding_Notes\Faunari\data\raw\inaturalist\348266984.jpg,2025-03-01
inaturalist,348264093,Lycodon aulicus,cc-by-nc,https://inaturalist-open-data.s3.amazonaws.com/photos/635131074/medium.jpg,E:\Coding_Notes\Faunari\data\raw\inaturalist\348264093.jpg,2026-04-07
inaturalist,348258719,Naja naja,cc-by-nc,https://inaturalist-open-data.s3.amazonaws.com/photos/635120787/medium.jpg,E:\Coding_Notes\Faunari\data\raw\inaturalist\348258719.jpg,2025-11-03
inaturalist,348258389,Ophiophagus hannah,cc-by-nc,https://inaturalist-open-data.s3.amazonaws.com/photos/635120098/medium.jpg,E:\Coding_Notes\Faunari\data\raw\inaturalist\348258389.jpg,2026-04-08
inaturalist,348250816,Amphiesma stolatum,,https://static.inaturalist.org/photos/635153591/medium.jpg,E:\Coding_Notes\Faunari\data\raw\inaturalist\348250816.jpg,2026-04-08
inaturalist,348249752,Indotyphlops braminus,cc-by-nc,https://inaturalist-open-data.s3.amazonaws.com/photos/635102727/medium.jpg,E:\Coding_Notes\Faunari\data\raw\inaturalist\348249752.jpg,2026-04-08
inaturalist,348247311,Naja naja,cc-by-nc,https://inaturalist-open-data.s3.amazonaws.com/photos/635098068/medium.jpg,E:\Coding_Notes\Faunari\data\raw\inaturalist\348247311.jpg,2026-04-08
inaturalist,348236890,Ahaetulla oxyrhynca,cc-by-nc,https://inaturalist-open-data.s3.amazonaws.com/photos/635077515/medium.jpg,E:\Coding_Notes\Faunari\data\raw\inaturalist\348236890.jpg,2026-04-08
inaturalist,348167441,Python molurus,cc-by-nc,https://inaturalist-open-data.s3.amazonaws.com/photos/634919149/medium.jpg,E:\Coding_Notes\Faunari\data\raw\inaturalist\348167441.jpg,2026-02-09
inaturalist,348167424,Python molurus,cc-by-nc,https://inaturalist-open-data.s3.amazonaws.com/photos/634919035/medium.jpg,E:\Coding_Notes\Faunari\data\raw\inaturalist\348167424.jpg,2026-02-11
inaturalist,348083620,Chrysopelea ornata,,https://static.inaturalist.org/photos/634771782/medium.jpg,E:\Coding_Notes\Faunari\data\raw\inaturalist\348083620.jpg,2026-04-07
inaturalist,348066653,Ptyas mucosa,cc-by-nc,https://inaturalist-open-data.s3.amazonaws.com/photos/634738635/medium.jpg,E:\Coding_Notes\Faunari\data\raw\inaturalist\348066653.jpg,2026-04-07
inaturalist,348058987,Fowlea piscator,cc-by-nc,https://inaturalist-open-data.s3.amazonaws.com/photos/634724472/medium.jpg,E:\Coding_Notes\Faunari\data\raw\inaturalist\348058987.jpg,2026-04-07
inaturalist,348057638,Boiga trigonata,cc-by-nc,https://inaturalist-open-data.s3.amazonaws.com/photos/634722512/medium.jpg,E:\Coding_Notes\Faunari\data\raw\inaturalist\348057638.jpg,2026-04-05
inaturalist,348056419,Python molurus,,https://static.inaturalist.org/photos/634719725/medium.jpg,E:\Coding_Notes\Faunari\data\raw\inaturalist\348056419.jpg,2026-04-07
inaturalist,348052623,Naja naja,cc-by-nc,https://inaturalist-open-data.s3.amazonaws.com/photos/634712395/medium.jpg,E:\Coding_Notes\Faunari\data\raw\inaturalist\348052623.jpg,2026-04-07
inaturalist,348042677,Amphiesma stolatum,,https://static.inaturalist.org/photos/634693314/medium.jpg,E:\Coding_Notes\Faunari\data\raw\inaturalist\348042677.jpg,2024-08-02
inaturalist,348040092,Ptyas mucosa,cc-by-nc,https://inaturalist-open-data.s3.amazonaws.com/photos/634688830/medium.jpg,E:\Coding_Notes\Faunari\data\raw\inaturalist\348040092.jpg,2026-04-07
inaturalist,348020819,Eryx conicus,cc-by-nc,https://inaturalist-open-data.s3.amazonaws.com/photos/634650314/medium.jpg,E:\Coding_Notes\Faunari\data\raw\inaturalist\348020819.jpg,2026-04-07
inaturalist,348015244,Craspedocephalus gramineus,cc-by-nc,https://inaturalist-open-data.s3.amazonaws.com/photos/634639354/medium.jpg,E:\Coding_Notes\Faunari\data\raw\inaturalist\348015244.jpg,2025-08-20
inaturalist,347998361,Python molurus,,https://static.inaturalist.org/photos/634604883/medium.jpg,E:\Coding_Notes\Faunari\data\raw\inaturalist\347998361.jpg,2025-04-11
inaturalist,347998062,Ptyas mucosa,,https://static.inaturalist.org/photos/634604183/medium.jpg,E:\Coding_Notes\Faunari\data\raw\inaturalist\347998062.jpg,2025-03-13
inaturalist,347996409,Ptyas mucosa,,https://static.inaturalist.org/photos/634604352/medium.jpg,E:\Coding_Notes\Faunari\data\raw\inaturalist\347996409.jpg,2025-02-12
inaturalist,347995132,Ptyas mucosa,,https://static.inaturalist.org/photos/634598888/medium.jpg,E:\Coding_Notes\Faunari\data\raw\inaturalist\347995132.jpg,2026-04-07
inaturalist,347994970,Ahaetulla oxyrhynca,,https://static.inaturalist.org/photos/634598583/medium.jpg,E:\Coding_Notes\Faunari\data\raw\inaturalist\347994970.jpg,2026-04-07
inaturalist,347990847,Ptyas mucosa,cc-by-nc,https://inaturalist-open-data.s3.amazonaws.com/photos/634589947/medium.jpg,E:\Coding_Notes\Faunari\data\raw\inaturalist\347990847.jpg,2026-03-30
inaturalist,347990491,Eryx conicus,cc-by-nc,https://inaturalist-open-data.s3.amazonaws.com/photos/634589195/medium.jpg,E:\Coding_Notes\Faunari\data\raw\inaturalist\347990491.jpg,2026-04-05
inaturalist,347989848,Sahyadriophis beddomei,,https://static.inaturalist.org/photos/634587372/medium.jpg,E:\Coding_Notes\Faunari\data\raw\inaturalist\347989848.jpg,2014-12-30
inaturalist,347989847,Oligodon affinis,,https://static.inaturalist.org/photos/634587356/medium.jpg,E:\Coding_Notes\Faunari\data\raw\inaturalist\347989847.jpg,2015-01-02
inaturalist,347985258,Ptyas mucosa,,https://static.inaturalist.org/photos/634578185/medium.jpg,E:\Coding_Notes\Faunari\data\raw\inaturalist\347985258.jpg,2026-04-07
inaturalist,347973188,Indotyphlops braminus,cc-by,https://inaturalist-open-data.s3.amazonaws.com/photos/634552870/medium.jpg,E:\Coding_Notes\Faunari\data\raw\inaturalist\347973188.jpg,2025-09-14
inaturalist,347913881,Eryx conicus,cc-by-nc,https://inaturalist-open-data.s3.amazonaws.com/photos/634431876/medium.jpg,E:\Coding_Notes\Faunari\data\raw\inaturalist\347913881.jpg,2026-03-22
inaturalist,347794248,Psammophis leithii,cc-by,https://inaturalist-open-data.s3.amazonaws.com/photos/634199055/medium.jpg,E:\Coding_Notes\Faunari\data\raw\inaturalist\347794248.jpg,2026-04-06
inaturalist,347771049,Naja naja,cc-by-nc,https://inaturalist-open-data.s3.amazonaws.com/photos/634154882/medium.jpg,E:\Coding_Notes\Faunari\data\raw\inaturalist\347771049.jpg,2026-04-06
inaturalist,347768182,Atretium schistosum,cc-by-nc,https://inaturalist-open-data.s3.amazonaws.com/photos/634149923/medium.jpg,E:\Coding_Notes\Faunari\data\raw\inaturalist\347768182.jpg,2023-09-23
inaturalist,347767464,Naja naja,,https://static.inaturalist.org/photos/634148394/medium.jpg,E:\Coding_Notes\Faunari\data\raw\inaturalist\347767464.jpg,2026-04-06
inaturalist,347767085,Oligodon arnensis,cc-by-nc,https://inaturalist-open-data.s3.amazonaws.com/photos/634147764/medium.jpg,E:\Coding_Notes\Faunari\data\raw\inaturalist\347767085.jpg,2023-09-20
inaturalist,347752788,Lycodon aulicus,cc-by-nc,https://inaturalist-open-data.s3.amazonaws.com/photos/634118151/medium.jpg,E:\Coding_Notes\Faunari\data\raw\inaturalist\347752788.jpg,2025-12-30
inaturalist,347748950,Craspedocephalus anamallensis,cc-by,https://inaturalist-open-data.s3.amazonaws.com/photos/634110375/medium.jpg,E:\Coding_Notes\Faunari\data\raw\inaturalist\347748950.jpg,2026-04-02
inaturalist,347747881,Craspedocephalus gramineus,cc-by-nc,https://inaturalist-open-data.s3.amazonaws.com/photos/634108017/medium.jpg,E:\Coding_Notes\Faunari\data\raw\inaturalist\347747881.jpg,2026-03-14
inaturalist,347747219,Boiga trigonata,cc-by-nc,https://inaturalist-open-data.s3.amazonaws.com/photos/634106881/medium.jpg,E:\Coding_Notes\Faunari\data\raw\inaturalist\347747219.jpg,2026-03-14
inaturalist,347739622,Lycodon fasciolatus,cc-by-nc,https://inaturalist-open-data.s3.amazonaws.com/photos/634090719/medium.jpg,E:\Coding_Notes\Faunari\data\raw\inaturalist\347739622.jpg,2026-04-05
inaturalist,347736203,Platyceps ventromaculatus,cc-by-nc,https://inaturalist-open-data.s3.amazonaws.com/photos/634083257/medium.jpg,E:\Coding_Notes\Faunari\data\raw\inaturalist\347736203.jpg,2026-03-14
inaturalist,347732796,Ptyas mucosa,,https://static.inaturalist.org/photos/634077313/medium.jpg,E:\Coding_Notes\Faunari\data\raw\inaturalist\347732796.jpg,2026-04-06
inaturalist,347732737,Craspedocephalus gramineus,cc-by-nc,https://inaturalist-open-data.s3.amazonaws.com/photos/634076562/medium.jpg,E:\Coding_Notes\Faunari\data\raw\inaturalist\347732737.jpg,2026-04-04
inaturalist,347721220,Fowlea piscator,,https://static.inaturalist.org/photos/634052201/medium.jpg,E:\Coding_Notes\Faunari\data\raw\inaturalist\347721220.jpg,2026-04-06
inaturalist,347703626,Oligodon tillacki,cc-by-nc,https://inaturalist-open-data.s3.amazonaws.com/photos/634014916/medium.jpg,E:\Coding_Notes\Faunari\data\raw\inaturalist\347703626.jpg,2026-04-04
inaturalist,347698770,Fowlea piscator,cc-by-nc,https://inaturalist-open-data.s3.amazonaws.com/photos/634004294/medium.jpg,E:\Coding_Notes\Faunari\data\raw\inaturalist\347698770.jpg,2026-04-06
inaturalist,347563536,Echis carinatus,,https://static.inaturalist.org/photos/633737179/medium.jpg,E:\Coding_Notes\Faunari\data\raw\inaturalist\347563536.jpg,2024-05-28
inaturalist,347551004,Oligodon tillacki,,https://static.inaturalist.org/photos/633713918/medium.jpg,E:\Coding_Notes\Faunari\data\raw\inaturalist\347551004.jpg,2026-04-05
inaturalist,347540081,Craspedocephalus malabaricus,cc-by-nc,https://inaturalist-open-data.s3.amazonaws.com/photos/633692173/medium.jpg,E:\Coding_Notes\Faunari\data\raw\inaturalist\347540081.jpg,2013-04-05
inaturalist,347524631,Python molurus,cc-by-nc,https://inaturalist-open-data.s3.amazonaws.com/photos/633663668/medium.jpg,E:\Coding_Notes\Faunari\data\raw\inaturalist\347524631.jpg,2026-04-02
inaturalist,347507851,Ptyas mucosa,cc-by,https://inaturalist-open-data.s3.amazonaws.com/photos/633629870/medium.jpg,E:\Coding_Notes\Faunari\data\raw\inaturalist\347507851.jpg,2026-04-05
inaturalist,347506023,Oligodon tillacki,cc-by-nc,https://inaturalist-open-data.s3.amazonaws.com/photos/633626697/medium.jpg,E:\Coding_Notes\Faunari\data\raw\inaturalist\347506023.jpg,2026-04-05
inaturalist,347502123,Amphiesma stolatum,,https://static.inaturalist.org/photos/633618765/medium.jpg,E:\Coding_Notes\Faunari\data\raw\inaturalist\347502123.jpg,2026-04-05
inaturalist,347492525,Fowlea piscator,,https://static.inaturalist.org/photos/633601001/medium.jpg,E:\Coding_Notes\Faunari\data\raw\inaturalist\347492525.jpg,2026-04-03
inaturalist,347486328,Ptyas korros,,https://static.inaturalist.org/photos/633588577/medium.jpg,E:\Coding_Notes\Faunari\data\raw\inaturalist\347486328.jpg,2026-04-05
inaturalist,347482198,Fowlea piscator,cc-by-nc,https://inaturalist-open-data.s3.amazonaws.com/photos/633580244/medium.jpg,E:\Coding_Notes\Faunari\data\raw\inaturalist\347482198.jpg,2023-07-17
inaturalist,347460556,Eryx whitakeri,cc-by-nc,https://inaturalist-open-data.s3.amazonaws.com/photos/633535883/medium.jpg,E:\Coding_Notes\Faunari\data\raw\inaturalist\347460556.jpg,2026-04-05
inaturalist,347460555,Eryx whitakeri,cc-by-nc,https://inaturalist-open-data.s3.amazonaws.com/photos/633535871/medium.jpg,E:\Coding_Notes\Faunari\data\raw\inaturalist\347460555.jpg,2026-04-05
inaturalist,347443685,Ptyas mucosa,cc-by-nc,https://inaturalist-open-data.s3.amazonaws.com/photos/633501790/medium.jpg,E:\Coding_Notes\Faunari\data\raw\inaturalist\347443685.jpg,2026-04-04
inaturalist,347443644,Ptyas mucosa,cc-by-nc,https://inaturalist-open-data.s3.amazonaws.com/photos/633501150/medium.jpg,E:\Coding_Notes\Faunari\data\raw\inaturalist\347443644.jpg,2026-04-03
inaturalist,347427790,Ptyas mucosa,cc-by-nc,https://inaturalist-open-data.s3.amazonaws.com/photos/633467835/medium.jpg,E:\Coding_Notes\Faunari\data\raw\inaturalist\347427790.jpg,2026-04-05
inaturalist,347424780,Daboia russelii,cc-by-nc,https://inaturalist-open-data.s3.amazonaws.com/photos/633461352/medium.jpg,E:\Coding_Notes\Faunari\data\raw\inaturalist\347424780.jpg,2026-04-05
inaturalist,347380184,Dendrelaphis tristis,cc-by-nc,https://inaturalist-open-data.s3.amazonaws.com/photos/633371061/medium.jpg,E:\Coding_Notes\Faunari\data\raw\inaturalist\347380184.jpg,2026-03-23
inaturalist,347335378,Grypotyphlops acutus,,https://static.inaturalist.org/photos/633529459/medium.jpg,E:\Coding_Notes\Faunari\data\raw\inaturalist\347335378.jpg,2026-04-04
inaturalist,347286759,Oligodon taeniolatus,cc-by-nc,https://inaturalist-open-data.s3.amazonaws.com/photos/633189769/medium.jpg,E:\Coding_Notes\Faunari\data\raw\inaturalist\347286759.jpg,2026-04-04
inaturalist,347216629,Lycodon striatus,,https://static.inaturalist.org/photos/633054218/medium.jpg,E:\Coding_Notes\Faunari\data\raw\inaturalist\347216629.jpg,2026-03-26
inaturalist,347210705,Naja naja,,https://static.inaturalist.org/photos/633042844/medium.jpg,E:\Coding_Notes\Faunari\data\raw\inaturalist\347210705.jpg,2026-04-04
inaturalist,347210098,Ptyas korros,,https://static.inaturalist.org/photos/633041716/medium.jpg,E:\Coding_Notes\Faunari\data\raw\inaturalist\347210098.jpg,2026-04-04
inaturalist,347206938,Oligodon russelius,cc-by-nc,https://inaturalist-open-data.s3.amazonaws.com/photos/633034949/medium.jpg,E:\Coding_Notes\Faunari\data\raw\inaturalist\347206938.jpg,2026-03-03
inaturalist,347206764,Oligodon arnensis,cc-by-nc,https://inaturalist-open-data.s3.amazonaws.com/photos/633034613/medium.jpg,E:\Coding_Notes\Faunari\data\raw\inaturalist\347206764.jpg,2024-11-21
inaturalist,347197183,Dendrelaphis girii,cc-by-nc,https://inaturalist-open-data.s3.amazonaws.com/photos/633015657/medium.jpg,E:\Coding_Notes\Faunari\data\raw\inaturalist\347197183.jpg,2026-03-21
inaturalist,347194817,Craspedocephalus malabaricus,cc-by-nc,https://inaturalist-open-data.s3.amazonaws.com/photos/633011411/medium.jpg,E:\Coding_Notes\Faunari\data\raw\inaturalist\347194817.jpg,2011-11-02
inaturalist,347194802,Craspedocephalus malabaricus,cc-by-nc,https://inaturalist-open-data.s3.amazonaws.com/photos/633011310/medium.jpg,E:\Coding_Notes\Faunari\data\raw\inaturalist\347194802.jpg,2011-11-01
inaturalist,347193127,Boiga trigonata,,https://static.inaturalist.org/photos/633009088/medium.jpg,E:\Coding_Notes\Faunari\data\raw\inaturalist\347193127.jpg,2026-04-04
inaturalist,347190003,Coelognathus helena,,https://static.inaturalist.org/photos/633002687/medium.jpg,E:\Coding_Notes\Faunari\data\raw\inaturalist\347190003.jpg,2026-04-04
inaturalist,347189509,Oligodon taeniolatus,,https://static.inaturalist.org/photos/633003175/medium.jpg,E:\Coding_Notes\Faunari\data\raw\inaturalist\347189509.jpg,2026-03-21
inaturalist,347184755,Craspedocephalus malabaricus,cc-by-nc,https://inaturalist-open-data.s3.amazonaws.com/photos/632993453/medium.jpg,E:\Coding_Notes\Faunari\data\raw\inaturalist\347184755.jpg,2026-04-04
inaturalist,347179983,Ptyas mucosa,cc-by-nc,https://inaturalist-open-data.s3.amazonaws.com/photos/632983783/medium.jpg,E:\Coding_Notes\Faunari\data\raw\inaturalist\347179983.jpg,2026-03-02
inaturalist,347165126,Coelognathus helena helena,,https://static.inaturalist.org/photos/632953966/medium.jpg,E:\Coding_Notes\Faunari\data\raw\inaturalist\347165126.jpg,2026-04-04
inaturalist,347067372,Dendrelaphis girii,cc-by-nc,https://inaturalist-open-data.s3.amazonaws.com/photos/632753104/medium.jpg,E:\Coding_Notes\Faunari\data\raw\inaturalist\347067372.jpg,2026-04-02
inaturalist,347029281,Lycodon aulicus,,https://static.inaturalist.org/photos/632677819/medium.jpg,E:\Coding_Notes\Faunari\data\raw\inaturalist\347029281.jpg,2026-04-03
inaturalist,346994986,Atretium schistosum,cc-by,https://inaturalist-open-data.s3.amazonaws.com/photos/633132333/medium.jpg,E:\Coding_Notes\Faunari\data\raw\inaturalist\346994986.jpg,2026-04-03
inaturalist,346994083,Atretium schistosum,cc-by,https://inaturalist-open-data.s3.amazonaws.com/photos/632607589/medium.jpg,E:\Coding_Notes\Faunari\data\raw\inaturalist\346994083.jpg,2026-04-03
inaturalist,346984086,Dendrelaphis proarchos,cc-by-nc,https://inaturalist-open-data.s3.amazonaws.com/photos/632588908/medium.jpg,E:\Coding_Notes\Faunari\data\raw\inaturalist\346984086.jpg,2026-04-03
inaturalist,346962447,Naja naja,cc-by-nc,https://inaturalist-open-data.s3.amazonaws.com/photos/632961733/medium.jpg,E:\Coding_Notes\Faunari\data\raw\inaturalist\346962447.jpg,2026-04-02
inaturalist,346961280,Ptyas mucosa,,https://static.inaturalist.org/photos/632543449/medium.jpg,E:\Coding_Notes\Faunari\data\raw\inaturalist\346961280.jpg,2026-04-03
inaturalist,346959225,Daboia russelii,cc-by-nc,https://inaturalist-open-data.s3.amazonaws.com/photos/632539538/medium.jpg,E:\Coding_Notes\Faunari\data\raw\inaturalist\346959225.jpg,2026-04-03
inaturalist,346958564,Naja naja,cc-by-nc,https://inaturalist-open-data.s3.amazonaws.com/photos/632538295/medium.jpg,E:\Coding_Notes\Faunari\data\raw\inaturalist\346958564.jpg,2026-04-03
inaturalist,346931225,Fowlea piscator,cc-by-nc,https://inaturalist-open-data.s3.amazonaws.com/photos/632479744/medium.jpg,E:\Coding_Notes\Faunari\data\raw\inaturalist\346931225.jpg,2026-04-03
inaturalist,346861860,Gonyosoma oxycephalum,cc-by-nc,https://inaturalist-open-data.s3.amazonaws.com/photos/632341118/medium.jpg,E:\Coding_Notes\Faunari\data\raw\inaturalist\346861860.jpg,2026-04-02
inaturalist,346860990,Dendrelaphis andamanensis,cc-by-nc,https://inaturalist-open-data.s3.amazonaws.com/photos/632339121/medium.jpg,E:\Coding_Notes\Faunari\data\raw\inaturalist\346860990.jpg,2026-04-02
inaturalist,346847373,Naja naja,,https://static.inaturalist.org/photos/632313973/medium.jpg,E:\Coding_Notes\Faunari\data\raw\inaturalist\346847373.jpg,2025-01-02
inaturalist,346821456,Lycodon aulicus,cc-by-nc,https://inaturalist-open-data.s3.amazonaws.com/photos/632262289/medium.jpg,E:\Coding_Notes\Faunari\data\raw\inaturalist\346821456.jpg,2026-03-31
inaturalist,346814728,Python bivittatus,cc-by-nc,https://inaturalist-open-data.s3.amazonaws.com/photos/632248796/medium.jpg,E:\Coding_Notes\Faunari\data\raw\inaturalist\346814728.jpg,2025-01-24
inaturalist,346812175,Oligodon taeniolatus,cc-by-sa,https://inaturalist-open-data.s3.amazonaws.com/photos/632243619/medium.jpg,E:\Coding_Notes\Faunari\data\raw\inaturalist\346812175.jpg,2026-04-02
inaturalist,346806627,Coelognathus helena helena,,https://static.inaturalist.org/photos/632247944/medium.jpg,E:\Coding_Notes\Faunari\data\raw\inaturalist\346806627.jpg,2026-04-02
inaturalist,346801138,Lycodon fasciolatus,cc-by-nc,https://inaturalist-open-data.s3.amazonaws.com/photos/632223339/medium.jpg,E:\Coding_Notes\Faunari\data\raw\inaturalist\346801138.jpg,2026-04-01
inaturalist,346785530,Dendrelaphis chairecacos,cc-by-sa,https://inaturalist-open-data.s3.amazonaws.com/photos/632193009/medium.jpg,E:\Coding_Notes\Faunari\data\raw\inaturalist\346785530.jpg,2026-04-01
inaturalist,346784953,Fowlea piscator,cc-by-nc,https://inaturalist-open-data.s3.amazonaws.com/photos/632194278/medium.jpg,E:\Coding_Notes\Faunari\data\raw\inaturalist\346784953.jpg,2026-03-31
inaturalist,346760943,Ptyas mucosa,cc-by-nc,https://inaturalist-open-data.s3.amazonaws.com/photos/632142353/medium.jpg,E:\Coding_Notes\Faunari\data\raw\inaturalist\346760943.jpg,2026-03-21
inaturalist,346756155,Indotyphlops braminus,,https://static.inaturalist.org/photos/632131029/medium.jpg,E:\Coding_Notes\Faunari\data\raw\inaturalist\346756155.jpg,2026-03-17
inaturalist,346733039,Craspedocephalus gramineus,,https://static.inaturalist.org/photos/632089032/medium.jpg,E:\Coding_Notes\Faunari\data\raw\inaturalist\346733039.jpg,2025-07-10
inaturalist,346719579,Sahyadriophis beddomei,,https://static.inaturalist.org/photos/632061545/medium.jpg,E:\Coding_Notes\Faunari\data\raw\inaturalist\346719579.jpg,2026-04-02
inaturalist,346633343,Eryx conicus,cc-by-nc,https://inaturalist-open-data.s3.amazonaws.com/photos/631889571/medium.jpg,E:\Coding_Notes\Faunari\data\raw\inaturalist\346633343.jpg,2026-04-01
inaturalist,346605474,Fowlea piscator,cc-by-nc,https://inaturalist-open-data.s3.amazonaws.com/photos/631834761/medium.jpg,E:\Coding_Notes\Faunari\data\raw\inaturalist\346605474.jpg,2026-04-01
inaturalist,346598692,Naja naja,cc-by-nc,https://inaturalist-open-data.s3.amazonaws.com/photos/631822320/medium.jpg,E:\Coding_Notes\Faunari\data\raw\inaturalist\346598692.jpg,2023-08-06
inaturalist,346598690,Naja naja,cc-by-nc,https://inaturalist-open-data.s3.amazonaws.com/photos/631822326/medium.jpg,E:\Coding_Notes\Faunari\data\raw\inaturalist\346598690.jpg,2017-06-24
inaturalist,346598378,Ptyas mucosa,cc-by-nc,https://inaturalist-open-data.s3.amazonaws.com/photos/631821854/medium.jpg,E:\Coding_Notes\Faunari\data\raw\inaturalist\346598378.jpg,2021-12-16
inaturalist,346582446,Ptyas mucosa,cc-by-nc,https://inaturalist-open-data.s3.amazonaws.com/photos/631853454/medium.jpg,E:\Coding_Notes\Faunari\data\raw\inaturalist\346582446.jpg,2026-04-01
inaturalist,346581610,Platyceps ventromaculatus,cc-by-nc,https://inaturalist-open-data.s3.amazonaws.com/photos/631790429/medium.jpg,E:\Coding_Notes\Faunari\data\raw\inaturalist\346581610.jpg,2026-03-31
inaturalist,346580722,Ptyas mucosa,,https://static.inaturalist.org/photos/631788695/medium.jpg,E:\Coding_Notes\Faunari\data\raw\inaturalist\346580722.jpg,2026-04-01
inaturalist,346562976,Dendrelaphis tristis,cc-by-nc,https://inaturalist-open-data.s3.amazonaws.com/photos/631754783/medium.jpg,E:\Coding_Notes\Faunari\data\raw\inaturalist\346562976.jpg,2026-04-01
inaturalist,346550917,Fowlea piscator,cc-by-nc,https://inaturalist-open-data.s3.amazonaws.com/photos/631731910/medium.jpg,E:\Coding_Notes\Faunari\data\raw\inaturalist\346550917.jpg,2023-01-08
inaturalist,346540015,Amphiesma stolatum,cc-by-nc,https://inaturalist-open-data.s3.amazonaws.com/photos/631709804/medium.jpg,E:\Coding_Notes\Faunari\data\raw\inaturalist\346540015.jpg,2026-04-01
inaturalist,346449488,Naja naja,cc-by-nc,https://inaturalist-open-data.s3.amazonaws.com/photos/631527364/medium.jpg,E:\Coding_Notes\Faunari\data\raw\inaturalist\346449488.jpg,2026-03-26
inaturalist,346421317,Indotyphlops braminus,cc-by,https://inaturalist-open-data.s3.amazonaws.com/photos/631470458/medium.jpg,E:\Coding_Notes\Faunari\data\raw\inaturalist\346421317.jpg,2026-03-23
inaturalist,346417677,Boiga beddomei,cc-by-nc,https://inaturalist-open-data.s3.amazonaws.com/photos/631461995/medium.jpg,E:\Coding_Notes\Faunari\data\raw\inaturalist\346417677.jpg,2026-03-20
inaturalist,346417667,Ahaetulla borealis,cc-by-nc,https://inaturalist-open-data.s3.amazonaws.com/photos/631461930/medium.jpg,E:\Coding_Notes\Faunari\data\raw\inaturalist\346417667.jpg,2026-03-20
inaturalist,346406930,Fowlea piscator,cc-by-nc,https://inaturalist-open-data.s3.amazonaws.com/photos/631441577/medium.jpg,E:\Coding_Notes\Faunari\data\raw\inaturalist\346406930.jpg,2026-03-20
inaturalist,346389791,Dendrelaphis tristis,cc-by-nc,https://inaturalist-open-data.s3.amazonaws.com/photos/631409511/medium.jpg,E:\Coding_Notes\Faunari\data\raw\inaturalist\346389791.jpg,2026-03-31
inaturalist,346389738,Dendrelaphis tristis,cc-by-nc,https://inaturalist-open-data.s3.amazonaws.com/photos/631409419/medium.jpg,E:\Coding_Notes\Faunari\data\raw\inaturalist\346389738.jpg,2026-03-31
inaturalist,346388555,Naja kaouthia,cc-by-nc,https://inaturalist-open-data.s3.amazonaws.com/photos/631405086/medium.jpg,E:\Coding_Notes\Faunari\data\raw\inaturalist\346388555.jpg,2012-09-19
inaturalist,346386140,Naja naja,cc-by-nc,https://inaturalist-open-data.s3.amazonaws.com/photos/631402674/medium.jpg,E:\Coding_Notes\Faunari\data\raw\inaturalist\346386140.jpg,2026-03-31
inaturalist,346383470,Atretium schistosum,cc-by-nc,https://inaturalist-open-data.s3.amazonaws.com/photos/631396251/medium.jpg,E:\Coding_Notes\Faunari\data\raw\inaturalist\346383470.jpg,2014-11-04
inaturalist,346381317,Ptyas mucosa,,https://static.inaturalist.org/photos/631393327/medium.jpg,E:\Coding_Notes\Faunari\data\raw\inaturalist\346381317.jpg,2026-03-21
inaturalist,346378167,Oligodon russelius,cc-by-nc,https://inaturalist-open-data.s3.amazonaws.com/photos/631384162/medium.jpg,E:\Coding_Notes\Faunari\data\raw\inaturalist\346378167.jpg,2015-09-25
inaturalist,346374573,Rhabdophis plumbicolor,cc-by,https://inaturalist-open-data.s3.amazonaws.com/photos/631380581/medium.jpg,E:\Coding_Notes\Faunari\data\raw\inaturalist\346374573.jpg,2026-03-31
inaturalist,346356163,Ptyas mucosa,cc-by-nc,https://inaturalist-open-data.s3.amazonaws.com/photos/631347621/medium.jpg,E:\Coding_Notes\Faunari\data\raw\inaturalist\346356163.jpg,2026-03-21
inaturalist,346355454,Daboia russelii,cc-by-nc,https://inaturalist-open-data.s3.amazonaws.com/photos/631344842/medium.jpg,E:\Coding_Notes\Faunari\data\raw\inaturalist\346355454.jpg,2012-04-15
inaturalist,346353802,Ovophis monticola,,https://static.inaturalist.org/photos/631343526/medium.jpg,E:\Coding_Notes\Faunari\data\raw\inaturalist\346353802.jpg,2026-03-31
inaturalist,346351543,Ptyas mucosa,cc-by-nc,https://inaturalist-open-data.s3.amazonaws.com/photos/631612203/medium.jpg,E:\Coding_Notes\Faunari\data\raw\inaturalist\346351543.jpg,2026-03-31
inaturalist,346347359,Oligodon taeniolatus,cc-by-nc,https://inaturalist-open-data.s3.amazonaws.com/photos/631330362/medium.jpg,E:\Coding_Notes\Faunari\data\raw\inaturalist\346347359.jpg,2026-03-31
inaturalist,346344447,Daboia russelii,cc-by-nc,https://inaturalist-open-data.s3.amazonaws.com/photos/631324206/medium.jpg,E:\Coding_Notes\Faunari\data\raw\inaturalist\346344447.jpg,2017-06-14
